
======================================================================
CRASH at 2026-09-24T05:54:25.750763
======================================================================
Traceback (most recent call last):
  File "/home/administrator/cctv/app.py", line 2722, in <module>
    logger.info(f"Python: {sys.version}")
                           ^^^
NameError: name 'sys' is not defined. Did you forget to import 'sys'?


======================================================================
CRASH at 2026-09-28T10:01:42.127758
======================================================================
Traceback (most recent call last):
  File "/home/administrator/cctv/app.py", line 2962, in <module>
    serve(
    ~~~~~^
        app,
        ^^^^
    ...<8 lines>...
        use_reloader=False,
        ^^^^^^^^^^^^^^^^^^^
    )
    ^
  File "/home/administrator/venv/lib/python3.14/site-packages/waitress/__init__.py", line 13, in serve
    server = _server(app, **kw)
  File "/home/administrator/venv/lib/python3.14/site-packages/waitress/server.py", line 49, in create_server
    adj = Adjustments(**kw)
  File "/home/administrator/venv/lib/python3.14/site-packages/waitress/adjustments.py", line 318, in __init__
    raise ValueError("Unknown adjustment %r" % k)
ValueError: Unknown adjustment 'access_log'


======================================================================
CRASH at 2026-09-28T10:02:38.429702
======================================================================
Traceback (most recent call last):
  File "/home/administrator/cctv/app.py", line 2962, in <module>
    serve(
    ~~~~~^
        app,
        ^^^^
    ...<8 lines>...
        use_reloader=False,
        ^^^^^^^^^^^^^^^^^^^
    )
    ^
  File "/home/administrator/venv/lib/python3.14/site-packages/waitress/__init__.py", line 13, in serve
    server = _server(app, **kw)
  File "/home/administrator/venv/lib/python3.14/site-packages/waitress/server.py", line 49, in create_server
    adj = Adjustments(**kw)
  File "/home/administrator/venv/lib/python3.14/site-packages/waitress/adjustments.py", line 318, in __init__
    raise ValueError("Unknown adjustment %r" % k)
ValueError: Unknown adjustment 'access_log'


======================================================================
CRASH at 2026-09-28T10:02:54.174821
======================================================================
Traceback (most recent call last):
  File "/home/administrator/cctv/app.py", line 2962, in <module>
    serve(
    ~~~~~^
        app,
        ^^^^
    ...<8 lines>...
        #use_reloader=False,
        ^^^^^^^^^^^^^^^^^^^^
    )
    ^
  File "/home/administrator/venv/lib/python3.14/site-packages/waitress/__init__.py", line 13, in serve
    server = _server(app, **kw)
  File "/home/administrator/venv/lib/python3.14/site-packages/waitress/server.py", line 49, in create_server
    adj = Adjustments(**kw)
  File "/home/administrator/venv/lib/python3.14/site-packages/waitress/adjustments.py", line 318, in __init__
    raise ValueError("Unknown adjustment %r" % k)
ValueError: Unknown adjustment 'access_log'


======================================================================
CRASH at 2026-09-28T10:03:06.495500
======================================================================
Traceback (most recent call last):
  File "/home/administrator/cctv/app.py", line 2962, in <module>
    serve(
    ~~~~~^
        app,
        ^^^^
    ...<7 lines>...
        access_log=True,
        ^^^^^^^^^^^^^^^^
    )
    ^
  File "/home/administrator/venv/lib/python3.14/site-packages/waitress/__init__.py", line 13, in serve
    server = _server(app, **kw)
  File "/home/administrator/venv/lib/python3.14/site-packages/waitress/server.py", line 49, in create_server
    adj = Adjustments(**kw)
  File "/home/administrator/venv/lib/python3.14/site-packages/waitress/adjustments.py", line 318, in __init__
    raise ValueError("Unknown adjustment %r" % k)
ValueError: Unknown adjustment 'access_log'


======================================================================
CRASH at 2026-09-28T10:04:20.705777
======================================================================
Traceback (most recent call last):
  File "/home/administrator/cctv/app.py", line 2962, in <module>
    serve(
    ~~~~~^
        app,
        ^^^^
    ...<7 lines>...
        access_log=True,
        ^^^^^^^^^^^^^^^^
    )
    ^
  File "/home/administrator/venv/lib/python3.14/site-packages/waitress/__init__.py", line 13, in serve
    server = _server(app, **kw)
  File "/home/administrator/venv/lib/python3.14/site-packages/waitress/server.py", line 49, in create_server
    adj = Adjustments(**kw)
  File "/home/administrator/venv/lib/python3.14/site-packages/waitress/adjustments.py", line 318, in __init__
    raise ValueError("Unknown adjustment %r" % k)
ValueError: Unknown adjustment 'access_log'


======================================================================
CRASH at 2026-09-28T10:04:26.364331
======================================================================
Traceback (most recent call last):
  File "/home/administrator/cctv/app.py", line 2962, in <module>
    serve(
    ~~~~~^
        app,
        ^^^^
    ...<7 lines>...
        access_log=True,
        ^^^^^^^^^^^^^^^^
    )
    ^
  File "/home/administrator/venv/lib/python3.14/site-packages/waitress/__init__.py", line 13, in serve
    server = _server(app, **kw)
  File "/home/administrator/venv/lib/python3.14/site-packages/waitress/server.py", line 49, in create_server
    adj = Adjustments(**kw)
  File "/home/administrator/venv/lib/python3.14/site-packages/waitress/adjustments.py", line 318, in __init__
    raise ValueError("Unknown adjustment %r" % k)
ValueError: Unknown adjustment 'access_log'


======================================================================
CRASH at 2026-09-28T10:04:31.979726
======================================================================
Traceback (most recent call last):
  File "/home/administrator/cctv/app.py", line 2962, in <module>
    serve(
    ~~~~~^
        app,
        ^^^^
    ...<7 lines>...
        access_log=True,
        ^^^^^^^^^^^^^^^^
    )
    ^
  File "/home/administrator/venv/lib/python3.14/site-packages/waitress/__init__.py", line 13, in serve
    server = _server(app, **kw)
  File "/home/administrator/venv/lib/python3.14/site-packages/waitress/server.py", line 49, in create_server
    adj = Adjustments(**kw)
  File "/home/administrator/venv/lib/python3.14/site-packages/waitress/adjustments.py", line 318, in __init__
    raise ValueError("Unknown adjustment %r" % k)
ValueError: Unknown adjustment 'access_log'


======================================================================
CRASH at 2026-09-28T10:04:44.384664
======================================================================
Traceback (most recent call last):
  File "/home/administrator/cctv/app.py", line 2962, in <module>
    serve(
    ~~~~~^
        app,
        ^^^^
    ...<7 lines>...
        access_log=True,
        ^^^^^^^^^^^^^^^^
    )
    ^
  File "/home/administrator/venv/lib/python3.14/site-packages/waitress/__init__.py", line 13, in serve
    server = _server(app, **kw)
  File "/home/administrator/venv/lib/python3.14/site-packages/waitress/server.py", line 49, in create_server
    adj = Adjustments(**kw)
  File "/home/administrator/venv/lib/python3.14/site-packages/waitress/adjustments.py", line 318, in __init__
    raise ValueError("Unknown adjustment %r" % k)
ValueError: Unknown adjustment 'access_log'


======================================================================
CRASH at 2026-09-28T10:04:50.017509
======================================================================
Traceback (most recent call last):
  File "/home/administrator/cctv/app.py", line 2962, in <module>
    serve(
    ~~~~~^
        app,
        ^^^^
    ...<7 lines>...
        access_log=True,
        ^^^^^^^^^^^^^^^^
    )
    ^
  File "/home/administrator/venv/lib/python3.14/site-packages/waitress/__init__.py", line 13, in serve
    server = _server(app, **kw)
  File "/home/administrator/venv/lib/python3.14/site-packages/waitress/server.py", line 49, in create_server
    adj = Adjustments(**kw)
  File "/home/administrator/venv/lib/python3.14/site-packages/waitress/adjustments.py", line 318, in __init__
    raise ValueError("Unknown adjustment %r" % k)
ValueError: Unknown adjustment 'access_log'


======================================================================
CRASH at 2026-09-28T10:06:01.899298
======================================================================
Traceback (most recent call last):
  File "/home/administrator/cctv/app.py", line 2962, in <module>
    serve(
    ~~~~~^
        app,
        ^^^^
    ...<7 lines>...
        access_log=True,
        ^^^^^^^^^^^^^^^^
    )
    ^
  File "/home/administrator/venv/lib/python3.14/site-packages/waitress/__init__.py", line 13, in serve
    server = _server(app, **kw)
  File "/home/administrator/venv/lib/python3.14/site-packages/waitress/server.py", line 49, in create_server
    adj = Adjustments(**kw)
  File "/home/administrator/venv/lib/python3.14/site-packages/waitress/adjustments.py", line 318, in __init__
    raise ValueError("Unknown adjustment %r" % k)
ValueError: Unknown adjustment 'access_log'


======================================================================
CRASH at 2026-09-28T10:06:07.408993
======================================================================
Traceback (most recent call last):
  File "/home/administrator/cctv/app.py", line 2962, in <module>
    serve(
    ~~~~~^
        app,
        ^^^^
    ...<7 lines>...
        access_log=True,
        ^^^^^^^^^^^^^^^^
    )
    ^
  File "/home/administrator/venv/lib/python3.14/site-packages/waitress/__init__.py", line 13, in serve
    server = _server(app, **kw)
  File "/home/administrator/venv/lib/python3.14/site-packages/waitress/server.py", line 49, in create_server
    adj = Adjustments(**kw)
  File "/home/administrator/venv/lib/python3.14/site-packages/waitress/adjustments.py", line 318, in __init__
    raise ValueError("Unknown adjustment %r" % k)
ValueError: Unknown adjustment 'access_log'


======================================================================
CRASH at 2026-09-28T10:07:13.154966
======================================================================
Traceback (most recent call last):
  File "/home/administrator/cctv/app.py", line 2962, in <module>
    serve(
    ~~~~~^
        app,
        ^^^^
    ...<7 lines>...
        access_log=True,
        ^^^^^^^^^^^^^^^^
    )
    ^
  File "/home/administrator/venv/lib/python3.14/site-packages/waitress/__init__.py", line 13, in serve
    server = _server(app, **kw)
  File "/home/administrator/venv/lib/python3.14/site-packages/waitress/server.py", line 49, in create_server
    adj = Adjustments(**kw)
  File "/home/administrator/venv/lib/python3.14/site-packages/waitress/adjustments.py", line 318, in __init__
    raise ValueError("Unknown adjustment %r" % k)
ValueError: Unknown adjustment 'access_log'


======================================================================
CRASH at 2026-09-28T10:07:19.661709
======================================================================
Traceback (most recent call last):
  File "/home/administrator/cctv/app.py", line 2962, in <module>
    serve(
    ~~~~~^
        app,
        ^^^^
    ...<7 lines>...
        access_log=True,
        ^^^^^^^^^^^^^^^^
    )
    ^
  File "/home/administrator/venv/lib/python3.14/site-packages/waitress/__init__.py", line 13, in serve
    server = _server(app, **kw)
  File "/home/administrator/venv/lib/python3.14/site-packages/waitress/server.py", line 49, in create_server
    adj = Adjustments(**kw)
  File "/home/administrator/venv/lib/python3.14/site-packages/waitress/adjustments.py", line 318, in __init__
    raise ValueError("Unknown adjustment %r" % k)
ValueError: Unknown adjustment 'access_log'


======================================================================
CRASH at 2026-09-28T10:08:29.896215
======================================================================
Traceback (most recent call last):
  File "/home/administrator/cctv/app.py", line 2962, in <module>
    serve(
    ~~~~~^
        app,
        ^^^^
    ...<7 lines>...
        access_log=True,
        ^^^^^^^^^^^^^^^^
    )
    ^
  File "/home/administrator/venv/lib/python3.14/site-packages/waitress/__init__.py", line 13, in serve
    server = _server(app, **kw)
  File "/home/administrator/venv/lib/python3.14/site-packages/waitress/server.py", line 49, in create_server
    adj = Adjustments(**kw)
  File "/home/administrator/venv/lib/python3.14/site-packages/waitress/adjustments.py", line 318, in __init__
    raise ValueError("Unknown adjustment %r" % k)
ValueError: Unknown adjustment 'access_log'


======================================================================
CRASH at 2026-09-28T10:08:41.147733
======================================================================
Traceback (most recent call last):
  File "/home/administrator/cctv/app.py", line 2962, in <module>
    serve(
    ~~~~~^
        app,
        ^^^^
    ...<7 lines>...
        access_log=True,
        ^^^^^^^^^^^^^^^^
    )
    ^
  File "/home/administrator/venv/lib/python3.14/site-packages/waitress/__init__.py", line 13, in serve
    server = _server(app, **kw)
  File "/home/administrator/venv/lib/python3.14/site-packages/waitress/server.py", line 49, in create_server
    adj = Adjustments(**kw)
  File "/home/administrator/venv/lib/python3.14/site-packages/waitress/adjustments.py", line 318, in __init__
    raise ValueError("Unknown adjustment %r" % k)
ValueError: Unknown adjustment 'access_log'


======================================================================
CRASH at 2026-09-28T10:09:52.408160
======================================================================
Traceback (most recent call last):
  File "/home/administrator/cctv/app.py", line 2962, in <module>
    serve(
    ~~~~~^
        app,
        ^^^^
    ...<7 lines>...
        access_log=True,
        ^^^^^^^^^^^^^^^^
    )
    ^
  File "/home/administrator/venv/lib/python3.14/site-packages/waitress/__init__.py", line 13, in serve
    server = _server(app, **kw)
  File "/home/administrator/venv/lib/python3.14/site-packages/waitress/server.py", line 49, in create_server
    adj = Adjustments(**kw)
  File "/home/administrator/venv/lib/python3.14/site-packages/waitress/adjustments.py", line 318, in __init__
    raise ValueError("Unknown adjustment %r" % k)
ValueError: Unknown adjustment 'access_log'


======================================================================
CRASH at 2026-09-28T10:10:03.152787
======================================================================
Traceback (most recent call last):
  File "/home/administrator/cctv/app.py", line 2962, in <module>
    serve(
    ~~~~~^
        app,
        ^^^^
    ...<7 lines>...
        access_log=True,
        ^^^^^^^^^^^^^^^^
    )
    ^
  File "/home/administrator/venv/lib/python3.14/site-packages/waitress/__init__.py", line 13, in serve
    server = _server(app, **kw)
  File "/home/administrator/venv/lib/python3.14/site-packages/waitress/server.py", line 49, in create_server
    adj = Adjustments(**kw)
  File "/home/administrator/venv/lib/python3.14/site-packages/waitress/adjustments.py", line 318, in __init__
    raise ValueError("Unknown adjustment %r" % k)
ValueError: Unknown adjustment 'access_log'


======================================================================
CRASH at 2026-09-28T10:10:08.645862
======================================================================
Traceback (most recent call last):
  File "/home/administrator/cctv/app.py", line 2962, in <module>
    serve(
    ~~~~~^
        app,
        ^^^^
    ...<7 lines>...
        access_log=True,
        ^^^^^^^^^^^^^^^^
    )
    ^
  File "/home/administrator/venv/lib/python3.14/site-packages/waitress/__init__.py", line 13, in serve
    server = _server(app, **kw)
  File "/home/administrator/venv/lib/python3.14/site-packages/waitress/server.py", line 49, in create_server
    adj = Adjustments(**kw)
  File "/home/administrator/venv/lib/python3.14/site-packages/waitress/adjustments.py", line 318, in __init__
    raise ValueError("Unknown adjustment %r" % k)
ValueError: Unknown adjustment 'access_log'


======================================================================
CRASH at 2026-09-28T10:11:20.644671
======================================================================
Traceback (most recent call last):
  File "/home/administrator/cctv/app.py", line 2962, in <module>
    serve(
    ~~~~~^
        app,
        ^^^^
    ...<7 lines>...
        access_log=True,
        ^^^^^^^^^^^^^^^^
    )
    ^
  File "/home/administrator/venv/lib/python3.14/site-packages/waitress/__init__.py", line 13, in serve
    server = _server(app, **kw)
  File "/home/administrator/venv/lib/python3.14/site-packages/waitress/server.py", line 49, in create_server
    adj = Adjustments(**kw)
  File "/home/administrator/venv/lib/python3.14/site-packages/waitress/adjustments.py", line 318, in __init__
    raise ValueError("Unknown adjustment %r" % k)
ValueError: Unknown adjustment 'access_log'


======================================================================
CRASH at 2026-09-28T10:11:30.184782
======================================================================
Traceback (most recent call last):
  File "/home/administrator/cctv/app.py", line 2962, in <module>
    serve(
    ~~~~~^
        app,
        ^^^^
    ...<7 lines>...
        access_log=True,
        ^^^^^^^^^^^^^^^^
    )
    ^
  File "/home/administrator/venv/lib/python3.14/site-packages/waitress/__init__.py", line 13, in serve
    server = _server(app, **kw)
  File "/home/administrator/venv/lib/python3.14/site-packages/waitress/server.py", line 49, in create_server
    adj = Adjustments(**kw)
  File "/home/administrator/venv/lib/python3.14/site-packages/waitress/adjustments.py", line 318, in __init__
    raise ValueError("Unknown adjustment %r" % k)
ValueError: Unknown adjustment 'access_log'


======================================================================
CRASH at 2026-09-28T10:12:41.907502
======================================================================
Traceback (most recent call last):
  File "/home/administrator/cctv/app.py", line 2962, in <module>
    serve(
    ~~~~~^
        app,
        ^^^^
    ...<7 lines>...
        access_log=True,
        ^^^^^^^^^^^^^^^^
    )
    ^
  File "/home/administrator/venv/lib/python3.14/site-packages/waitress/__init__.py", line 13, in serve
    server = _server(app, **kw)
  File "/home/administrator/venv/lib/python3.14/site-packages/waitress/server.py", line 49, in create_server
    adj = Adjustments(**kw)
  File "/home/administrator/venv/lib/python3.14/site-packages/waitress/adjustments.py", line 318, in __init__
    raise ValueError("Unknown adjustment %r" % k)
ValueError: Unknown adjustment 'access_log'


======================================================================
CRASH at 2026-09-28T10:12:52.410823
======================================================================
Traceback (most recent call last):
  File "/home/administrator/cctv/app.py", line 2962, in <module>
    serve(
    ~~~~~^
        app,
        ^^^^
    ...<7 lines>...
        access_log=True,
        ^^^^^^^^^^^^^^^^
    )
    ^
  File "/home/administrator/venv/lib/python3.14/site-packages/waitress/__init__.py", line 13, in serve
    server = _server(app, **kw)
  File "/home/administrator/venv/lib/python3.14/site-packages/waitress/server.py", line 49, in create_server
    adj = Adjustments(**kw)
  File "/home/administrator/venv/lib/python3.14/site-packages/waitress/adjustments.py", line 318, in __init__
    raise ValueError("Unknown adjustment %r" % k)
ValueError: Unknown adjustment 'access_log'


======================================================================
CRASH at 2026-09-28T10:14:05.398372
======================================================================
Traceback (most recent call last):
  File "/home/administrator/cctv/app.py", line 2962, in <module>
    serve(
    ~~~~~^
        app,
        ^^^^
    ...<7 lines>...
        access_log=True,
        ^^^^^^^^^^^^^^^^
    )
    ^
  File "/home/administrator/venv/lib/python3.14/site-packages/waitress/__init__.py", line 13, in serve
    server = _server(app, **kw)
  File "/home/administrator/venv/lib/python3.14/site-packages/waitress/server.py", line 49, in create_server
    adj = Adjustments(**kw)
  File "/home/administrator/venv/lib/python3.14/site-packages/waitress/adjustments.py", line 318, in __init__
    raise ValueError("Unknown adjustment %r" % k)
ValueError: Unknown adjustment 'access_log'


======================================================================
CRASH at 2026-09-28T10:15:15.907352
======================================================================
Traceback (most recent call last):
  File "/home/administrator/cctv/app.py", line 2962, in <module>
    serve(
    ~~~~~^
        app,
        ^^^^
    ...<7 lines>...
        access_log=True,
        ^^^^^^^^^^^^^^^^
    )
    ^
  File "/home/administrator/venv/lib/python3.14/site-packages/waitress/__init__.py", line 13, in serve
    server = _server(app, **kw)
  File "/home/administrator/venv/lib/python3.14/site-packages/waitress/server.py", line 49, in create_server
    adj = Adjustments(**kw)
  File "/home/administrator/venv/lib/python3.14/site-packages/waitress/adjustments.py", line 318, in __init__
    raise ValueError("Unknown adjustment %r" % k)
ValueError: Unknown adjustment 'access_log'


======================================================================
CRASH at 2026-09-28T10:16:28.150413
======================================================================
Traceback (most recent call last):
  File "/home/administrator/cctv/app.py", line 2962, in <module>
    serve(
    ~~~~~^
        app,
        ^^^^
    ...<7 lines>...
        access_log=True,
        ^^^^^^^^^^^^^^^^
    )
    ^
  File "/home/administrator/venv/lib/python3.14/site-packages/waitress/__init__.py", line 13, in serve
    server = _server(app, **kw)
  File "/home/administrator/venv/lib/python3.14/site-packages/waitress/server.py", line 49, in create_server
    adj = Adjustments(**kw)
  File "/home/administrator/venv/lib/python3.14/site-packages/waitress/adjustments.py", line 318, in __init__
    raise ValueError("Unknown adjustment %r" % k)
ValueError: Unknown adjustment 'access_log'


======================================================================
CRASH at 2026-09-28T10:16:33.645674
======================================================================
Traceback (most recent call last):
  File "/home/administrator/cctv/app.py", line 2962, in <module>
    serve(
    ~~~~~^
        app,
        ^^^^
    ...<7 lines>...
        access_log=True,
        ^^^^^^^^^^^^^^^^
    )
    ^
  File "/home/administrator/venv/lib/python3.14/site-packages/waitress/__init__.py", line 13, in serve
    server = _server(app, **kw)
  File "/home/administrator/venv/lib/python3.14/site-packages/waitress/server.py", line 49, in create_server
    adj = Adjustments(**kw)
  File "/home/administrator/venv/lib/python3.14/site-packages/waitress/adjustments.py", line 318, in __init__
    raise ValueError("Unknown adjustment %r" % k)
ValueError: Unknown adjustment 'access_log'


======================================================================
CRASH at 2026-09-28T10:16:44.168086
======================================================================
Traceback (most recent call last):
  File "/home/administrator/cctv/app.py", line 2962, in <module>
    serve(
    ~~~~~^
        app,
        ^^^^
    ...<7 lines>...
        access_log=True,
        ^^^^^^^^^^^^^^^^
    )
    ^
  File "/home/administrator/venv/lib/python3.14/site-packages/waitress/__init__.py", line 13, in serve
    server = _server(app, **kw)
  File "/home/administrator/venv/lib/python3.14/site-packages/waitress/server.py", line 49, in create_server
    adj = Adjustments(**kw)
  File "/home/administrator/venv/lib/python3.14/site-packages/waitress/adjustments.py", line 318, in __init__
    raise ValueError("Unknown adjustment %r" % k)
ValueError: Unknown adjustment 'access_log'


======================================================================
CRASH at 2026-09-28T10:17:54.417133
======================================================================
Traceback (most recent call last):
  File "/home/administrator/cctv/app.py", line 2962, in <module>
    serve(
    ~~~~~^
        app,
        ^^^^
    ...<7 lines>...
        access_log=True,
        ^^^^^^^^^^^^^^^^
    )
    ^
  File "/home/administrator/venv/lib/python3.14/site-packages/waitress/__init__.py", line 13, in serve
    server = _server(app, **kw)
  File "/home/administrator/venv/lib/python3.14/site-packages/waitress/server.py", line 49, in create_server
    adj = Adjustments(**kw)
  File "/home/administrator/venv/lib/python3.14/site-packages/waitress/adjustments.py", line 318, in __init__
    raise ValueError("Unknown adjustment %r" % k)
ValueError: Unknown adjustment 'access_log'


======================================================================
CRASH at 2026-09-28T10:19:06.724006
======================================================================
Traceback (most recent call last):
  File "/home/administrator/cctv/app.py", line 2962, in <module>
    serve(
    ~~~~~^
        app,
        ^^^^
    ...<7 lines>...
        access_log=True,
        ^^^^^^^^^^^^^^^^
    )
    ^
  File "/home/administrator/venv/lib/python3.14/site-packages/waitress/__init__.py", line 13, in serve
    server = _server(app, **kw)
  File "/home/administrator/venv/lib/python3.14/site-packages/waitress/server.py", line 49, in create_server
    adj = Adjustments(**kw)
  File "/home/administrator/venv/lib/python3.14/site-packages/waitress/adjustments.py", line 318, in __init__
    raise ValueError("Unknown adjustment %r" % k)
ValueError: Unknown adjustment 'access_log'


======================================================================
CRASH at 2026-09-28T10:20:19.159138
======================================================================
Traceback (most recent call last):
  File "/home/administrator/cctv/app.py", line 2962, in <module>
    serve(
    ~~~~~^
        app,
        ^^^^
    ...<7 lines>...
        access_log=True,
        ^^^^^^^^^^^^^^^^
    )
    ^
  File "/home/administrator/venv/lib/python3.14/site-packages/waitress/__init__.py", line 13, in serve
    server = _server(app, **kw)
  File "/home/administrator/venv/lib/python3.14/site-packages/waitress/server.py", line 49, in create_server
    adj = Adjustments(**kw)
  File "/home/administrator/venv/lib/python3.14/site-packages/waitress/adjustments.py", line 318, in __init__
    raise ValueError("Unknown adjustment %r" % k)
ValueError: Unknown adjustment 'access_log'


======================================================================
CRASH at 2026-09-28T10:20:29.664090
======================================================================
Traceback (most recent call last):
  File "/home/administrator/cctv/app.py", line 2962, in <module>
    serve(
    ~~~~~^
        app,
        ^^^^
    ...<7 lines>...
        access_log=True,
        ^^^^^^^^^^^^^^^^
    )
    ^
  File "/home/administrator/venv/lib/python3.14/site-packages/waitress/__init__.py", line 13, in serve
    server = _server(app, **kw)
  File "/home/administrator/venv/lib/python3.14/site-packages/waitress/server.py", line 49, in create_server
    adj = Adjustments(**kw)
  File "/home/administrator/venv/lib/python3.14/site-packages/waitress/adjustments.py", line 318, in __init__
    raise ValueError("Unknown adjustment %r" % k)
ValueError: Unknown adjustment 'access_log'


======================================================================
CRASH at 2026-09-30T06:24:00.179292
======================================================================
Traceback (most recent call last):
  File "/home/administrator/cctv/app.py", line 532, in <module>
    @app.route("/api/dvr/probe", methods=["POST"])
     ~~~~~~~~~^^^^^^^^^^^^^^^^^^^^^^^^^^^^^^^^^^^^
  File "/home/administrator/venv/lib/python3.14/site-packages/flask/scaffold.py", line 435, in decorator
    self.add_url_rule(rule, endpoint, f, **options)
    ~~~~~~~~~~~~~~~~~^^^^^^^^^^^^^^^^^^^^^^^^^^^^^^
  File "/home/administrator/venv/lib/python3.14/site-packages/flask/scaffold.py", line 50, in wrapper_func
    return f(self, *args, **kwargs)
  File "/home/administrator/venv/lib/python3.14/site-packages/flask/app.py", line 1059, in add_url_rule
    raise AssertionError(
    ...<2 lines>...
    )
AssertionError: View function mapping is overwriting an existing endpoint function: api_dvr_probe


======================================================================
CRASH at 2026-09-30T06:24:05.585009
======================================================================
Traceback (most recent call last):
  File "/home/administrator/cctv/app.py", line 532, in <module>
    @app.route("/api/dvr/probe", methods=["POST"])
     ~~~~~~~~~^^^^^^^^^^^^^^^^^^^^^^^^^^^^^^^^^^^^
  File "/home/administrator/venv/lib/python3.14/site-packages/flask/scaffold.py", line 435, in decorator
    self.add_url_rule(rule, endpoint, f, **options)
    ~~~~~~~~~~~~~~~~~^^^^^^^^^^^^^^^^^^^^^^^^^^^^^^
  File "/home/administrator/venv/lib/python3.14/site-packages/flask/scaffold.py", line 50, in wrapper_func
    return f(self, *args, **kwargs)
  File "/home/administrator/venv/lib/python3.14/site-packages/flask/app.py", line 1059, in add_url_rule
    raise AssertionError(
    ...<2 lines>...
    )
AssertionError: View function mapping is overwriting an existing endpoint function: api_dvr_probe


======================================================================
CRASH at 2026-09-30T06:24:11.077742
======================================================================
Traceback (most recent call last):
  File "/home/administrator/cctv/app.py", line 532, in <module>
    @app.route("/api/dvr/probe", methods=["POST"])
     ~~~~~~~~~^^^^^^^^^^^^^^^^^^^^^^^^^^^^^^^^^^^^
  File "/home/administrator/venv/lib/python3.14/site-packages/flask/scaffold.py", line 435, in decorator
    self.add_url_rule(rule, endpoint, f, **options)
    ~~~~~~~~~~~~~~~~~^^^^^^^^^^^^^^^^^^^^^^^^^^^^^^
  File "/home/administrator/venv/lib/python3.14/site-packages/flask/scaffold.py", line 50, in wrapper_func
    return f(self, *args, **kwargs)
  File "/home/administrator/venv/lib/python3.14/site-packages/flask/app.py", line 1059, in add_url_rule
    raise AssertionError(
    ...<2 lines>...
    )
AssertionError: View function mapping is overwriting an existing endpoint function: api_dvr_probe


======================================================================
CRASH at 2026-09-30T06:24:16.555975
======================================================================
Traceback (most recent call last):
  File "/home/administrator/cctv/app.py", line 532, in <module>
    @app.route("/api/dvr/probe", methods=["POST"])
     ~~~~~~~~~^^^^^^^^^^^^^^^^^^^^^^^^^^^^^^^^^^^^
  File "/home/administrator/venv/lib/python3.14/site-packages/flask/scaffold.py", line 435, in decorator
    self.add_url_rule(rule, endpoint, f, **options)
    ~~~~~~~~~~~~~~~~~^^^^^^^^^^^^^^^^^^^^^^^^^^^^^^
  File "/home/administrator/venv/lib/python3.14/site-packages/flask/scaffold.py", line 50, in wrapper_func
    return f(self, *args, **kwargs)
  File "/home/administrator/venv/lib/python3.14/site-packages/flask/app.py", line 1059, in add_url_rule
    raise AssertionError(
    ...<2 lines>...
    )
AssertionError: View function mapping is overwriting an existing endpoint function: api_dvr_probe


======================================================================
CRASH at 2026-09-30T06:24:22.081145
======================================================================
Traceback (most recent call last):
  File "/home/administrator/cctv/app.py", line 532, in <module>
    @app.route("/api/dvr/probe", methods=["POST"])
     ~~~~~~~~~^^^^^^^^^^^^^^^^^^^^^^^^^^^^^^^^^^^^
  File "/home/administrator/venv/lib/python3.14/site-packages/flask/scaffold.py", line 435, in decorator
    self.add_url_rule(rule, endpoint, f, **options)
    ~~~~~~~~~~~~~~~~~^^^^^^^^^^^^^^^^^^^^^^^^^^^^^^
  File "/home/administrator/venv/lib/python3.14/site-packages/flask/scaffold.py", line 50, in wrapper_func
    return f(self, *args, **kwargs)
  File "/home/administrator/venv/lib/python3.14/site-packages/flask/app.py", line 1059, in add_url_rule
    raise AssertionError(
    ...<2 lines>...
    )
AssertionError: View function mapping is overwriting an existing endpoint function: api_dvr_probe


======================================================================
CRASH at 2026-09-30T06:24:27.581687
======================================================================
Traceback (most recent call last):
  File "/home/administrator/cctv/app.py", line 532, in <module>
    @app.route("/api/dvr/probe", methods=["POST"])
     ~~~~~~~~~^^^^^^^^^^^^^^^^^^^^^^^^^^^^^^^^^^^^
  File "/home/administrator/venv/lib/python3.14/site-packages/flask/scaffold.py", line 435, in decorator
    self.add_url_rule(rule, endpoint, f, **options)
    ~~~~~~~~~~~~~~~~~^^^^^^^^^^^^^^^^^^^^^^^^^^^^^^
  File "/home/administrator/venv/lib/python3.14/site-packages/flask/scaffold.py", line 50, in wrapper_func
    return f(self, *args, **kwargs)
  File "/home/administrator/venv/lib/python3.14/site-packages/flask/app.py", line 1059, in add_url_rule
    raise AssertionError(
    ...<2 lines>...
    )
AssertionError: View function mapping is overwriting an existing endpoint function: api_dvr_probe


======================================================================
CRASH at 2026-09-30T06:24:33.082330
======================================================================
Traceback (most recent call last):
  File "/home/administrator/cctv/app.py", line 532, in <module>
    @app.route("/api/dvr/probe", methods=["POST"])
     ~~~~~~~~~^^^^^^^^^^^^^^^^^^^^^^^^^^^^^^^^^^^^
  File "/home/administrator/venv/lib/python3.14/site-packages/flask/scaffold.py", line 435, in decorator
    self.add_url_rule(rule, endpoint, f, **options)
    ~~~~~~~~~~~~~~~~~^^^^^^^^^^^^^^^^^^^^^^^^^^^^^^
  File "/home/administrator/venv/lib/python3.14/site-packages/flask/scaffold.py", line 50, in wrapper_func
    return f(self, *args, **kwargs)
  File "/home/administrator/venv/lib/python3.14/site-packages/flask/app.py", line 1059, in add_url_rule
    raise AssertionError(
    ...<2 lines>...
    )
AssertionError: View function mapping is overwriting an existing endpoint function: api_dvr_probe


======================================================================
CRASH at 2026-09-30T06:24:38.582026
======================================================================
Traceback (most recent call last):
  File "/home/administrator/cctv/app.py", line 532, in <module>
    @app.route("/api/dvr/probe", methods=["POST"])
     ~~~~~~~~~^^^^^^^^^^^^^^^^^^^^^^^^^^^^^^^^^^^^
  File "/home/administrator/venv/lib/python3.14/site-packages/flask/scaffold.py", line 435, in decorator
    self.add_url_rule(rule, endpoint, f, **options)
    ~~~~~~~~~~~~~~~~~^^^^^^^^^^^^^^^^^^^^^^^^^^^^^^
  File "/home/administrator/venv/lib/python3.14/site-packages/flask/scaffold.py", line 50, in wrapper_func
    return f(self, *args, **kwargs)
  File "/home/administrator/venv/lib/python3.14/site-packages/flask/app.py", line 1059, in add_url_rule
    raise AssertionError(
    ...<2 lines>...
    )
AssertionError: View function mapping is overwriting an existing endpoint function: api_dvr_probe


======================================================================
CRASH at 2026-09-30T06:24:44.081721
======================================================================
Traceback (most recent call last):
  File "/home/administrator/cctv/app.py", line 532, in <module>
    @app.route("/api/dvr/probe", methods=["POST"])
     ~~~~~~~~~^^^^^^^^^^^^^^^^^^^^^^^^^^^^^^^^^^^^
  File "/home/administrator/venv/lib/python3.14/site-packages/flask/scaffold.py", line 435, in decorator
    self.add_url_rule(rule, endpoint, f, **options)
    ~~~~~~~~~~~~~~~~~^^^^^^^^^^^^^^^^^^^^^^^^^^^^^^
  File "/home/administrator/venv/lib/python3.14/site-packages/flask/scaffold.py", line 50, in wrapper_func
    return f(self, *args, **kwargs)
  File "/home/administrator/venv/lib/python3.14/site-packages/flask/app.py", line 1059, in add_url_rule
    raise AssertionError(
    ...<2 lines>...
    )
AssertionError: View function mapping is overwriting an existing endpoint function: api_dvr_probe


======================================================================
CRASH at 2026-09-30T06:24:49.582060
======================================================================
Traceback (most recent call last):
  File "/home/administrator/cctv/app.py", line 532, in <module>
    @app.route("/api/dvr/probe", methods=["POST"])
     ~~~~~~~~~^^^^^^^^^^^^^^^^^^^^^^^^^^^^^^^^^^^^
  File "/home/administrator/venv/lib/python3.14/site-packages/flask/scaffold.py", line 435, in decorator
    self.add_url_rule(rule, endpoint, f, **options)
    ~~~~~~~~~~~~~~~~~^^^^^^^^^^^^^^^^^^^^^^^^^^^^^^
  File "/home/administrator/venv/lib/python3.14/site-packages/flask/scaffold.py", line 50, in wrapper_func
    return f(self, *args, **kwargs)
  File "/home/administrator/venv/lib/python3.14/site-packages/flask/app.py", line 1059, in add_url_rule
    raise AssertionError(
    ...<2 lines>...
    )
AssertionError: View function mapping is overwriting an existing endpoint function: api_dvr_probe


======================================================================
CRASH at 2026-09-30T06:24:55.083657
======================================================================
Traceback (most recent call last):
  File "/home/administrator/cctv/app.py", line 532, in <module>
    @app.route("/api/dvr/probe", methods=["POST"])
     ~~~~~~~~~^^^^^^^^^^^^^^^^^^^^^^^^^^^^^^^^^^^^
  File "/home/administrator/venv/lib/python3.14/site-packages/flask/scaffold.py", line 435, in decorator
    self.add_url_rule(rule, endpoint, f, **options)
    ~~~~~~~~~~~~~~~~~^^^^^^^^^^^^^^^^^^^^^^^^^^^^^^
  File "/home/administrator/venv/lib/python3.14/site-packages/flask/scaffold.py", line 50, in wrapper_func
    return f(self, *args, **kwargs)
  File "/home/administrator/venv/lib/python3.14/site-packages/flask/app.py", line 1059, in add_url_rule
    raise AssertionError(
    ...<2 lines>...
    )
AssertionError: View function mapping is overwriting an existing endpoint function: api_dvr_probe


======================================================================
CRASH at 2026-09-30T06:25:00.580350
======================================================================
Traceback (most recent call last):
  File "/home/administrator/cctv/app.py", line 532, in <module>
    @app.route("/api/dvr/probe", methods=["POST"])
     ~~~~~~~~~^^^^^^^^^^^^^^^^^^^^^^^^^^^^^^^^^^^^
  File "/home/administrator/venv/lib/python3.14/site-packages/flask/scaffold.py", line 435, in decorator
    self.add_url_rule(rule, endpoint, f, **options)
    ~~~~~~~~~~~~~~~~~^^^^^^^^^^^^^^^^^^^^^^^^^^^^^^
  File "/home/administrator/venv/lib/python3.14/site-packages/flask/scaffold.py", line 50, in wrapper_func
    return f(self, *args, **kwargs)
  File "/home/administrator/venv/lib/python3.14/site-packages/flask/app.py", line 1059, in add_url_rule
    raise AssertionError(
    ...<2 lines>...
    )
AssertionError: View function mapping is overwriting an existing endpoint function: api_dvr_probe


======================================================================
CRASH at 2026-09-30T06:25:06.076544
======================================================================
Traceback (most recent call last):
  File "/home/administrator/cctv/app.py", line 532, in <module>
    @app.route("/api/dvr/probe", methods=["POST"])
     ~~~~~~~~~^^^^^^^^^^^^^^^^^^^^^^^^^^^^^^^^^^^^
  File "/home/administrator/venv/lib/python3.14/site-packages/flask/scaffold.py", line 435, in decorator
    self.add_url_rule(rule, endpoint, f, **options)
    ~~~~~~~~~~~~~~~~~^^^^^^^^^^^^^^^^^^^^^^^^^^^^^^
  File "/home/administrator/venv/lib/python3.14/site-packages/flask/scaffold.py", line 50, in wrapper_func
    return f(self, *args, **kwargs)
  File "/home/administrator/venv/lib/python3.14/site-packages/flask/app.py", line 1059, in add_url_rule
    raise AssertionError(
    ...<2 lines>...
    )
AssertionError: View function mapping is overwriting an existing endpoint function: api_dvr_probe


======================================================================
CRASH at 2026-09-30T06:25:11.579424
======================================================================
Traceback (most recent call last):
  File "/home/administrator/cctv/app.py", line 532, in <module>
    @app.route("/api/dvr/probe", methods=["POST"])
     ~~~~~~~~~^^^^^^^^^^^^^^^^^^^^^^^^^^^^^^^^^^^^
  File "/home/administrator/venv/lib/python3.14/site-packages/flask/scaffold.py", line 435, in decorator
    self.add_url_rule(rule, endpoint, f, **options)
    ~~~~~~~~~~~~~~~~~^^^^^^^^^^^^^^^^^^^^^^^^^^^^^^
  File "/home/administrator/venv/lib/python3.14/site-packages/flask/scaffold.py", line 50, in wrapper_func
    return f(self, *args, **kwargs)
  File "/home/administrator/venv/lib/python3.14/site-packages/flask/app.py", line 1059, in add_url_rule
    raise AssertionError(
    ...<2 lines>...
    )
AssertionError: View function mapping is overwriting an existing endpoint function: api_dvr_probe


======================================================================
CRASH at 2026-09-30T06:25:17.080693
======================================================================
Traceback (most recent call last):
  File "/home/administrator/cctv/app.py", line 532, in <module>
    @app.route("/api/dvr/probe", methods=["POST"])
     ~~~~~~~~~^^^^^^^^^^^^^^^^^^^^^^^^^^^^^^^^^^^^
  File "/home/administrator/venv/lib/python3.14/site-packages/flask/scaffold.py", line 435, in decorator
    self.add_url_rule(rule, endpoint, f, **options)
    ~~~~~~~~~~~~~~~~~^^^^^^^^^^^^^^^^^^^^^^^^^^^^^^
  File "/home/administrator/venv/lib/python3.14/site-packages/flask/scaffold.py", line 50, in wrapper_func
    return f(self, *args, **kwargs)
  File "/home/administrator/venv/lib/python3.14/site-packages/flask/app.py", line 1059, in add_url_rule
    raise AssertionError(
    ...<2 lines>...
    )
AssertionError: View function mapping is overwriting an existing endpoint function: api_dvr_probe


======================================================================
CRASH at 2026-09-30T06:25:22.580351
======================================================================
Traceback (most recent call last):
  File "/home/administrator/cctv/app.py", line 532, in <module>
    @app.route("/api/dvr/probe", methods=["POST"])
     ~~~~~~~~~^^^^^^^^^^^^^^^^^^^^^^^^^^^^^^^^^^^^
  File "/home/administrator/venv/lib/python3.14/site-packages/flask/scaffold.py", line 435, in decorator
    self.add_url_rule(rule, endpoint, f, **options)
    ~~~~~~~~~~~~~~~~~^^^^^^^^^^^^^^^^^^^^^^^^^^^^^^
  File "/home/administrator/venv/lib/python3.14/site-packages/flask/scaffold.py", line 50, in wrapper_func
    return f(self, *args, **kwargs)
  File "/home/administrator/venv/lib/python3.14/site-packages/flask/app.py", line 1059, in add_url_rule
    raise AssertionError(
    ...<2 lines>...
    )
AssertionError: View function mapping is overwriting an existing endpoint function: api_dvr_probe


======================================================================
CRASH at 2026-09-30T06:25:28.079770
======================================================================
Traceback (most recent call last):
  File "/home/administrator/cctv/app.py", line 532, in <module>
    @app.route("/api/dvr/probe", methods=["POST"])
     ~~~~~~~~~^^^^^^^^^^^^^^^^^^^^^^^^^^^^^^^^^^^^
  File "/home/administrator/venv/lib/python3.14/site-packages/flask/scaffold.py", line 435, in decorator
    self.add_url_rule(rule, endpoint, f, **options)
    ~~~~~~~~~~~~~~~~~^^^^^^^^^^^^^^^^^^^^^^^^^^^^^^
  File "/home/administrator/venv/lib/python3.14/site-packages/flask/scaffold.py", line 50, in wrapper_func
    return f(self, *args, **kwargs)
  File "/home/administrator/venv/lib/python3.14/site-packages/flask/app.py", line 1059, in add_url_rule
    raise AssertionError(
    ...<2 lines>...
    )
AssertionError: View function mapping is overwriting an existing endpoint function: api_dvr_probe


======================================================================
CRASH at 2026-09-30T06:25:33.578962
======================================================================
Traceback (most recent call last):
  File "/home/administrator/cctv/app.py", line 532, in <module>
    @app.route("/api/dvr/probe", methods=["POST"])
     ~~~~~~~~~^^^^^^^^^^^^^^^^^^^^^^^^^^^^^^^^^^^^
  File "/home/administrator/venv/lib/python3.14/site-packages/flask/scaffold.py", line 435, in decorator
    self.add_url_rule(rule, endpoint, f, **options)
    ~~~~~~~~~~~~~~~~~^^^^^^^^^^^^^^^^^^^^^^^^^^^^^^
  File "/home/administrator/venv/lib/python3.14/site-packages/flask/scaffold.py", line 50, in wrapper_func
    return f(self, *args, **kwargs)
  File "/home/administrator/venv/lib/python3.14/site-packages/flask/app.py", line 1059, in add_url_rule
    raise AssertionError(
    ...<2 lines>...
    )
AssertionError: View function mapping is overwriting an existing endpoint function: api_dvr_probe


======================================================================
CRASH at 2026-09-30T06:25:39.078130
======================================================================
Traceback (most recent call last):
  File "/home/administrator/cctv/app.py", line 532, in <module>
    @app.route("/api/dvr/probe", methods=["POST"])
     ~~~~~~~~~^^^^^^^^^^^^^^^^^^^^^^^^^^^^^^^^^^^^
  File "/home/administrator/venv/lib/python3.14/site-packages/flask/scaffold.py", line 435, in decorator
    self.add_url_rule(rule, endpoint, f, **options)
    ~~~~~~~~~~~~~~~~~^^^^^^^^^^^^^^^^^^^^^^^^^^^^^^
  File "/home/administrator/venv/lib/python3.14/site-packages/flask/scaffold.py", line 50, in wrapper_func
    return f(self, *args, **kwargs)
  File "/home/administrator/venv/lib/python3.14/site-packages/flask/app.py", line 1059, in add_url_rule
    raise AssertionError(
    ...<2 lines>...
    )
AssertionError: View function mapping is overwriting an existing endpoint function: api_dvr_probe


======================================================================
CRASH at 2026-09-30T06:25:44.578594
======================================================================
Traceback (most recent call last):
  File "/home/administrator/cctv/app.py", line 532, in <module>
    @app.route("/api/dvr/probe", methods=["POST"])
     ~~~~~~~~~^^^^^^^^^^^^^^^^^^^^^^^^^^^^^^^^^^^^
  File "/home/administrator/venv/lib/python3.14/site-packages/flask/scaffold.py", line 435, in decorator
    self.add_url_rule(rule, endpoint, f, **options)
    ~~~~~~~~~~~~~~~~~^^^^^^^^^^^^^^^^^^^^^^^^^^^^^^
  File "/home/administrator/venv/lib/python3.14/site-packages/flask/scaffold.py", line 50, in wrapper_func
    return f(self, *args, **kwargs)
  File "/home/administrator/venv/lib/python3.14/site-packages/flask/app.py", line 1059, in add_url_rule
    raise AssertionError(
    ...<2 lines>...
    )
AssertionError: View function mapping is overwriting an existing endpoint function: api_dvr_probe


======================================================================
CRASH at 2026-09-30T06:25:50.078785
======================================================================
Traceback (most recent call last):
  File "/home/administrator/cctv/app.py", line 532, in <module>
    @app.route("/api/dvr/probe", methods=["POST"])
     ~~~~~~~~~^^^^^^^^^^^^^^^^^^^^^^^^^^^^^^^^^^^^
  File "/home/administrator/venv/lib/python3.14/site-packages/flask/scaffold.py", line 435, in decorator
    self.add_url_rule(rule, endpoint, f, **options)
    ~~~~~~~~~~~~~~~~~^^^^^^^^^^^^^^^^^^^^^^^^^^^^^^
  File "/home/administrator/venv/lib/python3.14/site-packages/flask/scaffold.py", line 50, in wrapper_func
    return f(self, *args, **kwargs)
  File "/home/administrator/venv/lib/python3.14/site-packages/flask/app.py", line 1059, in add_url_rule
    raise AssertionError(
    ...<2 lines>...
    )
AssertionError: View function mapping is overwriting an existing endpoint function: api_dvr_probe


======================================================================
CRASH at 2026-09-30T06:25:55.577999
======================================================================
Traceback (most recent call last):
  File "/home/administrator/cctv/app.py", line 532, in <module>
    @app.route("/api/dvr/probe", methods=["POST"])
     ~~~~~~~~~^^^^^^^^^^^^^^^^^^^^^^^^^^^^^^^^^^^^
  File "/home/administrator/venv/lib/python3.14/site-packages/flask/scaffold.py", line 435, in decorator
    self.add_url_rule(rule, endpoint, f, **options)
    ~~~~~~~~~~~~~~~~~^^^^^^^^^^^^^^^^^^^^^^^^^^^^^^
  File "/home/administrator/venv/lib/python3.14/site-packages/flask/scaffold.py", line 50, in wrapper_func
    return f(self, *args, **kwargs)
  File "/home/administrator/venv/lib/python3.14/site-packages/flask/app.py", line 1059, in add_url_rule
    raise AssertionError(
    ...<2 lines>...
    )
AssertionError: View function mapping is overwriting an existing endpoint function: api_dvr_probe


======================================================================
CRASH at 2026-09-30T06:26:01.081304
======================================================================
Traceback (most recent call last):
  File "/home/administrator/cctv/app.py", line 532, in <module>
    @app.route("/api/dvr/probe", methods=["POST"])
     ~~~~~~~~~^^^^^^^^^^^^^^^^^^^^^^^^^^^^^^^^^^^^
  File "/home/administrator/venv/lib/python3.14/site-packages/flask/scaffold.py", line 435, in decorator
    self.add_url_rule(rule, endpoint, f, **options)
    ~~~~~~~~~~~~~~~~~^^^^^^^^^^^^^^^^^^^^^^^^^^^^^^
  File "/home/administrator/venv/lib/python3.14/site-packages/flask/scaffold.py", line 50, in wrapper_func
    return f(self, *args, **kwargs)
  File "/home/administrator/venv/lib/python3.14/site-packages/flask/app.py", line 1059, in add_url_rule
    raise AssertionError(
    ...<2 lines>...
    )
AssertionError: View function mapping is overwriting an existing endpoint function: api_dvr_probe


======================================================================
CRASH at 2026-09-30T06:26:06.576142
======================================================================
Traceback (most recent call last):
  File "/home/administrator/cctv/app.py", line 532, in <module>
    @app.route("/api/dvr/probe", methods=["POST"])
     ~~~~~~~~~^^^^^^^^^^^^^^^^^^^^^^^^^^^^^^^^^^^^
  File "/home/administrator/venv/lib/python3.14/site-packages/flask/scaffold.py", line 435, in decorator
    self.add_url_rule(rule, endpoint, f, **options)
    ~~~~~~~~~~~~~~~~~^^^^^^^^^^^^^^^^^^^^^^^^^^^^^^
  File "/home/administrator/venv/lib/python3.14/site-packages/flask/scaffold.py", line 50, in wrapper_func
    return f(self, *args, **kwargs)
  File "/home/administrator/venv/lib/python3.14/site-packages/flask/app.py", line 1059, in add_url_rule
    raise AssertionError(
    ...<2 lines>...
    )
AssertionError: View function mapping is overwriting an existing endpoint function: api_dvr_probe


======================================================================
CRASH at 2026-09-30T06:26:12.077591
======================================================================
Traceback (most recent call last):
  File "/home/administrator/cctv/app.py", line 532, in <module>
    @app.route("/api/dvr/probe", methods=["POST"])
     ~~~~~~~~~^^^^^^^^^^^^^^^^^^^^^^^^^^^^^^^^^^^^
  File "/home/administrator/venv/lib/python3.14/site-packages/flask/scaffold.py", line 435, in decorator
    self.add_url_rule(rule, endpoint, f, **options)
    ~~~~~~~~~~~~~~~~~^^^^^^^^^^^^^^^^^^^^^^^^^^^^^^
  File "/home/administrator/venv/lib/python3.14/site-packages/flask/scaffold.py", line 50, in wrapper_func
    return f(self, *args, **kwargs)
  File "/home/administrator/venv/lib/python3.14/site-packages/flask/app.py", line 1059, in add_url_rule
    raise AssertionError(
    ...<2 lines>...
    )
AssertionError: View function mapping is overwriting an existing endpoint function: api_dvr_probe


======================================================================
CRASH at 2026-09-30T06:26:17.581897
======================================================================
Traceback (most recent call last):
  File "/home/administrator/cctv/app.py", line 532, in <module>
    @app.route("/api/dvr/probe", methods=["POST"])
     ~~~~~~~~~^^^^^^^^^^^^^^^^^^^^^^^^^^^^^^^^^^^^
  File "/home/administrator/venv/lib/python3.14/site-packages/flask/scaffold.py", line 435, in decorator
    self.add_url_rule(rule, endpoint, f, **options)
    ~~~~~~~~~~~~~~~~~^^^^^^^^^^^^^^^^^^^^^^^^^^^^^^
  File "/home/administrator/venv/lib/python3.14/site-packages/flask/scaffold.py", line 50, in wrapper_func
    return f(self, *args, **kwargs)
  File "/home/administrator/venv/lib/python3.14/site-packages/flask/app.py", line 1059, in add_url_rule
    raise AssertionError(
    ...<2 lines>...
    )
AssertionError: View function mapping is overwriting an existing endpoint function: api_dvr_probe


======================================================================
CRASH at 2026-09-30T06:26:23.078813
======================================================================
Traceback (most recent call last):
  File "/home/administrator/cctv/app.py", line 532, in <module>
    @app.route("/api/dvr/probe", methods=["POST"])
     ~~~~~~~~~^^^^^^^^^^^^^^^^^^^^^^^^^^^^^^^^^^^^
  File "/home/administrator/venv/lib/python3.14/site-packages/flask/scaffold.py", line 435, in decorator
    self.add_url_rule(rule, endpoint, f, **options)
    ~~~~~~~~~~~~~~~~~^^^^^^^^^^^^^^^^^^^^^^^^^^^^^^
  File "/home/administrator/venv/lib/python3.14/site-packages/flask/scaffold.py", line 50, in wrapper_func
    return f(self, *args, **kwargs)
  File "/home/administrator/venv/lib/python3.14/site-packages/flask/app.py", line 1059, in add_url_rule
    raise AssertionError(
    ...<2 lines>...
    )
AssertionError: View function mapping is overwriting an existing endpoint function: api_dvr_probe


======================================================================
CRASH at 2026-09-30T06:26:28.572900
======================================================================
Traceback (most recent call last):
  File "/home/administrator/cctv/app.py", line 532, in <module>
    @app.route("/api/dvr/probe", methods=["POST"])
     ~~~~~~~~~^^^^^^^^^^^^^^^^^^^^^^^^^^^^^^^^^^^^
  File "/home/administrator/venv/lib/python3.14/site-packages/flask/scaffold.py", line 435, in decorator
    self.add_url_rule(rule, endpoint, f, **options)
    ~~~~~~~~~~~~~~~~~^^^^^^^^^^^^^^^^^^^^^^^^^^^^^^
  File "/home/administrator/venv/lib/python3.14/site-packages/flask/scaffold.py", line 50, in wrapper_func
    return f(self, *args, **kwargs)
  File "/home/administrator/venv/lib/python3.14/site-packages/flask/app.py", line 1059, in add_url_rule
    raise AssertionError(
    ...<2 lines>...
    )
AssertionError: View function mapping is overwriting an existing endpoint function: api_dvr_probe


======================================================================
CRASH at 2026-09-30T06:26:34.081187
======================================================================
Traceback (most recent call last):
  File "/home/administrator/cctv/app.py", line 532, in <module>
    @app.route("/api/dvr/probe", methods=["POST"])
     ~~~~~~~~~^^^^^^^^^^^^^^^^^^^^^^^^^^^^^^^^^^^^
  File "/home/administrator/venv/lib/python3.14/site-packages/flask/scaffold.py", line 435, in decorator
    self.add_url_rule(rule, endpoint, f, **options)
    ~~~~~~~~~~~~~~~~~^^^^^^^^^^^^^^^^^^^^^^^^^^^^^^
  File "/home/administrator/venv/lib/python3.14/site-packages/flask/scaffold.py", line 50, in wrapper_func
    return f(self, *args, **kwargs)
  File "/home/administrator/venv/lib/python3.14/site-packages/flask/app.py", line 1059, in add_url_rule
    raise AssertionError(
    ...<2 lines>...
    )
AssertionError: View function mapping is overwriting an existing endpoint function: api_dvr_probe


======================================================================
CRASH at 2026-09-30T06:26:39.580331
======================================================================
Traceback (most recent call last):
  File "/home/administrator/cctv/app.py", line 532, in <module>
    @app.route("/api/dvr/probe", methods=["POST"])
     ~~~~~~~~~^^^^^^^^^^^^^^^^^^^^^^^^^^^^^^^^^^^^
  File "/home/administrator/venv/lib/python3.14/site-packages/flask/scaffold.py", line 435, in decorator
    self.add_url_rule(rule, endpoint, f, **options)
    ~~~~~~~~~~~~~~~~~^^^^^^^^^^^^^^^^^^^^^^^^^^^^^^
  File "/home/administrator/venv/lib/python3.14/site-packages/flask/scaffold.py", line 50, in wrapper_func
    return f(self, *args, **kwargs)
  File "/home/administrator/venv/lib/python3.14/site-packages/flask/app.py", line 1059, in add_url_rule
    raise AssertionError(
    ...<2 lines>...
    )
AssertionError: View function mapping is overwriting an existing endpoint function: api_dvr_probe


======================================================================
CRASH at 2026-09-30T06:26:45.083649
======================================================================
Traceback (most recent call last):
  File "/home/administrator/cctv/app.py", line 532, in <module>
    @app.route("/api/dvr/probe", methods=["POST"])
     ~~~~~~~~~^^^^^^^^^^^^^^^^^^^^^^^^^^^^^^^^^^^^
  File "/home/administrator/venv/lib/python3.14/site-packages/flask/scaffold.py", line 435, in decorator
    self.add_url_rule(rule, endpoint, f, **options)
    ~~~~~~~~~~~~~~~~~^^^^^^^^^^^^^^^^^^^^^^^^^^^^^^
  File "/home/administrator/venv/lib/python3.14/site-packages/flask/scaffold.py", line 50, in wrapper_func
    return f(self, *args, **kwargs)
  File "/home/administrator/venv/lib/python3.14/site-packages/flask/app.py", line 1059, in add_url_rule
    raise AssertionError(
    ...<2 lines>...
    )
AssertionError: View function mapping is overwriting an existing endpoint function: api_dvr_probe


======================================================================
CRASH at 2026-09-30T06:26:50.578818
======================================================================
Traceback (most recent call last):
  File "/home/administrator/cctv/app.py", line 532, in <module>
    @app.route("/api/dvr/probe", methods=["POST"])
     ~~~~~~~~~^^^^^^^^^^^^^^^^^^^^^^^^^^^^^^^^^^^^
  File "/home/administrator/venv/lib/python3.14/site-packages/flask/scaffold.py", line 435, in decorator
    self.add_url_rule(rule, endpoint, f, **options)
    ~~~~~~~~~~~~~~~~~^^^^^^^^^^^^^^^^^^^^^^^^^^^^^^
  File "/home/administrator/venv/lib/python3.14/site-packages/flask/scaffold.py", line 50, in wrapper_func
    return f(self, *args, **kwargs)
  File "/home/administrator/venv/lib/python3.14/site-packages/flask/app.py", line 1059, in add_url_rule
    raise AssertionError(
    ...<2 lines>...
    )
AssertionError: View function mapping is overwriting an existing endpoint function: api_dvr_probe


======================================================================
CRASH at 2026-09-30T06:26:56.081339
======================================================================
Traceback (most recent call last):
  File "/home/administrator/cctv/app.py", line 532, in <module>
    @app.route("/api/dvr/probe", methods=["POST"])
     ~~~~~~~~~^^^^^^^^^^^^^^^^^^^^^^^^^^^^^^^^^^^^
  File "/home/administrator/venv/lib/python3.14/site-packages/flask/scaffold.py", line 435, in decorator
    self.add_url_rule(rule, endpoint, f, **options)
    ~~~~~~~~~~~~~~~~~^^^^^^^^^^^^^^^^^^^^^^^^^^^^^^
  File "/home/administrator/venv/lib/python3.14/site-packages/flask/scaffold.py", line 50, in wrapper_func
    return f(self, *args, **kwargs)
  File "/home/administrator/venv/lib/python3.14/site-packages/flask/app.py", line 1059, in add_url_rule
    raise AssertionError(
    ...<2 lines>...
    )
AssertionError: View function mapping is overwriting an existing endpoint function: api_dvr_probe


======================================================================
CRASH at 2026-09-30T06:27:01.580023
======================================================================
Traceback (most recent call last):
  File "/home/administrator/cctv/app.py", line 532, in <module>
    @app.route("/api/dvr/probe", methods=["POST"])
     ~~~~~~~~~^^^^^^^^^^^^^^^^^^^^^^^^^^^^^^^^^^^^
  File "/home/administrator/venv/lib/python3.14/site-packages/flask/scaffold.py", line 435, in decorator
    self.add_url_rule(rule, endpoint, f, **options)
    ~~~~~~~~~~~~~~~~~^^^^^^^^^^^^^^^^^^^^^^^^^^^^^^
  File "/home/administrator/venv/lib/python3.14/site-packages/flask/scaffold.py", line 50, in wrapper_func
    return f(self, *args, **kwargs)
  File "/home/administrator/venv/lib/python3.14/site-packages/flask/app.py", line 1059, in add_url_rule
    raise AssertionError(
    ...<2 lines>...
    )
AssertionError: View function mapping is overwriting an existing endpoint function: api_dvr_probe


======================================================================
CRASH at 2026-09-30T06:27:07.080466
======================================================================
Traceback (most recent call last):
  File "/home/administrator/cctv/app.py", line 532, in <module>
    @app.route("/api/dvr/probe", methods=["POST"])
     ~~~~~~~~~^^^^^^^^^^^^^^^^^^^^^^^^^^^^^^^^^^^^
  File "/home/administrator/venv/lib/python3.14/site-packages/flask/scaffold.py", line 435, in decorator
    self.add_url_rule(rule, endpoint, f, **options)
    ~~~~~~~~~~~~~~~~~^^^^^^^^^^^^^^^^^^^^^^^^^^^^^^
  File "/home/administrator/venv/lib/python3.14/site-packages/flask/scaffold.py", line 50, in wrapper_func
    return f(self, *args, **kwargs)
  File "/home/administrator/venv/lib/python3.14/site-packages/flask/app.py", line 1059, in add_url_rule
    raise AssertionError(
    ...<2 lines>...
    )
AssertionError: View function mapping is overwriting an existing endpoint function: api_dvr_probe


======================================================================
CRASH at 2026-09-30T06:27:12.577694
======================================================================
Traceback (most recent call last):
  File "/home/administrator/cctv/app.py", line 532, in <module>
    @app.route("/api/dvr/probe", methods=["POST"])
     ~~~~~~~~~^^^^^^^^^^^^^^^^^^^^^^^^^^^^^^^^^^^^
  File "/home/administrator/venv/lib/python3.14/site-packages/flask/scaffold.py", line 435, in decorator
    self.add_url_rule(rule, endpoint, f, **options)
    ~~~~~~~~~~~~~~~~~^^^^^^^^^^^^^^^^^^^^^^^^^^^^^^
  File "/home/administrator/venv/lib/python3.14/site-packages/flask/scaffold.py", line 50, in wrapper_func
    return f(self, *args, **kwargs)
  File "/home/administrator/venv/lib/python3.14/site-packages/flask/app.py", line 1059, in add_url_rule
    raise AssertionError(
    ...<2 lines>...
    )
AssertionError: View function mapping is overwriting an existing endpoint function: api_dvr_probe


======================================================================
CRASH at 2026-09-30T06:27:18.082498
======================================================================
Traceback (most recent call last):
  File "/home/administrator/cctv/app.py", line 532, in <module>
    @app.route("/api/dvr/probe", methods=["POST"])
     ~~~~~~~~~^^^^^^^^^^^^^^^^^^^^^^^^^^^^^^^^^^^^
  File "/home/administrator/venv/lib/python3.14/site-packages/flask/scaffold.py", line 435, in decorator
    self.add_url_rule(rule, endpoint, f, **options)
    ~~~~~~~~~~~~~~~~~^^^^^^^^^^^^^^^^^^^^^^^^^^^^^^
  File "/home/administrator/venv/lib/python3.14/site-packages/flask/scaffold.py", line 50, in wrapper_func
    return f(self, *args, **kwargs)
  File "/home/administrator/venv/lib/python3.14/site-packages/flask/app.py", line 1059, in add_url_rule
    raise AssertionError(
    ...<2 lines>...
    )
AssertionError: View function mapping is overwriting an existing endpoint function: api_dvr_probe


======================================================================
CRASH at 2026-09-30T06:27:23.580667
======================================================================
Traceback (most recent call last):
  File "/home/administrator/cctv/app.py", line 532, in <module>
    @app.route("/api/dvr/probe", methods=["POST"])
     ~~~~~~~~~^^^^^^^^^^^^^^^^^^^^^^^^^^^^^^^^^^^^
  File "/home/administrator/venv/lib/python3.14/site-packages/flask/scaffold.py", line 435, in decorator
    self.add_url_rule(rule, endpoint, f, **options)
    ~~~~~~~~~~~~~~~~~^^^^^^^^^^^^^^^^^^^^^^^^^^^^^^
  File "/home/administrator/venv/lib/python3.14/site-packages/flask/scaffold.py", line 50, in wrapper_func
    return f(self, *args, **kwargs)
  File "/home/administrator/venv/lib/python3.14/site-packages/flask/app.py", line 1059, in add_url_rule
    raise AssertionError(
    ...<2 lines>...
    )
AssertionError: View function mapping is overwriting an existing endpoint function: api_dvr_probe


======================================================================
CRASH at 2026-09-30T06:27:29.085701
======================================================================
Traceback (most recent call last):
  File "/home/administrator/cctv/app.py", line 532, in <module>
    @app.route("/api/dvr/probe", methods=["POST"])
     ~~~~~~~~~^^^^^^^^^^^^^^^^^^^^^^^^^^^^^^^^^^^^
  File "/home/administrator/venv/lib/python3.14/site-packages/flask/scaffold.py", line 435, in decorator
    self.add_url_rule(rule, endpoint, f, **options)
    ~~~~~~~~~~~~~~~~~^^^^^^^^^^^^^^^^^^^^^^^^^^^^^^
  File "/home/administrator/venv/lib/python3.14/site-packages/flask/scaffold.py", line 50, in wrapper_func
    return f(self, *args, **kwargs)
  File "/home/administrator/venv/lib/python3.14/site-packages/flask/app.py", line 1059, in add_url_rule
    raise AssertionError(
    ...<2 lines>...
    )
AssertionError: View function mapping is overwriting an existing endpoint function: api_dvr_probe


======================================================================
CRASH at 2026-09-30T06:27:34.579583
======================================================================
Traceback (most recent call last):
  File "/home/administrator/cctv/app.py", line 532, in <module>
    @app.route("/api/dvr/probe", methods=["POST"])
     ~~~~~~~~~^^^^^^^^^^^^^^^^^^^^^^^^^^^^^^^^^^^^
  File "/home/administrator/venv/lib/python3.14/site-packages/flask/scaffold.py", line 435, in decorator
    self.add_url_rule(rule, endpoint, f, **options)
    ~~~~~~~~~~~~~~~~~^^^^^^^^^^^^^^^^^^^^^^^^^^^^^^
  File "/home/administrator/venv/lib/python3.14/site-packages/flask/scaffold.py", line 50, in wrapper_func
    return f(self, *args, **kwargs)
  File "/home/administrator/venv/lib/python3.14/site-packages/flask/app.py", line 1059, in add_url_rule
    raise AssertionError(
    ...<2 lines>...
    )
AssertionError: View function mapping is overwriting an existing endpoint function: api_dvr_probe


======================================================================
CRASH at 2026-09-30T06:27:40.076111
======================================================================
Traceback (most recent call last):
  File "/home/administrator/cctv/app.py", line 532, in <module>
    @app.route("/api/dvr/probe", methods=["POST"])
     ~~~~~~~~~^^^^^^^^^^^^^^^^^^^^^^^^^^^^^^^^^^^^
  File "/home/administrator/venv/lib/python3.14/site-packages/flask/scaffold.py", line 435, in decorator
    self.add_url_rule(rule, endpoint, f, **options)
    ~~~~~~~~~~~~~~~~~^^^^^^^^^^^^^^^^^^^^^^^^^^^^^^
  File "/home/administrator/venv/lib/python3.14/site-packages/flask/scaffold.py", line 50, in wrapper_func
    return f(self, *args, **kwargs)
  File "/home/administrator/venv/lib/python3.14/site-packages/flask/app.py", line 1059, in add_url_rule
    raise AssertionError(
    ...<2 lines>...
    )
AssertionError: View function mapping is overwriting an existing endpoint function: api_dvr_probe


======================================================================
CRASH at 2026-09-30T06:27:45.580580
======================================================================
Traceback (most recent call last):
  File "/home/administrator/cctv/app.py", line 532, in <module>
    @app.route("/api/dvr/probe", methods=["POST"])
     ~~~~~~~~~^^^^^^^^^^^^^^^^^^^^^^^^^^^^^^^^^^^^
  File "/home/administrator/venv/lib/python3.14/site-packages/flask/scaffold.py", line 435, in decorator
    self.add_url_rule(rule, endpoint, f, **options)
    ~~~~~~~~~~~~~~~~~^^^^^^^^^^^^^^^^^^^^^^^^^^^^^^
  File "/home/administrator/venv/lib/python3.14/site-packages/flask/scaffold.py", line 50, in wrapper_func
    return f(self, *args, **kwargs)
  File "/home/administrator/venv/lib/python3.14/site-packages/flask/app.py", line 1059, in add_url_rule
    raise AssertionError(
    ...<2 lines>...
    )
AssertionError: View function mapping is overwriting an existing endpoint function: api_dvr_probe


======================================================================
CRASH at 2026-09-30T06:27:51.089958
======================================================================
Traceback (most recent call last):
  File "/home/administrator/cctv/app.py", line 532, in <module>
    @app.route("/api/dvr/probe", methods=["POST"])
     ~~~~~~~~~^^^^^^^^^^^^^^^^^^^^^^^^^^^^^^^^^^^^
  File "/home/administrator/venv/lib/python3.14/site-packages/flask/scaffold.py", line 435, in decorator
    self.add_url_rule(rule, endpoint, f, **options)
    ~~~~~~~~~~~~~~~~~^^^^^^^^^^^^^^^^^^^^^^^^^^^^^^
  File "/home/administrator/venv/lib/python3.14/site-packages/flask/scaffold.py", line 50, in wrapper_func
    return f(self, *args, **kwargs)
  File "/home/administrator/venv/lib/python3.14/site-packages/flask/app.py", line 1059, in add_url_rule
    raise AssertionError(
    ...<2 lines>...
    )
AssertionError: View function mapping is overwriting an existing endpoint function: api_dvr_probe


======================================================================
CRASH at 2026-09-30T06:27:56.581661
======================================================================
Traceback (most recent call last):
  File "/home/administrator/cctv/app.py", line 532, in <module>
    @app.route("/api/dvr/probe", methods=["POST"])
     ~~~~~~~~~^^^^^^^^^^^^^^^^^^^^^^^^^^^^^^^^^^^^
  File "/home/administrator/venv/lib/python3.14/site-packages/flask/scaffold.py", line 435, in decorator
    self.add_url_rule(rule, endpoint, f, **options)
    ~~~~~~~~~~~~~~~~~^^^^^^^^^^^^^^^^^^^^^^^^^^^^^^
  File "/home/administrator/venv/lib/python3.14/site-packages/flask/scaffold.py", line 50, in wrapper_func
    return f(self, *args, **kwargs)
  File "/home/administrator/venv/lib/python3.14/site-packages/flask/app.py", line 1059, in add_url_rule
    raise AssertionError(
    ...<2 lines>...
    )
AssertionError: View function mapping is overwriting an existing endpoint function: api_dvr_probe


======================================================================
CRASH at 2026-09-30T06:28:02.081690
======================================================================
Traceback (most recent call last):
  File "/home/administrator/cctv/app.py", line 532, in <module>
    @app.route("/api/dvr/probe", methods=["POST"])
     ~~~~~~~~~^^^^^^^^^^^^^^^^^^^^^^^^^^^^^^^^^^^^
  File "/home/administrator/venv/lib/python3.14/site-packages/flask/scaffold.py", line 435, in decorator
    self.add_url_rule(rule, endpoint, f, **options)
    ~~~~~~~~~~~~~~~~~^^^^^^^^^^^^^^^^^^^^^^^^^^^^^^
  File "/home/administrator/venv/lib/python3.14/site-packages/flask/scaffold.py", line 50, in wrapper_func
    return f(self, *args, **kwargs)
  File "/home/administrator/venv/lib/python3.14/site-packages/flask/app.py", line 1059, in add_url_rule
    raise AssertionError(
    ...<2 lines>...
    )
AssertionError: View function mapping is overwriting an existing endpoint function: api_dvr_probe


======================================================================
CRASH at 2026-09-30T06:28:07.576385
======================================================================
Traceback (most recent call last):
  File "/home/administrator/cctv/app.py", line 532, in <module>
    @app.route("/api/dvr/probe", methods=["POST"])
     ~~~~~~~~~^^^^^^^^^^^^^^^^^^^^^^^^^^^^^^^^^^^^
  File "/home/administrator/venv/lib/python3.14/site-packages/flask/scaffold.py", line 435, in decorator
    self.add_url_rule(rule, endpoint, f, **options)
    ~~~~~~~~~~~~~~~~~^^^^^^^^^^^^^^^^^^^^^^^^^^^^^^
  File "/home/administrator/venv/lib/python3.14/site-packages/flask/scaffold.py", line 50, in wrapper_func
    return f(self, *args, **kwargs)
  File "/home/administrator/venv/lib/python3.14/site-packages/flask/app.py", line 1059, in add_url_rule
    raise AssertionError(
    ...<2 lines>...
    )
AssertionError: View function mapping is overwriting an existing endpoint function: api_dvr_probe


======================================================================
CRASH at 2026-09-30T06:28:13.078134
======================================================================
Traceback (most recent call last):
  File "/home/administrator/cctv/app.py", line 532, in <module>
    @app.route("/api/dvr/probe", methods=["POST"])
     ~~~~~~~~~^^^^^^^^^^^^^^^^^^^^^^^^^^^^^^^^^^^^
  File "/home/administrator/venv/lib/python3.14/site-packages/flask/scaffold.py", line 435, in decorator
    self.add_url_rule(rule, endpoint, f, **options)
    ~~~~~~~~~~~~~~~~~^^^^^^^^^^^^^^^^^^^^^^^^^^^^^^
  File "/home/administrator/venv/lib/python3.14/site-packages/flask/scaffold.py", line 50, in wrapper_func
    return f(self, *args, **kwargs)
  File "/home/administrator/venv/lib/python3.14/site-packages/flask/app.py", line 1059, in add_url_rule
    raise AssertionError(
    ...<2 lines>...
    )
AssertionError: View function mapping is overwriting an existing endpoint function: api_dvr_probe


======================================================================
CRASH at 2026-09-30T06:28:18.580290
======================================================================
Traceback (most recent call last):
  File "/home/administrator/cctv/app.py", line 532, in <module>
    @app.route("/api/dvr/probe", methods=["POST"])
     ~~~~~~~~~^^^^^^^^^^^^^^^^^^^^^^^^^^^^^^^^^^^^
  File "/home/administrator/venv/lib/python3.14/site-packages/flask/scaffold.py", line 435, in decorator
    self.add_url_rule(rule, endpoint, f, **options)
    ~~~~~~~~~~~~~~~~~^^^^^^^^^^^^^^^^^^^^^^^^^^^^^^
  File "/home/administrator/venv/lib/python3.14/site-packages/flask/scaffold.py", line 50, in wrapper_func
    return f(self, *args, **kwargs)
  File "/home/administrator/venv/lib/python3.14/site-packages/flask/app.py", line 1059, in add_url_rule
    raise AssertionError(
    ...<2 lines>...
    )
AssertionError: View function mapping is overwriting an existing endpoint function: api_dvr_probe


======================================================================
CRASH at 2026-09-30T06:28:24.075798
======================================================================
Traceback (most recent call last):
  File "/home/administrator/cctv/app.py", line 532, in <module>
    @app.route("/api/dvr/probe", methods=["POST"])
     ~~~~~~~~~^^^^^^^^^^^^^^^^^^^^^^^^^^^^^^^^^^^^
  File "/home/administrator/venv/lib/python3.14/site-packages/flask/scaffold.py", line 435, in decorator
    self.add_url_rule(rule, endpoint, f, **options)
    ~~~~~~~~~~~~~~~~~^^^^^^^^^^^^^^^^^^^^^^^^^^^^^^
  File "/home/administrator/venv/lib/python3.14/site-packages/flask/scaffold.py", line 50, in wrapper_func
    return f(self, *args, **kwargs)
  File "/home/administrator/venv/lib/python3.14/site-packages/flask/app.py", line 1059, in add_url_rule
    raise AssertionError(
    ...<2 lines>...
    )
AssertionError: View function mapping is overwriting an existing endpoint function: api_dvr_probe


======================================================================
CRASH at 2026-09-30T06:28:29.577320
======================================================================
Traceback (most recent call last):
  File "/home/administrator/cctv/app.py", line 532, in <module>
    @app.route("/api/dvr/probe", methods=["POST"])
     ~~~~~~~~~^^^^^^^^^^^^^^^^^^^^^^^^^^^^^^^^^^^^
  File "/home/administrator/venv/lib/python3.14/site-packages/flask/scaffold.py", line 435, in decorator
    self.add_url_rule(rule, endpoint, f, **options)
    ~~~~~~~~~~~~~~~~~^^^^^^^^^^^^^^^^^^^^^^^^^^^^^^
  File "/home/administrator/venv/lib/python3.14/site-packages/flask/scaffold.py", line 50, in wrapper_func
    return f(self, *args, **kwargs)
  File "/home/administrator/venv/lib/python3.14/site-packages/flask/app.py", line 1059, in add_url_rule
    raise AssertionError(
    ...<2 lines>...
    )
AssertionError: View function mapping is overwriting an existing endpoint function: api_dvr_probe


======================================================================
CRASH at 2026-09-30T06:28:35.082304
======================================================================
Traceback (most recent call last):
  File "/home/administrator/cctv/app.py", line 532, in <module>
    @app.route("/api/dvr/probe", methods=["POST"])
     ~~~~~~~~~^^^^^^^^^^^^^^^^^^^^^^^^^^^^^^^^^^^^
  File "/home/administrator/venv/lib/python3.14/site-packages/flask/scaffold.py", line 435, in decorator
    self.add_url_rule(rule, endpoint, f, **options)
    ~~~~~~~~~~~~~~~~~^^^^^^^^^^^^^^^^^^^^^^^^^^^^^^
  File "/home/administrator/venv/lib/python3.14/site-packages/flask/scaffold.py", line 50, in wrapper_func
    return f(self, *args, **kwargs)
  File "/home/administrator/venv/lib/python3.14/site-packages/flask/app.py", line 1059, in add_url_rule
    raise AssertionError(
    ...<2 lines>...
    )
AssertionError: View function mapping is overwriting an existing endpoint function: api_dvr_probe


======================================================================
CRASH at 2026-09-30T06:28:40.580041
======================================================================
Traceback (most recent call last):
  File "/home/administrator/cctv/app.py", line 532, in <module>
    @app.route("/api/dvr/probe", methods=["POST"])
     ~~~~~~~~~^^^^^^^^^^^^^^^^^^^^^^^^^^^^^^^^^^^^
  File "/home/administrator/venv/lib/python3.14/site-packages/flask/scaffold.py", line 435, in decorator
    self.add_url_rule(rule, endpoint, f, **options)
    ~~~~~~~~~~~~~~~~~^^^^^^^^^^^^^^^^^^^^^^^^^^^^^^
  File "/home/administrator/venv/lib/python3.14/site-packages/flask/scaffold.py", line 50, in wrapper_func
    return f(self, *args, **kwargs)
  File "/home/administrator/venv/lib/python3.14/site-packages/flask/app.py", line 1059, in add_url_rule
    raise AssertionError(
    ...<2 lines>...
    )
AssertionError: View function mapping is overwriting an existing endpoint function: api_dvr_probe


======================================================================
CRASH at 2026-09-30T06:28:46.087910
======================================================================
Traceback (most recent call last):
  File "/home/administrator/cctv/app.py", line 532, in <module>
    @app.route("/api/dvr/probe", methods=["POST"])
     ~~~~~~~~~^^^^^^^^^^^^^^^^^^^^^^^^^^^^^^^^^^^^
  File "/home/administrator/venv/lib/python3.14/site-packages/flask/scaffold.py", line 435, in decorator
    self.add_url_rule(rule, endpoint, f, **options)
    ~~~~~~~~~~~~~~~~~^^^^^^^^^^^^^^^^^^^^^^^^^^^^^^
  File "/home/administrator/venv/lib/python3.14/site-packages/flask/scaffold.py", line 50, in wrapper_func
    return f(self, *args, **kwargs)
  File "/home/administrator/venv/lib/python3.14/site-packages/flask/app.py", line 1059, in add_url_rule
    raise AssertionError(
    ...<2 lines>...
    )
AssertionError: View function mapping is overwriting an existing endpoint function: api_dvr_probe


======================================================================
CRASH at 2026-09-30T06:28:51.588413
======================================================================
Traceback (most recent call last):
  File "/home/administrator/cctv/app.py", line 532, in <module>
    @app.route("/api/dvr/probe", methods=["POST"])
     ~~~~~~~~~^^^^^^^^^^^^^^^^^^^^^^^^^^^^^^^^^^^^
  File "/home/administrator/venv/lib/python3.14/site-packages/flask/scaffold.py", line 435, in decorator
    self.add_url_rule(rule, endpoint, f, **options)
    ~~~~~~~~~~~~~~~~~^^^^^^^^^^^^^^^^^^^^^^^^^^^^^^
  File "/home/administrator/venv/lib/python3.14/site-packages/flask/scaffold.py", line 50, in wrapper_func
    return f(self, *args, **kwargs)
  File "/home/administrator/venv/lib/python3.14/site-packages/flask/app.py", line 1059, in add_url_rule
    raise AssertionError(
    ...<2 lines>...
    )
AssertionError: View function mapping is overwriting an existing endpoint function: api_dvr_probe


======================================================================
CRASH at 2026-09-30T06:28:57.079596
======================================================================
Traceback (most recent call last):
  File "/home/administrator/cctv/app.py", line 532, in <module>
    @app.route("/api/dvr/probe", methods=["POST"])
     ~~~~~~~~~^^^^^^^^^^^^^^^^^^^^^^^^^^^^^^^^^^^^
  File "/home/administrator/venv/lib/python3.14/site-packages/flask/scaffold.py", line 435, in decorator
    self.add_url_rule(rule, endpoint, f, **options)
    ~~~~~~~~~~~~~~~~~^^^^^^^^^^^^^^^^^^^^^^^^^^^^^^
  File "/home/administrator/venv/lib/python3.14/site-packages/flask/scaffold.py", line 50, in wrapper_func
    return f(self, *args, **kwargs)
  File "/home/administrator/venv/lib/python3.14/site-packages/flask/app.py", line 1059, in add_url_rule
    raise AssertionError(
    ...<2 lines>...
    )
AssertionError: View function mapping is overwriting an existing endpoint function: api_dvr_probe


======================================================================
CRASH at 2026-09-30T06:29:02.585997
======================================================================
Traceback (most recent call last):
  File "/home/administrator/cctv/app.py", line 532, in <module>
    @app.route("/api/dvr/probe", methods=["POST"])
     ~~~~~~~~~^^^^^^^^^^^^^^^^^^^^^^^^^^^^^^^^^^^^
  File "/home/administrator/venv/lib/python3.14/site-packages/flask/scaffold.py", line 435, in decorator
    self.add_url_rule(rule, endpoint, f, **options)
    ~~~~~~~~~~~~~~~~~^^^^^^^^^^^^^^^^^^^^^^^^^^^^^^
  File "/home/administrator/venv/lib/python3.14/site-packages/flask/scaffold.py", line 50, in wrapper_func
    return f(self, *args, **kwargs)
  File "/home/administrator/venv/lib/python3.14/site-packages/flask/app.py", line 1059, in add_url_rule
    raise AssertionError(
    ...<2 lines>...
    )
AssertionError: View function mapping is overwriting an existing endpoint function: api_dvr_probe


======================================================================
CRASH at 2026-09-30T06:29:08.081146
======================================================================
Traceback (most recent call last):
  File "/home/administrator/cctv/app.py", line 532, in <module>
    @app.route("/api/dvr/probe", methods=["POST"])
     ~~~~~~~~~^^^^^^^^^^^^^^^^^^^^^^^^^^^^^^^^^^^^
  File "/home/administrator/venv/lib/python3.14/site-packages/flask/scaffold.py", line 435, in decorator
    self.add_url_rule(rule, endpoint, f, **options)
    ~~~~~~~~~~~~~~~~~^^^^^^^^^^^^^^^^^^^^^^^^^^^^^^
  File "/home/administrator/venv/lib/python3.14/site-packages/flask/scaffold.py", line 50, in wrapper_func
    return f(self, *args, **kwargs)
  File "/home/administrator/venv/lib/python3.14/site-packages/flask/app.py", line 1059, in add_url_rule
    raise AssertionError(
    ...<2 lines>...
    )
AssertionError: View function mapping is overwriting an existing endpoint function: api_dvr_probe


======================================================================
CRASH at 2026-09-30T06:29:13.577665
======================================================================
Traceback (most recent call last):
  File "/home/administrator/cctv/app.py", line 532, in <module>
    @app.route("/api/dvr/probe", methods=["POST"])
     ~~~~~~~~~^^^^^^^^^^^^^^^^^^^^^^^^^^^^^^^^^^^^
  File "/home/administrator/venv/lib/python3.14/site-packages/flask/scaffold.py", line 435, in decorator
    self.add_url_rule(rule, endpoint, f, **options)
    ~~~~~~~~~~~~~~~~~^^^^^^^^^^^^^^^^^^^^^^^^^^^^^^
  File "/home/administrator/venv/lib/python3.14/site-packages/flask/scaffold.py", line 50, in wrapper_func
    return f(self, *args, **kwargs)
  File "/home/administrator/venv/lib/python3.14/site-packages/flask/app.py", line 1059, in add_url_rule
    raise AssertionError(
    ...<2 lines>...
    )
AssertionError: View function mapping is overwriting an existing endpoint function: api_dvr_probe


======================================================================
CRASH at 2026-09-30T06:29:19.077326
======================================================================
Traceback (most recent call last):
  File "/home/administrator/cctv/app.py", line 532, in <module>
    @app.route("/api/dvr/probe", methods=["POST"])
     ~~~~~~~~~^^^^^^^^^^^^^^^^^^^^^^^^^^^^^^^^^^^^
  File "/home/administrator/venv/lib/python3.14/site-packages/flask/scaffold.py", line 435, in decorator
    self.add_url_rule(rule, endpoint, f, **options)
    ~~~~~~~~~~~~~~~~~^^^^^^^^^^^^^^^^^^^^^^^^^^^^^^
  File "/home/administrator/venv/lib/python3.14/site-packages/flask/scaffold.py", line 50, in wrapper_func
    return f(self, *args, **kwargs)
  File "/home/administrator/venv/lib/python3.14/site-packages/flask/app.py", line 1059, in add_url_rule
    raise AssertionError(
    ...<2 lines>...
    )
AssertionError: View function mapping is overwriting an existing endpoint function: api_dvr_probe


======================================================================
CRASH at 2026-09-30T06:29:24.579197
======================================================================
Traceback (most recent call last):
  File "/home/administrator/cctv/app.py", line 532, in <module>
    @app.route("/api/dvr/probe", methods=["POST"])
     ~~~~~~~~~^^^^^^^^^^^^^^^^^^^^^^^^^^^^^^^^^^^^
  File "/home/administrator/venv/lib/python3.14/site-packages/flask/scaffold.py", line 435, in decorator
    self.add_url_rule(rule, endpoint, f, **options)
    ~~~~~~~~~~~~~~~~~^^^^^^^^^^^^^^^^^^^^^^^^^^^^^^
  File "/home/administrator/venv/lib/python3.14/site-packages/flask/scaffold.py", line 50, in wrapper_func
    return f(self, *args, **kwargs)
  File "/home/administrator/venv/lib/python3.14/site-packages/flask/app.py", line 1059, in add_url_rule
    raise AssertionError(
    ...<2 lines>...
    )
AssertionError: View function mapping is overwriting an existing endpoint function: api_dvr_probe


======================================================================
CRASH at 2026-09-30T06:29:30.081128
======================================================================
Traceback (most recent call last):
  File "/home/administrator/cctv/app.py", line 532, in <module>
    @app.route("/api/dvr/probe", methods=["POST"])
     ~~~~~~~~~^^^^^^^^^^^^^^^^^^^^^^^^^^^^^^^^^^^^
  File "/home/administrator/venv/lib/python3.14/site-packages/flask/scaffold.py", line 435, in decorator
    self.add_url_rule(rule, endpoint, f, **options)
    ~~~~~~~~~~~~~~~~~^^^^^^^^^^^^^^^^^^^^^^^^^^^^^^
  File "/home/administrator/venv/lib/python3.14/site-packages/flask/scaffold.py", line 50, in wrapper_func
    return f(self, *args, **kwargs)
  File "/home/administrator/venv/lib/python3.14/site-packages/flask/app.py", line 1059, in add_url_rule
    raise AssertionError(
    ...<2 lines>...
    )
AssertionError: View function mapping is overwriting an existing endpoint function: api_dvr_probe


======================================================================
CRASH at 2026-09-30T06:29:35.580765
======================================================================
Traceback (most recent call last):
  File "/home/administrator/cctv/app.py", line 532, in <module>
    @app.route("/api/dvr/probe", methods=["POST"])
     ~~~~~~~~~^^^^^^^^^^^^^^^^^^^^^^^^^^^^^^^^^^^^
  File "/home/administrator/venv/lib/python3.14/site-packages/flask/scaffold.py", line 435, in decorator
    self.add_url_rule(rule, endpoint, f, **options)
    ~~~~~~~~~~~~~~~~~^^^^^^^^^^^^^^^^^^^^^^^^^^^^^^
  File "/home/administrator/venv/lib/python3.14/site-packages/flask/scaffold.py", line 50, in wrapper_func
    return f(self, *args, **kwargs)
  File "/home/administrator/venv/lib/python3.14/site-packages/flask/app.py", line 1059, in add_url_rule
    raise AssertionError(
    ...<2 lines>...
    )
AssertionError: View function mapping is overwriting an existing endpoint function: api_dvr_probe


======================================================================
CRASH at 2026-09-30T06:29:41.076899
======================================================================
Traceback (most recent call last):
  File "/home/administrator/cctv/app.py", line 532, in <module>
    @app.route("/api/dvr/probe", methods=["POST"])
     ~~~~~~~~~^^^^^^^^^^^^^^^^^^^^^^^^^^^^^^^^^^^^
  File "/home/administrator/venv/lib/python3.14/site-packages/flask/scaffold.py", line 435, in decorator
    self.add_url_rule(rule, endpoint, f, **options)
    ~~~~~~~~~~~~~~~~~^^^^^^^^^^^^^^^^^^^^^^^^^^^^^^
  File "/home/administrator/venv/lib/python3.14/site-packages/flask/scaffold.py", line 50, in wrapper_func
    return f(self, *args, **kwargs)
  File "/home/administrator/venv/lib/python3.14/site-packages/flask/app.py", line 1059, in add_url_rule
    raise AssertionError(
    ...<2 lines>...
    )
AssertionError: View function mapping is overwriting an existing endpoint function: api_dvr_probe


======================================================================
CRASH at 2026-09-30T06:29:46.477624
======================================================================
Traceback (most recent call last):
  File "/home/administrator/cctv/app.py", line 532, in <module>
    @app.route("/api/dvr/probe", methods=["POST"])
     ~~~~~~~~~^^^^^^^^^^^^^^^^^^^^^^^^^^^^^^^^^^^^
  File "/home/administrator/venv/lib/python3.14/site-packages/flask/scaffold.py", line 435, in decorator
    self.add_url_rule(rule, endpoint, f, **options)
    ~~~~~~~~~~~~~~~~~^^^^^^^^^^^^^^^^^^^^^^^^^^^^^^
  File "/home/administrator/venv/lib/python3.14/site-packages/flask/scaffold.py", line 50, in wrapper_func
    return f(self, *args, **kwargs)
  File "/home/administrator/venv/lib/python3.14/site-packages/flask/app.py", line 1059, in add_url_rule
    raise AssertionError(
    ...<2 lines>...
    )
AssertionError: View function mapping is overwriting an existing endpoint function: api_dvr_probe


======================================================================
CRASH at 2026-09-30T06:29:51.829060
======================================================================
Traceback (most recent call last):
  File "/home/administrator/cctv/app.py", line 532, in <module>
    @app.route("/api/dvr/probe", methods=["POST"])
     ~~~~~~~~~^^^^^^^^^^^^^^^^^^^^^^^^^^^^^^^^^^^^
  File "/home/administrator/venv/lib/python3.14/site-packages/flask/scaffold.py", line 435, in decorator
    self.add_url_rule(rule, endpoint, f, **options)
    ~~~~~~~~~~~~~~~~~^^^^^^^^^^^^^^^^^^^^^^^^^^^^^^
  File "/home/administrator/venv/lib/python3.14/site-packages/flask/scaffold.py", line 50, in wrapper_func
    return f(self, *args, **kwargs)
  File "/home/administrator/venv/lib/python3.14/site-packages/flask/app.py", line 1059, in add_url_rule
    raise AssertionError(
    ...<2 lines>...
    )
AssertionError: View function mapping is overwriting an existing endpoint function: api_dvr_probe


======================================================================
CRASH at 2026-09-30T06:29:57.327188
======================================================================
Traceback (most recent call last):
  File "/home/administrator/cctv/app.py", line 532, in <module>
    @app.route("/api/dvr/probe", methods=["POST"])
     ~~~~~~~~~^^^^^^^^^^^^^^^^^^^^^^^^^^^^^^^^^^^^
  File "/home/administrator/venv/lib/python3.14/site-packages/flask/scaffold.py", line 435, in decorator
    self.add_url_rule(rule, endpoint, f, **options)
    ~~~~~~~~~~~~~~~~~^^^^^^^^^^^^^^^^^^^^^^^^^^^^^^
  File "/home/administrator/venv/lib/python3.14/site-packages/flask/scaffold.py", line 50, in wrapper_func
    return f(self, *args, **kwargs)
  File "/home/administrator/venv/lib/python3.14/site-packages/flask/app.py", line 1059, in add_url_rule
    raise AssertionError(
    ...<2 lines>...
    )
AssertionError: View function mapping is overwriting an existing endpoint function: api_dvr_probe


======================================================================
CRASH at 2026-09-30T06:30:02.829813
======================================================================
Traceback (most recent call last):
  File "/home/administrator/cctv/app.py", line 532, in <module>
    @app.route("/api/dvr/probe", methods=["POST"])
     ~~~~~~~~~^^^^^^^^^^^^^^^^^^^^^^^^^^^^^^^^^^^^
  File "/home/administrator/venv/lib/python3.14/site-packages/flask/scaffold.py", line 435, in decorator
    self.add_url_rule(rule, endpoint, f, **options)
    ~~~~~~~~~~~~~~~~~^^^^^^^^^^^^^^^^^^^^^^^^^^^^^^
  File "/home/administrator/venv/lib/python3.14/site-packages/flask/scaffold.py", line 50, in wrapper_func
    return f(self, *args, **kwargs)
  File "/home/administrator/venv/lib/python3.14/site-packages/flask/app.py", line 1059, in add_url_rule
    raise AssertionError(
    ...<2 lines>...
    )
AssertionError: View function mapping is overwriting an existing endpoint function: api_dvr_probe


======================================================================
CRASH at 2026-09-30T06:30:08.332096
======================================================================
Traceback (most recent call last):
  File "/home/administrator/cctv/app.py", line 532, in <module>
    @app.route("/api/dvr/probe", methods=["POST"])
     ~~~~~~~~~^^^^^^^^^^^^^^^^^^^^^^^^^^^^^^^^^^^^
  File "/home/administrator/venv/lib/python3.14/site-packages/flask/scaffold.py", line 435, in decorator
    self.add_url_rule(rule, endpoint, f, **options)
    ~~~~~~~~~~~~~~~~~^^^^^^^^^^^^^^^^^^^^^^^^^^^^^^
  File "/home/administrator/venv/lib/python3.14/site-packages/flask/scaffold.py", line 50, in wrapper_func
    return f(self, *args, **kwargs)
  File "/home/administrator/venv/lib/python3.14/site-packages/flask/app.py", line 1059, in add_url_rule
    raise AssertionError(
    ...<2 lines>...
    )
AssertionError: View function mapping is overwriting an existing endpoint function: api_dvr_probe


======================================================================
CRASH at 2026-09-30T06:30:13.829298
======================================================================
Traceback (most recent call last):
  File "/home/administrator/cctv/app.py", line 532, in <module>
    @app.route("/api/dvr/probe", methods=["POST"])
     ~~~~~~~~~^^^^^^^^^^^^^^^^^^^^^^^^^^^^^^^^^^^^
  File "/home/administrator/venv/lib/python3.14/site-packages/flask/scaffold.py", line 435, in decorator
    self.add_url_rule(rule, endpoint, f, **options)
    ~~~~~~~~~~~~~~~~~^^^^^^^^^^^^^^^^^^^^^^^^^^^^^^
  File "/home/administrator/venv/lib/python3.14/site-packages/flask/scaffold.py", line 50, in wrapper_func
    return f(self, *args, **kwargs)
  File "/home/administrator/venv/lib/python3.14/site-packages/flask/app.py", line 1059, in add_url_rule
    raise AssertionError(
    ...<2 lines>...
    )
AssertionError: View function mapping is overwriting an existing endpoint function: api_dvr_probe


======================================================================
CRASH at 2026-09-30T06:30:19.329770
======================================================================
Traceback (most recent call last):
  File "/home/administrator/cctv/app.py", line 532, in <module>
    @app.route("/api/dvr/probe", methods=["POST"])
     ~~~~~~~~~^^^^^^^^^^^^^^^^^^^^^^^^^^^^^^^^^^^^
  File "/home/administrator/venv/lib/python3.14/site-packages/flask/scaffold.py", line 435, in decorator
    self.add_url_rule(rule, endpoint, f, **options)
    ~~~~~~~~~~~~~~~~~^^^^^^^^^^^^^^^^^^^^^^^^^^^^^^
  File "/home/administrator/venv/lib/python3.14/site-packages/flask/scaffold.py", line 50, in wrapper_func
    return f(self, *args, **kwargs)
  File "/home/administrator/venv/lib/python3.14/site-packages/flask/app.py", line 1059, in add_url_rule
    raise AssertionError(
    ...<2 lines>...
    )
AssertionError: View function mapping is overwriting an existing endpoint function: api_dvr_probe


======================================================================
CRASH at 2026-09-30T06:30:24.829872
======================================================================
Traceback (most recent call last):
  File "/home/administrator/cctv/app.py", line 532, in <module>
    @app.route("/api/dvr/probe", methods=["POST"])
     ~~~~~~~~~^^^^^^^^^^^^^^^^^^^^^^^^^^^^^^^^^^^^
  File "/home/administrator/venv/lib/python3.14/site-packages/flask/scaffold.py", line 435, in decorator
    self.add_url_rule(rule, endpoint, f, **options)
    ~~~~~~~~~~~~~~~~~^^^^^^^^^^^^^^^^^^^^^^^^^^^^^^
  File "/home/administrator/venv/lib/python3.14/site-packages/flask/scaffold.py", line 50, in wrapper_func
    return f(self, *args, **kwargs)
  File "/home/administrator/venv/lib/python3.14/site-packages/flask/app.py", line 1059, in add_url_rule
    raise AssertionError(
    ...<2 lines>...
    )
AssertionError: View function mapping is overwriting an existing endpoint function: api_dvr_probe


======================================================================
CRASH at 2026-09-30T06:30:30.327767
======================================================================
Traceback (most recent call last):
  File "/home/administrator/cctv/app.py", line 532, in <module>
    @app.route("/api/dvr/probe", methods=["POST"])
     ~~~~~~~~~^^^^^^^^^^^^^^^^^^^^^^^^^^^^^^^^^^^^
  File "/home/administrator/venv/lib/python3.14/site-packages/flask/scaffold.py", line 435, in decorator
    self.add_url_rule(rule, endpoint, f, **options)
    ~~~~~~~~~~~~~~~~~^^^^^^^^^^^^^^^^^^^^^^^^^^^^^^
  File "/home/administrator/venv/lib/python3.14/site-packages/flask/scaffold.py", line 50, in wrapper_func
    return f(self, *args, **kwargs)
  File "/home/administrator/venv/lib/python3.14/site-packages/flask/app.py", line 1059, in add_url_rule
    raise AssertionError(
    ...<2 lines>...
    )
AssertionError: View function mapping is overwriting an existing endpoint function: api_dvr_probe


======================================================================
CRASH at 2026-09-30T06:30:35.826943
======================================================================
Traceback (most recent call last):
  File "/home/administrator/cctv/app.py", line 532, in <module>
    @app.route("/api/dvr/probe", methods=["POST"])
     ~~~~~~~~~^^^^^^^^^^^^^^^^^^^^^^^^^^^^^^^^^^^^
  File "/home/administrator/venv/lib/python3.14/site-packages/flask/scaffold.py", line 435, in decorator
    self.add_url_rule(rule, endpoint, f, **options)
    ~~~~~~~~~~~~~~~~~^^^^^^^^^^^^^^^^^^^^^^^^^^^^^^
  File "/home/administrator/venv/lib/python3.14/site-packages/flask/scaffold.py", line 50, in wrapper_func
    return f(self, *args, **kwargs)
  File "/home/administrator/venv/lib/python3.14/site-packages/flask/app.py", line 1059, in add_url_rule
    raise AssertionError(
    ...<2 lines>...
    )
AssertionError: View function mapping is overwriting an existing endpoint function: api_dvr_probe


======================================================================
CRASH at 2026-09-30T06:30:41.330129
======================================================================
Traceback (most recent call last):
  File "/home/administrator/cctv/app.py", line 532, in <module>
    @app.route("/api/dvr/probe", methods=["POST"])
     ~~~~~~~~~^^^^^^^^^^^^^^^^^^^^^^^^^^^^^^^^^^^^
  File "/home/administrator/venv/lib/python3.14/site-packages/flask/scaffold.py", line 435, in decorator
    self.add_url_rule(rule, endpoint, f, **options)
    ~~~~~~~~~~~~~~~~~^^^^^^^^^^^^^^^^^^^^^^^^^^^^^^
  File "/home/administrator/venv/lib/python3.14/site-packages/flask/scaffold.py", line 50, in wrapper_func
    return f(self, *args, **kwargs)
  File "/home/administrator/venv/lib/python3.14/site-packages/flask/app.py", line 1059, in add_url_rule
    raise AssertionError(
    ...<2 lines>...
    )
AssertionError: View function mapping is overwriting an existing endpoint function: api_dvr_probe


======================================================================
CRASH at 2026-09-30T06:30:46.827410
======================================================================
Traceback (most recent call last):
  File "/home/administrator/cctv/app.py", line 532, in <module>
    @app.route("/api/dvr/probe", methods=["POST"])
     ~~~~~~~~~^^^^^^^^^^^^^^^^^^^^^^^^^^^^^^^^^^^^
  File "/home/administrator/venv/lib/python3.14/site-packages/flask/scaffold.py", line 435, in decorator
    self.add_url_rule(rule, endpoint, f, **options)
    ~~~~~~~~~~~~~~~~~^^^^^^^^^^^^^^^^^^^^^^^^^^^^^^
  File "/home/administrator/venv/lib/python3.14/site-packages/flask/scaffold.py", line 50, in wrapper_func
    return f(self, *args, **kwargs)
  File "/home/administrator/venv/lib/python3.14/site-packages/flask/app.py", line 1059, in add_url_rule
    raise AssertionError(
    ...<2 lines>...
    )
AssertionError: View function mapping is overwriting an existing endpoint function: api_dvr_probe


======================================================================
CRASH at 2026-09-30T06:30:52.329662
======================================================================
Traceback (most recent call last):
  File "/home/administrator/cctv/app.py", line 532, in <module>
    @app.route("/api/dvr/probe", methods=["POST"])
     ~~~~~~~~~^^^^^^^^^^^^^^^^^^^^^^^^^^^^^^^^^^^^
  File "/home/administrator/venv/lib/python3.14/site-packages/flask/scaffold.py", line 435, in decorator
    self.add_url_rule(rule, endpoint, f, **options)
    ~~~~~~~~~~~~~~~~~^^^^^^^^^^^^^^^^^^^^^^^^^^^^^^
  File "/home/administrator/venv/lib/python3.14/site-packages/flask/scaffold.py", line 50, in wrapper_func
    return f(self, *args, **kwargs)
  File "/home/administrator/venv/lib/python3.14/site-packages/flask/app.py", line 1059, in add_url_rule
    raise AssertionError(
    ...<2 lines>...
    )
AssertionError: View function mapping is overwriting an existing endpoint function: api_dvr_probe


======================================================================
CRASH at 2026-09-30T06:30:57.834680
======================================================================
Traceback (most recent call last):
  File "/home/administrator/cctv/app.py", line 532, in <module>
    @app.route("/api/dvr/probe", methods=["POST"])
     ~~~~~~~~~^^^^^^^^^^^^^^^^^^^^^^^^^^^^^^^^^^^^
  File "/home/administrator/venv/lib/python3.14/site-packages/flask/scaffold.py", line 435, in decorator
    self.add_url_rule(rule, endpoint, f, **options)
    ~~~~~~~~~~~~~~~~~^^^^^^^^^^^^^^^^^^^^^^^^^^^^^^
  File "/home/administrator/venv/lib/python3.14/site-packages/flask/scaffold.py", line 50, in wrapper_func
    return f(self, *args, **kwargs)
  File "/home/administrator/venv/lib/python3.14/site-packages/flask/app.py", line 1059, in add_url_rule
    raise AssertionError(
    ...<2 lines>...
    )
AssertionError: View function mapping is overwriting an existing endpoint function: api_dvr_probe


======================================================================
CRASH at 2026-09-30T06:31:03.326461
======================================================================
Traceback (most recent call last):
  File "/home/administrator/cctv/app.py", line 532, in <module>
    @app.route("/api/dvr/probe", methods=["POST"])
     ~~~~~~~~~^^^^^^^^^^^^^^^^^^^^^^^^^^^^^^^^^^^^
  File "/home/administrator/venv/lib/python3.14/site-packages/flask/scaffold.py", line 435, in decorator
    self.add_url_rule(rule, endpoint, f, **options)
    ~~~~~~~~~~~~~~~~~^^^^^^^^^^^^^^^^^^^^^^^^^^^^^^
  File "/home/administrator/venv/lib/python3.14/site-packages/flask/scaffold.py", line 50, in wrapper_func
    return f(self, *args, **kwargs)
  File "/home/administrator/venv/lib/python3.14/site-packages/flask/app.py", line 1059, in add_url_rule
    raise AssertionError(
    ...<2 lines>...
    )
AssertionError: View function mapping is overwriting an existing endpoint function: api_dvr_probe


======================================================================
CRASH at 2026-09-30T06:31:08.829629
======================================================================
Traceback (most recent call last):
  File "/home/administrator/cctv/app.py", line 532, in <module>
    @app.route("/api/dvr/probe", methods=["POST"])
     ~~~~~~~~~^^^^^^^^^^^^^^^^^^^^^^^^^^^^^^^^^^^^
  File "/home/administrator/venv/lib/python3.14/site-packages/flask/scaffold.py", line 435, in decorator
    self.add_url_rule(rule, endpoint, f, **options)
    ~~~~~~~~~~~~~~~~~^^^^^^^^^^^^^^^^^^^^^^^^^^^^^^
  File "/home/administrator/venv/lib/python3.14/site-packages/flask/scaffold.py", line 50, in wrapper_func
    return f(self, *args, **kwargs)
  File "/home/administrator/venv/lib/python3.14/site-packages/flask/app.py", line 1059, in add_url_rule
    raise AssertionError(
    ...<2 lines>...
    )
AssertionError: View function mapping is overwriting an existing endpoint function: api_dvr_probe


======================================================================
CRASH at 2026-09-30T06:31:14.330754
======================================================================
Traceback (most recent call last):
  File "/home/administrator/cctv/app.py", line 532, in <module>
    @app.route("/api/dvr/probe", methods=["POST"])
     ~~~~~~~~~^^^^^^^^^^^^^^^^^^^^^^^^^^^^^^^^^^^^
  File "/home/administrator/venv/lib/python3.14/site-packages/flask/scaffold.py", line 435, in decorator
    self.add_url_rule(rule, endpoint, f, **options)
    ~~~~~~~~~~~~~~~~~^^^^^^^^^^^^^^^^^^^^^^^^^^^^^^
  File "/home/administrator/venv/lib/python3.14/site-packages/flask/scaffold.py", line 50, in wrapper_func
    return f(self, *args, **kwargs)
  File "/home/administrator/venv/lib/python3.14/site-packages/flask/app.py", line 1059, in add_url_rule
    raise AssertionError(
    ...<2 lines>...
    )
AssertionError: View function mapping is overwriting an existing endpoint function: api_dvr_probe


======================================================================
CRASH at 2026-09-30T06:31:19.830587
======================================================================
Traceback (most recent call last):
  File "/home/administrator/cctv/app.py", line 532, in <module>
    @app.route("/api/dvr/probe", methods=["POST"])
     ~~~~~~~~~^^^^^^^^^^^^^^^^^^^^^^^^^^^^^^^^^^^^
  File "/home/administrator/venv/lib/python3.14/site-packages/flask/scaffold.py", line 435, in decorator
    self.add_url_rule(rule, endpoint, f, **options)
    ~~~~~~~~~~~~~~~~~^^^^^^^^^^^^^^^^^^^^^^^^^^^^^^
  File "/home/administrator/venv/lib/python3.14/site-packages/flask/scaffold.py", line 50, in wrapper_func
    return f(self, *args, **kwargs)
  File "/home/administrator/venv/lib/python3.14/site-packages/flask/app.py", line 1059, in add_url_rule
    raise AssertionError(
    ...<2 lines>...
    )
AssertionError: View function mapping is overwriting an existing endpoint function: api_dvr_probe


======================================================================
CRASH at 2026-09-30T06:31:25.336012
======================================================================
Traceback (most recent call last):
  File "/home/administrator/cctv/app.py", line 532, in <module>
    @app.route("/api/dvr/probe", methods=["POST"])
     ~~~~~~~~~^^^^^^^^^^^^^^^^^^^^^^^^^^^^^^^^^^^^
  File "/home/administrator/venv/lib/python3.14/site-packages/flask/scaffold.py", line 435, in decorator
    self.add_url_rule(rule, endpoint, f, **options)
    ~~~~~~~~~~~~~~~~~^^^^^^^^^^^^^^^^^^^^^^^^^^^^^^
  File "/home/administrator/venv/lib/python3.14/site-packages/flask/scaffold.py", line 50, in wrapper_func
    return f(self, *args, **kwargs)
  File "/home/administrator/venv/lib/python3.14/site-packages/flask/app.py", line 1059, in add_url_rule
    raise AssertionError(
    ...<2 lines>...
    )
AssertionError: View function mapping is overwriting an existing endpoint function: api_dvr_probe


======================================================================
CRASH at 2026-09-30T06:31:30.832811
======================================================================
Traceback (most recent call last):
  File "/home/administrator/cctv/app.py", line 532, in <module>
    @app.route("/api/dvr/probe", methods=["POST"])
     ~~~~~~~~~^^^^^^^^^^^^^^^^^^^^^^^^^^^^^^^^^^^^
  File "/home/administrator/venv/lib/python3.14/site-packages/flask/scaffold.py", line 435, in decorator
    self.add_url_rule(rule, endpoint, f, **options)
    ~~~~~~~~~~~~~~~~~^^^^^^^^^^^^^^^^^^^^^^^^^^^^^^
  File "/home/administrator/venv/lib/python3.14/site-packages/flask/scaffold.py", line 50, in wrapper_func
    return f(self, *args, **kwargs)
  File "/home/administrator/venv/lib/python3.14/site-packages/flask/app.py", line 1059, in add_url_rule
    raise AssertionError(
    ...<2 lines>...
    )
AssertionError: View function mapping is overwriting an existing endpoint function: api_dvr_probe


======================================================================
CRASH at 2026-09-30T06:31:36.336835
======================================================================
Traceback (most recent call last):
  File "/home/administrator/cctv/app.py", line 532, in <module>
    @app.route("/api/dvr/probe", methods=["POST"])
     ~~~~~~~~~^^^^^^^^^^^^^^^^^^^^^^^^^^^^^^^^^^^^
  File "/home/administrator/venv/lib/python3.14/site-packages/flask/scaffold.py", line 435, in decorator
    self.add_url_rule(rule, endpoint, f, **options)
    ~~~~~~~~~~~~~~~~~^^^^^^^^^^^^^^^^^^^^^^^^^^^^^^
  File "/home/administrator/venv/lib/python3.14/site-packages/flask/scaffold.py", line 50, in wrapper_func
    return f(self, *args, **kwargs)
  File "/home/administrator/venv/lib/python3.14/site-packages/flask/app.py", line 1059, in add_url_rule
    raise AssertionError(
    ...<2 lines>...
    )
AssertionError: View function mapping is overwriting an existing endpoint function: api_dvr_probe


======================================================================
CRASH at 2026-09-30T06:31:41.826085
======================================================================
Traceback (most recent call last):
  File "/home/administrator/cctv/app.py", line 532, in <module>
    @app.route("/api/dvr/probe", methods=["POST"])
     ~~~~~~~~~^^^^^^^^^^^^^^^^^^^^^^^^^^^^^^^^^^^^
  File "/home/administrator/venv/lib/python3.14/site-packages/flask/scaffold.py", line 435, in decorator
    self.add_url_rule(rule, endpoint, f, **options)
    ~~~~~~~~~~~~~~~~~^^^^^^^^^^^^^^^^^^^^^^^^^^^^^^
  File "/home/administrator/venv/lib/python3.14/site-packages/flask/scaffold.py", line 50, in wrapper_func
    return f(self, *args, **kwargs)
  File "/home/administrator/venv/lib/python3.14/site-packages/flask/app.py", line 1059, in add_url_rule
    raise AssertionError(
    ...<2 lines>...
    )
AssertionError: View function mapping is overwriting an existing endpoint function: api_dvr_probe


======================================================================
CRASH at 2026-09-30T06:31:47.331964
======================================================================
Traceback (most recent call last):
  File "/home/administrator/cctv/app.py", line 532, in <module>
    @app.route("/api/dvr/probe", methods=["POST"])
     ~~~~~~~~~^^^^^^^^^^^^^^^^^^^^^^^^^^^^^^^^^^^^
  File "/home/administrator/venv/lib/python3.14/site-packages/flask/scaffold.py", line 435, in decorator
    self.add_url_rule(rule, endpoint, f, **options)
    ~~~~~~~~~~~~~~~~~^^^^^^^^^^^^^^^^^^^^^^^^^^^^^^
  File "/home/administrator/venv/lib/python3.14/site-packages/flask/scaffold.py", line 50, in wrapper_func
    return f(self, *args, **kwargs)
  File "/home/administrator/venv/lib/python3.14/site-packages/flask/app.py", line 1059, in add_url_rule
    raise AssertionError(
    ...<2 lines>...
    )
AssertionError: View function mapping is overwriting an existing endpoint function: api_dvr_probe


======================================================================
CRASH at 2026-09-30T06:31:52.835188
======================================================================
Traceback (most recent call last):
  File "/home/administrator/cctv/app.py", line 532, in <module>
    @app.route("/api/dvr/probe", methods=["POST"])
     ~~~~~~~~~^^^^^^^^^^^^^^^^^^^^^^^^^^^^^^^^^^^^
  File "/home/administrator/venv/lib/python3.14/site-packages/flask/scaffold.py", line 435, in decorator
    self.add_url_rule(rule, endpoint, f, **options)
    ~~~~~~~~~~~~~~~~~^^^^^^^^^^^^^^^^^^^^^^^^^^^^^^
  File "/home/administrator/venv/lib/python3.14/site-packages/flask/scaffold.py", line 50, in wrapper_func
    return f(self, *args, **kwargs)
  File "/home/administrator/venv/lib/python3.14/site-packages/flask/app.py", line 1059, in add_url_rule
    raise AssertionError(
    ...<2 lines>...
    )
AssertionError: View function mapping is overwriting an existing endpoint function: api_dvr_probe


======================================================================
CRASH at 2026-09-30T06:31:58.328734
======================================================================
Traceback (most recent call last):
  File "/home/administrator/cctv/app.py", line 532, in <module>
    @app.route("/api/dvr/probe", methods=["POST"])
     ~~~~~~~~~^^^^^^^^^^^^^^^^^^^^^^^^^^^^^^^^^^^^
  File "/home/administrator/venv/lib/python3.14/site-packages/flask/scaffold.py", line 435, in decorator
    self.add_url_rule(rule, endpoint, f, **options)
    ~~~~~~~~~~~~~~~~~^^^^^^^^^^^^^^^^^^^^^^^^^^^^^^
  File "/home/administrator/venv/lib/python3.14/site-packages/flask/scaffold.py", line 50, in wrapper_func
    return f(self, *args, **kwargs)
  File "/home/administrator/venv/lib/python3.14/site-packages/flask/app.py", line 1059, in add_url_rule
    raise AssertionError(
    ...<2 lines>...
    )
AssertionError: View function mapping is overwriting an existing endpoint function: api_dvr_probe


======================================================================
CRASH at 2026-09-30T06:32:03.829779
======================================================================
Traceback (most recent call last):
  File "/home/administrator/cctv/app.py", line 532, in <module>
    @app.route("/api/dvr/probe", methods=["POST"])
     ~~~~~~~~~^^^^^^^^^^^^^^^^^^^^^^^^^^^^^^^^^^^^
  File "/home/administrator/venv/lib/python3.14/site-packages/flask/scaffold.py", line 435, in decorator
    self.add_url_rule(rule, endpoint, f, **options)
    ~~~~~~~~~~~~~~~~~^^^^^^^^^^^^^^^^^^^^^^^^^^^^^^
  File "/home/administrator/venv/lib/python3.14/site-packages/flask/scaffold.py", line 50, in wrapper_func
    return f(self, *args, **kwargs)
  File "/home/administrator/venv/lib/python3.14/site-packages/flask/app.py", line 1059, in add_url_rule
    raise AssertionError(
    ...<2 lines>...
    )
AssertionError: View function mapping is overwriting an existing endpoint function: api_dvr_probe


======================================================================
CRASH at 2026-09-30T06:32:09.328891
======================================================================
Traceback (most recent call last):
  File "/home/administrator/cctv/app.py", line 532, in <module>
    @app.route("/api/dvr/probe", methods=["POST"])
     ~~~~~~~~~^^^^^^^^^^^^^^^^^^^^^^^^^^^^^^^^^^^^
  File "/home/administrator/venv/lib/python3.14/site-packages/flask/scaffold.py", line 435, in decorator
    self.add_url_rule(rule, endpoint, f, **options)
    ~~~~~~~~~~~~~~~~~^^^^^^^^^^^^^^^^^^^^^^^^^^^^^^
  File "/home/administrator/venv/lib/python3.14/site-packages/flask/scaffold.py", line 50, in wrapper_func
    return f(self, *args, **kwargs)
  File "/home/administrator/venv/lib/python3.14/site-packages/flask/app.py", line 1059, in add_url_rule
    raise AssertionError(
    ...<2 lines>...
    )
AssertionError: View function mapping is overwriting an existing endpoint function: api_dvr_probe


======================================================================
CRASH at 2026-09-30T06:32:14.829328
======================================================================
Traceback (most recent call last):
  File "/home/administrator/cctv/app.py", line 532, in <module>
    @app.route("/api/dvr/probe", methods=["POST"])
     ~~~~~~~~~^^^^^^^^^^^^^^^^^^^^^^^^^^^^^^^^^^^^
  File "/home/administrator/venv/lib/python3.14/site-packages/flask/scaffold.py", line 435, in decorator
    self.add_url_rule(rule, endpoint, f, **options)
    ~~~~~~~~~~~~~~~~~^^^^^^^^^^^^^^^^^^^^^^^^^^^^^^
  File "/home/administrator/venv/lib/python3.14/site-packages/flask/scaffold.py", line 50, in wrapper_func
    return f(self, *args, **kwargs)
  File "/home/administrator/venv/lib/python3.14/site-packages/flask/app.py", line 1059, in add_url_rule
    raise AssertionError(
    ...<2 lines>...
    )
AssertionError: View function mapping is overwriting an existing endpoint function: api_dvr_probe


======================================================================
CRASH at 2026-09-30T06:32:20.328252
======================================================================
Traceback (most recent call last):
  File "/home/administrator/cctv/app.py", line 532, in <module>
    @app.route("/api/dvr/probe", methods=["POST"])
     ~~~~~~~~~^^^^^^^^^^^^^^^^^^^^^^^^^^^^^^^^^^^^
  File "/home/administrator/venv/lib/python3.14/site-packages/flask/scaffold.py", line 435, in decorator
    self.add_url_rule(rule, endpoint, f, **options)
    ~~~~~~~~~~~~~~~~~^^^^^^^^^^^^^^^^^^^^^^^^^^^^^^
  File "/home/administrator/venv/lib/python3.14/site-packages/flask/scaffold.py", line 50, in wrapper_func
    return f(self, *args, **kwargs)
  File "/home/administrator/venv/lib/python3.14/site-packages/flask/app.py", line 1059, in add_url_rule
    raise AssertionError(
    ...<2 lines>...
    )
AssertionError: View function mapping is overwriting an existing endpoint function: api_dvr_probe


======================================================================
CRASH at 2026-09-30T06:32:25.830529
======================================================================
Traceback (most recent call last):
  File "/home/administrator/cctv/app.py", line 532, in <module>
    @app.route("/api/dvr/probe", methods=["POST"])
     ~~~~~~~~~^^^^^^^^^^^^^^^^^^^^^^^^^^^^^^^^^^^^
  File "/home/administrator/venv/lib/python3.14/site-packages/flask/scaffold.py", line 435, in decorator
    self.add_url_rule(rule, endpoint, f, **options)
    ~~~~~~~~~~~~~~~~~^^^^^^^^^^^^^^^^^^^^^^^^^^^^^^
  File "/home/administrator/venv/lib/python3.14/site-packages/flask/scaffold.py", line 50, in wrapper_func
    return f(self, *args, **kwargs)
  File "/home/administrator/venv/lib/python3.14/site-packages/flask/app.py", line 1059, in add_url_rule
    raise AssertionError(
    ...<2 lines>...
    )
AssertionError: View function mapping is overwriting an existing endpoint function: api_dvr_probe


======================================================================
CRASH at 2026-09-30T06:32:31.328859
======================================================================
Traceback (most recent call last):
  File "/home/administrator/cctv/app.py", line 532, in <module>
    @app.route("/api/dvr/probe", methods=["POST"])
     ~~~~~~~~~^^^^^^^^^^^^^^^^^^^^^^^^^^^^^^^^^^^^
  File "/home/administrator/venv/lib/python3.14/site-packages/flask/scaffold.py", line 435, in decorator
    self.add_url_rule(rule, endpoint, f, **options)
    ~~~~~~~~~~~~~~~~~^^^^^^^^^^^^^^^^^^^^^^^^^^^^^^
  File "/home/administrator/venv/lib/python3.14/site-packages/flask/scaffold.py", line 50, in wrapper_func
    return f(self, *args, **kwargs)
  File "/home/administrator/venv/lib/python3.14/site-packages/flask/app.py", line 1059, in add_url_rule
    raise AssertionError(
    ...<2 lines>...
    )
AssertionError: View function mapping is overwriting an existing endpoint function: api_dvr_probe


======================================================================
CRASH at 2026-09-30T06:32:36.823299
======================================================================
Traceback (most recent call last):
  File "/home/administrator/cctv/app.py", line 532, in <module>
    @app.route("/api/dvr/probe", methods=["POST"])
     ~~~~~~~~~^^^^^^^^^^^^^^^^^^^^^^^^^^^^^^^^^^^^
  File "/home/administrator/venv/lib/python3.14/site-packages/flask/scaffold.py", line 435, in decorator
    self.add_url_rule(rule, endpoint, f, **options)
    ~~~~~~~~~~~~~~~~~^^^^^^^^^^^^^^^^^^^^^^^^^^^^^^
  File "/home/administrator/venv/lib/python3.14/site-packages/flask/scaffold.py", line 50, in wrapper_func
    return f(self, *args, **kwargs)
  File "/home/administrator/venv/lib/python3.14/site-packages/flask/app.py", line 1059, in add_url_rule
    raise AssertionError(
    ...<2 lines>...
    )
AssertionError: View function mapping is overwriting an existing endpoint function: api_dvr_probe


======================================================================
CRASH at 2026-09-30T06:32:42.330513
======================================================================
Traceback (most recent call last):
  File "/home/administrator/cctv/app.py", line 532, in <module>
    @app.route("/api/dvr/probe", methods=["POST"])
     ~~~~~~~~~^^^^^^^^^^^^^^^^^^^^^^^^^^^^^^^^^^^^
  File "/home/administrator/venv/lib/python3.14/site-packages/flask/scaffold.py", line 435, in decorator
    self.add_url_rule(rule, endpoint, f, **options)
    ~~~~~~~~~~~~~~~~~^^^^^^^^^^^^^^^^^^^^^^^^^^^^^^
  File "/home/administrator/venv/lib/python3.14/site-packages/flask/scaffold.py", line 50, in wrapper_func
    return f(self, *args, **kwargs)
  File "/home/administrator/venv/lib/python3.14/site-packages/flask/app.py", line 1059, in add_url_rule
    raise AssertionError(
    ...<2 lines>...
    )
AssertionError: View function mapping is overwriting an existing endpoint function: api_dvr_probe


======================================================================
CRASH at 2026-09-30T06:32:47.829409
======================================================================
Traceback (most recent call last):
  File "/home/administrator/cctv/app.py", line 532, in <module>
    @app.route("/api/dvr/probe", methods=["POST"])
     ~~~~~~~~~^^^^^^^^^^^^^^^^^^^^^^^^^^^^^^^^^^^^
  File "/home/administrator/venv/lib/python3.14/site-packages/flask/scaffold.py", line 435, in decorator
    self.add_url_rule(rule, endpoint, f, **options)
    ~~~~~~~~~~~~~~~~~^^^^^^^^^^^^^^^^^^^^^^^^^^^^^^
  File "/home/administrator/venv/lib/python3.14/site-packages/flask/scaffold.py", line 50, in wrapper_func
    return f(self, *args, **kwargs)
  File "/home/administrator/venv/lib/python3.14/site-packages/flask/app.py", line 1059, in add_url_rule
    raise AssertionError(
    ...<2 lines>...
    )
AssertionError: View function mapping is overwriting an existing endpoint function: api_dvr_probe


======================================================================
CRASH at 2026-09-30T06:32:53.331069
======================================================================
Traceback (most recent call last):
  File "/home/administrator/cctv/app.py", line 532, in <module>
    @app.route("/api/dvr/probe", methods=["POST"])
     ~~~~~~~~~^^^^^^^^^^^^^^^^^^^^^^^^^^^^^^^^^^^^
  File "/home/administrator/venv/lib/python3.14/site-packages/flask/scaffold.py", line 435, in decorator
    self.add_url_rule(rule, endpoint, f, **options)
    ~~~~~~~~~~~~~~~~~^^^^^^^^^^^^^^^^^^^^^^^^^^^^^^
  File "/home/administrator/venv/lib/python3.14/site-packages/flask/scaffold.py", line 50, in wrapper_func
    return f(self, *args, **kwargs)
  File "/home/administrator/venv/lib/python3.14/site-packages/flask/app.py", line 1059, in add_url_rule
    raise AssertionError(
    ...<2 lines>...
    )
AssertionError: View function mapping is overwriting an existing endpoint function: api_dvr_probe


======================================================================
CRASH at 2026-09-30T06:32:58.828173
======================================================================
Traceback (most recent call last):
  File "/home/administrator/cctv/app.py", line 532, in <module>
    @app.route("/api/dvr/probe", methods=["POST"])
     ~~~~~~~~~^^^^^^^^^^^^^^^^^^^^^^^^^^^^^^^^^^^^
  File "/home/administrator/venv/lib/python3.14/site-packages/flask/scaffold.py", line 435, in decorator
    self.add_url_rule(rule, endpoint, f, **options)
    ~~~~~~~~~~~~~~~~~^^^^^^^^^^^^^^^^^^^^^^^^^^^^^^
  File "/home/administrator/venv/lib/python3.14/site-packages/flask/scaffold.py", line 50, in wrapper_func
    return f(self, *args, **kwargs)
  File "/home/administrator/venv/lib/python3.14/site-packages/flask/app.py", line 1059, in add_url_rule
    raise AssertionError(
    ...<2 lines>...
    )
AssertionError: View function mapping is overwriting an existing endpoint function: api_dvr_probe


======================================================================
CRASH at 2026-09-30T06:33:04.328012
======================================================================
Traceback (most recent call last):
  File "/home/administrator/cctv/app.py", line 532, in <module>
    @app.route("/api/dvr/probe", methods=["POST"])
     ~~~~~~~~~^^^^^^^^^^^^^^^^^^^^^^^^^^^^^^^^^^^^
  File "/home/administrator/venv/lib/python3.14/site-packages/flask/scaffold.py", line 435, in decorator
    self.add_url_rule(rule, endpoint, f, **options)
    ~~~~~~~~~~~~~~~~~^^^^^^^^^^^^^^^^^^^^^^^^^^^^^^
  File "/home/administrator/venv/lib/python3.14/site-packages/flask/scaffold.py", line 50, in wrapper_func
    return f(self, *args, **kwargs)
  File "/home/administrator/venv/lib/python3.14/site-packages/flask/app.py", line 1059, in add_url_rule
    raise AssertionError(
    ...<2 lines>...
    )
AssertionError: View function mapping is overwriting an existing endpoint function: api_dvr_probe


======================================================================
CRASH at 2026-09-30T06:33:09.830629
======================================================================
Traceback (most recent call last):
  File "/home/administrator/cctv/app.py", line 532, in <module>
    @app.route("/api/dvr/probe", methods=["POST"])
     ~~~~~~~~~^^^^^^^^^^^^^^^^^^^^^^^^^^^^^^^^^^^^
  File "/home/administrator/venv/lib/python3.14/site-packages/flask/scaffold.py", line 435, in decorator
    self.add_url_rule(rule, endpoint, f, **options)
    ~~~~~~~~~~~~~~~~~^^^^^^^^^^^^^^^^^^^^^^^^^^^^^^
  File "/home/administrator/venv/lib/python3.14/site-packages/flask/scaffold.py", line 50, in wrapper_func
    return f(self, *args, **kwargs)
  File "/home/administrator/venv/lib/python3.14/site-packages/flask/app.py", line 1059, in add_url_rule
    raise AssertionError(
    ...<2 lines>...
    )
AssertionError: View function mapping is overwriting an existing endpoint function: api_dvr_probe


======================================================================
CRASH at 2026-09-30T06:33:15.327831
======================================================================
Traceback (most recent call last):
  File "/home/administrator/cctv/app.py", line 532, in <module>
    @app.route("/api/dvr/probe", methods=["POST"])
     ~~~~~~~~~^^^^^^^^^^^^^^^^^^^^^^^^^^^^^^^^^^^^
  File "/home/administrator/venv/lib/python3.14/site-packages/flask/scaffold.py", line 435, in decorator
    self.add_url_rule(rule, endpoint, f, **options)
    ~~~~~~~~~~~~~~~~~^^^^^^^^^^^^^^^^^^^^^^^^^^^^^^
  File "/home/administrator/venv/lib/python3.14/site-packages/flask/scaffold.py", line 50, in wrapper_func
    return f(self, *args, **kwargs)
  File "/home/administrator/venv/lib/python3.14/site-packages/flask/app.py", line 1059, in add_url_rule
    raise AssertionError(
    ...<2 lines>...
    )
AssertionError: View function mapping is overwriting an existing endpoint function: api_dvr_probe


======================================================================
CRASH at 2026-09-30T06:33:20.827171
======================================================================
Traceback (most recent call last):
  File "/home/administrator/cctv/app.py", line 532, in <module>
    @app.route("/api/dvr/probe", methods=["POST"])
     ~~~~~~~~~^^^^^^^^^^^^^^^^^^^^^^^^^^^^^^^^^^^^
  File "/home/administrator/venv/lib/python3.14/site-packages/flask/scaffold.py", line 435, in decorator
    self.add_url_rule(rule, endpoint, f, **options)
    ~~~~~~~~~~~~~~~~~^^^^^^^^^^^^^^^^^^^^^^^^^^^^^^
  File "/home/administrator/venv/lib/python3.14/site-packages/flask/scaffold.py", line 50, in wrapper_func
    return f(self, *args, **kwargs)
  File "/home/administrator/venv/lib/python3.14/site-packages/flask/app.py", line 1059, in add_url_rule
    raise AssertionError(
    ...<2 lines>...
    )
AssertionError: View function mapping is overwriting an existing endpoint function: api_dvr_probe


======================================================================
CRASH at 2026-09-30T06:33:26.325401
======================================================================
Traceback (most recent call last):
  File "/home/administrator/cctv/app.py", line 532, in <module>
    @app.route("/api/dvr/probe", methods=["POST"])
     ~~~~~~~~~^^^^^^^^^^^^^^^^^^^^^^^^^^^^^^^^^^^^
  File "/home/administrator/venv/lib/python3.14/site-packages/flask/scaffold.py", line 435, in decorator
    self.add_url_rule(rule, endpoint, f, **options)
    ~~~~~~~~~~~~~~~~~^^^^^^^^^^^^^^^^^^^^^^^^^^^^^^
  File "/home/administrator/venv/lib/python3.14/site-packages/flask/scaffold.py", line 50, in wrapper_func
    return f(self, *args, **kwargs)
  File "/home/administrator/venv/lib/python3.14/site-packages/flask/app.py", line 1059, in add_url_rule
    raise AssertionError(
    ...<2 lines>...
    )
AssertionError: View function mapping is overwriting an existing endpoint function: api_dvr_probe


======================================================================
CRASH at 2026-09-30T06:33:31.827169
======================================================================
Traceback (most recent call last):
  File "/home/administrator/cctv/app.py", line 532, in <module>
    @app.route("/api/dvr/probe", methods=["POST"])
     ~~~~~~~~~^^^^^^^^^^^^^^^^^^^^^^^^^^^^^^^^^^^^
  File "/home/administrator/venv/lib/python3.14/site-packages/flask/scaffold.py", line 435, in decorator
    self.add_url_rule(rule, endpoint, f, **options)
    ~~~~~~~~~~~~~~~~~^^^^^^^^^^^^^^^^^^^^^^^^^^^^^^
  File "/home/administrator/venv/lib/python3.14/site-packages/flask/scaffold.py", line 50, in wrapper_func
    return f(self, *args, **kwargs)
  File "/home/administrator/venv/lib/python3.14/site-packages/flask/app.py", line 1059, in add_url_rule
    raise AssertionError(
    ...<2 lines>...
    )
AssertionError: View function mapping is overwriting an existing endpoint function: api_dvr_probe


======================================================================
CRASH at 2026-09-30T06:33:37.332805
======================================================================
Traceback (most recent call last):
  File "/home/administrator/cctv/app.py", line 532, in <module>
    @app.route("/api/dvr/probe", methods=["POST"])
     ~~~~~~~~~^^^^^^^^^^^^^^^^^^^^^^^^^^^^^^^^^^^^
  File "/home/administrator/venv/lib/python3.14/site-packages/flask/scaffold.py", line 435, in decorator
    self.add_url_rule(rule, endpoint, f, **options)
    ~~~~~~~~~~~~~~~~~^^^^^^^^^^^^^^^^^^^^^^^^^^^^^^
  File "/home/administrator/venv/lib/python3.14/site-packages/flask/scaffold.py", line 50, in wrapper_func
    return f(self, *args, **kwargs)
  File "/home/administrator/venv/lib/python3.14/site-packages/flask/app.py", line 1059, in add_url_rule
    raise AssertionError(
    ...<2 lines>...
    )
AssertionError: View function mapping is overwriting an existing endpoint function: api_dvr_probe


======================================================================
CRASH at 2026-09-30T06:33:42.826427
======================================================================
Traceback (most recent call last):
  File "/home/administrator/cctv/app.py", line 532, in <module>
    @app.route("/api/dvr/probe", methods=["POST"])
     ~~~~~~~~~^^^^^^^^^^^^^^^^^^^^^^^^^^^^^^^^^^^^
  File "/home/administrator/venv/lib/python3.14/site-packages/flask/scaffold.py", line 435, in decorator
    self.add_url_rule(rule, endpoint, f, **options)
    ~~~~~~~~~~~~~~~~~^^^^^^^^^^^^^^^^^^^^^^^^^^^^^^
  File "/home/administrator/venv/lib/python3.14/site-packages/flask/scaffold.py", line 50, in wrapper_func
    return f(self, *args, **kwargs)
  File "/home/administrator/venv/lib/python3.14/site-packages/flask/app.py", line 1059, in add_url_rule
    raise AssertionError(
    ...<2 lines>...
    )
AssertionError: View function mapping is overwriting an existing endpoint function: api_dvr_probe


======================================================================
CRASH at 2026-09-30T06:33:48.323784
======================================================================
Traceback (most recent call last):
  File "/home/administrator/cctv/app.py", line 532, in <module>
    @app.route("/api/dvr/probe", methods=["POST"])
     ~~~~~~~~~^^^^^^^^^^^^^^^^^^^^^^^^^^^^^^^^^^^^
  File "/home/administrator/venv/lib/python3.14/site-packages/flask/scaffold.py", line 435, in decorator
    self.add_url_rule(rule, endpoint, f, **options)
    ~~~~~~~~~~~~~~~~~^^^^^^^^^^^^^^^^^^^^^^^^^^^^^^
  File "/home/administrator/venv/lib/python3.14/site-packages/flask/scaffold.py", line 50, in wrapper_func
    return f(self, *args, **kwargs)
  File "/home/administrator/venv/lib/python3.14/site-packages/flask/app.py", line 1059, in add_url_rule
    raise AssertionError(
    ...<2 lines>...
    )
AssertionError: View function mapping is overwriting an existing endpoint function: api_dvr_probe


======================================================================
CRASH at 2026-09-30T06:33:53.828772
======================================================================
Traceback (most recent call last):
  File "/home/administrator/cctv/app.py", line 532, in <module>
    @app.route("/api/dvr/probe", methods=["POST"])
     ~~~~~~~~~^^^^^^^^^^^^^^^^^^^^^^^^^^^^^^^^^^^^
  File "/home/administrator/venv/lib/python3.14/site-packages/flask/scaffold.py", line 435, in decorator
    self.add_url_rule(rule, endpoint, f, **options)
    ~~~~~~~~~~~~~~~~~^^^^^^^^^^^^^^^^^^^^^^^^^^^^^^
  File "/home/administrator/venv/lib/python3.14/site-packages/flask/scaffold.py", line 50, in wrapper_func
    return f(self, *args, **kwargs)
  File "/home/administrator/venv/lib/python3.14/site-packages/flask/app.py", line 1059, in add_url_rule
    raise AssertionError(
    ...<2 lines>...
    )
AssertionError: View function mapping is overwriting an existing endpoint function: api_dvr_probe


======================================================================
CRASH at 2026-09-30T06:33:59.329292
======================================================================
Traceback (most recent call last):
  File "/home/administrator/cctv/app.py", line 532, in <module>
    @app.route("/api/dvr/probe", methods=["POST"])
     ~~~~~~~~~^^^^^^^^^^^^^^^^^^^^^^^^^^^^^^^^^^^^
  File "/home/administrator/venv/lib/python3.14/site-packages/flask/scaffold.py", line 435, in decorator
    self.add_url_rule(rule, endpoint, f, **options)
    ~~~~~~~~~~~~~~~~~^^^^^^^^^^^^^^^^^^^^^^^^^^^^^^
  File "/home/administrator/venv/lib/python3.14/site-packages/flask/scaffold.py", line 50, in wrapper_func
    return f(self, *args, **kwargs)
  File "/home/administrator/venv/lib/python3.14/site-packages/flask/app.py", line 1059, in add_url_rule
    raise AssertionError(
    ...<2 lines>...
    )
AssertionError: View function mapping is overwriting an existing endpoint function: api_dvr_probe


======================================================================
CRASH at 2026-09-30T06:34:04.832291
======================================================================
Traceback (most recent call last):
  File "/home/administrator/cctv/app.py", line 532, in <module>
    @app.route("/api/dvr/probe", methods=["POST"])
     ~~~~~~~~~^^^^^^^^^^^^^^^^^^^^^^^^^^^^^^^^^^^^
  File "/home/administrator/venv/lib/python3.14/site-packages/flask/scaffold.py", line 435, in decorator
    self.add_url_rule(rule, endpoint, f, **options)
    ~~~~~~~~~~~~~~~~~^^^^^^^^^^^^^^^^^^^^^^^^^^^^^^
  File "/home/administrator/venv/lib/python3.14/site-packages/flask/scaffold.py", line 50, in wrapper_func
    return f(self, *args, **kwargs)
  File "/home/administrator/venv/lib/python3.14/site-packages/flask/app.py", line 1059, in add_url_rule
    raise AssertionError(
    ...<2 lines>...
    )
AssertionError: View function mapping is overwriting an existing endpoint function: api_dvr_probe


======================================================================
CRASH at 2026-09-30T06:34:10.335840
======================================================================
Traceback (most recent call last):
  File "/home/administrator/cctv/app.py", line 532, in <module>
    @app.route("/api/dvr/probe", methods=["POST"])
     ~~~~~~~~~^^^^^^^^^^^^^^^^^^^^^^^^^^^^^^^^^^^^
  File "/home/administrator/venv/lib/python3.14/site-packages/flask/scaffold.py", line 435, in decorator
    self.add_url_rule(rule, endpoint, f, **options)
    ~~~~~~~~~~~~~~~~~^^^^^^^^^^^^^^^^^^^^^^^^^^^^^^
  File "/home/administrator/venv/lib/python3.14/site-packages/flask/scaffold.py", line 50, in wrapper_func
    return f(self, *args, **kwargs)
  File "/home/administrator/venv/lib/python3.14/site-packages/flask/app.py", line 1059, in add_url_rule
    raise AssertionError(
    ...<2 lines>...
    )
AssertionError: View function mapping is overwriting an existing endpoint function: api_dvr_probe


======================================================================
CRASH at 2026-09-30T06:34:15.827869
======================================================================
Traceback (most recent call last):
  File "/home/administrator/cctv/app.py", line 532, in <module>
    @app.route("/api/dvr/probe", methods=["POST"])
     ~~~~~~~~~^^^^^^^^^^^^^^^^^^^^^^^^^^^^^^^^^^^^
  File "/home/administrator/venv/lib/python3.14/site-packages/flask/scaffold.py", line 435, in decorator
    self.add_url_rule(rule, endpoint, f, **options)
    ~~~~~~~~~~~~~~~~~^^^^^^^^^^^^^^^^^^^^^^^^^^^^^^
  File "/home/administrator/venv/lib/python3.14/site-packages/flask/scaffold.py", line 50, in wrapper_func
    return f(self, *args, **kwargs)
  File "/home/administrator/venv/lib/python3.14/site-packages/flask/app.py", line 1059, in add_url_rule
    raise AssertionError(
    ...<2 lines>...
    )
AssertionError: View function mapping is overwriting an existing endpoint function: api_dvr_probe


======================================================================
CRASH at 2026-09-30T06:34:21.326019
======================================================================
Traceback (most recent call last):
  File "/home/administrator/cctv/app.py", line 532, in <module>
    @app.route("/api/dvr/probe", methods=["POST"])
     ~~~~~~~~~^^^^^^^^^^^^^^^^^^^^^^^^^^^^^^^^^^^^
  File "/home/administrator/venv/lib/python3.14/site-packages/flask/scaffold.py", line 435, in decorator
    self.add_url_rule(rule, endpoint, f, **options)
    ~~~~~~~~~~~~~~~~~^^^^^^^^^^^^^^^^^^^^^^^^^^^^^^
  File "/home/administrator/venv/lib/python3.14/site-packages/flask/scaffold.py", line 50, in wrapper_func
    return f(self, *args, **kwargs)
  File "/home/administrator/venv/lib/python3.14/site-packages/flask/app.py", line 1059, in add_url_rule
    raise AssertionError(
    ...<2 lines>...
    )
AssertionError: View function mapping is overwriting an existing endpoint function: api_dvr_probe


======================================================================
CRASH at 2026-09-30T06:34:26.828874
======================================================================
Traceback (most recent call last):
  File "/home/administrator/cctv/app.py", line 532, in <module>
    @app.route("/api/dvr/probe", methods=["POST"])
     ~~~~~~~~~^^^^^^^^^^^^^^^^^^^^^^^^^^^^^^^^^^^^
  File "/home/administrator/venv/lib/python3.14/site-packages/flask/scaffold.py", line 435, in decorator
    self.add_url_rule(rule, endpoint, f, **options)
    ~~~~~~~~~~~~~~~~~^^^^^^^^^^^^^^^^^^^^^^^^^^^^^^
  File "/home/administrator/venv/lib/python3.14/site-packages/flask/scaffold.py", line 50, in wrapper_func
    return f(self, *args, **kwargs)
  File "/home/administrator/venv/lib/python3.14/site-packages/flask/app.py", line 1059, in add_url_rule
    raise AssertionError(
    ...<2 lines>...
    )
AssertionError: View function mapping is overwriting an existing endpoint function: api_dvr_probe


======================================================================
CRASH at 2026-09-30T06:34:32.333172
======================================================================
Traceback (most recent call last):
  File "/home/administrator/cctv/app.py", line 532, in <module>
    @app.route("/api/dvr/probe", methods=["POST"])
     ~~~~~~~~~^^^^^^^^^^^^^^^^^^^^^^^^^^^^^^^^^^^^
  File "/home/administrator/venv/lib/python3.14/site-packages/flask/scaffold.py", line 435, in decorator
    self.add_url_rule(rule, endpoint, f, **options)
    ~~~~~~~~~~~~~~~~~^^^^^^^^^^^^^^^^^^^^^^^^^^^^^^
  File "/home/administrator/venv/lib/python3.14/site-packages/flask/scaffold.py", line 50, in wrapper_func
    return f(self, *args, **kwargs)
  File "/home/administrator/venv/lib/python3.14/site-packages/flask/app.py", line 1059, in add_url_rule
    raise AssertionError(
    ...<2 lines>...
    )
AssertionError: View function mapping is overwriting an existing endpoint function: api_dvr_probe


======================================================================
CRASH at 2026-09-30T06:34:37.828608
======================================================================
Traceback (most recent call last):
  File "/home/administrator/cctv/app.py", line 532, in <module>
    @app.route("/api/dvr/probe", methods=["POST"])
     ~~~~~~~~~^^^^^^^^^^^^^^^^^^^^^^^^^^^^^^^^^^^^
  File "/home/administrator/venv/lib/python3.14/site-packages/flask/scaffold.py", line 435, in decorator
    self.add_url_rule(rule, endpoint, f, **options)
    ~~~~~~~~~~~~~~~~~^^^^^^^^^^^^^^^^^^^^^^^^^^^^^^
  File "/home/administrator/venv/lib/python3.14/site-packages/flask/scaffold.py", line 50, in wrapper_func
    return f(self, *args, **kwargs)
  File "/home/administrator/venv/lib/python3.14/site-packages/flask/app.py", line 1059, in add_url_rule
    raise AssertionError(
    ...<2 lines>...
    )
AssertionError: View function mapping is overwriting an existing endpoint function: api_dvr_probe


======================================================================
CRASH at 2026-09-30T06:34:43.330205
======================================================================
Traceback (most recent call last):
  File "/home/administrator/cctv/app.py", line 532, in <module>
    @app.route("/api/dvr/probe", methods=["POST"])
     ~~~~~~~~~^^^^^^^^^^^^^^^^^^^^^^^^^^^^^^^^^^^^
  File "/home/administrator/venv/lib/python3.14/site-packages/flask/scaffold.py", line 435, in decorator
    self.add_url_rule(rule, endpoint, f, **options)
    ~~~~~~~~~~~~~~~~~^^^^^^^^^^^^^^^^^^^^^^^^^^^^^^
  File "/home/administrator/venv/lib/python3.14/site-packages/flask/scaffold.py", line 50, in wrapper_func
    return f(self, *args, **kwargs)
  File "/home/administrator/venv/lib/python3.14/site-packages/flask/app.py", line 1059, in add_url_rule
    raise AssertionError(
    ...<2 lines>...
    )
AssertionError: View function mapping is overwriting an existing endpoint function: api_dvr_probe


======================================================================
CRASH at 2026-09-30T06:34:48.826970
======================================================================
Traceback (most recent call last):
  File "/home/administrator/cctv/app.py", line 532, in <module>
    @app.route("/api/dvr/probe", methods=["POST"])
     ~~~~~~~~~^^^^^^^^^^^^^^^^^^^^^^^^^^^^^^^^^^^^
  File "/home/administrator/venv/lib/python3.14/site-packages/flask/scaffold.py", line 435, in decorator
    self.add_url_rule(rule, endpoint, f, **options)
    ~~~~~~~~~~~~~~~~~^^^^^^^^^^^^^^^^^^^^^^^^^^^^^^
  File "/home/administrator/venv/lib/python3.14/site-packages/flask/scaffold.py", line 50, in wrapper_func
    return f(self, *args, **kwargs)
  File "/home/administrator/venv/lib/python3.14/site-packages/flask/app.py", line 1059, in add_url_rule
    raise AssertionError(
    ...<2 lines>...
    )
AssertionError: View function mapping is overwriting an existing endpoint function: api_dvr_probe


======================================================================
CRASH at 2026-09-30T06:34:54.331845
======================================================================
Traceback (most recent call last):
  File "/home/administrator/cctv/app.py", line 532, in <module>
    @app.route("/api/dvr/probe", methods=["POST"])
     ~~~~~~~~~^^^^^^^^^^^^^^^^^^^^^^^^^^^^^^^^^^^^
  File "/home/administrator/venv/lib/python3.14/site-packages/flask/scaffold.py", line 435, in decorator
    self.add_url_rule(rule, endpoint, f, **options)
    ~~~~~~~~~~~~~~~~~^^^^^^^^^^^^^^^^^^^^^^^^^^^^^^
  File "/home/administrator/venv/lib/python3.14/site-packages/flask/scaffold.py", line 50, in wrapper_func
    return f(self, *args, **kwargs)
  File "/home/administrator/venv/lib/python3.14/site-packages/flask/app.py", line 1059, in add_url_rule
    raise AssertionError(
    ...<2 lines>...
    )
AssertionError: View function mapping is overwriting an existing endpoint function: api_dvr_probe


======================================================================
CRASH at 2026-09-30T06:34:59.834134
======================================================================
Traceback (most recent call last):
  File "/home/administrator/cctv/app.py", line 532, in <module>
    @app.route("/api/dvr/probe", methods=["POST"])
     ~~~~~~~~~^^^^^^^^^^^^^^^^^^^^^^^^^^^^^^^^^^^^
  File "/home/administrator/venv/lib/python3.14/site-packages/flask/scaffold.py", line 435, in decorator
    self.add_url_rule(rule, endpoint, f, **options)
    ~~~~~~~~~~~~~~~~~^^^^^^^^^^^^^^^^^^^^^^^^^^^^^^
  File "/home/administrator/venv/lib/python3.14/site-packages/flask/scaffold.py", line 50, in wrapper_func
    return f(self, *args, **kwargs)
  File "/home/administrator/venv/lib/python3.14/site-packages/flask/app.py", line 1059, in add_url_rule
    raise AssertionError(
    ...<2 lines>...
    )
AssertionError: View function mapping is overwriting an existing endpoint function: api_dvr_probe


======================================================================
CRASH at 2026-09-30T06:35:05.329411
======================================================================
Traceback (most recent call last):
  File "/home/administrator/cctv/app.py", line 532, in <module>
    @app.route("/api/dvr/probe", methods=["POST"])
     ~~~~~~~~~^^^^^^^^^^^^^^^^^^^^^^^^^^^^^^^^^^^^
  File "/home/administrator/venv/lib/python3.14/site-packages/flask/scaffold.py", line 435, in decorator
    self.add_url_rule(rule, endpoint, f, **options)
    ~~~~~~~~~~~~~~~~~^^^^^^^^^^^^^^^^^^^^^^^^^^^^^^
  File "/home/administrator/venv/lib/python3.14/site-packages/flask/scaffold.py", line 50, in wrapper_func
    return f(self, *args, **kwargs)
  File "/home/administrator/venv/lib/python3.14/site-packages/flask/app.py", line 1059, in add_url_rule
    raise AssertionError(
    ...<2 lines>...
    )
AssertionError: View function mapping is overwriting an existing endpoint function: api_dvr_probe


======================================================================
CRASH at 2026-09-30T06:35:10.831279
======================================================================
Traceback (most recent call last):
  File "/home/administrator/cctv/app.py", line 532, in <module>
    @app.route("/api/dvr/probe", methods=["POST"])
     ~~~~~~~~~^^^^^^^^^^^^^^^^^^^^^^^^^^^^^^^^^^^^
  File "/home/administrator/venv/lib/python3.14/site-packages/flask/scaffold.py", line 435, in decorator
    self.add_url_rule(rule, endpoint, f, **options)
    ~~~~~~~~~~~~~~~~~^^^^^^^^^^^^^^^^^^^^^^^^^^^^^^
  File "/home/administrator/venv/lib/python3.14/site-packages/flask/scaffold.py", line 50, in wrapper_func
    return f(self, *args, **kwargs)
  File "/home/administrator/venv/lib/python3.14/site-packages/flask/app.py", line 1059, in add_url_rule
    raise AssertionError(
    ...<2 lines>...
    )
AssertionError: View function mapping is overwriting an existing endpoint function: api_dvr_probe


======================================================================
CRASH at 2026-09-30T06:35:16.332714
======================================================================
Traceback (most recent call last):
  File "/home/administrator/cctv/app.py", line 532, in <module>
    @app.route("/api/dvr/probe", methods=["POST"])
     ~~~~~~~~~^^^^^^^^^^^^^^^^^^^^^^^^^^^^^^^^^^^^
  File "/home/administrator/venv/lib/python3.14/site-packages/flask/scaffold.py", line 435, in decorator
    self.add_url_rule(rule, endpoint, f, **options)
    ~~~~~~~~~~~~~~~~~^^^^^^^^^^^^^^^^^^^^^^^^^^^^^^
  File "/home/administrator/venv/lib/python3.14/site-packages/flask/scaffold.py", line 50, in wrapper_func
    return f(self, *args, **kwargs)
  File "/home/administrator/venv/lib/python3.14/site-packages/flask/app.py", line 1059, in add_url_rule
    raise AssertionError(
    ...<2 lines>...
    )
AssertionError: View function mapping is overwriting an existing endpoint function: api_dvr_probe


======================================================================
CRASH at 2026-09-30T06:35:21.828195
======================================================================
Traceback (most recent call last):
  File "/home/administrator/cctv/app.py", line 532, in <module>
    @app.route("/api/dvr/probe", methods=["POST"])
     ~~~~~~~~~^^^^^^^^^^^^^^^^^^^^^^^^^^^^^^^^^^^^
  File "/home/administrator/venv/lib/python3.14/site-packages/flask/scaffold.py", line 435, in decorator
    self.add_url_rule(rule, endpoint, f, **options)
    ~~~~~~~~~~~~~~~~~^^^^^^^^^^^^^^^^^^^^^^^^^^^^^^
  File "/home/administrator/venv/lib/python3.14/site-packages/flask/scaffold.py", line 50, in wrapper_func
    return f(self, *args, **kwargs)
  File "/home/administrator/venv/lib/python3.14/site-packages/flask/app.py", line 1059, in add_url_rule
    raise AssertionError(
    ...<2 lines>...
    )
AssertionError: View function mapping is overwriting an existing endpoint function: api_dvr_probe


======================================================================
CRASH at 2026-09-30T06:35:27.330282
======================================================================
Traceback (most recent call last):
  File "/home/administrator/cctv/app.py", line 532, in <module>
    @app.route("/api/dvr/probe", methods=["POST"])
     ~~~~~~~~~^^^^^^^^^^^^^^^^^^^^^^^^^^^^^^^^^^^^
  File "/home/administrator/venv/lib/python3.14/site-packages/flask/scaffold.py", line 435, in decorator
    self.add_url_rule(rule, endpoint, f, **options)
    ~~~~~~~~~~~~~~~~~^^^^^^^^^^^^^^^^^^^^^^^^^^^^^^
  File "/home/administrator/venv/lib/python3.14/site-packages/flask/scaffold.py", line 50, in wrapper_func
    return f(self, *args, **kwargs)
  File "/home/administrator/venv/lib/python3.14/site-packages/flask/app.py", line 1059, in add_url_rule
    raise AssertionError(
    ...<2 lines>...
    )
AssertionError: View function mapping is overwriting an existing endpoint function: api_dvr_probe


======================================================================
CRASH at 2026-09-30T06:35:32.828280
======================================================================
Traceback (most recent call last):
  File "/home/administrator/cctv/app.py", line 532, in <module>
    @app.route("/api/dvr/probe", methods=["POST"])
     ~~~~~~~~~^^^^^^^^^^^^^^^^^^^^^^^^^^^^^^^^^^^^
  File "/home/administrator/venv/lib/python3.14/site-packages/flask/scaffold.py", line 435, in decorator
    self.add_url_rule(rule, endpoint, f, **options)
    ~~~~~~~~~~~~~~~~~^^^^^^^^^^^^^^^^^^^^^^^^^^^^^^
  File "/home/administrator/venv/lib/python3.14/site-packages/flask/scaffold.py", line 50, in wrapper_func
    return f(self, *args, **kwargs)
  File "/home/administrator/venv/lib/python3.14/site-packages/flask/app.py", line 1059, in add_url_rule
    raise AssertionError(
    ...<2 lines>...
    )
AssertionError: View function mapping is overwriting an existing endpoint function: api_dvr_probe


======================================================================
CRASH at 2026-09-30T06:35:38.328883
======================================================================
Traceback (most recent call last):
  File "/home/administrator/cctv/app.py", line 532, in <module>
    @app.route("/api/dvr/probe", methods=["POST"])
     ~~~~~~~~~^^^^^^^^^^^^^^^^^^^^^^^^^^^^^^^^^^^^
  File "/home/administrator/venv/lib/python3.14/site-packages/flask/scaffold.py", line 435, in decorator
    self.add_url_rule(rule, endpoint, f, **options)
    ~~~~~~~~~~~~~~~~~^^^^^^^^^^^^^^^^^^^^^^^^^^^^^^
  File "/home/administrator/venv/lib/python3.14/site-packages/flask/scaffold.py", line 50, in wrapper_func
    return f(self, *args, **kwargs)
  File "/home/administrator/venv/lib/python3.14/site-packages/flask/app.py", line 1059, in add_url_rule
    raise AssertionError(
    ...<2 lines>...
    )
AssertionError: View function mapping is overwriting an existing endpoint function: api_dvr_probe


======================================================================
CRASH at 2026-09-30T06:35:43.829168
======================================================================
Traceback (most recent call last):
  File "/home/administrator/cctv/app.py", line 532, in <module>
    @app.route("/api/dvr/probe", methods=["POST"])
     ~~~~~~~~~^^^^^^^^^^^^^^^^^^^^^^^^^^^^^^^^^^^^
  File "/home/administrator/venv/lib/python3.14/site-packages/flask/scaffold.py", line 435, in decorator
    self.add_url_rule(rule, endpoint, f, **options)
    ~~~~~~~~~~~~~~~~~^^^^^^^^^^^^^^^^^^^^^^^^^^^^^^
  File "/home/administrator/venv/lib/python3.14/site-packages/flask/scaffold.py", line 50, in wrapper_func
    return f(self, *args, **kwargs)
  File "/home/administrator/venv/lib/python3.14/site-packages/flask/app.py", line 1059, in add_url_rule
    raise AssertionError(
    ...<2 lines>...
    )
AssertionError: View function mapping is overwriting an existing endpoint function: api_dvr_probe


======================================================================
CRASH at 2026-09-30T06:35:49.328816
======================================================================
Traceback (most recent call last):
  File "/home/administrator/cctv/app.py", line 532, in <module>
    @app.route("/api/dvr/probe", methods=["POST"])
     ~~~~~~~~~^^^^^^^^^^^^^^^^^^^^^^^^^^^^^^^^^^^^
  File "/home/administrator/venv/lib/python3.14/site-packages/flask/scaffold.py", line 435, in decorator
    self.add_url_rule(rule, endpoint, f, **options)
    ~~~~~~~~~~~~~~~~~^^^^^^^^^^^^^^^^^^^^^^^^^^^^^^
  File "/home/administrator/venv/lib/python3.14/site-packages/flask/scaffold.py", line 50, in wrapper_func
    return f(self, *args, **kwargs)
  File "/home/administrator/venv/lib/python3.14/site-packages/flask/app.py", line 1059, in add_url_rule
    raise AssertionError(
    ...<2 lines>...
    )
AssertionError: View function mapping is overwriting an existing endpoint function: api_dvr_probe


======================================================================
CRASH at 2026-09-30T06:35:54.828807
======================================================================
Traceback (most recent call last):
  File "/home/administrator/cctv/app.py", line 532, in <module>
    @app.route("/api/dvr/probe", methods=["POST"])
     ~~~~~~~~~^^^^^^^^^^^^^^^^^^^^^^^^^^^^^^^^^^^^
  File "/home/administrator/venv/lib/python3.14/site-packages/flask/scaffold.py", line 435, in decorator
    self.add_url_rule(rule, endpoint, f, **options)
    ~~~~~~~~~~~~~~~~~^^^^^^^^^^^^^^^^^^^^^^^^^^^^^^
  File "/home/administrator/venv/lib/python3.14/site-packages/flask/scaffold.py", line 50, in wrapper_func
    return f(self, *args, **kwargs)
  File "/home/administrator/venv/lib/python3.14/site-packages/flask/app.py", line 1059, in add_url_rule
    raise AssertionError(
    ...<2 lines>...
    )
AssertionError: View function mapping is overwriting an existing endpoint function: api_dvr_probe


======================================================================
CRASH at 2026-09-30T06:36:00.329998
======================================================================
Traceback (most recent call last):
  File "/home/administrator/cctv/app.py", line 532, in <module>
    @app.route("/api/dvr/probe", methods=["POST"])
     ~~~~~~~~~^^^^^^^^^^^^^^^^^^^^^^^^^^^^^^^^^^^^
  File "/home/administrator/venv/lib/python3.14/site-packages/flask/scaffold.py", line 435, in decorator
    self.add_url_rule(rule, endpoint, f, **options)
    ~~~~~~~~~~~~~~~~~^^^^^^^^^^^^^^^^^^^^^^^^^^^^^^
  File "/home/administrator/venv/lib/python3.14/site-packages/flask/scaffold.py", line 50, in wrapper_func
    return f(self, *args, **kwargs)
  File "/home/administrator/venv/lib/python3.14/site-packages/flask/app.py", line 1059, in add_url_rule
    raise AssertionError(
    ...<2 lines>...
    )
AssertionError: View function mapping is overwriting an existing endpoint function: api_dvr_probe


======================================================================
CRASH at 2026-09-30T06:36:05.828322
======================================================================
Traceback (most recent call last):
  File "/home/administrator/cctv/app.py", line 532, in <module>
    @app.route("/api/dvr/probe", methods=["POST"])
     ~~~~~~~~~^^^^^^^^^^^^^^^^^^^^^^^^^^^^^^^^^^^^
  File "/home/administrator/venv/lib/python3.14/site-packages/flask/scaffold.py", line 435, in decorator
    self.add_url_rule(rule, endpoint, f, **options)
    ~~~~~~~~~~~~~~~~~^^^^^^^^^^^^^^^^^^^^^^^^^^^^^^
  File "/home/administrator/venv/lib/python3.14/site-packages/flask/scaffold.py", line 50, in wrapper_func
    return f(self, *args, **kwargs)
  File "/home/administrator/venv/lib/python3.14/site-packages/flask/app.py", line 1059, in add_url_rule
    raise AssertionError(
    ...<2 lines>...
    )
AssertionError: View function mapping is overwriting an existing endpoint function: api_dvr_probe


======================================================================
CRASH at 2026-09-30T06:36:11.328613
======================================================================
Traceback (most recent call last):
  File "/home/administrator/cctv/app.py", line 532, in <module>
    @app.route("/api/dvr/probe", methods=["POST"])
     ~~~~~~~~~^^^^^^^^^^^^^^^^^^^^^^^^^^^^^^^^^^^^
  File "/home/administrator/venv/lib/python3.14/site-packages/flask/scaffold.py", line 435, in decorator
    self.add_url_rule(rule, endpoint, f, **options)
    ~~~~~~~~~~~~~~~~~^^^^^^^^^^^^^^^^^^^^^^^^^^^^^^
  File "/home/administrator/venv/lib/python3.14/site-packages/flask/scaffold.py", line 50, in wrapper_func
    return f(self, *args, **kwargs)
  File "/home/administrator/venv/lib/python3.14/site-packages/flask/app.py", line 1059, in add_url_rule
    raise AssertionError(
    ...<2 lines>...
    )
AssertionError: View function mapping is overwriting an existing endpoint function: api_dvr_probe


======================================================================
CRASH at 2026-09-30T06:36:16.823997
======================================================================
Traceback (most recent call last):
  File "/home/administrator/cctv/app.py", line 532, in <module>
    @app.route("/api/dvr/probe", methods=["POST"])
     ~~~~~~~~~^^^^^^^^^^^^^^^^^^^^^^^^^^^^^^^^^^^^
  File "/home/administrator/venv/lib/python3.14/site-packages/flask/scaffold.py", line 435, in decorator
    self.add_url_rule(rule, endpoint, f, **options)
    ~~~~~~~~~~~~~~~~~^^^^^^^^^^^^^^^^^^^^^^^^^^^^^^
  File "/home/administrator/venv/lib/python3.14/site-packages/flask/scaffold.py", line 50, in wrapper_func
    return f(self, *args, **kwargs)
  File "/home/administrator/venv/lib/python3.14/site-packages/flask/app.py", line 1059, in add_url_rule
    raise AssertionError(
    ...<2 lines>...
    )
AssertionError: View function mapping is overwriting an existing endpoint function: api_dvr_probe


======================================================================
CRASH at 2026-09-30T06:36:22.328438
======================================================================
Traceback (most recent call last):
  File "/home/administrator/cctv/app.py", line 532, in <module>
    @app.route("/api/dvr/probe", methods=["POST"])
     ~~~~~~~~~^^^^^^^^^^^^^^^^^^^^^^^^^^^^^^^^^^^^
  File "/home/administrator/venv/lib/python3.14/site-packages/flask/scaffold.py", line 435, in decorator
    self.add_url_rule(rule, endpoint, f, **options)
    ~~~~~~~~~~~~~~~~~^^^^^^^^^^^^^^^^^^^^^^^^^^^^^^
  File "/home/administrator/venv/lib/python3.14/site-packages/flask/scaffold.py", line 50, in wrapper_func
    return f(self, *args, **kwargs)
  File "/home/administrator/venv/lib/python3.14/site-packages/flask/app.py", line 1059, in add_url_rule
    raise AssertionError(
    ...<2 lines>...
    )
AssertionError: View function mapping is overwriting an existing endpoint function: api_dvr_probe


======================================================================
CRASH at 2026-09-30T06:36:27.828605
======================================================================
Traceback (most recent call last):
  File "/home/administrator/cctv/app.py", line 532, in <module>
    @app.route("/api/dvr/probe", methods=["POST"])
     ~~~~~~~~~^^^^^^^^^^^^^^^^^^^^^^^^^^^^^^^^^^^^
  File "/home/administrator/venv/lib/python3.14/site-packages/flask/scaffold.py", line 435, in decorator
    self.add_url_rule(rule, endpoint, f, **options)
    ~~~~~~~~~~~~~~~~~^^^^^^^^^^^^^^^^^^^^^^^^^^^^^^
  File "/home/administrator/venv/lib/python3.14/site-packages/flask/scaffold.py", line 50, in wrapper_func
    return f(self, *args, **kwargs)
  File "/home/administrator/venv/lib/python3.14/site-packages/flask/app.py", line 1059, in add_url_rule
    raise AssertionError(
    ...<2 lines>...
    )
AssertionError: View function mapping is overwriting an existing endpoint function: api_dvr_probe


======================================================================
CRASH at 2026-09-30T06:36:33.330282
======================================================================
Traceback (most recent call last):
  File "/home/administrator/cctv/app.py", line 532, in <module>
    @app.route("/api/dvr/probe", methods=["POST"])
     ~~~~~~~~~^^^^^^^^^^^^^^^^^^^^^^^^^^^^^^^^^^^^
  File "/home/administrator/venv/lib/python3.14/site-packages/flask/scaffold.py", line 435, in decorator
    self.add_url_rule(rule, endpoint, f, **options)
    ~~~~~~~~~~~~~~~~~^^^^^^^^^^^^^^^^^^^^^^^^^^^^^^
  File "/home/administrator/venv/lib/python3.14/site-packages/flask/scaffold.py", line 50, in wrapper_func
    return f(self, *args, **kwargs)
  File "/home/administrator/venv/lib/python3.14/site-packages/flask/app.py", line 1059, in add_url_rule
    raise AssertionError(
    ...<2 lines>...
    )
AssertionError: View function mapping is overwriting an existing endpoint function: api_dvr_probe


======================================================================
CRASH at 2026-09-30T06:36:38.828552
======================================================================
Traceback (most recent call last):
  File "/home/administrator/cctv/app.py", line 532, in <module>
    @app.route("/api/dvr/probe", methods=["POST"])
     ~~~~~~~~~^^^^^^^^^^^^^^^^^^^^^^^^^^^^^^^^^^^^
  File "/home/administrator/venv/lib/python3.14/site-packages/flask/scaffold.py", line 435, in decorator
    self.add_url_rule(rule, endpoint, f, **options)
    ~~~~~~~~~~~~~~~~~^^^^^^^^^^^^^^^^^^^^^^^^^^^^^^
  File "/home/administrator/venv/lib/python3.14/site-packages/flask/scaffold.py", line 50, in wrapper_func
    return f(self, *args, **kwargs)
  File "/home/administrator/venv/lib/python3.14/site-packages/flask/app.py", line 1059, in add_url_rule
    raise AssertionError(
    ...<2 lines>...
    )
AssertionError: View function mapping is overwriting an existing endpoint function: api_dvr_probe


======================================================================
CRASH at 2026-09-30T06:36:44.331011
======================================================================
Traceback (most recent call last):
  File "/home/administrator/cctv/app.py", line 532, in <module>
    @app.route("/api/dvr/probe", methods=["POST"])
     ~~~~~~~~~^^^^^^^^^^^^^^^^^^^^^^^^^^^^^^^^^^^^
  File "/home/administrator/venv/lib/python3.14/site-packages/flask/scaffold.py", line 435, in decorator
    self.add_url_rule(rule, endpoint, f, **options)
    ~~~~~~~~~~~~~~~~~^^^^^^^^^^^^^^^^^^^^^^^^^^^^^^
  File "/home/administrator/venv/lib/python3.14/site-packages/flask/scaffold.py", line 50, in wrapper_func
    return f(self, *args, **kwargs)
  File "/home/administrator/venv/lib/python3.14/site-packages/flask/app.py", line 1059, in add_url_rule
    raise AssertionError(
    ...<2 lines>...
    )
AssertionError: View function mapping is overwriting an existing endpoint function: api_dvr_probe


======================================================================
CRASH at 2026-09-30T06:36:49.830623
======================================================================
Traceback (most recent call last):
  File "/home/administrator/cctv/app.py", line 532, in <module>
    @app.route("/api/dvr/probe", methods=["POST"])
     ~~~~~~~~~^^^^^^^^^^^^^^^^^^^^^^^^^^^^^^^^^^^^
  File "/home/administrator/venv/lib/python3.14/site-packages/flask/scaffold.py", line 435, in decorator
    self.add_url_rule(rule, endpoint, f, **options)
    ~~~~~~~~~~~~~~~~~^^^^^^^^^^^^^^^^^^^^^^^^^^^^^^
  File "/home/administrator/venv/lib/python3.14/site-packages/flask/scaffold.py", line 50, in wrapper_func
    return f(self, *args, **kwargs)
  File "/home/administrator/venv/lib/python3.14/site-packages/flask/app.py", line 1059, in add_url_rule
    raise AssertionError(
    ...<2 lines>...
    )
AssertionError: View function mapping is overwriting an existing endpoint function: api_dvr_probe


======================================================================
CRASH at 2026-09-30T06:36:55.329453
======================================================================
Traceback (most recent call last):
  File "/home/administrator/cctv/app.py", line 532, in <module>
    @app.route("/api/dvr/probe", methods=["POST"])
     ~~~~~~~~~^^^^^^^^^^^^^^^^^^^^^^^^^^^^^^^^^^^^
  File "/home/administrator/venv/lib/python3.14/site-packages/flask/scaffold.py", line 435, in decorator
    self.add_url_rule(rule, endpoint, f, **options)
    ~~~~~~~~~~~~~~~~~^^^^^^^^^^^^^^^^^^^^^^^^^^^^^^
  File "/home/administrator/venv/lib/python3.14/site-packages/flask/scaffold.py", line 50, in wrapper_func
    return f(self, *args, **kwargs)
  File "/home/administrator/venv/lib/python3.14/site-packages/flask/app.py", line 1059, in add_url_rule
    raise AssertionError(
    ...<2 lines>...
    )
AssertionError: View function mapping is overwriting an existing endpoint function: api_dvr_probe


======================================================================
CRASH at 2026-09-30T06:37:00.824099
======================================================================
Traceback (most recent call last):
  File "/home/administrator/cctv/app.py", line 532, in <module>
    @app.route("/api/dvr/probe", methods=["POST"])
     ~~~~~~~~~^^^^^^^^^^^^^^^^^^^^^^^^^^^^^^^^^^^^
  File "/home/administrator/venv/lib/python3.14/site-packages/flask/scaffold.py", line 435, in decorator
    self.add_url_rule(rule, endpoint, f, **options)
    ~~~~~~~~~~~~~~~~~^^^^^^^^^^^^^^^^^^^^^^^^^^^^^^
  File "/home/administrator/venv/lib/python3.14/site-packages/flask/scaffold.py", line 50, in wrapper_func
    return f(self, *args, **kwargs)
  File "/home/administrator/venv/lib/python3.14/site-packages/flask/app.py", line 1059, in add_url_rule
    raise AssertionError(
    ...<2 lines>...
    )
AssertionError: View function mapping is overwriting an existing endpoint function: api_dvr_probe


======================================================================
CRASH at 2026-09-30T06:37:06.330015
======================================================================
Traceback (most recent call last):
  File "/home/administrator/cctv/app.py", line 532, in <module>
    @app.route("/api/dvr/probe", methods=["POST"])
     ~~~~~~~~~^^^^^^^^^^^^^^^^^^^^^^^^^^^^^^^^^^^^
  File "/home/administrator/venv/lib/python3.14/site-packages/flask/scaffold.py", line 435, in decorator
    self.add_url_rule(rule, endpoint, f, **options)
    ~~~~~~~~~~~~~~~~~^^^^^^^^^^^^^^^^^^^^^^^^^^^^^^
  File "/home/administrator/venv/lib/python3.14/site-packages/flask/scaffold.py", line 50, in wrapper_func
    return f(self, *args, **kwargs)
  File "/home/administrator/venv/lib/python3.14/site-packages/flask/app.py", line 1059, in add_url_rule
    raise AssertionError(
    ...<2 lines>...
    )
AssertionError: View function mapping is overwriting an existing endpoint function: api_dvr_probe


======================================================================
CRASH at 2026-09-30T06:37:11.825766
======================================================================
Traceback (most recent call last):
  File "/home/administrator/cctv/app.py", line 532, in <module>
    @app.route("/api/dvr/probe", methods=["POST"])
     ~~~~~~~~~^^^^^^^^^^^^^^^^^^^^^^^^^^^^^^^^^^^^
  File "/home/administrator/venv/lib/python3.14/site-packages/flask/scaffold.py", line 435, in decorator
    self.add_url_rule(rule, endpoint, f, **options)
    ~~~~~~~~~~~~~~~~~^^^^^^^^^^^^^^^^^^^^^^^^^^^^^^
  File "/home/administrator/venv/lib/python3.14/site-packages/flask/scaffold.py", line 50, in wrapper_func
    return f(self, *args, **kwargs)
  File "/home/administrator/venv/lib/python3.14/site-packages/flask/app.py", line 1059, in add_url_rule
    raise AssertionError(
    ...<2 lines>...
    )
AssertionError: View function mapping is overwriting an existing endpoint function: api_dvr_probe


======================================================================
CRASH at 2026-09-30T06:37:17.330039
======================================================================
Traceback (most recent call last):
  File "/home/administrator/cctv/app.py", line 532, in <module>
    @app.route("/api/dvr/probe", methods=["POST"])
     ~~~~~~~~~^^^^^^^^^^^^^^^^^^^^^^^^^^^^^^^^^^^^
  File "/home/administrator/venv/lib/python3.14/site-packages/flask/scaffold.py", line 435, in decorator
    self.add_url_rule(rule, endpoint, f, **options)
    ~~~~~~~~~~~~~~~~~^^^^^^^^^^^^^^^^^^^^^^^^^^^^^^
  File "/home/administrator/venv/lib/python3.14/site-packages/flask/scaffold.py", line 50, in wrapper_func
    return f(self, *args, **kwargs)
  File "/home/administrator/venv/lib/python3.14/site-packages/flask/app.py", line 1059, in add_url_rule
    raise AssertionError(
    ...<2 lines>...
    )
AssertionError: View function mapping is overwriting an existing endpoint function: api_dvr_probe


======================================================================
CRASH at 2026-09-30T06:37:22.835079
======================================================================
Traceback (most recent call last):
  File "/home/administrator/cctv/app.py", line 532, in <module>
    @app.route("/api/dvr/probe", methods=["POST"])
     ~~~~~~~~~^^^^^^^^^^^^^^^^^^^^^^^^^^^^^^^^^^^^
  File "/home/administrator/venv/lib/python3.14/site-packages/flask/scaffold.py", line 435, in decorator
    self.add_url_rule(rule, endpoint, f, **options)
    ~~~~~~~~~~~~~~~~~^^^^^^^^^^^^^^^^^^^^^^^^^^^^^^
  File "/home/administrator/venv/lib/python3.14/site-packages/flask/scaffold.py", line 50, in wrapper_func
    return f(self, *args, **kwargs)
  File "/home/administrator/venv/lib/python3.14/site-packages/flask/app.py", line 1059, in add_url_rule
    raise AssertionError(
    ...<2 lines>...
    )
AssertionError: View function mapping is overwriting an existing endpoint function: api_dvr_probe


======================================================================
CRASH at 2026-09-30T06:37:28.332601
======================================================================
Traceback (most recent call last):
  File "/home/administrator/cctv/app.py", line 532, in <module>
    @app.route("/api/dvr/probe", methods=["POST"])
     ~~~~~~~~~^^^^^^^^^^^^^^^^^^^^^^^^^^^^^^^^^^^^
  File "/home/administrator/venv/lib/python3.14/site-packages/flask/scaffold.py", line 435, in decorator
    self.add_url_rule(rule, endpoint, f, **options)
    ~~~~~~~~~~~~~~~~~^^^^^^^^^^^^^^^^^^^^^^^^^^^^^^
  File "/home/administrator/venv/lib/python3.14/site-packages/flask/scaffold.py", line 50, in wrapper_func
    return f(self, *args, **kwargs)
  File "/home/administrator/venv/lib/python3.14/site-packages/flask/app.py", line 1059, in add_url_rule
    raise AssertionError(
    ...<2 lines>...
    )
AssertionError: View function mapping is overwriting an existing endpoint function: api_dvr_probe


======================================================================
CRASH at 2026-09-30T06:37:33.824141
======================================================================
Traceback (most recent call last):
  File "/home/administrator/cctv/app.py", line 532, in <module>
    @app.route("/api/dvr/probe", methods=["POST"])
     ~~~~~~~~~^^^^^^^^^^^^^^^^^^^^^^^^^^^^^^^^^^^^
  File "/home/administrator/venv/lib/python3.14/site-packages/flask/scaffold.py", line 435, in decorator
    self.add_url_rule(rule, endpoint, f, **options)
    ~~~~~~~~~~~~~~~~~^^^^^^^^^^^^^^^^^^^^^^^^^^^^^^
  File "/home/administrator/venv/lib/python3.14/site-packages/flask/scaffold.py", line 50, in wrapper_func
    return f(self, *args, **kwargs)
  File "/home/administrator/venv/lib/python3.14/site-packages/flask/app.py", line 1059, in add_url_rule
    raise AssertionError(
    ...<2 lines>...
    )
AssertionError: View function mapping is overwriting an existing endpoint function: api_dvr_probe


======================================================================
CRASH at 2026-09-30T06:37:39.326811
======================================================================
Traceback (most recent call last):
  File "/home/administrator/cctv/app.py", line 532, in <module>
    @app.route("/api/dvr/probe", methods=["POST"])
     ~~~~~~~~~^^^^^^^^^^^^^^^^^^^^^^^^^^^^^^^^^^^^
  File "/home/administrator/venv/lib/python3.14/site-packages/flask/scaffold.py", line 435, in decorator
    self.add_url_rule(rule, endpoint, f, **options)
    ~~~~~~~~~~~~~~~~~^^^^^^^^^^^^^^^^^^^^^^^^^^^^^^
  File "/home/administrator/venv/lib/python3.14/site-packages/flask/scaffold.py", line 50, in wrapper_func
    return f(self, *args, **kwargs)
  File "/home/administrator/venv/lib/python3.14/site-packages/flask/app.py", line 1059, in add_url_rule
    raise AssertionError(
    ...<2 lines>...
    )
AssertionError: View function mapping is overwriting an existing endpoint function: api_dvr_probe


======================================================================
CRASH at 2026-09-30T06:37:44.832944
======================================================================
Traceback (most recent call last):
  File "/home/administrator/cctv/app.py", line 532, in <module>
    @app.route("/api/dvr/probe", methods=["POST"])
     ~~~~~~~~~^^^^^^^^^^^^^^^^^^^^^^^^^^^^^^^^^^^^
  File "/home/administrator/venv/lib/python3.14/site-packages/flask/scaffold.py", line 435, in decorator
    self.add_url_rule(rule, endpoint, f, **options)
    ~~~~~~~~~~~~~~~~~^^^^^^^^^^^^^^^^^^^^^^^^^^^^^^
  File "/home/administrator/venv/lib/python3.14/site-packages/flask/scaffold.py", line 50, in wrapper_func
    return f(self, *args, **kwargs)
  File "/home/administrator/venv/lib/python3.14/site-packages/flask/app.py", line 1059, in add_url_rule
    raise AssertionError(
    ...<2 lines>...
    )
AssertionError: View function mapping is overwriting an existing endpoint function: api_dvr_probe


======================================================================
CRASH at 2026-09-30T06:37:50.330249
======================================================================
Traceback (most recent call last):
  File "/home/administrator/cctv/app.py", line 532, in <module>
    @app.route("/api/dvr/probe", methods=["POST"])
     ~~~~~~~~~^^^^^^^^^^^^^^^^^^^^^^^^^^^^^^^^^^^^
  File "/home/administrator/venv/lib/python3.14/site-packages/flask/scaffold.py", line 435, in decorator
    self.add_url_rule(rule, endpoint, f, **options)
    ~~~~~~~~~~~~~~~~~^^^^^^^^^^^^^^^^^^^^^^^^^^^^^^
  File "/home/administrator/venv/lib/python3.14/site-packages/flask/scaffold.py", line 50, in wrapper_func
    return f(self, *args, **kwargs)
  File "/home/administrator/venv/lib/python3.14/site-packages/flask/app.py", line 1059, in add_url_rule
    raise AssertionError(
    ...<2 lines>...
    )
AssertionError: View function mapping is overwriting an existing endpoint function: api_dvr_probe


======================================================================
CRASH at 2026-09-30T06:37:55.831584
======================================================================
Traceback (most recent call last):
  File "/home/administrator/cctv/app.py", line 532, in <module>
    @app.route("/api/dvr/probe", methods=["POST"])
     ~~~~~~~~~^^^^^^^^^^^^^^^^^^^^^^^^^^^^^^^^^^^^
  File "/home/administrator/venv/lib/python3.14/site-packages/flask/scaffold.py", line 435, in decorator
    self.add_url_rule(rule, endpoint, f, **options)
    ~~~~~~~~~~~~~~~~~^^^^^^^^^^^^^^^^^^^^^^^^^^^^^^
  File "/home/administrator/venv/lib/python3.14/site-packages/flask/scaffold.py", line 50, in wrapper_func
    return f(self, *args, **kwargs)
  File "/home/administrator/venv/lib/python3.14/site-packages/flask/app.py", line 1059, in add_url_rule
    raise AssertionError(
    ...<2 lines>...
    )
AssertionError: View function mapping is overwriting an existing endpoint function: api_dvr_probe


======================================================================
CRASH at 2026-09-30T06:38:01.330041
======================================================================
Traceback (most recent call last):
  File "/home/administrator/cctv/app.py", line 532, in <module>
    @app.route("/api/dvr/probe", methods=["POST"])
     ~~~~~~~~~^^^^^^^^^^^^^^^^^^^^^^^^^^^^^^^^^^^^
  File "/home/administrator/venv/lib/python3.14/site-packages/flask/scaffold.py", line 435, in decorator
    self.add_url_rule(rule, endpoint, f, **options)
    ~~~~~~~~~~~~~~~~~^^^^^^^^^^^^^^^^^^^^^^^^^^^^^^
  File "/home/administrator/venv/lib/python3.14/site-packages/flask/scaffold.py", line 50, in wrapper_func
    return f(self, *args, **kwargs)
  File "/home/administrator/venv/lib/python3.14/site-packages/flask/app.py", line 1059, in add_url_rule
    raise AssertionError(
    ...<2 lines>...
    )
AssertionError: View function mapping is overwriting an existing endpoint function: api_dvr_probe


======================================================================
CRASH at 2026-09-30T06:38:06.832279
======================================================================
Traceback (most recent call last):
  File "/home/administrator/cctv/app.py", line 532, in <module>
    @app.route("/api/dvr/probe", methods=["POST"])
     ~~~~~~~~~^^^^^^^^^^^^^^^^^^^^^^^^^^^^^^^^^^^^
  File "/home/administrator/venv/lib/python3.14/site-packages/flask/scaffold.py", line 435, in decorator
    self.add_url_rule(rule, endpoint, f, **options)
    ~~~~~~~~~~~~~~~~~^^^^^^^^^^^^^^^^^^^^^^^^^^^^^^
  File "/home/administrator/venv/lib/python3.14/site-packages/flask/scaffold.py", line 50, in wrapper_func
    return f(self, *args, **kwargs)
  File "/home/administrator/venv/lib/python3.14/site-packages/flask/app.py", line 1059, in add_url_rule
    raise AssertionError(
    ...<2 lines>...
    )
AssertionError: View function mapping is overwriting an existing endpoint function: api_dvr_probe


======================================================================
CRASH at 2026-09-30T06:38:12.332522
======================================================================
Traceback (most recent call last):
  File "/home/administrator/cctv/app.py", line 532, in <module>
    @app.route("/api/dvr/probe", methods=["POST"])
     ~~~~~~~~~^^^^^^^^^^^^^^^^^^^^^^^^^^^^^^^^^^^^
  File "/home/administrator/venv/lib/python3.14/site-packages/flask/scaffold.py", line 435, in decorator
    self.add_url_rule(rule, endpoint, f, **options)
    ~~~~~~~~~~~~~~~~~^^^^^^^^^^^^^^^^^^^^^^^^^^^^^^
  File "/home/administrator/venv/lib/python3.14/site-packages/flask/scaffold.py", line 50, in wrapper_func
    return f(self, *args, **kwargs)
  File "/home/administrator/venv/lib/python3.14/site-packages/flask/app.py", line 1059, in add_url_rule
    raise AssertionError(
    ...<2 lines>...
    )
AssertionError: View function mapping is overwriting an existing endpoint function: api_dvr_probe


======================================================================
CRASH at 2026-09-30T06:38:17.825712
======================================================================
Traceback (most recent call last):
  File "/home/administrator/cctv/app.py", line 532, in <module>
    @app.route("/api/dvr/probe", methods=["POST"])
     ~~~~~~~~~^^^^^^^^^^^^^^^^^^^^^^^^^^^^^^^^^^^^
  File "/home/administrator/venv/lib/python3.14/site-packages/flask/scaffold.py", line 435, in decorator
    self.add_url_rule(rule, endpoint, f, **options)
    ~~~~~~~~~~~~~~~~~^^^^^^^^^^^^^^^^^^^^^^^^^^^^^^
  File "/home/administrator/venv/lib/python3.14/site-packages/flask/scaffold.py", line 50, in wrapper_func
    return f(self, *args, **kwargs)
  File "/home/administrator/venv/lib/python3.14/site-packages/flask/app.py", line 1059, in add_url_rule
    raise AssertionError(
    ...<2 lines>...
    )
AssertionError: View function mapping is overwriting an existing endpoint function: api_dvr_probe


======================================================================
CRASH at 2026-09-30T06:38:23.329179
======================================================================
Traceback (most recent call last):
  File "/home/administrator/cctv/app.py", line 532, in <module>
    @app.route("/api/dvr/probe", methods=["POST"])
     ~~~~~~~~~^^^^^^^^^^^^^^^^^^^^^^^^^^^^^^^^^^^^
  File "/home/administrator/venv/lib/python3.14/site-packages/flask/scaffold.py", line 435, in decorator
    self.add_url_rule(rule, endpoint, f, **options)
    ~~~~~~~~~~~~~~~~~^^^^^^^^^^^^^^^^^^^^^^^^^^^^^^
  File "/home/administrator/venv/lib/python3.14/site-packages/flask/scaffold.py", line 50, in wrapper_func
    return f(self, *args, **kwargs)
  File "/home/administrator/venv/lib/python3.14/site-packages/flask/app.py", line 1059, in add_url_rule
    raise AssertionError(
    ...<2 lines>...
    )
AssertionError: View function mapping is overwriting an existing endpoint function: api_dvr_probe


======================================================================
CRASH at 2026-09-30T06:38:28.827886
======================================================================
Traceback (most recent call last):
  File "/home/administrator/cctv/app.py", line 532, in <module>
    @app.route("/api/dvr/probe", methods=["POST"])
     ~~~~~~~~~^^^^^^^^^^^^^^^^^^^^^^^^^^^^^^^^^^^^
  File "/home/administrator/venv/lib/python3.14/site-packages/flask/scaffold.py", line 435, in decorator
    self.add_url_rule(rule, endpoint, f, **options)
    ~~~~~~~~~~~~~~~~~^^^^^^^^^^^^^^^^^^^^^^^^^^^^^^
  File "/home/administrator/venv/lib/python3.14/site-packages/flask/scaffold.py", line 50, in wrapper_func
    return f(self, *args, **kwargs)
  File "/home/administrator/venv/lib/python3.14/site-packages/flask/app.py", line 1059, in add_url_rule
    raise AssertionError(
    ...<2 lines>...
    )
AssertionError: View function mapping is overwriting an existing endpoint function: api_dvr_probe


======================================================================
CRASH at 2026-09-30T06:38:34.332751
======================================================================
Traceback (most recent call last):
  File "/home/administrator/cctv/app.py", line 532, in <module>
    @app.route("/api/dvr/probe", methods=["POST"])
     ~~~~~~~~~^^^^^^^^^^^^^^^^^^^^^^^^^^^^^^^^^^^^
  File "/home/administrator/venv/lib/python3.14/site-packages/flask/scaffold.py", line 435, in decorator
    self.add_url_rule(rule, endpoint, f, **options)
    ~~~~~~~~~~~~~~~~~^^^^^^^^^^^^^^^^^^^^^^^^^^^^^^
  File "/home/administrator/venv/lib/python3.14/site-packages/flask/scaffold.py", line 50, in wrapper_func
    return f(self, *args, **kwargs)
  File "/home/administrator/venv/lib/python3.14/site-packages/flask/app.py", line 1059, in add_url_rule
    raise AssertionError(
    ...<2 lines>...
    )
AssertionError: View function mapping is overwriting an existing endpoint function: api_dvr_probe


======================================================================
CRASH at 2026-09-30T06:38:39.827850
======================================================================
Traceback (most recent call last):
  File "/home/administrator/cctv/app.py", line 532, in <module>
    @app.route("/api/dvr/probe", methods=["POST"])
     ~~~~~~~~~^^^^^^^^^^^^^^^^^^^^^^^^^^^^^^^^^^^^
  File "/home/administrator/venv/lib/python3.14/site-packages/flask/scaffold.py", line 435, in decorator
    self.add_url_rule(rule, endpoint, f, **options)
    ~~~~~~~~~~~~~~~~~^^^^^^^^^^^^^^^^^^^^^^^^^^^^^^
  File "/home/administrator/venv/lib/python3.14/site-packages/flask/scaffold.py", line 50, in wrapper_func
    return f(self, *args, **kwargs)
  File "/home/administrator/venv/lib/python3.14/site-packages/flask/app.py", line 1059, in add_url_rule
    raise AssertionError(
    ...<2 lines>...
    )
AssertionError: View function mapping is overwriting an existing endpoint function: api_dvr_probe


======================================================================
CRASH at 2026-09-30T06:38:45.328708
======================================================================
Traceback (most recent call last):
  File "/home/administrator/cctv/app.py", line 532, in <module>
    @app.route("/api/dvr/probe", methods=["POST"])
     ~~~~~~~~~^^^^^^^^^^^^^^^^^^^^^^^^^^^^^^^^^^^^
  File "/home/administrator/venv/lib/python3.14/site-packages/flask/scaffold.py", line 435, in decorator
    self.add_url_rule(rule, endpoint, f, **options)
    ~~~~~~~~~~~~~~~~~^^^^^^^^^^^^^^^^^^^^^^^^^^^^^^
  File "/home/administrator/venv/lib/python3.14/site-packages/flask/scaffold.py", line 50, in wrapper_func
    return f(self, *args, **kwargs)
  File "/home/administrator/venv/lib/python3.14/site-packages/flask/app.py", line 1059, in add_url_rule
    raise AssertionError(
    ...<2 lines>...
    )
AssertionError: View function mapping is overwriting an existing endpoint function: api_dvr_probe


======================================================================
CRASH at 2026-09-30T06:38:50.825971
======================================================================
Traceback (most recent call last):
  File "/home/administrator/cctv/app.py", line 532, in <module>
    @app.route("/api/dvr/probe", methods=["POST"])
     ~~~~~~~~~^^^^^^^^^^^^^^^^^^^^^^^^^^^^^^^^^^^^
  File "/home/administrator/venv/lib/python3.14/site-packages/flask/scaffold.py", line 435, in decorator
    self.add_url_rule(rule, endpoint, f, **options)
    ~~~~~~~~~~~~~~~~~^^^^^^^^^^^^^^^^^^^^^^^^^^^^^^
  File "/home/administrator/venv/lib/python3.14/site-packages/flask/scaffold.py", line 50, in wrapper_func
    return f(self, *args, **kwargs)
  File "/home/administrator/venv/lib/python3.14/site-packages/flask/app.py", line 1059, in add_url_rule
    raise AssertionError(
    ...<2 lines>...
    )
AssertionError: View function mapping is overwriting an existing endpoint function: api_dvr_probe


======================================================================
CRASH at 2026-09-30T06:38:56.331568
======================================================================
Traceback (most recent call last):
  File "/home/administrator/cctv/app.py", line 532, in <module>
    @app.route("/api/dvr/probe", methods=["POST"])
     ~~~~~~~~~^^^^^^^^^^^^^^^^^^^^^^^^^^^^^^^^^^^^
  File "/home/administrator/venv/lib/python3.14/site-packages/flask/scaffold.py", line 435, in decorator
    self.add_url_rule(rule, endpoint, f, **options)
    ~~~~~~~~~~~~~~~~~^^^^^^^^^^^^^^^^^^^^^^^^^^^^^^
  File "/home/administrator/venv/lib/python3.14/site-packages/flask/scaffold.py", line 50, in wrapper_func
    return f(self, *args, **kwargs)
  File "/home/administrator/venv/lib/python3.14/site-packages/flask/app.py", line 1059, in add_url_rule
    raise AssertionError(
    ...<2 lines>...
    )
AssertionError: View function mapping is overwriting an existing endpoint function: api_dvr_probe


======================================================================
CRASH at 2026-09-30T06:39:01.828477
======================================================================
Traceback (most recent call last):
  File "/home/administrator/cctv/app.py", line 532, in <module>
    @app.route("/api/dvr/probe", methods=["POST"])
     ~~~~~~~~~^^^^^^^^^^^^^^^^^^^^^^^^^^^^^^^^^^^^
  File "/home/administrator/venv/lib/python3.14/site-packages/flask/scaffold.py", line 435, in decorator
    self.add_url_rule(rule, endpoint, f, **options)
    ~~~~~~~~~~~~~~~~~^^^^^^^^^^^^^^^^^^^^^^^^^^^^^^
  File "/home/administrator/venv/lib/python3.14/site-packages/flask/scaffold.py", line 50, in wrapper_func
    return f(self, *args, **kwargs)
  File "/home/administrator/venv/lib/python3.14/site-packages/flask/app.py", line 1059, in add_url_rule
    raise AssertionError(
    ...<2 lines>...
    )
AssertionError: View function mapping is overwriting an existing endpoint function: api_dvr_probe


======================================================================
CRASH at 2026-09-30T06:39:07.330784
======================================================================
Traceback (most recent call last):
  File "/home/administrator/cctv/app.py", line 532, in <module>
    @app.route("/api/dvr/probe", methods=["POST"])
     ~~~~~~~~~^^^^^^^^^^^^^^^^^^^^^^^^^^^^^^^^^^^^
  File "/home/administrator/venv/lib/python3.14/site-packages/flask/scaffold.py", line 435, in decorator
    self.add_url_rule(rule, endpoint, f, **options)
    ~~~~~~~~~~~~~~~~~^^^^^^^^^^^^^^^^^^^^^^^^^^^^^^
  File "/home/administrator/venv/lib/python3.14/site-packages/flask/scaffold.py", line 50, in wrapper_func
    return f(self, *args, **kwargs)
  File "/home/administrator/venv/lib/python3.14/site-packages/flask/app.py", line 1059, in add_url_rule
    raise AssertionError(
    ...<2 lines>...
    )
AssertionError: View function mapping is overwriting an existing endpoint function: api_dvr_probe


======================================================================
CRASH at 2026-09-30T06:39:12.828468
======================================================================
Traceback (most recent call last):
  File "/home/administrator/cctv/app.py", line 532, in <module>
    @app.route("/api/dvr/probe", methods=["POST"])
     ~~~~~~~~~^^^^^^^^^^^^^^^^^^^^^^^^^^^^^^^^^^^^
  File "/home/administrator/venv/lib/python3.14/site-packages/flask/scaffold.py", line 435, in decorator
    self.add_url_rule(rule, endpoint, f, **options)
    ~~~~~~~~~~~~~~~~~^^^^^^^^^^^^^^^^^^^^^^^^^^^^^^
  File "/home/administrator/venv/lib/python3.14/site-packages/flask/scaffold.py", line 50, in wrapper_func
    return f(self, *args, **kwargs)
  File "/home/administrator/venv/lib/python3.14/site-packages/flask/app.py", line 1059, in add_url_rule
    raise AssertionError(
    ...<2 lines>...
    )
AssertionError: View function mapping is overwriting an existing endpoint function: api_dvr_probe


======================================================================
CRASH at 2026-09-30T06:39:18.330160
======================================================================
Traceback (most recent call last):
  File "/home/administrator/cctv/app.py", line 532, in <module>
    @app.route("/api/dvr/probe", methods=["POST"])
     ~~~~~~~~~^^^^^^^^^^^^^^^^^^^^^^^^^^^^^^^^^^^^
  File "/home/administrator/venv/lib/python3.14/site-packages/flask/scaffold.py", line 435, in decorator
    self.add_url_rule(rule, endpoint, f, **options)
    ~~~~~~~~~~~~~~~~~^^^^^^^^^^^^^^^^^^^^^^^^^^^^^^
  File "/home/administrator/venv/lib/python3.14/site-packages/flask/scaffold.py", line 50, in wrapper_func
    return f(self, *args, **kwargs)
  File "/home/administrator/venv/lib/python3.14/site-packages/flask/app.py", line 1059, in add_url_rule
    raise AssertionError(
    ...<2 lines>...
    )
AssertionError: View function mapping is overwriting an existing endpoint function: api_dvr_probe


======================================================================
CRASH at 2026-09-30T06:39:23.828130
======================================================================
Traceback (most recent call last):
  File "/home/administrator/cctv/app.py", line 532, in <module>
    @app.route("/api/dvr/probe", methods=["POST"])
     ~~~~~~~~~^^^^^^^^^^^^^^^^^^^^^^^^^^^^^^^^^^^^
  File "/home/administrator/venv/lib/python3.14/site-packages/flask/scaffold.py", line 435, in decorator
    self.add_url_rule(rule, endpoint, f, **options)
    ~~~~~~~~~~~~~~~~~^^^^^^^^^^^^^^^^^^^^^^^^^^^^^^
  File "/home/administrator/venv/lib/python3.14/site-packages/flask/scaffold.py", line 50, in wrapper_func
    return f(self, *args, **kwargs)
  File "/home/administrator/venv/lib/python3.14/site-packages/flask/app.py", line 1059, in add_url_rule
    raise AssertionError(
    ...<2 lines>...
    )
AssertionError: View function mapping is overwriting an existing endpoint function: api_dvr_probe


======================================================================
CRASH at 2026-09-30T06:39:29.332532
======================================================================
Traceback (most recent call last):
  File "/home/administrator/cctv/app.py", line 532, in <module>
    @app.route("/api/dvr/probe", methods=["POST"])
     ~~~~~~~~~^^^^^^^^^^^^^^^^^^^^^^^^^^^^^^^^^^^^
  File "/home/administrator/venv/lib/python3.14/site-packages/flask/scaffold.py", line 435, in decorator
    self.add_url_rule(rule, endpoint, f, **options)
    ~~~~~~~~~~~~~~~~~^^^^^^^^^^^^^^^^^^^^^^^^^^^^^^
  File "/home/administrator/venv/lib/python3.14/site-packages/flask/scaffold.py", line 50, in wrapper_func
    return f(self, *args, **kwargs)
  File "/home/administrator/venv/lib/python3.14/site-packages/flask/app.py", line 1059, in add_url_rule
    raise AssertionError(
    ...<2 lines>...
    )
AssertionError: View function mapping is overwriting an existing endpoint function: api_dvr_probe


======================================================================
CRASH at 2026-09-30T06:39:34.823944
======================================================================
Traceback (most recent call last):
  File "/home/administrator/cctv/app.py", line 532, in <module>
    @app.route("/api/dvr/probe", methods=["POST"])
     ~~~~~~~~~^^^^^^^^^^^^^^^^^^^^^^^^^^^^^^^^^^^^
  File "/home/administrator/venv/lib/python3.14/site-packages/flask/scaffold.py", line 435, in decorator
    self.add_url_rule(rule, endpoint, f, **options)
    ~~~~~~~~~~~~~~~~~^^^^^^^^^^^^^^^^^^^^^^^^^^^^^^
  File "/home/administrator/venv/lib/python3.14/site-packages/flask/scaffold.py", line 50, in wrapper_func
    return f(self, *args, **kwargs)
  File "/home/administrator/venv/lib/python3.14/site-packages/flask/app.py", line 1059, in add_url_rule
    raise AssertionError(
    ...<2 lines>...
    )
AssertionError: View function mapping is overwriting an existing endpoint function: api_dvr_probe


======================================================================
CRASH at 2026-09-30T06:39:40.328621
======================================================================
Traceback (most recent call last):
  File "/home/administrator/cctv/app.py", line 532, in <module>
    @app.route("/api/dvr/probe", methods=["POST"])
     ~~~~~~~~~^^^^^^^^^^^^^^^^^^^^^^^^^^^^^^^^^^^^
  File "/home/administrator/venv/lib/python3.14/site-packages/flask/scaffold.py", line 435, in decorator
    self.add_url_rule(rule, endpoint, f, **options)
    ~~~~~~~~~~~~~~~~~^^^^^^^^^^^^^^^^^^^^^^^^^^^^^^
  File "/home/administrator/venv/lib/python3.14/site-packages/flask/scaffold.py", line 50, in wrapper_func
    return f(self, *args, **kwargs)
  File "/home/administrator/venv/lib/python3.14/site-packages/flask/app.py", line 1059, in add_url_rule
    raise AssertionError(
    ...<2 lines>...
    )
AssertionError: View function mapping is overwriting an existing endpoint function: api_dvr_probe


======================================================================
CRASH at 2026-09-30T06:39:45.831806
======================================================================
Traceback (most recent call last):
  File "/home/administrator/cctv/app.py", line 532, in <module>
    @app.route("/api/dvr/probe", methods=["POST"])
     ~~~~~~~~~^^^^^^^^^^^^^^^^^^^^^^^^^^^^^^^^^^^^
  File "/home/administrator/venv/lib/python3.14/site-packages/flask/scaffold.py", line 435, in decorator
    self.add_url_rule(rule, endpoint, f, **options)
    ~~~~~~~~~~~~~~~~~^^^^^^^^^^^^^^^^^^^^^^^^^^^^^^
  File "/home/administrator/venv/lib/python3.14/site-packages/flask/scaffold.py", line 50, in wrapper_func
    return f(self, *args, **kwargs)
  File "/home/administrator/venv/lib/python3.14/site-packages/flask/app.py", line 1059, in add_url_rule
    raise AssertionError(
    ...<2 lines>...
    )
AssertionError: View function mapping is overwriting an existing endpoint function: api_dvr_probe


======================================================================
CRASH at 2026-09-30T06:39:51.325665
======================================================================
Traceback (most recent call last):
  File "/home/administrator/cctv/app.py", line 532, in <module>
    @app.route("/api/dvr/probe", methods=["POST"])
     ~~~~~~~~~^^^^^^^^^^^^^^^^^^^^^^^^^^^^^^^^^^^^
  File "/home/administrator/venv/lib/python3.14/site-packages/flask/scaffold.py", line 435, in decorator
    self.add_url_rule(rule, endpoint, f, **options)
    ~~~~~~~~~~~~~~~~~^^^^^^^^^^^^^^^^^^^^^^^^^^^^^^
  File "/home/administrator/venv/lib/python3.14/site-packages/flask/scaffold.py", line 50, in wrapper_func
    return f(self, *args, **kwargs)
  File "/home/administrator/venv/lib/python3.14/site-packages/flask/app.py", line 1059, in add_url_rule
    raise AssertionError(
    ...<2 lines>...
    )
AssertionError: View function mapping is overwriting an existing endpoint function: api_dvr_probe


======================================================================
CRASH at 2026-09-30T06:39:56.824033
======================================================================
Traceback (most recent call last):
  File "/home/administrator/cctv/app.py", line 532, in <module>
    @app.route("/api/dvr/probe", methods=["POST"])
     ~~~~~~~~~^^^^^^^^^^^^^^^^^^^^^^^^^^^^^^^^^^^^
  File "/home/administrator/venv/lib/python3.14/site-packages/flask/scaffold.py", line 435, in decorator
    self.add_url_rule(rule, endpoint, f, **options)
    ~~~~~~~~~~~~~~~~~^^^^^^^^^^^^^^^^^^^^^^^^^^^^^^
  File "/home/administrator/venv/lib/python3.14/site-packages/flask/scaffold.py", line 50, in wrapper_func
    return f(self, *args, **kwargs)
  File "/home/administrator/venv/lib/python3.14/site-packages/flask/app.py", line 1059, in add_url_rule
    raise AssertionError(
    ...<2 lines>...
    )
AssertionError: View function mapping is overwriting an existing endpoint function: api_dvr_probe


======================================================================
CRASH at 2026-09-30T06:40:02.330754
======================================================================
Traceback (most recent call last):
  File "/home/administrator/cctv/app.py", line 532, in <module>
    @app.route("/api/dvr/probe", methods=["POST"])
     ~~~~~~~~~^^^^^^^^^^^^^^^^^^^^^^^^^^^^^^^^^^^^
  File "/home/administrator/venv/lib/python3.14/site-packages/flask/scaffold.py", line 435, in decorator
    self.add_url_rule(rule, endpoint, f, **options)
    ~~~~~~~~~~~~~~~~~^^^^^^^^^^^^^^^^^^^^^^^^^^^^^^
  File "/home/administrator/venv/lib/python3.14/site-packages/flask/scaffold.py", line 50, in wrapper_func
    return f(self, *args, **kwargs)
  File "/home/administrator/venv/lib/python3.14/site-packages/flask/app.py", line 1059, in add_url_rule
    raise AssertionError(
    ...<2 lines>...
    )
AssertionError: View function mapping is overwriting an existing endpoint function: api_dvr_probe


======================================================================
CRASH at 2026-09-30T06:40:07.820480
======================================================================
Traceback (most recent call last):
  File "/home/administrator/cctv/app.py", line 532, in <module>
    @app.route("/api/dvr/probe", methods=["POST"])
     ~~~~~~~~~^^^^^^^^^^^^^^^^^^^^^^^^^^^^^^^^^^^^
  File "/home/administrator/venv/lib/python3.14/site-packages/flask/scaffold.py", line 435, in decorator
    self.add_url_rule(rule, endpoint, f, **options)
    ~~~~~~~~~~~~~~~~~^^^^^^^^^^^^^^^^^^^^^^^^^^^^^^
  File "/home/administrator/venv/lib/python3.14/site-packages/flask/scaffold.py", line 50, in wrapper_func
    return f(self, *args, **kwargs)
  File "/home/administrator/venv/lib/python3.14/site-packages/flask/app.py", line 1059, in add_url_rule
    raise AssertionError(
    ...<2 lines>...
    )
AssertionError: View function mapping is overwriting an existing endpoint function: api_dvr_probe


======================================================================
CRASH at 2026-09-30T06:40:13.329911
======================================================================
Traceback (most recent call last):
  File "/home/administrator/cctv/app.py", line 532, in <module>
    @app.route("/api/dvr/probe", methods=["POST"])
     ~~~~~~~~~^^^^^^^^^^^^^^^^^^^^^^^^^^^^^^^^^^^^
  File "/home/administrator/venv/lib/python3.14/site-packages/flask/scaffold.py", line 435, in decorator
    self.add_url_rule(rule, endpoint, f, **options)
    ~~~~~~~~~~~~~~~~~^^^^^^^^^^^^^^^^^^^^^^^^^^^^^^
  File "/home/administrator/venv/lib/python3.14/site-packages/flask/scaffold.py", line 50, in wrapper_func
    return f(self, *args, **kwargs)
  File "/home/administrator/venv/lib/python3.14/site-packages/flask/app.py", line 1059, in add_url_rule
    raise AssertionError(
    ...<2 lines>...
    )
AssertionError: View function mapping is overwriting an existing endpoint function: api_dvr_probe


======================================================================
CRASH at 2026-09-30T06:40:18.820427
======================================================================
Traceback (most recent call last):
  File "/home/administrator/cctv/app.py", line 532, in <module>
    @app.route("/api/dvr/probe", methods=["POST"])
     ~~~~~~~~~^^^^^^^^^^^^^^^^^^^^^^^^^^^^^^^^^^^^
  File "/home/administrator/venv/lib/python3.14/site-packages/flask/scaffold.py", line 435, in decorator
    self.add_url_rule(rule, endpoint, f, **options)
    ~~~~~~~~~~~~~~~~~^^^^^^^^^^^^^^^^^^^^^^^^^^^^^^
  File "/home/administrator/venv/lib/python3.14/site-packages/flask/scaffold.py", line 50, in wrapper_func
    return f(self, *args, **kwargs)
  File "/home/administrator/venv/lib/python3.14/site-packages/flask/app.py", line 1059, in add_url_rule
    raise AssertionError(
    ...<2 lines>...
    )
AssertionError: View function mapping is overwriting an existing endpoint function: api_dvr_probe


======================================================================
CRASH at 2026-09-30T06:40:24.329825
======================================================================
Traceback (most recent call last):
  File "/home/administrator/cctv/app.py", line 532, in <module>
    @app.route("/api/dvr/probe", methods=["POST"])
     ~~~~~~~~~^^^^^^^^^^^^^^^^^^^^^^^^^^^^^^^^^^^^
  File "/home/administrator/venv/lib/python3.14/site-packages/flask/scaffold.py", line 435, in decorator
    self.add_url_rule(rule, endpoint, f, **options)
    ~~~~~~~~~~~~~~~~~^^^^^^^^^^^^^^^^^^^^^^^^^^^^^^
  File "/home/administrator/venv/lib/python3.14/site-packages/flask/scaffold.py", line 50, in wrapper_func
    return f(self, *args, **kwargs)
  File "/home/administrator/venv/lib/python3.14/site-packages/flask/app.py", line 1059, in add_url_rule
    raise AssertionError(
    ...<2 lines>...
    )
AssertionError: View function mapping is overwriting an existing endpoint function: api_dvr_probe


======================================================================
CRASH at 2026-09-30T06:40:29.825108
======================================================================
Traceback (most recent call last):
  File "/home/administrator/cctv/app.py", line 532, in <module>
    @app.route("/api/dvr/probe", methods=["POST"])
     ~~~~~~~~~^^^^^^^^^^^^^^^^^^^^^^^^^^^^^^^^^^^^
  File "/home/administrator/venv/lib/python3.14/site-packages/flask/scaffold.py", line 435, in decorator
    self.add_url_rule(rule, endpoint, f, **options)
    ~~~~~~~~~~~~~~~~~^^^^^^^^^^^^^^^^^^^^^^^^^^^^^^
  File "/home/administrator/venv/lib/python3.14/site-packages/flask/scaffold.py", line 50, in wrapper_func
    return f(self, *args, **kwargs)
  File "/home/administrator/venv/lib/python3.14/site-packages/flask/app.py", line 1059, in add_url_rule
    raise AssertionError(
    ...<2 lines>...
    )
AssertionError: View function mapping is overwriting an existing endpoint function: api_dvr_probe


======================================================================
CRASH at 2026-09-30T06:40:35.330363
======================================================================
Traceback (most recent call last):
  File "/home/administrator/cctv/app.py", line 532, in <module>
    @app.route("/api/dvr/probe", methods=["POST"])
     ~~~~~~~~~^^^^^^^^^^^^^^^^^^^^^^^^^^^^^^^^^^^^
  File "/home/administrator/venv/lib/python3.14/site-packages/flask/scaffold.py", line 435, in decorator
    self.add_url_rule(rule, endpoint, f, **options)
    ~~~~~~~~~~~~~~~~~^^^^^^^^^^^^^^^^^^^^^^^^^^^^^^
  File "/home/administrator/venv/lib/python3.14/site-packages/flask/scaffold.py", line 50, in wrapper_func
    return f(self, *args, **kwargs)
  File "/home/administrator/venv/lib/python3.14/site-packages/flask/app.py", line 1059, in add_url_rule
    raise AssertionError(
    ...<2 lines>...
    )
AssertionError: View function mapping is overwriting an existing endpoint function: api_dvr_probe


======================================================================
CRASH at 2026-09-30T06:40:40.826572
======================================================================
Traceback (most recent call last):
  File "/home/administrator/cctv/app.py", line 532, in <module>
    @app.route("/api/dvr/probe", methods=["POST"])
     ~~~~~~~~~^^^^^^^^^^^^^^^^^^^^^^^^^^^^^^^^^^^^
  File "/home/administrator/venv/lib/python3.14/site-packages/flask/scaffold.py", line 435, in decorator
    self.add_url_rule(rule, endpoint, f, **options)
    ~~~~~~~~~~~~~~~~~^^^^^^^^^^^^^^^^^^^^^^^^^^^^^^
  File "/home/administrator/venv/lib/python3.14/site-packages/flask/scaffold.py", line 50, in wrapper_func
    return f(self, *args, **kwargs)
  File "/home/administrator/venv/lib/python3.14/site-packages/flask/app.py", line 1059, in add_url_rule
    raise AssertionError(
    ...<2 lines>...
    )
AssertionError: View function mapping is overwriting an existing endpoint function: api_dvr_probe


======================================================================
CRASH at 2026-09-30T06:40:46.329879
======================================================================
Traceback (most recent call last):
  File "/home/administrator/cctv/app.py", line 532, in <module>
    @app.route("/api/dvr/probe", methods=["POST"])
     ~~~~~~~~~^^^^^^^^^^^^^^^^^^^^^^^^^^^^^^^^^^^^
  File "/home/administrator/venv/lib/python3.14/site-packages/flask/scaffold.py", line 435, in decorator
    self.add_url_rule(rule, endpoint, f, **options)
    ~~~~~~~~~~~~~~~~~^^^^^^^^^^^^^^^^^^^^^^^^^^^^^^
  File "/home/administrator/venv/lib/python3.14/site-packages/flask/scaffold.py", line 50, in wrapper_func
    return f(self, *args, **kwargs)
  File "/home/administrator/venv/lib/python3.14/site-packages/flask/app.py", line 1059, in add_url_rule
    raise AssertionError(
    ...<2 lines>...
    )
AssertionError: View function mapping is overwriting an existing endpoint function: api_dvr_probe


======================================================================
CRASH at 2026-09-30T06:40:51.828831
======================================================================
Traceback (most recent call last):
  File "/home/administrator/cctv/app.py", line 532, in <module>
    @app.route("/api/dvr/probe", methods=["POST"])
     ~~~~~~~~~^^^^^^^^^^^^^^^^^^^^^^^^^^^^^^^^^^^^
  File "/home/administrator/venv/lib/python3.14/site-packages/flask/scaffold.py", line 435, in decorator
    self.add_url_rule(rule, endpoint, f, **options)
    ~~~~~~~~~~~~~~~~~^^^^^^^^^^^^^^^^^^^^^^^^^^^^^^
  File "/home/administrator/venv/lib/python3.14/site-packages/flask/scaffold.py", line 50, in wrapper_func
    return f(self, *args, **kwargs)
  File "/home/administrator/venv/lib/python3.14/site-packages/flask/app.py", line 1059, in add_url_rule
    raise AssertionError(
    ...<2 lines>...
    )
AssertionError: View function mapping is overwriting an existing endpoint function: api_dvr_probe


======================================================================
CRASH at 2026-09-30T06:40:57.332936
======================================================================
Traceback (most recent call last):
  File "/home/administrator/cctv/app.py", line 532, in <module>
    @app.route("/api/dvr/probe", methods=["POST"])
     ~~~~~~~~~^^^^^^^^^^^^^^^^^^^^^^^^^^^^^^^^^^^^
  File "/home/administrator/venv/lib/python3.14/site-packages/flask/scaffold.py", line 435, in decorator
    self.add_url_rule(rule, endpoint, f, **options)
    ~~~~~~~~~~~~~~~~~^^^^^^^^^^^^^^^^^^^^^^^^^^^^^^
  File "/home/administrator/venv/lib/python3.14/site-packages/flask/scaffold.py", line 50, in wrapper_func
    return f(self, *args, **kwargs)
  File "/home/administrator/venv/lib/python3.14/site-packages/flask/app.py", line 1059, in add_url_rule
    raise AssertionError(
    ...<2 lines>...
    )
AssertionError: View function mapping is overwriting an existing endpoint function: api_dvr_probe


======================================================================
CRASH at 2026-09-30T06:41:02.820085
======================================================================
Traceback (most recent call last):
  File "/home/administrator/cctv/app.py", line 532, in <module>
    @app.route("/api/dvr/probe", methods=["POST"])
     ~~~~~~~~~^^^^^^^^^^^^^^^^^^^^^^^^^^^^^^^^^^^^
  File "/home/administrator/venv/lib/python3.14/site-packages/flask/scaffold.py", line 435, in decorator
    self.add_url_rule(rule, endpoint, f, **options)
    ~~~~~~~~~~~~~~~~~^^^^^^^^^^^^^^^^^^^^^^^^^^^^^^
  File "/home/administrator/venv/lib/python3.14/site-packages/flask/scaffold.py", line 50, in wrapper_func
    return f(self, *args, **kwargs)
  File "/home/administrator/venv/lib/python3.14/site-packages/flask/app.py", line 1059, in add_url_rule
    raise AssertionError(
    ...<2 lines>...
    )
AssertionError: View function mapping is overwriting an existing endpoint function: api_dvr_probe


======================================================================
CRASH at 2026-09-30T06:41:08.331394
======================================================================
Traceback (most recent call last):
  File "/home/administrator/cctv/app.py", line 532, in <module>
    @app.route("/api/dvr/probe", methods=["POST"])
     ~~~~~~~~~^^^^^^^^^^^^^^^^^^^^^^^^^^^^^^^^^^^^
  File "/home/administrator/venv/lib/python3.14/site-packages/flask/scaffold.py", line 435, in decorator
    self.add_url_rule(rule, endpoint, f, **options)
    ~~~~~~~~~~~~~~~~~^^^^^^^^^^^^^^^^^^^^^^^^^^^^^^
  File "/home/administrator/venv/lib/python3.14/site-packages/flask/scaffold.py", line 50, in wrapper_func
    return f(self, *args, **kwargs)
  File "/home/administrator/venv/lib/python3.14/site-packages/flask/app.py", line 1059, in add_url_rule
    raise AssertionError(
    ...<2 lines>...
    )
AssertionError: View function mapping is overwriting an existing endpoint function: api_dvr_probe


======================================================================
CRASH at 2026-09-30T06:41:13.828789
======================================================================
Traceback (most recent call last):
  File "/home/administrator/cctv/app.py", line 532, in <module>
    @app.route("/api/dvr/probe", methods=["POST"])
     ~~~~~~~~~^^^^^^^^^^^^^^^^^^^^^^^^^^^^^^^^^^^^
  File "/home/administrator/venv/lib/python3.14/site-packages/flask/scaffold.py", line 435, in decorator
    self.add_url_rule(rule, endpoint, f, **options)
    ~~~~~~~~~~~~~~~~~^^^^^^^^^^^^^^^^^^^^^^^^^^^^^^
  File "/home/administrator/venv/lib/python3.14/site-packages/flask/scaffold.py", line 50, in wrapper_func
    return f(self, *args, **kwargs)
  File "/home/administrator/venv/lib/python3.14/site-packages/flask/app.py", line 1059, in add_url_rule
    raise AssertionError(
    ...<2 lines>...
    )
AssertionError: View function mapping is overwriting an existing endpoint function: api_dvr_probe


======================================================================
CRASH at 2026-09-30T06:41:19.329298
======================================================================
Traceback (most recent call last):
  File "/home/administrator/cctv/app.py", line 532, in <module>
    @app.route("/api/dvr/probe", methods=["POST"])
     ~~~~~~~~~^^^^^^^^^^^^^^^^^^^^^^^^^^^^^^^^^^^^
  File "/home/administrator/venv/lib/python3.14/site-packages/flask/scaffold.py", line 435, in decorator
    self.add_url_rule(rule, endpoint, f, **options)
    ~~~~~~~~~~~~~~~~~^^^^^^^^^^^^^^^^^^^^^^^^^^^^^^
  File "/home/administrator/venv/lib/python3.14/site-packages/flask/scaffold.py", line 50, in wrapper_func
    return f(self, *args, **kwargs)
  File "/home/administrator/venv/lib/python3.14/site-packages/flask/app.py", line 1059, in add_url_rule
    raise AssertionError(
    ...<2 lines>...
    )
AssertionError: View function mapping is overwriting an existing endpoint function: api_dvr_probe


======================================================================
CRASH at 2026-09-30T06:41:24.828894
======================================================================
Traceback (most recent call last):
  File "/home/administrator/cctv/app.py", line 532, in <module>
    @app.route("/api/dvr/probe", methods=["POST"])
     ~~~~~~~~~^^^^^^^^^^^^^^^^^^^^^^^^^^^^^^^^^^^^
  File "/home/administrator/venv/lib/python3.14/site-packages/flask/scaffold.py", line 435, in decorator
    self.add_url_rule(rule, endpoint, f, **options)
    ~~~~~~~~~~~~~~~~~^^^^^^^^^^^^^^^^^^^^^^^^^^^^^^
  File "/home/administrator/venv/lib/python3.14/site-packages/flask/scaffold.py", line 50, in wrapper_func
    return f(self, *args, **kwargs)
  File "/home/administrator/venv/lib/python3.14/site-packages/flask/app.py", line 1059, in add_url_rule
    raise AssertionError(
    ...<2 lines>...
    )
AssertionError: View function mapping is overwriting an existing endpoint function: api_dvr_probe


======================================================================
CRASH at 2026-09-30T06:41:30.334111
======================================================================
Traceback (most recent call last):
  File "/home/administrator/cctv/app.py", line 532, in <module>
    @app.route("/api/dvr/probe", methods=["POST"])
     ~~~~~~~~~^^^^^^^^^^^^^^^^^^^^^^^^^^^^^^^^^^^^
  File "/home/administrator/venv/lib/python3.14/site-packages/flask/scaffold.py", line 435, in decorator
    self.add_url_rule(rule, endpoint, f, **options)
    ~~~~~~~~~~~~~~~~~^^^^^^^^^^^^^^^^^^^^^^^^^^^^^^
  File "/home/administrator/venv/lib/python3.14/site-packages/flask/scaffold.py", line 50, in wrapper_func
    return f(self, *args, **kwargs)
  File "/home/administrator/venv/lib/python3.14/site-packages/flask/app.py", line 1059, in add_url_rule
    raise AssertionError(
    ...<2 lines>...
    )
AssertionError: View function mapping is overwriting an existing endpoint function: api_dvr_probe


======================================================================
CRASH at 2026-09-30T06:41:35.819835
======================================================================
Traceback (most recent call last):
  File "/home/administrator/cctv/app.py", line 532, in <module>
    @app.route("/api/dvr/probe", methods=["POST"])
     ~~~~~~~~~^^^^^^^^^^^^^^^^^^^^^^^^^^^^^^^^^^^^
  File "/home/administrator/venv/lib/python3.14/site-packages/flask/scaffold.py", line 435, in decorator
    self.add_url_rule(rule, endpoint, f, **options)
    ~~~~~~~~~~~~~~~~~^^^^^^^^^^^^^^^^^^^^^^^^^^^^^^
  File "/home/administrator/venv/lib/python3.14/site-packages/flask/scaffold.py", line 50, in wrapper_func
    return f(self, *args, **kwargs)
  File "/home/administrator/venv/lib/python3.14/site-packages/flask/app.py", line 1059, in add_url_rule
    raise AssertionError(
    ...<2 lines>...
    )
AssertionError: View function mapping is overwriting an existing endpoint function: api_dvr_probe


======================================================================
CRASH at 2026-09-30T06:41:41.328719
======================================================================
Traceback (most recent call last):
  File "/home/administrator/cctv/app.py", line 532, in <module>
    @app.route("/api/dvr/probe", methods=["POST"])
     ~~~~~~~~~^^^^^^^^^^^^^^^^^^^^^^^^^^^^^^^^^^^^
  File "/home/administrator/venv/lib/python3.14/site-packages/flask/scaffold.py", line 435, in decorator
    self.add_url_rule(rule, endpoint, f, **options)
    ~~~~~~~~~~~~~~~~~^^^^^^^^^^^^^^^^^^^^^^^^^^^^^^
  File "/home/administrator/venv/lib/python3.14/site-packages/flask/scaffold.py", line 50, in wrapper_func
    return f(self, *args, **kwargs)
  File "/home/administrator/venv/lib/python3.14/site-packages/flask/app.py", line 1059, in add_url_rule
    raise AssertionError(
    ...<2 lines>...
    )
AssertionError: View function mapping is overwriting an existing endpoint function: api_dvr_probe


======================================================================
CRASH at 2026-09-30T06:41:46.833851
======================================================================
Traceback (most recent call last):
  File "/home/administrator/cctv/app.py", line 532, in <module>
    @app.route("/api/dvr/probe", methods=["POST"])
     ~~~~~~~~~^^^^^^^^^^^^^^^^^^^^^^^^^^^^^^^^^^^^
  File "/home/administrator/venv/lib/python3.14/site-packages/flask/scaffold.py", line 435, in decorator
    self.add_url_rule(rule, endpoint, f, **options)
    ~~~~~~~~~~~~~~~~~^^^^^^^^^^^^^^^^^^^^^^^^^^^^^^
  File "/home/administrator/venv/lib/python3.14/site-packages/flask/scaffold.py", line 50, in wrapper_func
    return f(self, *args, **kwargs)
  File "/home/administrator/venv/lib/python3.14/site-packages/flask/app.py", line 1059, in add_url_rule
    raise AssertionError(
    ...<2 lines>...
    )
AssertionError: View function mapping is overwriting an existing endpoint function: api_dvr_probe


======================================================================
CRASH at 2026-09-30T06:41:52.326516
======================================================================
Traceback (most recent call last):
  File "/home/administrator/cctv/app.py", line 532, in <module>
    @app.route("/api/dvr/probe", methods=["POST"])
     ~~~~~~~~~^^^^^^^^^^^^^^^^^^^^^^^^^^^^^^^^^^^^
  File "/home/administrator/venv/lib/python3.14/site-packages/flask/scaffold.py", line 435, in decorator
    self.add_url_rule(rule, endpoint, f, **options)
    ~~~~~~~~~~~~~~~~~^^^^^^^^^^^^^^^^^^^^^^^^^^^^^^
  File "/home/administrator/venv/lib/python3.14/site-packages/flask/scaffold.py", line 50, in wrapper_func
    return f(self, *args, **kwargs)
  File "/home/administrator/venv/lib/python3.14/site-packages/flask/app.py", line 1059, in add_url_rule
    raise AssertionError(
    ...<2 lines>...
    )
AssertionError: View function mapping is overwriting an existing endpoint function: api_dvr_probe


======================================================================
CRASH at 2026-09-30T06:41:57.827820
======================================================================
Traceback (most recent call last):
  File "/home/administrator/cctv/app.py", line 532, in <module>
    @app.route("/api/dvr/probe", methods=["POST"])
     ~~~~~~~~~^^^^^^^^^^^^^^^^^^^^^^^^^^^^^^^^^^^^
  File "/home/administrator/venv/lib/python3.14/site-packages/flask/scaffold.py", line 435, in decorator
    self.add_url_rule(rule, endpoint, f, **options)
    ~~~~~~~~~~~~~~~~~^^^^^^^^^^^^^^^^^^^^^^^^^^^^^^
  File "/home/administrator/venv/lib/python3.14/site-packages/flask/scaffold.py", line 50, in wrapper_func
    return f(self, *args, **kwargs)
  File "/home/administrator/venv/lib/python3.14/site-packages/flask/app.py", line 1059, in add_url_rule
    raise AssertionError(
    ...<2 lines>...
    )
AssertionError: View function mapping is overwriting an existing endpoint function: api_dvr_probe


======================================================================
CRASH at 2026-09-30T06:42:03.327805
======================================================================
Traceback (most recent call last):
  File "/home/administrator/cctv/app.py", line 532, in <module>
    @app.route("/api/dvr/probe", methods=["POST"])
     ~~~~~~~~~^^^^^^^^^^^^^^^^^^^^^^^^^^^^^^^^^^^^
  File "/home/administrator/venv/lib/python3.14/site-packages/flask/scaffold.py", line 435, in decorator
    self.add_url_rule(rule, endpoint, f, **options)
    ~~~~~~~~~~~~~~~~~^^^^^^^^^^^^^^^^^^^^^^^^^^^^^^
  File "/home/administrator/venv/lib/python3.14/site-packages/flask/scaffold.py", line 50, in wrapper_func
    return f(self, *args, **kwargs)
  File "/home/administrator/venv/lib/python3.14/site-packages/flask/app.py", line 1059, in add_url_rule
    raise AssertionError(
    ...<2 lines>...
    )
AssertionError: View function mapping is overwriting an existing endpoint function: api_dvr_probe


======================================================================
CRASH at 2026-09-30T06:42:08.819650
======================================================================
Traceback (most recent call last):
  File "/home/administrator/cctv/app.py", line 532, in <module>
    @app.route("/api/dvr/probe", methods=["POST"])
     ~~~~~~~~~^^^^^^^^^^^^^^^^^^^^^^^^^^^^^^^^^^^^
  File "/home/administrator/venv/lib/python3.14/site-packages/flask/scaffold.py", line 435, in decorator
    self.add_url_rule(rule, endpoint, f, **options)
    ~~~~~~~~~~~~~~~~~^^^^^^^^^^^^^^^^^^^^^^^^^^^^^^
  File "/home/administrator/venv/lib/python3.14/site-packages/flask/scaffold.py", line 50, in wrapper_func
    return f(self, *args, **kwargs)
  File "/home/administrator/venv/lib/python3.14/site-packages/flask/app.py", line 1059, in add_url_rule
    raise AssertionError(
    ...<2 lines>...
    )
AssertionError: View function mapping is overwriting an existing endpoint function: api_dvr_probe


======================================================================
CRASH at 2026-09-30T06:42:14.335973
======================================================================
Traceback (most recent call last):
  File "/home/administrator/cctv/app.py", line 532, in <module>
    @app.route("/api/dvr/probe", methods=["POST"])
     ~~~~~~~~~^^^^^^^^^^^^^^^^^^^^^^^^^^^^^^^^^^^^
  File "/home/administrator/venv/lib/python3.14/site-packages/flask/scaffold.py", line 435, in decorator
    self.add_url_rule(rule, endpoint, f, **options)
    ~~~~~~~~~~~~~~~~~^^^^^^^^^^^^^^^^^^^^^^^^^^^^^^
  File "/home/administrator/venv/lib/python3.14/site-packages/flask/scaffold.py", line 50, in wrapper_func
    return f(self, *args, **kwargs)
  File "/home/administrator/venv/lib/python3.14/site-packages/flask/app.py", line 1059, in add_url_rule
    raise AssertionError(
    ...<2 lines>...
    )
AssertionError: View function mapping is overwriting an existing endpoint function: api_dvr_probe


======================================================================
CRASH at 2026-09-30T06:42:19.826737
======================================================================
Traceback (most recent call last):
  File "/home/administrator/cctv/app.py", line 532, in <module>
    @app.route("/api/dvr/probe", methods=["POST"])
     ~~~~~~~~~^^^^^^^^^^^^^^^^^^^^^^^^^^^^^^^^^^^^
  File "/home/administrator/venv/lib/python3.14/site-packages/flask/scaffold.py", line 435, in decorator
    self.add_url_rule(rule, endpoint, f, **options)
    ~~~~~~~~~~~~~~~~~^^^^^^^^^^^^^^^^^^^^^^^^^^^^^^
  File "/home/administrator/venv/lib/python3.14/site-packages/flask/scaffold.py", line 50, in wrapper_func
    return f(self, *args, **kwargs)
  File "/home/administrator/venv/lib/python3.14/site-packages/flask/app.py", line 1059, in add_url_rule
    raise AssertionError(
    ...<2 lines>...
    )
AssertionError: View function mapping is overwriting an existing endpoint function: api_dvr_probe


======================================================================
CRASH at 2026-09-30T06:42:25.329402
======================================================================
Traceback (most recent call last):
  File "/home/administrator/cctv/app.py", line 532, in <module>
    @app.route("/api/dvr/probe", methods=["POST"])
     ~~~~~~~~~^^^^^^^^^^^^^^^^^^^^^^^^^^^^^^^^^^^^
  File "/home/administrator/venv/lib/python3.14/site-packages/flask/scaffold.py", line 435, in decorator
    self.add_url_rule(rule, endpoint, f, **options)
    ~~~~~~~~~~~~~~~~~^^^^^^^^^^^^^^^^^^^^^^^^^^^^^^
  File "/home/administrator/venv/lib/python3.14/site-packages/flask/scaffold.py", line 50, in wrapper_func
    return f(self, *args, **kwargs)
  File "/home/administrator/venv/lib/python3.14/site-packages/flask/app.py", line 1059, in add_url_rule
    raise AssertionError(
    ...<2 lines>...
    )
AssertionError: View function mapping is overwriting an existing endpoint function: api_dvr_probe


======================================================================
CRASH at 2026-09-30T06:42:30.825814
======================================================================
Traceback (most recent call last):
  File "/home/administrator/cctv/app.py", line 532, in <module>
    @app.route("/api/dvr/probe", methods=["POST"])
     ~~~~~~~~~^^^^^^^^^^^^^^^^^^^^^^^^^^^^^^^^^^^^
  File "/home/administrator/venv/lib/python3.14/site-packages/flask/scaffold.py", line 435, in decorator
    self.add_url_rule(rule, endpoint, f, **options)
    ~~~~~~~~~~~~~~~~~^^^^^^^^^^^^^^^^^^^^^^^^^^^^^^
  File "/home/administrator/venv/lib/python3.14/site-packages/flask/scaffold.py", line 50, in wrapper_func
    return f(self, *args, **kwargs)
  File "/home/administrator/venv/lib/python3.14/site-packages/flask/app.py", line 1059, in add_url_rule
    raise AssertionError(
    ...<2 lines>...
    )
AssertionError: View function mapping is overwriting an existing endpoint function: api_dvr_probe


======================================================================
CRASH at 2026-09-30T06:42:36.331097
======================================================================
Traceback (most recent call last):
  File "/home/administrator/cctv/app.py", line 532, in <module>
    @app.route("/api/dvr/probe", methods=["POST"])
     ~~~~~~~~~^^^^^^^^^^^^^^^^^^^^^^^^^^^^^^^^^^^^
  File "/home/administrator/venv/lib/python3.14/site-packages/flask/scaffold.py", line 435, in decorator
    self.add_url_rule(rule, endpoint, f, **options)
    ~~~~~~~~~~~~~~~~~^^^^^^^^^^^^^^^^^^^^^^^^^^^^^^
  File "/home/administrator/venv/lib/python3.14/site-packages/flask/scaffold.py", line 50, in wrapper_func
    return f(self, *args, **kwargs)
  File "/home/administrator/venv/lib/python3.14/site-packages/flask/app.py", line 1059, in add_url_rule
    raise AssertionError(
    ...<2 lines>...
    )
AssertionError: View function mapping is overwriting an existing endpoint function: api_dvr_probe


======================================================================
CRASH at 2026-09-30T06:42:41.819116
======================================================================
Traceback (most recent call last):
  File "/home/administrator/cctv/app.py", line 532, in <module>
    @app.route("/api/dvr/probe", methods=["POST"])
     ~~~~~~~~~^^^^^^^^^^^^^^^^^^^^^^^^^^^^^^^^^^^^
  File "/home/administrator/venv/lib/python3.14/site-packages/flask/scaffold.py", line 435, in decorator
    self.add_url_rule(rule, endpoint, f, **options)
    ~~~~~~~~~~~~~~~~~^^^^^^^^^^^^^^^^^^^^^^^^^^^^^^
  File "/home/administrator/venv/lib/python3.14/site-packages/flask/scaffold.py", line 50, in wrapper_func
    return f(self, *args, **kwargs)
  File "/home/administrator/venv/lib/python3.14/site-packages/flask/app.py", line 1059, in add_url_rule
    raise AssertionError(
    ...<2 lines>...
    )
AssertionError: View function mapping is overwriting an existing endpoint function: api_dvr_probe


======================================================================
CRASH at 2026-09-30T06:42:47.328378
======================================================================
Traceback (most recent call last):
  File "/home/administrator/cctv/app.py", line 532, in <module>
    @app.route("/api/dvr/probe", methods=["POST"])
     ~~~~~~~~~^^^^^^^^^^^^^^^^^^^^^^^^^^^^^^^^^^^^
  File "/home/administrator/venv/lib/python3.14/site-packages/flask/scaffold.py", line 435, in decorator
    self.add_url_rule(rule, endpoint, f, **options)
    ~~~~~~~~~~~~~~~~~^^^^^^^^^^^^^^^^^^^^^^^^^^^^^^
  File "/home/administrator/venv/lib/python3.14/site-packages/flask/scaffold.py", line 50, in wrapper_func
    return f(self, *args, **kwargs)
  File "/home/administrator/venv/lib/python3.14/site-packages/flask/app.py", line 1059, in add_url_rule
    raise AssertionError(
    ...<2 lines>...
    )
AssertionError: View function mapping is overwriting an existing endpoint function: api_dvr_probe


======================================================================
CRASH at 2026-09-30T06:42:52.830819
======================================================================
Traceback (most recent call last):
  File "/home/administrator/cctv/app.py", line 532, in <module>
    @app.route("/api/dvr/probe", methods=["POST"])
     ~~~~~~~~~^^^^^^^^^^^^^^^^^^^^^^^^^^^^^^^^^^^^
  File "/home/administrator/venv/lib/python3.14/site-packages/flask/scaffold.py", line 435, in decorator
    self.add_url_rule(rule, endpoint, f, **options)
    ~~~~~~~~~~~~~~~~~^^^^^^^^^^^^^^^^^^^^^^^^^^^^^^
  File "/home/administrator/venv/lib/python3.14/site-packages/flask/scaffold.py", line 50, in wrapper_func
    return f(self, *args, **kwargs)
  File "/home/administrator/venv/lib/python3.14/site-packages/flask/app.py", line 1059, in add_url_rule
    raise AssertionError(
    ...<2 lines>...
    )
AssertionError: View function mapping is overwriting an existing endpoint function: api_dvr_probe


======================================================================
CRASH at 2026-09-30T06:42:58.330043
======================================================================
Traceback (most recent call last):
  File "/home/administrator/cctv/app.py", line 532, in <module>
    @app.route("/api/dvr/probe", methods=["POST"])
     ~~~~~~~~~^^^^^^^^^^^^^^^^^^^^^^^^^^^^^^^^^^^^
  File "/home/administrator/venv/lib/python3.14/site-packages/flask/scaffold.py", line 435, in decorator
    self.add_url_rule(rule, endpoint, f, **options)
    ~~~~~~~~~~~~~~~~~^^^^^^^^^^^^^^^^^^^^^^^^^^^^^^
  File "/home/administrator/venv/lib/python3.14/site-packages/flask/scaffold.py", line 50, in wrapper_func
    return f(self, *args, **kwargs)
  File "/home/administrator/venv/lib/python3.14/site-packages/flask/app.py", line 1059, in add_url_rule
    raise AssertionError(
    ...<2 lines>...
    )
AssertionError: View function mapping is overwriting an existing endpoint function: api_dvr_probe


======================================================================
CRASH at 2026-09-30T06:43:03.821803
======================================================================
Traceback (most recent call last):
  File "/home/administrator/cctv/app.py", line 532, in <module>
    @app.route("/api/dvr/probe", methods=["POST"])
     ~~~~~~~~~^^^^^^^^^^^^^^^^^^^^^^^^^^^^^^^^^^^^
  File "/home/administrator/venv/lib/python3.14/site-packages/flask/scaffold.py", line 435, in decorator
    self.add_url_rule(rule, endpoint, f, **options)
    ~~~~~~~~~~~~~~~~~^^^^^^^^^^^^^^^^^^^^^^^^^^^^^^
  File "/home/administrator/venv/lib/python3.14/site-packages/flask/scaffold.py", line 50, in wrapper_func
    return f(self, *args, **kwargs)
  File "/home/administrator/venv/lib/python3.14/site-packages/flask/app.py", line 1059, in add_url_rule
    raise AssertionError(
    ...<2 lines>...
    )
AssertionError: View function mapping is overwriting an existing endpoint function: api_dvr_probe


======================================================================
CRASH at 2026-09-30T06:43:09.328442
======================================================================
Traceback (most recent call last):
  File "/home/administrator/cctv/app.py", line 532, in <module>
    @app.route("/api/dvr/probe", methods=["POST"])
     ~~~~~~~~~^^^^^^^^^^^^^^^^^^^^^^^^^^^^^^^^^^^^
  File "/home/administrator/venv/lib/python3.14/site-packages/flask/scaffold.py", line 435, in decorator
    self.add_url_rule(rule, endpoint, f, **options)
    ~~~~~~~~~~~~~~~~~^^^^^^^^^^^^^^^^^^^^^^^^^^^^^^
  File "/home/administrator/venv/lib/python3.14/site-packages/flask/scaffold.py", line 50, in wrapper_func
    return f(self, *args, **kwargs)
  File "/home/administrator/venv/lib/python3.14/site-packages/flask/app.py", line 1059, in add_url_rule
    raise AssertionError(
    ...<2 lines>...
    )
AssertionError: View function mapping is overwriting an existing endpoint function: api_dvr_probe


======================================================================
CRASH at 2026-09-30T06:43:14.825403
======================================================================
Traceback (most recent call last):
  File "/home/administrator/cctv/app.py", line 532, in <module>
    @app.route("/api/dvr/probe", methods=["POST"])
     ~~~~~~~~~^^^^^^^^^^^^^^^^^^^^^^^^^^^^^^^^^^^^
  File "/home/administrator/venv/lib/python3.14/site-packages/flask/scaffold.py", line 435, in decorator
    self.add_url_rule(rule, endpoint, f, **options)
    ~~~~~~~~~~~~~~~~~^^^^^^^^^^^^^^^^^^^^^^^^^^^^^^
  File "/home/administrator/venv/lib/python3.14/site-packages/flask/scaffold.py", line 50, in wrapper_func
    return f(self, *args, **kwargs)
  File "/home/administrator/venv/lib/python3.14/site-packages/flask/app.py", line 1059, in add_url_rule
    raise AssertionError(
    ...<2 lines>...
    )
AssertionError: View function mapping is overwriting an existing endpoint function: api_dvr_probe


======================================================================
CRASH at 2026-09-30T06:43:20.327352
======================================================================
Traceback (most recent call last):
  File "/home/administrator/cctv/app.py", line 532, in <module>
    @app.route("/api/dvr/probe", methods=["POST"])
     ~~~~~~~~~^^^^^^^^^^^^^^^^^^^^^^^^^^^^^^^^^^^^
  File "/home/administrator/venv/lib/python3.14/site-packages/flask/scaffold.py", line 435, in decorator
    self.add_url_rule(rule, endpoint, f, **options)
    ~~~~~~~~~~~~~~~~~^^^^^^^^^^^^^^^^^^^^^^^^^^^^^^
  File "/home/administrator/venv/lib/python3.14/site-packages/flask/scaffold.py", line 50, in wrapper_func
    return f(self, *args, **kwargs)
  File "/home/administrator/venv/lib/python3.14/site-packages/flask/app.py", line 1059, in add_url_rule
    raise AssertionError(
    ...<2 lines>...
    )
AssertionError: View function mapping is overwriting an existing endpoint function: api_dvr_probe


======================================================================
CRASH at 2026-09-30T06:43:25.825097
======================================================================
Traceback (most recent call last):
  File "/home/administrator/cctv/app.py", line 532, in <module>
    @app.route("/api/dvr/probe", methods=["POST"])
     ~~~~~~~~~^^^^^^^^^^^^^^^^^^^^^^^^^^^^^^^^^^^^
  File "/home/administrator/venv/lib/python3.14/site-packages/flask/scaffold.py", line 435, in decorator
    self.add_url_rule(rule, endpoint, f, **options)
    ~~~~~~~~~~~~~~~~~^^^^^^^^^^^^^^^^^^^^^^^^^^^^^^
  File "/home/administrator/venv/lib/python3.14/site-packages/flask/scaffold.py", line 50, in wrapper_func
    return f(self, *args, **kwargs)
  File "/home/administrator/venv/lib/python3.14/site-packages/flask/app.py", line 1059, in add_url_rule
    raise AssertionError(
    ...<2 lines>...
    )
AssertionError: View function mapping is overwriting an existing endpoint function: api_dvr_probe


======================================================================
CRASH at 2026-09-30T06:43:31.330895
======================================================================
Traceback (most recent call last):
  File "/home/administrator/cctv/app.py", line 532, in <module>
    @app.route("/api/dvr/probe", methods=["POST"])
     ~~~~~~~~~^^^^^^^^^^^^^^^^^^^^^^^^^^^^^^^^^^^^
  File "/home/administrator/venv/lib/python3.14/site-packages/flask/scaffold.py", line 435, in decorator
    self.add_url_rule(rule, endpoint, f, **options)
    ~~~~~~~~~~~~~~~~~^^^^^^^^^^^^^^^^^^^^^^^^^^^^^^
  File "/home/administrator/venv/lib/python3.14/site-packages/flask/scaffold.py", line 50, in wrapper_func
    return f(self, *args, **kwargs)
  File "/home/administrator/venv/lib/python3.14/site-packages/flask/app.py", line 1059, in add_url_rule
    raise AssertionError(
    ...<2 lines>...
    )
AssertionError: View function mapping is overwriting an existing endpoint function: api_dvr_probe


======================================================================
CRASH at 2026-09-30T06:43:36.821958
======================================================================
Traceback (most recent call last):
  File "/home/administrator/cctv/app.py", line 532, in <module>
    @app.route("/api/dvr/probe", methods=["POST"])
     ~~~~~~~~~^^^^^^^^^^^^^^^^^^^^^^^^^^^^^^^^^^^^
  File "/home/administrator/venv/lib/python3.14/site-packages/flask/scaffold.py", line 435, in decorator
    self.add_url_rule(rule, endpoint, f, **options)
    ~~~~~~~~~~~~~~~~~^^^^^^^^^^^^^^^^^^^^^^^^^^^^^^
  File "/home/administrator/venv/lib/python3.14/site-packages/flask/scaffold.py", line 50, in wrapper_func
    return f(self, *args, **kwargs)
  File "/home/administrator/venv/lib/python3.14/site-packages/flask/app.py", line 1059, in add_url_rule
    raise AssertionError(
    ...<2 lines>...
    )
AssertionError: View function mapping is overwriting an existing endpoint function: api_dvr_probe


======================================================================
CRASH at 2026-09-30T06:43:42.324126
======================================================================
Traceback (most recent call last):
  File "/home/administrator/cctv/app.py", line 532, in <module>
    @app.route("/api/dvr/probe", methods=["POST"])
     ~~~~~~~~~^^^^^^^^^^^^^^^^^^^^^^^^^^^^^^^^^^^^
  File "/home/administrator/venv/lib/python3.14/site-packages/flask/scaffold.py", line 435, in decorator
    self.add_url_rule(rule, endpoint, f, **options)
    ~~~~~~~~~~~~~~~~~^^^^^^^^^^^^^^^^^^^^^^^^^^^^^^
  File "/home/administrator/venv/lib/python3.14/site-packages/flask/scaffold.py", line 50, in wrapper_func
    return f(self, *args, **kwargs)
  File "/home/administrator/venv/lib/python3.14/site-packages/flask/app.py", line 1059, in add_url_rule
    raise AssertionError(
    ...<2 lines>...
    )
AssertionError: View function mapping is overwriting an existing endpoint function: api_dvr_probe


======================================================================
CRASH at 2026-09-30T06:43:47.822436
======================================================================
Traceback (most recent call last):
  File "/home/administrator/cctv/app.py", line 532, in <module>
    @app.route("/api/dvr/probe", methods=["POST"])
     ~~~~~~~~~^^^^^^^^^^^^^^^^^^^^^^^^^^^^^^^^^^^^
  File "/home/administrator/venv/lib/python3.14/site-packages/flask/scaffold.py", line 435, in decorator
    self.add_url_rule(rule, endpoint, f, **options)
    ~~~~~~~~~~~~~~~~~^^^^^^^^^^^^^^^^^^^^^^^^^^^^^^
  File "/home/administrator/venv/lib/python3.14/site-packages/flask/scaffold.py", line 50, in wrapper_func
    return f(self, *args, **kwargs)
  File "/home/administrator/venv/lib/python3.14/site-packages/flask/app.py", line 1059, in add_url_rule
    raise AssertionError(
    ...<2 lines>...
    )
AssertionError: View function mapping is overwriting an existing endpoint function: api_dvr_probe


======================================================================
CRASH at 2026-09-30T06:43:53.328901
======================================================================
Traceback (most recent call last):
  File "/home/administrator/cctv/app.py", line 532, in <module>
    @app.route("/api/dvr/probe", methods=["POST"])
     ~~~~~~~~~^^^^^^^^^^^^^^^^^^^^^^^^^^^^^^^^^^^^
  File "/home/administrator/venv/lib/python3.14/site-packages/flask/scaffold.py", line 435, in decorator
    self.add_url_rule(rule, endpoint, f, **options)
    ~~~~~~~~~~~~~~~~~^^^^^^^^^^^^^^^^^^^^^^^^^^^^^^
  File "/home/administrator/venv/lib/python3.14/site-packages/flask/scaffold.py", line 50, in wrapper_func
    return f(self, *args, **kwargs)
  File "/home/administrator/venv/lib/python3.14/site-packages/flask/app.py", line 1059, in add_url_rule
    raise AssertionError(
    ...<2 lines>...
    )
AssertionError: View function mapping is overwriting an existing endpoint function: api_dvr_probe


======================================================================
CRASH at 2026-09-30T06:43:58.825717
======================================================================
Traceback (most recent call last):
  File "/home/administrator/cctv/app.py", line 532, in <module>
    @app.route("/api/dvr/probe", methods=["POST"])
     ~~~~~~~~~^^^^^^^^^^^^^^^^^^^^^^^^^^^^^^^^^^^^
  File "/home/administrator/venv/lib/python3.14/site-packages/flask/scaffold.py", line 435, in decorator
    self.add_url_rule(rule, endpoint, f, **options)
    ~~~~~~~~~~~~~~~~~^^^^^^^^^^^^^^^^^^^^^^^^^^^^^^
  File "/home/administrator/venv/lib/python3.14/site-packages/flask/scaffold.py", line 50, in wrapper_func
    return f(self, *args, **kwargs)
  File "/home/administrator/venv/lib/python3.14/site-packages/flask/app.py", line 1059, in add_url_rule
    raise AssertionError(
    ...<2 lines>...
    )
AssertionError: View function mapping is overwriting an existing endpoint function: api_dvr_probe


======================================================================
CRASH at 2026-09-30T06:44:04.330237
======================================================================
Traceback (most recent call last):
  File "/home/administrator/cctv/app.py", line 532, in <module>
    @app.route("/api/dvr/probe", methods=["POST"])
     ~~~~~~~~~^^^^^^^^^^^^^^^^^^^^^^^^^^^^^^^^^^^^
  File "/home/administrator/venv/lib/python3.14/site-packages/flask/scaffold.py", line 435, in decorator
    self.add_url_rule(rule, endpoint, f, **options)
    ~~~~~~~~~~~~~~~~~^^^^^^^^^^^^^^^^^^^^^^^^^^^^^^
  File "/home/administrator/venv/lib/python3.14/site-packages/flask/scaffold.py", line 50, in wrapper_func
    return f(self, *args, **kwargs)
  File "/home/administrator/venv/lib/python3.14/site-packages/flask/app.py", line 1059, in add_url_rule
    raise AssertionError(
    ...<2 lines>...
    )
AssertionError: View function mapping is overwriting an existing endpoint function: api_dvr_probe


======================================================================
CRASH at 2026-09-30T06:44:09.826021
======================================================================
Traceback (most recent call last):
  File "/home/administrator/cctv/app.py", line 532, in <module>
    @app.route("/api/dvr/probe", methods=["POST"])
     ~~~~~~~~~^^^^^^^^^^^^^^^^^^^^^^^^^^^^^^^^^^^^
  File "/home/administrator/venv/lib/python3.14/site-packages/flask/scaffold.py", line 435, in decorator
    self.add_url_rule(rule, endpoint, f, **options)
    ~~~~~~~~~~~~~~~~~^^^^^^^^^^^^^^^^^^^^^^^^^^^^^^
  File "/home/administrator/venv/lib/python3.14/site-packages/flask/scaffold.py", line 50, in wrapper_func
    return f(self, *args, **kwargs)
  File "/home/administrator/venv/lib/python3.14/site-packages/flask/app.py", line 1059, in add_url_rule
    raise AssertionError(
    ...<2 lines>...
    )
AssertionError: View function mapping is overwriting an existing endpoint function: api_dvr_probe


======================================================================
CRASH at 2026-09-30T06:44:15.328322
======================================================================
Traceback (most recent call last):
  File "/home/administrator/cctv/app.py", line 532, in <module>
    @app.route("/api/dvr/probe", methods=["POST"])
     ~~~~~~~~~^^^^^^^^^^^^^^^^^^^^^^^^^^^^^^^^^^^^
  File "/home/administrator/venv/lib/python3.14/site-packages/flask/scaffold.py", line 435, in decorator
    self.add_url_rule(rule, endpoint, f, **options)
    ~~~~~~~~~~~~~~~~~^^^^^^^^^^^^^^^^^^^^^^^^^^^^^^
  File "/home/administrator/venv/lib/python3.14/site-packages/flask/scaffold.py", line 50, in wrapper_func
    return f(self, *args, **kwargs)
  File "/home/administrator/venv/lib/python3.14/site-packages/flask/app.py", line 1059, in add_url_rule
    raise AssertionError(
    ...<2 lines>...
    )
AssertionError: View function mapping is overwriting an existing endpoint function: api_dvr_probe


======================================================================
CRASH at 2026-09-30T06:44:20.824948
======================================================================
Traceback (most recent call last):
  File "/home/administrator/cctv/app.py", line 532, in <module>
    @app.route("/api/dvr/probe", methods=["POST"])
     ~~~~~~~~~^^^^^^^^^^^^^^^^^^^^^^^^^^^^^^^^^^^^
  File "/home/administrator/venv/lib/python3.14/site-packages/flask/scaffold.py", line 435, in decorator
    self.add_url_rule(rule, endpoint, f, **options)
    ~~~~~~~~~~~~~~~~~^^^^^^^^^^^^^^^^^^^^^^^^^^^^^^
  File "/home/administrator/venv/lib/python3.14/site-packages/flask/scaffold.py", line 50, in wrapper_func
    return f(self, *args, **kwargs)
  File "/home/administrator/venv/lib/python3.14/site-packages/flask/app.py", line 1059, in add_url_rule
    raise AssertionError(
    ...<2 lines>...
    )
AssertionError: View function mapping is overwriting an existing endpoint function: api_dvr_probe


======================================================================
CRASH at 2026-09-30T06:44:26.327140
======================================================================
Traceback (most recent call last):
  File "/home/administrator/cctv/app.py", line 532, in <module>
    @app.route("/api/dvr/probe", methods=["POST"])
     ~~~~~~~~~^^^^^^^^^^^^^^^^^^^^^^^^^^^^^^^^^^^^
  File "/home/administrator/venv/lib/python3.14/site-packages/flask/scaffold.py", line 435, in decorator
    self.add_url_rule(rule, endpoint, f, **options)
    ~~~~~~~~~~~~~~~~~^^^^^^^^^^^^^^^^^^^^^^^^^^^^^^
  File "/home/administrator/venv/lib/python3.14/site-packages/flask/scaffold.py", line 50, in wrapper_func
    return f(self, *args, **kwargs)
  File "/home/administrator/venv/lib/python3.14/site-packages/flask/app.py", line 1059, in add_url_rule
    raise AssertionError(
    ...<2 lines>...
    )
AssertionError: View function mapping is overwriting an existing endpoint function: api_dvr_probe


======================================================================
CRASH at 2026-09-30T06:44:31.828984
======================================================================
Traceback (most recent call last):
  File "/home/administrator/cctv/app.py", line 532, in <module>
    @app.route("/api/dvr/probe", methods=["POST"])
     ~~~~~~~~~^^^^^^^^^^^^^^^^^^^^^^^^^^^^^^^^^^^^
  File "/home/administrator/venv/lib/python3.14/site-packages/flask/scaffold.py", line 435, in decorator
    self.add_url_rule(rule, endpoint, f, **options)
    ~~~~~~~~~~~~~~~~~^^^^^^^^^^^^^^^^^^^^^^^^^^^^^^
  File "/home/administrator/venv/lib/python3.14/site-packages/flask/scaffold.py", line 50, in wrapper_func
    return f(self, *args, **kwargs)
  File "/home/administrator/venv/lib/python3.14/site-packages/flask/app.py", line 1059, in add_url_rule
    raise AssertionError(
    ...<2 lines>...
    )
AssertionError: View function mapping is overwriting an existing endpoint function: api_dvr_probe


======================================================================
CRASH at 2026-09-30T06:44:37.333841
======================================================================
Traceback (most recent call last):
  File "/home/administrator/cctv/app.py", line 532, in <module>
    @app.route("/api/dvr/probe", methods=["POST"])
     ~~~~~~~~~^^^^^^^^^^^^^^^^^^^^^^^^^^^^^^^^^^^^
  File "/home/administrator/venv/lib/python3.14/site-packages/flask/scaffold.py", line 435, in decorator
    self.add_url_rule(rule, endpoint, f, **options)
    ~~~~~~~~~~~~~~~~~^^^^^^^^^^^^^^^^^^^^^^^^^^^^^^
  File "/home/administrator/venv/lib/python3.14/site-packages/flask/scaffold.py", line 50, in wrapper_func
    return f(self, *args, **kwargs)
  File "/home/administrator/venv/lib/python3.14/site-packages/flask/app.py", line 1059, in add_url_rule
    raise AssertionError(
    ...<2 lines>...
    )
AssertionError: View function mapping is overwriting an existing endpoint function: api_dvr_probe


======================================================================
CRASH at 2026-09-30T06:44:42.825130
======================================================================
Traceback (most recent call last):
  File "/home/administrator/cctv/app.py", line 532, in <module>
    @app.route("/api/dvr/probe", methods=["POST"])
     ~~~~~~~~~^^^^^^^^^^^^^^^^^^^^^^^^^^^^^^^^^^^^
  File "/home/administrator/venv/lib/python3.14/site-packages/flask/scaffold.py", line 435, in decorator
    self.add_url_rule(rule, endpoint, f, **options)
    ~~~~~~~~~~~~~~~~~^^^^^^^^^^^^^^^^^^^^^^^^^^^^^^
  File "/home/administrator/venv/lib/python3.14/site-packages/flask/scaffold.py", line 50, in wrapper_func
    return f(self, *args, **kwargs)
  File "/home/administrator/venv/lib/python3.14/site-packages/flask/app.py", line 1059, in add_url_rule
    raise AssertionError(
    ...<2 lines>...
    )
AssertionError: View function mapping is overwriting an existing endpoint function: api_dvr_probe


======================================================================
CRASH at 2026-09-30T06:44:48.331413
======================================================================
Traceback (most recent call last):
  File "/home/administrator/cctv/app.py", line 532, in <module>
    @app.route("/api/dvr/probe", methods=["POST"])
     ~~~~~~~~~^^^^^^^^^^^^^^^^^^^^^^^^^^^^^^^^^^^^
  File "/home/administrator/venv/lib/python3.14/site-packages/flask/scaffold.py", line 435, in decorator
    self.add_url_rule(rule, endpoint, f, **options)
    ~~~~~~~~~~~~~~~~~^^^^^^^^^^^^^^^^^^^^^^^^^^^^^^
  File "/home/administrator/venv/lib/python3.14/site-packages/flask/scaffold.py", line 50, in wrapper_func
    return f(self, *args, **kwargs)
  File "/home/administrator/venv/lib/python3.14/site-packages/flask/app.py", line 1059, in add_url_rule
    raise AssertionError(
    ...<2 lines>...
    )
AssertionError: View function mapping is overwriting an existing endpoint function: api_dvr_probe


======================================================================
CRASH at 2026-09-30T06:44:53.824576
======================================================================
Traceback (most recent call last):
  File "/home/administrator/cctv/app.py", line 532, in <module>
    @app.route("/api/dvr/probe", methods=["POST"])
     ~~~~~~~~~^^^^^^^^^^^^^^^^^^^^^^^^^^^^^^^^^^^^
  File "/home/administrator/venv/lib/python3.14/site-packages/flask/scaffold.py", line 435, in decorator
    self.add_url_rule(rule, endpoint, f, **options)
    ~~~~~~~~~~~~~~~~~^^^^^^^^^^^^^^^^^^^^^^^^^^^^^^
  File "/home/administrator/venv/lib/python3.14/site-packages/flask/scaffold.py", line 50, in wrapper_func
    return f(self, *args, **kwargs)
  File "/home/administrator/venv/lib/python3.14/site-packages/flask/app.py", line 1059, in add_url_rule
    raise AssertionError(
    ...<2 lines>...
    )
AssertionError: View function mapping is overwriting an existing endpoint function: api_dvr_probe


======================================================================
CRASH at 2026-09-30T06:44:59.329873
======================================================================
Traceback (most recent call last):
  File "/home/administrator/cctv/app.py", line 532, in <module>
    @app.route("/api/dvr/probe", methods=["POST"])
     ~~~~~~~~~^^^^^^^^^^^^^^^^^^^^^^^^^^^^^^^^^^^^
  File "/home/administrator/venv/lib/python3.14/site-packages/flask/scaffold.py", line 435, in decorator
    self.add_url_rule(rule, endpoint, f, **options)
    ~~~~~~~~~~~~~~~~~^^^^^^^^^^^^^^^^^^^^^^^^^^^^^^
  File "/home/administrator/venv/lib/python3.14/site-packages/flask/scaffold.py", line 50, in wrapper_func
    return f(self, *args, **kwargs)
  File "/home/administrator/venv/lib/python3.14/site-packages/flask/app.py", line 1059, in add_url_rule
    raise AssertionError(
    ...<2 lines>...
    )
AssertionError: View function mapping is overwriting an existing endpoint function: api_dvr_probe


======================================================================
CRASH at 2026-09-30T06:45:04.825889
======================================================================
Traceback (most recent call last):
  File "/home/administrator/cctv/app.py", line 532, in <module>
    @app.route("/api/dvr/probe", methods=["POST"])
     ~~~~~~~~~^^^^^^^^^^^^^^^^^^^^^^^^^^^^^^^^^^^^
  File "/home/administrator/venv/lib/python3.14/site-packages/flask/scaffold.py", line 435, in decorator
    self.add_url_rule(rule, endpoint, f, **options)
    ~~~~~~~~~~~~~~~~~^^^^^^^^^^^^^^^^^^^^^^^^^^^^^^
  File "/home/administrator/venv/lib/python3.14/site-packages/flask/scaffold.py", line 50, in wrapper_func
    return f(self, *args, **kwargs)
  File "/home/administrator/venv/lib/python3.14/site-packages/flask/app.py", line 1059, in add_url_rule
    raise AssertionError(
    ...<2 lines>...
    )
AssertionError: View function mapping is overwriting an existing endpoint function: api_dvr_probe


======================================================================
CRASH at 2026-09-30T06:45:10.330817
======================================================================
Traceback (most recent call last):
  File "/home/administrator/cctv/app.py", line 532, in <module>
    @app.route("/api/dvr/probe", methods=["POST"])
     ~~~~~~~~~^^^^^^^^^^^^^^^^^^^^^^^^^^^^^^^^^^^^
  File "/home/administrator/venv/lib/python3.14/site-packages/flask/scaffold.py", line 435, in decorator
    self.add_url_rule(rule, endpoint, f, **options)
    ~~~~~~~~~~~~~~~~~^^^^^^^^^^^^^^^^^^^^^^^^^^^^^^
  File "/home/administrator/venv/lib/python3.14/site-packages/flask/scaffold.py", line 50, in wrapper_func
    return f(self, *args, **kwargs)
  File "/home/administrator/venv/lib/python3.14/site-packages/flask/app.py", line 1059, in add_url_rule
    raise AssertionError(
    ...<2 lines>...
    )
AssertionError: View function mapping is overwriting an existing endpoint function: api_dvr_probe


======================================================================
CRASH at 2026-09-30T06:45:15.830605
======================================================================
Traceback (most recent call last):
  File "/home/administrator/cctv/app.py", line 532, in <module>
    @app.route("/api/dvr/probe", methods=["POST"])
     ~~~~~~~~~^^^^^^^^^^^^^^^^^^^^^^^^^^^^^^^^^^^^
  File "/home/administrator/venv/lib/python3.14/site-packages/flask/scaffold.py", line 435, in decorator
    self.add_url_rule(rule, endpoint, f, **options)
    ~~~~~~~~~~~~~~~~~^^^^^^^^^^^^^^^^^^^^^^^^^^^^^^
  File "/home/administrator/venv/lib/python3.14/site-packages/flask/scaffold.py", line 50, in wrapper_func
    return f(self, *args, **kwargs)
  File "/home/administrator/venv/lib/python3.14/site-packages/flask/app.py", line 1059, in add_url_rule
    raise AssertionError(
    ...<2 lines>...
    )
AssertionError: View function mapping is overwriting an existing endpoint function: api_dvr_probe


======================================================================
CRASH at 2026-09-30T06:45:21.329388
======================================================================
Traceback (most recent call last):
  File "/home/administrator/cctv/app.py", line 532, in <module>
    @app.route("/api/dvr/probe", methods=["POST"])
     ~~~~~~~~~^^^^^^^^^^^^^^^^^^^^^^^^^^^^^^^^^^^^
  File "/home/administrator/venv/lib/python3.14/site-packages/flask/scaffold.py", line 435, in decorator
    self.add_url_rule(rule, endpoint, f, **options)
    ~~~~~~~~~~~~~~~~~^^^^^^^^^^^^^^^^^^^^^^^^^^^^^^
  File "/home/administrator/venv/lib/python3.14/site-packages/flask/scaffold.py", line 50, in wrapper_func
    return f(self, *args, **kwargs)
  File "/home/administrator/venv/lib/python3.14/site-packages/flask/app.py", line 1059, in add_url_rule
    raise AssertionError(
    ...<2 lines>...
    )
AssertionError: View function mapping is overwriting an existing endpoint function: api_dvr_probe


======================================================================
CRASH at 2026-09-30T06:45:26.831496
======================================================================
Traceback (most recent call last):
  File "/home/administrator/cctv/app.py", line 532, in <module>
    @app.route("/api/dvr/probe", methods=["POST"])
     ~~~~~~~~~^^^^^^^^^^^^^^^^^^^^^^^^^^^^^^^^^^^^
  File "/home/administrator/venv/lib/python3.14/site-packages/flask/scaffold.py", line 435, in decorator
    self.add_url_rule(rule, endpoint, f, **options)
    ~~~~~~~~~~~~~~~~~^^^^^^^^^^^^^^^^^^^^^^^^^^^^^^
  File "/home/administrator/venv/lib/python3.14/site-packages/flask/scaffold.py", line 50, in wrapper_func
    return f(self, *args, **kwargs)
  File "/home/administrator/venv/lib/python3.14/site-packages/flask/app.py", line 1059, in add_url_rule
    raise AssertionError(
    ...<2 lines>...
    )
AssertionError: View function mapping is overwriting an existing endpoint function: api_dvr_probe


======================================================================
CRASH at 2026-09-30T06:45:32.327612
======================================================================
Traceback (most recent call last):
  File "/home/administrator/cctv/app.py", line 532, in <module>
    @app.route("/api/dvr/probe", methods=["POST"])
     ~~~~~~~~~^^^^^^^^^^^^^^^^^^^^^^^^^^^^^^^^^^^^
  File "/home/administrator/venv/lib/python3.14/site-packages/flask/scaffold.py", line 435, in decorator
    self.add_url_rule(rule, endpoint, f, **options)
    ~~~~~~~~~~~~~~~~~^^^^^^^^^^^^^^^^^^^^^^^^^^^^^^
  File "/home/administrator/venv/lib/python3.14/site-packages/flask/scaffold.py", line 50, in wrapper_func
    return f(self, *args, **kwargs)
  File "/home/administrator/venv/lib/python3.14/site-packages/flask/app.py", line 1059, in add_url_rule
    raise AssertionError(
    ...<2 lines>...
    )
AssertionError: View function mapping is overwriting an existing endpoint function: api_dvr_probe


======================================================================
CRASH at 2026-09-30T06:45:37.828807
======================================================================
Traceback (most recent call last):
  File "/home/administrator/cctv/app.py", line 532, in <module>
    @app.route("/api/dvr/probe", methods=["POST"])
     ~~~~~~~~~^^^^^^^^^^^^^^^^^^^^^^^^^^^^^^^^^^^^
  File "/home/administrator/venv/lib/python3.14/site-packages/flask/scaffold.py", line 435, in decorator
    self.add_url_rule(rule, endpoint, f, **options)
    ~~~~~~~~~~~~~~~~~^^^^^^^^^^^^^^^^^^^^^^^^^^^^^^
  File "/home/administrator/venv/lib/python3.14/site-packages/flask/scaffold.py", line 50, in wrapper_func
    return f(self, *args, **kwargs)
  File "/home/administrator/venv/lib/python3.14/site-packages/flask/app.py", line 1059, in add_url_rule
    raise AssertionError(
    ...<2 lines>...
    )
AssertionError: View function mapping is overwriting an existing endpoint function: api_dvr_probe


======================================================================
CRASH at 2026-09-30T06:45:43.333734
======================================================================
Traceback (most recent call last):
  File "/home/administrator/cctv/app.py", line 532, in <module>
    @app.route("/api/dvr/probe", methods=["POST"])
     ~~~~~~~~~^^^^^^^^^^^^^^^^^^^^^^^^^^^^^^^^^^^^
  File "/home/administrator/venv/lib/python3.14/site-packages/flask/scaffold.py", line 435, in decorator
    self.add_url_rule(rule, endpoint, f, **options)
    ~~~~~~~~~~~~~~~~~^^^^^^^^^^^^^^^^^^^^^^^^^^^^^^
  File "/home/administrator/venv/lib/python3.14/site-packages/flask/scaffold.py", line 50, in wrapper_func
    return f(self, *args, **kwargs)
  File "/home/administrator/venv/lib/python3.14/site-packages/flask/app.py", line 1059, in add_url_rule
    raise AssertionError(
    ...<2 lines>...
    )
AssertionError: View function mapping is overwriting an existing endpoint function: api_dvr_probe


======================================================================
CRASH at 2026-09-30T06:45:48.824682
======================================================================
Traceback (most recent call last):
  File "/home/administrator/cctv/app.py", line 532, in <module>
    @app.route("/api/dvr/probe", methods=["POST"])
     ~~~~~~~~~^^^^^^^^^^^^^^^^^^^^^^^^^^^^^^^^^^^^
  File "/home/administrator/venv/lib/python3.14/site-packages/flask/scaffold.py", line 435, in decorator
    self.add_url_rule(rule, endpoint, f, **options)
    ~~~~~~~~~~~~~~~~~^^^^^^^^^^^^^^^^^^^^^^^^^^^^^^
  File "/home/administrator/venv/lib/python3.14/site-packages/flask/scaffold.py", line 50, in wrapper_func
    return f(self, *args, **kwargs)
  File "/home/administrator/venv/lib/python3.14/site-packages/flask/app.py", line 1059, in add_url_rule
    raise AssertionError(
    ...<2 lines>...
    )
AssertionError: View function mapping is overwriting an existing endpoint function: api_dvr_probe


======================================================================
CRASH at 2026-09-30T06:45:54.328410
======================================================================
Traceback (most recent call last):
  File "/home/administrator/cctv/app.py", line 532, in <module>
    @app.route("/api/dvr/probe", methods=["POST"])
     ~~~~~~~~~^^^^^^^^^^^^^^^^^^^^^^^^^^^^^^^^^^^^
  File "/home/administrator/venv/lib/python3.14/site-packages/flask/scaffold.py", line 435, in decorator
    self.add_url_rule(rule, endpoint, f, **options)
    ~~~~~~~~~~~~~~~~~^^^^^^^^^^^^^^^^^^^^^^^^^^^^^^
  File "/home/administrator/venv/lib/python3.14/site-packages/flask/scaffold.py", line 50, in wrapper_func
    return f(self, *args, **kwargs)
  File "/home/administrator/venv/lib/python3.14/site-packages/flask/app.py", line 1059, in add_url_rule
    raise AssertionError(
    ...<2 lines>...
    )
AssertionError: View function mapping is overwriting an existing endpoint function: api_dvr_probe


======================================================================
CRASH at 2026-09-30T06:45:59.830089
======================================================================
Traceback (most recent call last):
  File "/home/administrator/cctv/app.py", line 532, in <module>
    @app.route("/api/dvr/probe", methods=["POST"])
     ~~~~~~~~~^^^^^^^^^^^^^^^^^^^^^^^^^^^^^^^^^^^^
  File "/home/administrator/venv/lib/python3.14/site-packages/flask/scaffold.py", line 435, in decorator
    self.add_url_rule(rule, endpoint, f, **options)
    ~~~~~~~~~~~~~~~~~^^^^^^^^^^^^^^^^^^^^^^^^^^^^^^
  File "/home/administrator/venv/lib/python3.14/site-packages/flask/scaffold.py", line 50, in wrapper_func
    return f(self, *args, **kwargs)
  File "/home/administrator/venv/lib/python3.14/site-packages/flask/app.py", line 1059, in add_url_rule
    raise AssertionError(
    ...<2 lines>...
    )
AssertionError: View function mapping is overwriting an existing endpoint function: api_dvr_probe


======================================================================
CRASH at 2026-09-30T06:46:05.330440
======================================================================
Traceback (most recent call last):
  File "/home/administrator/cctv/app.py", line 532, in <module>
    @app.route("/api/dvr/probe", methods=["POST"])
     ~~~~~~~~~^^^^^^^^^^^^^^^^^^^^^^^^^^^^^^^^^^^^
  File "/home/administrator/venv/lib/python3.14/site-packages/flask/scaffold.py", line 435, in decorator
    self.add_url_rule(rule, endpoint, f, **options)
    ~~~~~~~~~~~~~~~~~^^^^^^^^^^^^^^^^^^^^^^^^^^^^^^
  File "/home/administrator/venv/lib/python3.14/site-packages/flask/scaffold.py", line 50, in wrapper_func
    return f(self, *args, **kwargs)
  File "/home/administrator/venv/lib/python3.14/site-packages/flask/app.py", line 1059, in add_url_rule
    raise AssertionError(
    ...<2 lines>...
    )
AssertionError: View function mapping is overwriting an existing endpoint function: api_dvr_probe


======================================================================
CRASH at 2026-09-30T06:46:10.825985
======================================================================
Traceback (most recent call last):
  File "/home/administrator/cctv/app.py", line 532, in <module>
    @app.route("/api/dvr/probe", methods=["POST"])
     ~~~~~~~~~^^^^^^^^^^^^^^^^^^^^^^^^^^^^^^^^^^^^
  File "/home/administrator/venv/lib/python3.14/site-packages/flask/scaffold.py", line 435, in decorator
    self.add_url_rule(rule, endpoint, f, **options)
    ~~~~~~~~~~~~~~~~~^^^^^^^^^^^^^^^^^^^^^^^^^^^^^^
  File "/home/administrator/venv/lib/python3.14/site-packages/flask/scaffold.py", line 50, in wrapper_func
    return f(self, *args, **kwargs)
  File "/home/administrator/venv/lib/python3.14/site-packages/flask/app.py", line 1059, in add_url_rule
    raise AssertionError(
    ...<2 lines>...
    )
AssertionError: View function mapping is overwriting an existing endpoint function: api_dvr_probe


======================================================================
CRASH at 2026-09-30T06:46:16.331387
======================================================================
Traceback (most recent call last):
  File "/home/administrator/cctv/app.py", line 532, in <module>
    @app.route("/api/dvr/probe", methods=["POST"])
     ~~~~~~~~~^^^^^^^^^^^^^^^^^^^^^^^^^^^^^^^^^^^^
  File "/home/administrator/venv/lib/python3.14/site-packages/flask/scaffold.py", line 435, in decorator
    self.add_url_rule(rule, endpoint, f, **options)
    ~~~~~~~~~~~~~~~~~^^^^^^^^^^^^^^^^^^^^^^^^^^^^^^
  File "/home/administrator/venv/lib/python3.14/site-packages/flask/scaffold.py", line 50, in wrapper_func
    return f(self, *args, **kwargs)
  File "/home/administrator/venv/lib/python3.14/site-packages/flask/app.py", line 1059, in add_url_rule
    raise AssertionError(
    ...<2 lines>...
    )
AssertionError: View function mapping is overwriting an existing endpoint function: api_dvr_probe


======================================================================
CRASH at 2026-09-30T06:46:21.827251
======================================================================
Traceback (most recent call last):
  File "/home/administrator/cctv/app.py", line 532, in <module>
    @app.route("/api/dvr/probe", methods=["POST"])
     ~~~~~~~~~^^^^^^^^^^^^^^^^^^^^^^^^^^^^^^^^^^^^
  File "/home/administrator/venv/lib/python3.14/site-packages/flask/scaffold.py", line 435, in decorator
    self.add_url_rule(rule, endpoint, f, **options)
    ~~~~~~~~~~~~~~~~~^^^^^^^^^^^^^^^^^^^^^^^^^^^^^^
  File "/home/administrator/venv/lib/python3.14/site-packages/flask/scaffold.py", line 50, in wrapper_func
    return f(self, *args, **kwargs)
  File "/home/administrator/venv/lib/python3.14/site-packages/flask/app.py", line 1059, in add_url_rule
    raise AssertionError(
    ...<2 lines>...
    )
AssertionError: View function mapping is overwriting an existing endpoint function: api_dvr_probe


======================================================================
CRASH at 2026-09-30T06:46:27.335300
======================================================================
Traceback (most recent call last):
  File "/home/administrator/cctv/app.py", line 532, in <module>
    @app.route("/api/dvr/probe", methods=["POST"])
     ~~~~~~~~~^^^^^^^^^^^^^^^^^^^^^^^^^^^^^^^^^^^^
  File "/home/administrator/venv/lib/python3.14/site-packages/flask/scaffold.py", line 435, in decorator
    self.add_url_rule(rule, endpoint, f, **options)
    ~~~~~~~~~~~~~~~~~^^^^^^^^^^^^^^^^^^^^^^^^^^^^^^
  File "/home/administrator/venv/lib/python3.14/site-packages/flask/scaffold.py", line 50, in wrapper_func
    return f(self, *args, **kwargs)
  File "/home/administrator/venv/lib/python3.14/site-packages/flask/app.py", line 1059, in add_url_rule
    raise AssertionError(
    ...<2 lines>...
    )
AssertionError: View function mapping is overwriting an existing endpoint function: api_dvr_probe


======================================================================
CRASH at 2026-09-30T06:46:32.827573
======================================================================
Traceback (most recent call last):
  File "/home/administrator/cctv/app.py", line 532, in <module>
    @app.route("/api/dvr/probe", methods=["POST"])
     ~~~~~~~~~^^^^^^^^^^^^^^^^^^^^^^^^^^^^^^^^^^^^
  File "/home/administrator/venv/lib/python3.14/site-packages/flask/scaffold.py", line 435, in decorator
    self.add_url_rule(rule, endpoint, f, **options)
    ~~~~~~~~~~~~~~~~~^^^^^^^^^^^^^^^^^^^^^^^^^^^^^^
  File "/home/administrator/venv/lib/python3.14/site-packages/flask/scaffold.py", line 50, in wrapper_func
    return f(self, *args, **kwargs)
  File "/home/administrator/venv/lib/python3.14/site-packages/flask/app.py", line 1059, in add_url_rule
    raise AssertionError(
    ...<2 lines>...
    )
AssertionError: View function mapping is overwriting an existing endpoint function: api_dvr_probe


======================================================================
CRASH at 2026-09-30T06:46:38.328033
======================================================================
Traceback (most recent call last):
  File "/home/administrator/cctv/app.py", line 532, in <module>
    @app.route("/api/dvr/probe", methods=["POST"])
     ~~~~~~~~~^^^^^^^^^^^^^^^^^^^^^^^^^^^^^^^^^^^^
  File "/home/administrator/venv/lib/python3.14/site-packages/flask/scaffold.py", line 435, in decorator
    self.add_url_rule(rule, endpoint, f, **options)
    ~~~~~~~~~~~~~~~~~^^^^^^^^^^^^^^^^^^^^^^^^^^^^^^
  File "/home/administrator/venv/lib/python3.14/site-packages/flask/scaffold.py", line 50, in wrapper_func
    return f(self, *args, **kwargs)
  File "/home/administrator/venv/lib/python3.14/site-packages/flask/app.py", line 1059, in add_url_rule
    raise AssertionError(
    ...<2 lines>...
    )
AssertionError: View function mapping is overwriting an existing endpoint function: api_dvr_probe


======================================================================
CRASH at 2026-09-30T06:46:43.830527
======================================================================
Traceback (most recent call last):
  File "/home/administrator/cctv/app.py", line 532, in <module>
    @app.route("/api/dvr/probe", methods=["POST"])
     ~~~~~~~~~^^^^^^^^^^^^^^^^^^^^^^^^^^^^^^^^^^^^
  File "/home/administrator/venv/lib/python3.14/site-packages/flask/scaffold.py", line 435, in decorator
    self.add_url_rule(rule, endpoint, f, **options)
    ~~~~~~~~~~~~~~~~~^^^^^^^^^^^^^^^^^^^^^^^^^^^^^^
  File "/home/administrator/venv/lib/python3.14/site-packages/flask/scaffold.py", line 50, in wrapper_func
    return f(self, *args, **kwargs)
  File "/home/administrator/venv/lib/python3.14/site-packages/flask/app.py", line 1059, in add_url_rule
    raise AssertionError(
    ...<2 lines>...
    )
AssertionError: View function mapping is overwriting an existing endpoint function: api_dvr_probe


======================================================================
CRASH at 2026-09-30T06:46:49.329791
======================================================================
Traceback (most recent call last):
  File "/home/administrator/cctv/app.py", line 532, in <module>
    @app.route("/api/dvr/probe", methods=["POST"])
     ~~~~~~~~~^^^^^^^^^^^^^^^^^^^^^^^^^^^^^^^^^^^^
  File "/home/administrator/venv/lib/python3.14/site-packages/flask/scaffold.py", line 435, in decorator
    self.add_url_rule(rule, endpoint, f, **options)
    ~~~~~~~~~~~~~~~~~^^^^^^^^^^^^^^^^^^^^^^^^^^^^^^
  File "/home/administrator/venv/lib/python3.14/site-packages/flask/scaffold.py", line 50, in wrapper_func
    return f(self, *args, **kwargs)
  File "/home/administrator/venv/lib/python3.14/site-packages/flask/app.py", line 1059, in add_url_rule
    raise AssertionError(
    ...<2 lines>...
    )
AssertionError: View function mapping is overwriting an existing endpoint function: api_dvr_probe


======================================================================
CRASH at 2026-09-30T06:46:54.827892
======================================================================
Traceback (most recent call last):
  File "/home/administrator/cctv/app.py", line 532, in <module>
    @app.route("/api/dvr/probe", methods=["POST"])
     ~~~~~~~~~^^^^^^^^^^^^^^^^^^^^^^^^^^^^^^^^^^^^
  File "/home/administrator/venv/lib/python3.14/site-packages/flask/scaffold.py", line 435, in decorator
    self.add_url_rule(rule, endpoint, f, **options)
    ~~~~~~~~~~~~~~~~~^^^^^^^^^^^^^^^^^^^^^^^^^^^^^^
  File "/home/administrator/venv/lib/python3.14/site-packages/flask/scaffold.py", line 50, in wrapper_func
    return f(self, *args, **kwargs)
  File "/home/administrator/venv/lib/python3.14/site-packages/flask/app.py", line 1059, in add_url_rule
    raise AssertionError(
    ...<2 lines>...
    )
AssertionError: View function mapping is overwriting an existing endpoint function: api_dvr_probe


======================================================================
CRASH at 2026-09-30T06:47:00.329613
======================================================================
Traceback (most recent call last):
  File "/home/administrator/cctv/app.py", line 532, in <module>
    @app.route("/api/dvr/probe", methods=["POST"])
     ~~~~~~~~~^^^^^^^^^^^^^^^^^^^^^^^^^^^^^^^^^^^^
  File "/home/administrator/venv/lib/python3.14/site-packages/flask/scaffold.py", line 435, in decorator
    self.add_url_rule(rule, endpoint, f, **options)
    ~~~~~~~~~~~~~~~~~^^^^^^^^^^^^^^^^^^^^^^^^^^^^^^
  File "/home/administrator/venv/lib/python3.14/site-packages/flask/scaffold.py", line 50, in wrapper_func
    return f(self, *args, **kwargs)
  File "/home/administrator/venv/lib/python3.14/site-packages/flask/app.py", line 1059, in add_url_rule
    raise AssertionError(
    ...<2 lines>...
    )
AssertionError: View function mapping is overwriting an existing endpoint function: api_dvr_probe


======================================================================
CRASH at 2026-09-30T06:47:05.825086
======================================================================
Traceback (most recent call last):
  File "/home/administrator/cctv/app.py", line 532, in <module>
    @app.route("/api/dvr/probe", methods=["POST"])
     ~~~~~~~~~^^^^^^^^^^^^^^^^^^^^^^^^^^^^^^^^^^^^
  File "/home/administrator/venv/lib/python3.14/site-packages/flask/scaffold.py", line 435, in decorator
    self.add_url_rule(rule, endpoint, f, **options)
    ~~~~~~~~~~~~~~~~~^^^^^^^^^^^^^^^^^^^^^^^^^^^^^^
  File "/home/administrator/venv/lib/python3.14/site-packages/flask/scaffold.py", line 50, in wrapper_func
    return f(self, *args, **kwargs)
  File "/home/administrator/venv/lib/python3.14/site-packages/flask/app.py", line 1059, in add_url_rule
    raise AssertionError(
    ...<2 lines>...
    )
AssertionError: View function mapping is overwriting an existing endpoint function: api_dvr_probe


======================================================================
CRASH at 2026-09-30T06:47:11.330686
======================================================================
Traceback (most recent call last):
  File "/home/administrator/cctv/app.py", line 532, in <module>
    @app.route("/api/dvr/probe", methods=["POST"])
     ~~~~~~~~~^^^^^^^^^^^^^^^^^^^^^^^^^^^^^^^^^^^^
  File "/home/administrator/venv/lib/python3.14/site-packages/flask/scaffold.py", line 435, in decorator
    self.add_url_rule(rule, endpoint, f, **options)
    ~~~~~~~~~~~~~~~~~^^^^^^^^^^^^^^^^^^^^^^^^^^^^^^
  File "/home/administrator/venv/lib/python3.14/site-packages/flask/scaffold.py", line 50, in wrapper_func
    return f(self, *args, **kwargs)
  File "/home/administrator/venv/lib/python3.14/site-packages/flask/app.py", line 1059, in add_url_rule
    raise AssertionError(
    ...<2 lines>...
    )
AssertionError: View function mapping is overwriting an existing endpoint function: api_dvr_probe


======================================================================
CRASH at 2026-09-30T06:47:16.825969
======================================================================
Traceback (most recent call last):
  File "/home/administrator/cctv/app.py", line 532, in <module>
    @app.route("/api/dvr/probe", methods=["POST"])
     ~~~~~~~~~^^^^^^^^^^^^^^^^^^^^^^^^^^^^^^^^^^^^
  File "/home/administrator/venv/lib/python3.14/site-packages/flask/scaffold.py", line 435, in decorator
    self.add_url_rule(rule, endpoint, f, **options)
    ~~~~~~~~~~~~~~~~~^^^^^^^^^^^^^^^^^^^^^^^^^^^^^^
  File "/home/administrator/venv/lib/python3.14/site-packages/flask/scaffold.py", line 50, in wrapper_func
    return f(self, *args, **kwargs)
  File "/home/administrator/venv/lib/python3.14/site-packages/flask/app.py", line 1059, in add_url_rule
    raise AssertionError(
    ...<2 lines>...
    )
AssertionError: View function mapping is overwriting an existing endpoint function: api_dvr_probe


======================================================================
CRASH at 2026-09-30T06:47:22.331076
======================================================================
Traceback (most recent call last):
  File "/home/administrator/cctv/app.py", line 532, in <module>
    @app.route("/api/dvr/probe", methods=["POST"])
     ~~~~~~~~~^^^^^^^^^^^^^^^^^^^^^^^^^^^^^^^^^^^^
  File "/home/administrator/venv/lib/python3.14/site-packages/flask/scaffold.py", line 435, in decorator
    self.add_url_rule(rule, endpoint, f, **options)
    ~~~~~~~~~~~~~~~~~^^^^^^^^^^^^^^^^^^^^^^^^^^^^^^
  File "/home/administrator/venv/lib/python3.14/site-packages/flask/scaffold.py", line 50, in wrapper_func
    return f(self, *args, **kwargs)
  File "/home/administrator/venv/lib/python3.14/site-packages/flask/app.py", line 1059, in add_url_rule
    raise AssertionError(
    ...<2 lines>...
    )
AssertionError: View function mapping is overwriting an existing endpoint function: api_dvr_probe


======================================================================
CRASH at 2026-09-30T06:47:27.828922
======================================================================
Traceback (most recent call last):
  File "/home/administrator/cctv/app.py", line 532, in <module>
    @app.route("/api/dvr/probe", methods=["POST"])
     ~~~~~~~~~^^^^^^^^^^^^^^^^^^^^^^^^^^^^^^^^^^^^
  File "/home/administrator/venv/lib/python3.14/site-packages/flask/scaffold.py", line 435, in decorator
    self.add_url_rule(rule, endpoint, f, **options)
    ~~~~~~~~~~~~~~~~~^^^^^^^^^^^^^^^^^^^^^^^^^^^^^^
  File "/home/administrator/venv/lib/python3.14/site-packages/flask/scaffold.py", line 50, in wrapper_func
    return f(self, *args, **kwargs)
  File "/home/administrator/venv/lib/python3.14/site-packages/flask/app.py", line 1059, in add_url_rule
    raise AssertionError(
    ...<2 lines>...
    )
AssertionError: View function mapping is overwriting an existing endpoint function: api_dvr_probe


======================================================================
CRASH at 2026-09-30T06:47:33.331209
======================================================================
Traceback (most recent call last):
  File "/home/administrator/cctv/app.py", line 532, in <module>
    @app.route("/api/dvr/probe", methods=["POST"])
     ~~~~~~~~~^^^^^^^^^^^^^^^^^^^^^^^^^^^^^^^^^^^^
  File "/home/administrator/venv/lib/python3.14/site-packages/flask/scaffold.py", line 435, in decorator
    self.add_url_rule(rule, endpoint, f, **options)
    ~~~~~~~~~~~~~~~~~^^^^^^^^^^^^^^^^^^^^^^^^^^^^^^
  File "/home/administrator/venv/lib/python3.14/site-packages/flask/scaffold.py", line 50, in wrapper_func
    return f(self, *args, **kwargs)
  File "/home/administrator/venv/lib/python3.14/site-packages/flask/app.py", line 1059, in add_url_rule
    raise AssertionError(
    ...<2 lines>...
    )
AssertionError: View function mapping is overwriting an existing endpoint function: api_dvr_probe


======================================================================
CRASH at 2026-09-30T06:47:38.828033
======================================================================
Traceback (most recent call last):
  File "/home/administrator/cctv/app.py", line 532, in <module>
    @app.route("/api/dvr/probe", methods=["POST"])
     ~~~~~~~~~^^^^^^^^^^^^^^^^^^^^^^^^^^^^^^^^^^^^
  File "/home/administrator/venv/lib/python3.14/site-packages/flask/scaffold.py", line 435, in decorator
    self.add_url_rule(rule, endpoint, f, **options)
    ~~~~~~~~~~~~~~~~~^^^^^^^^^^^^^^^^^^^^^^^^^^^^^^
  File "/home/administrator/venv/lib/python3.14/site-packages/flask/scaffold.py", line 50, in wrapper_func
    return f(self, *args, **kwargs)
  File "/home/administrator/venv/lib/python3.14/site-packages/flask/app.py", line 1059, in add_url_rule
    raise AssertionError(
    ...<2 lines>...
    )
AssertionError: View function mapping is overwriting an existing endpoint function: api_dvr_probe


======================================================================
CRASH at 2026-09-30T06:47:44.329668
======================================================================
Traceback (most recent call last):
  File "/home/administrator/cctv/app.py", line 532, in <module>
    @app.route("/api/dvr/probe", methods=["POST"])
     ~~~~~~~~~^^^^^^^^^^^^^^^^^^^^^^^^^^^^^^^^^^^^
  File "/home/administrator/venv/lib/python3.14/site-packages/flask/scaffold.py", line 435, in decorator
    self.add_url_rule(rule, endpoint, f, **options)
    ~~~~~~~~~~~~~~~~~^^^^^^^^^^^^^^^^^^^^^^^^^^^^^^
  File "/home/administrator/venv/lib/python3.14/site-packages/flask/scaffold.py", line 50, in wrapper_func
    return f(self, *args, **kwargs)
  File "/home/administrator/venv/lib/python3.14/site-packages/flask/app.py", line 1059, in add_url_rule
    raise AssertionError(
    ...<2 lines>...
    )
AssertionError: View function mapping is overwriting an existing endpoint function: api_dvr_probe


======================================================================
CRASH at 2026-09-30T06:47:49.829933
======================================================================
Traceback (most recent call last):
  File "/home/administrator/cctv/app.py", line 532, in <module>
    @app.route("/api/dvr/probe", methods=["POST"])
     ~~~~~~~~~^^^^^^^^^^^^^^^^^^^^^^^^^^^^^^^^^^^^
  File "/home/administrator/venv/lib/python3.14/site-packages/flask/scaffold.py", line 435, in decorator
    self.add_url_rule(rule, endpoint, f, **options)
    ~~~~~~~~~~~~~~~~~^^^^^^^^^^^^^^^^^^^^^^^^^^^^^^
  File "/home/administrator/venv/lib/python3.14/site-packages/flask/scaffold.py", line 50, in wrapper_func
    return f(self, *args, **kwargs)
  File "/home/administrator/venv/lib/python3.14/site-packages/flask/app.py", line 1059, in add_url_rule
    raise AssertionError(
    ...<2 lines>...
    )
AssertionError: View function mapping is overwriting an existing endpoint function: api_dvr_probe


======================================================================
CRASH at 2026-09-30T06:47:55.327130
======================================================================
Traceback (most recent call last):
  File "/home/administrator/cctv/app.py", line 532, in <module>
    @app.route("/api/dvr/probe", methods=["POST"])
     ~~~~~~~~~^^^^^^^^^^^^^^^^^^^^^^^^^^^^^^^^^^^^
  File "/home/administrator/venv/lib/python3.14/site-packages/flask/scaffold.py", line 435, in decorator
    self.add_url_rule(rule, endpoint, f, **options)
    ~~~~~~~~~~~~~~~~~^^^^^^^^^^^^^^^^^^^^^^^^^^^^^^
  File "/home/administrator/venv/lib/python3.14/site-packages/flask/scaffold.py", line 50, in wrapper_func
    return f(self, *args, **kwargs)
  File "/home/administrator/venv/lib/python3.14/site-packages/flask/app.py", line 1059, in add_url_rule
    raise AssertionError(
    ...<2 lines>...
    )
AssertionError: View function mapping is overwriting an existing endpoint function: api_dvr_probe


======================================================================
CRASH at 2026-09-30T06:48:00.831369
======================================================================
Traceback (most recent call last):
  File "/home/administrator/cctv/app.py", line 532, in <module>
    @app.route("/api/dvr/probe", methods=["POST"])
     ~~~~~~~~~^^^^^^^^^^^^^^^^^^^^^^^^^^^^^^^^^^^^
  File "/home/administrator/venv/lib/python3.14/site-packages/flask/scaffold.py", line 435, in decorator
    self.add_url_rule(rule, endpoint, f, **options)
    ~~~~~~~~~~~~~~~~~^^^^^^^^^^^^^^^^^^^^^^^^^^^^^^
  File "/home/administrator/venv/lib/python3.14/site-packages/flask/scaffold.py", line 50, in wrapper_func
    return f(self, *args, **kwargs)
  File "/home/administrator/venv/lib/python3.14/site-packages/flask/app.py", line 1059, in add_url_rule
    raise AssertionError(
    ...<2 lines>...
    )
AssertionError: View function mapping is overwriting an existing endpoint function: api_dvr_probe


======================================================================
CRASH at 2026-09-30T06:48:06.330188
======================================================================
Traceback (most recent call last):
  File "/home/administrator/cctv/app.py", line 532, in <module>
    @app.route("/api/dvr/probe", methods=["POST"])
     ~~~~~~~~~^^^^^^^^^^^^^^^^^^^^^^^^^^^^^^^^^^^^
  File "/home/administrator/venv/lib/python3.14/site-packages/flask/scaffold.py", line 435, in decorator
    self.add_url_rule(rule, endpoint, f, **options)
    ~~~~~~~~~~~~~~~~~^^^^^^^^^^^^^^^^^^^^^^^^^^^^^^
  File "/home/administrator/venv/lib/python3.14/site-packages/flask/scaffold.py", line 50, in wrapper_func
    return f(self, *args, **kwargs)
  File "/home/administrator/venv/lib/python3.14/site-packages/flask/app.py", line 1059, in add_url_rule
    raise AssertionError(
    ...<2 lines>...
    )
AssertionError: View function mapping is overwriting an existing endpoint function: api_dvr_probe


======================================================================
CRASH at 2026-09-30T06:48:11.831225
======================================================================
Traceback (most recent call last):
  File "/home/administrator/cctv/app.py", line 532, in <module>
    @app.route("/api/dvr/probe", methods=["POST"])
     ~~~~~~~~~^^^^^^^^^^^^^^^^^^^^^^^^^^^^^^^^^^^^
  File "/home/administrator/venv/lib/python3.14/site-packages/flask/scaffold.py", line 435, in decorator
    self.add_url_rule(rule, endpoint, f, **options)
    ~~~~~~~~~~~~~~~~~^^^^^^^^^^^^^^^^^^^^^^^^^^^^^^
  File "/home/administrator/venv/lib/python3.14/site-packages/flask/scaffold.py", line 50, in wrapper_func
    return f(self, *args, **kwargs)
  File "/home/administrator/venv/lib/python3.14/site-packages/flask/app.py", line 1059, in add_url_rule
    raise AssertionError(
    ...<2 lines>...
    )
AssertionError: View function mapping is overwriting an existing endpoint function: api_dvr_probe


======================================================================
CRASH at 2026-09-30T06:48:17.335785
======================================================================
Traceback (most recent call last):
  File "/home/administrator/cctv/app.py", line 532, in <module>
    @app.route("/api/dvr/probe", methods=["POST"])
     ~~~~~~~~~^^^^^^^^^^^^^^^^^^^^^^^^^^^^^^^^^^^^
  File "/home/administrator/venv/lib/python3.14/site-packages/flask/scaffold.py", line 435, in decorator
    self.add_url_rule(rule, endpoint, f, **options)
    ~~~~~~~~~~~~~~~~~^^^^^^^^^^^^^^^^^^^^^^^^^^^^^^
  File "/home/administrator/venv/lib/python3.14/site-packages/flask/scaffold.py", line 50, in wrapper_func
    return f(self, *args, **kwargs)
  File "/home/administrator/venv/lib/python3.14/site-packages/flask/app.py", line 1059, in add_url_rule
    raise AssertionError(
    ...<2 lines>...
    )
AssertionError: View function mapping is overwriting an existing endpoint function: api_dvr_probe


======================================================================
CRASH at 2026-09-30T06:48:22.830749
======================================================================
Traceback (most recent call last):
  File "/home/administrator/cctv/app.py", line 532, in <module>
    @app.route("/api/dvr/probe", methods=["POST"])
     ~~~~~~~~~^^^^^^^^^^^^^^^^^^^^^^^^^^^^^^^^^^^^
  File "/home/administrator/venv/lib/python3.14/site-packages/flask/scaffold.py", line 435, in decorator
    self.add_url_rule(rule, endpoint, f, **options)
    ~~~~~~~~~~~~~~~~~^^^^^^^^^^^^^^^^^^^^^^^^^^^^^^
  File "/home/administrator/venv/lib/python3.14/site-packages/flask/scaffold.py", line 50, in wrapper_func
    return f(self, *args, **kwargs)
  File "/home/administrator/venv/lib/python3.14/site-packages/flask/app.py", line 1059, in add_url_rule
    raise AssertionError(
    ...<2 lines>...
    )
AssertionError: View function mapping is overwriting an existing endpoint function: api_dvr_probe


======================================================================
CRASH at 2026-09-30T06:48:28.329691
======================================================================
Traceback (most recent call last):
  File "/home/administrator/cctv/app.py", line 532, in <module>
    @app.route("/api/dvr/probe", methods=["POST"])
     ~~~~~~~~~^^^^^^^^^^^^^^^^^^^^^^^^^^^^^^^^^^^^
  File "/home/administrator/venv/lib/python3.14/site-packages/flask/scaffold.py", line 435, in decorator
    self.add_url_rule(rule, endpoint, f, **options)
    ~~~~~~~~~~~~~~~~~^^^^^^^^^^^^^^^^^^^^^^^^^^^^^^
  File "/home/administrator/venv/lib/python3.14/site-packages/flask/scaffold.py", line 50, in wrapper_func
    return f(self, *args, **kwargs)
  File "/home/administrator/venv/lib/python3.14/site-packages/flask/app.py", line 1059, in add_url_rule
    raise AssertionError(
    ...<2 lines>...
    )
AssertionError: View function mapping is overwriting an existing endpoint function: api_dvr_probe


======================================================================
CRASH at 2026-09-30T06:48:33.829692
======================================================================
Traceback (most recent call last):
  File "/home/administrator/cctv/app.py", line 532, in <module>
    @app.route("/api/dvr/probe", methods=["POST"])
     ~~~~~~~~~^^^^^^^^^^^^^^^^^^^^^^^^^^^^^^^^^^^^
  File "/home/administrator/venv/lib/python3.14/site-packages/flask/scaffold.py", line 435, in decorator
    self.add_url_rule(rule, endpoint, f, **options)
    ~~~~~~~~~~~~~~~~~^^^^^^^^^^^^^^^^^^^^^^^^^^^^^^
  File "/home/administrator/venv/lib/python3.14/site-packages/flask/scaffold.py", line 50, in wrapper_func
    return f(self, *args, **kwargs)
  File "/home/administrator/venv/lib/python3.14/site-packages/flask/app.py", line 1059, in add_url_rule
    raise AssertionError(
    ...<2 lines>...
    )
AssertionError: View function mapping is overwriting an existing endpoint function: api_dvr_probe


======================================================================
CRASH at 2026-09-30T06:48:39.330661
======================================================================
Traceback (most recent call last):
  File "/home/administrator/cctv/app.py", line 532, in <module>
    @app.route("/api/dvr/probe", methods=["POST"])
     ~~~~~~~~~^^^^^^^^^^^^^^^^^^^^^^^^^^^^^^^^^^^^
  File "/home/administrator/venv/lib/python3.14/site-packages/flask/scaffold.py", line 435, in decorator
    self.add_url_rule(rule, endpoint, f, **options)
    ~~~~~~~~~~~~~~~~~^^^^^^^^^^^^^^^^^^^^^^^^^^^^^^
  File "/home/administrator/venv/lib/python3.14/site-packages/flask/scaffold.py", line 50, in wrapper_func
    return f(self, *args, **kwargs)
  File "/home/administrator/venv/lib/python3.14/site-packages/flask/app.py", line 1059, in add_url_rule
    raise AssertionError(
    ...<2 lines>...
    )
AssertionError: View function mapping is overwriting an existing endpoint function: api_dvr_probe


======================================================================
CRASH at 2026-09-30T06:48:44.830356
======================================================================
Traceback (most recent call last):
  File "/home/administrator/cctv/app.py", line 532, in <module>
    @app.route("/api/dvr/probe", methods=["POST"])
     ~~~~~~~~~^^^^^^^^^^^^^^^^^^^^^^^^^^^^^^^^^^^^
  File "/home/administrator/venv/lib/python3.14/site-packages/flask/scaffold.py", line 435, in decorator
    self.add_url_rule(rule, endpoint, f, **options)
    ~~~~~~~~~~~~~~~~~^^^^^^^^^^^^^^^^^^^^^^^^^^^^^^
  File "/home/administrator/venv/lib/python3.14/site-packages/flask/scaffold.py", line 50, in wrapper_func
    return f(self, *args, **kwargs)
  File "/home/administrator/venv/lib/python3.14/site-packages/flask/app.py", line 1059, in add_url_rule
    raise AssertionError(
    ...<2 lines>...
    )
AssertionError: View function mapping is overwriting an existing endpoint function: api_dvr_probe


======================================================================
CRASH at 2026-09-30T06:48:50.329877
======================================================================
Traceback (most recent call last):
  File "/home/administrator/cctv/app.py", line 532, in <module>
    @app.route("/api/dvr/probe", methods=["POST"])
     ~~~~~~~~~^^^^^^^^^^^^^^^^^^^^^^^^^^^^^^^^^^^^
  File "/home/administrator/venv/lib/python3.14/site-packages/flask/scaffold.py", line 435, in decorator
    self.add_url_rule(rule, endpoint, f, **options)
    ~~~~~~~~~~~~~~~~~^^^^^^^^^^^^^^^^^^^^^^^^^^^^^^
  File "/home/administrator/venv/lib/python3.14/site-packages/flask/scaffold.py", line 50, in wrapper_func
    return f(self, *args, **kwargs)
  File "/home/administrator/venv/lib/python3.14/site-packages/flask/app.py", line 1059, in add_url_rule
    raise AssertionError(
    ...<2 lines>...
    )
AssertionError: View function mapping is overwriting an existing endpoint function: api_dvr_probe


======================================================================
CRASH at 2026-09-30T06:48:55.831242
======================================================================
Traceback (most recent call last):
  File "/home/administrator/cctv/app.py", line 532, in <module>
    @app.route("/api/dvr/probe", methods=["POST"])
     ~~~~~~~~~^^^^^^^^^^^^^^^^^^^^^^^^^^^^^^^^^^^^
  File "/home/administrator/venv/lib/python3.14/site-packages/flask/scaffold.py", line 435, in decorator
    self.add_url_rule(rule, endpoint, f, **options)
    ~~~~~~~~~~~~~~~~~^^^^^^^^^^^^^^^^^^^^^^^^^^^^^^
  File "/home/administrator/venv/lib/python3.14/site-packages/flask/scaffold.py", line 50, in wrapper_func
    return f(self, *args, **kwargs)
  File "/home/administrator/venv/lib/python3.14/site-packages/flask/app.py", line 1059, in add_url_rule
    raise AssertionError(
    ...<2 lines>...
    )
AssertionError: View function mapping is overwriting an existing endpoint function: api_dvr_probe


======================================================================
CRASH at 2026-09-30T06:49:01.330367
======================================================================
Traceback (most recent call last):
  File "/home/administrator/cctv/app.py", line 532, in <module>
    @app.route("/api/dvr/probe", methods=["POST"])
     ~~~~~~~~~^^^^^^^^^^^^^^^^^^^^^^^^^^^^^^^^^^^^
  File "/home/administrator/venv/lib/python3.14/site-packages/flask/scaffold.py", line 435, in decorator
    self.add_url_rule(rule, endpoint, f, **options)
    ~~~~~~~~~~~~~~~~~^^^^^^^^^^^^^^^^^^^^^^^^^^^^^^
  File "/home/administrator/venv/lib/python3.14/site-packages/flask/scaffold.py", line 50, in wrapper_func
    return f(self, *args, **kwargs)
  File "/home/administrator/venv/lib/python3.14/site-packages/flask/app.py", line 1059, in add_url_rule
    raise AssertionError(
    ...<2 lines>...
    )
AssertionError: View function mapping is overwriting an existing endpoint function: api_dvr_probe


======================================================================
CRASH at 2026-09-30T06:49:06.829317
======================================================================
Traceback (most recent call last):
  File "/home/administrator/cctv/app.py", line 532, in <module>
    @app.route("/api/dvr/probe", methods=["POST"])
     ~~~~~~~~~^^^^^^^^^^^^^^^^^^^^^^^^^^^^^^^^^^^^
  File "/home/administrator/venv/lib/python3.14/site-packages/flask/scaffold.py", line 435, in decorator
    self.add_url_rule(rule, endpoint, f, **options)
    ~~~~~~~~~~~~~~~~~^^^^^^^^^^^^^^^^^^^^^^^^^^^^^^
  File "/home/administrator/venv/lib/python3.14/site-packages/flask/scaffold.py", line 50, in wrapper_func
    return f(self, *args, **kwargs)
  File "/home/administrator/venv/lib/python3.14/site-packages/flask/app.py", line 1059, in add_url_rule
    raise AssertionError(
    ...<2 lines>...
    )
AssertionError: View function mapping is overwriting an existing endpoint function: api_dvr_probe


======================================================================
CRASH at 2026-09-30T06:49:12.329243
======================================================================
Traceback (most recent call last):
  File "/home/administrator/cctv/app.py", line 532, in <module>
    @app.route("/api/dvr/probe", methods=["POST"])
     ~~~~~~~~~^^^^^^^^^^^^^^^^^^^^^^^^^^^^^^^^^^^^
  File "/home/administrator/venv/lib/python3.14/site-packages/flask/scaffold.py", line 435, in decorator
    self.add_url_rule(rule, endpoint, f, **options)
    ~~~~~~~~~~~~~~~~~^^^^^^^^^^^^^^^^^^^^^^^^^^^^^^
  File "/home/administrator/venv/lib/python3.14/site-packages/flask/scaffold.py", line 50, in wrapper_func
    return f(self, *args, **kwargs)
  File "/home/administrator/venv/lib/python3.14/site-packages/flask/app.py", line 1059, in add_url_rule
    raise AssertionError(
    ...<2 lines>...
    )
AssertionError: View function mapping is overwriting an existing endpoint function: api_dvr_probe


======================================================================
CRASH at 2026-09-30T06:49:17.828279
======================================================================
Traceback (most recent call last):
  File "/home/administrator/cctv/app.py", line 532, in <module>
    @app.route("/api/dvr/probe", methods=["POST"])
     ~~~~~~~~~^^^^^^^^^^^^^^^^^^^^^^^^^^^^^^^^^^^^
  File "/home/administrator/venv/lib/python3.14/site-packages/flask/scaffold.py", line 435, in decorator
    self.add_url_rule(rule, endpoint, f, **options)
    ~~~~~~~~~~~~~~~~~^^^^^^^^^^^^^^^^^^^^^^^^^^^^^^
  File "/home/administrator/venv/lib/python3.14/site-packages/flask/scaffold.py", line 50, in wrapper_func
    return f(self, *args, **kwargs)
  File "/home/administrator/venv/lib/python3.14/site-packages/flask/app.py", line 1059, in add_url_rule
    raise AssertionError(
    ...<2 lines>...
    )
AssertionError: View function mapping is overwriting an existing endpoint function: api_dvr_probe


======================================================================
CRASH at 2026-09-30T06:49:23.334645
======================================================================
Traceback (most recent call last):
  File "/home/administrator/cctv/app.py", line 532, in <module>
    @app.route("/api/dvr/probe", methods=["POST"])
     ~~~~~~~~~^^^^^^^^^^^^^^^^^^^^^^^^^^^^^^^^^^^^
  File "/home/administrator/venv/lib/python3.14/site-packages/flask/scaffold.py", line 435, in decorator
    self.add_url_rule(rule, endpoint, f, **options)
    ~~~~~~~~~~~~~~~~~^^^^^^^^^^^^^^^^^^^^^^^^^^^^^^
  File "/home/administrator/venv/lib/python3.14/site-packages/flask/scaffold.py", line 50, in wrapper_func
    return f(self, *args, **kwargs)
  File "/home/administrator/venv/lib/python3.14/site-packages/flask/app.py", line 1059, in add_url_rule
    raise AssertionError(
    ...<2 lines>...
    )
AssertionError: View function mapping is overwriting an existing endpoint function: api_dvr_probe


======================================================================
CRASH at 2026-09-30T06:49:28.825508
======================================================================
Traceback (most recent call last):
  File "/home/administrator/cctv/app.py", line 532, in <module>
    @app.route("/api/dvr/probe", methods=["POST"])
     ~~~~~~~~~^^^^^^^^^^^^^^^^^^^^^^^^^^^^^^^^^^^^
  File "/home/administrator/venv/lib/python3.14/site-packages/flask/scaffold.py", line 435, in decorator
    self.add_url_rule(rule, endpoint, f, **options)
    ~~~~~~~~~~~~~~~~~^^^^^^^^^^^^^^^^^^^^^^^^^^^^^^
  File "/home/administrator/venv/lib/python3.14/site-packages/flask/scaffold.py", line 50, in wrapper_func
    return f(self, *args, **kwargs)
  File "/home/administrator/venv/lib/python3.14/site-packages/flask/app.py", line 1059, in add_url_rule
    raise AssertionError(
    ...<2 lines>...
    )
AssertionError: View function mapping is overwriting an existing endpoint function: api_dvr_probe


======================================================================
CRASH at 2026-09-30T06:49:34.330511
======================================================================
Traceback (most recent call last):
  File "/home/administrator/cctv/app.py", line 532, in <module>
    @app.route("/api/dvr/probe", methods=["POST"])
     ~~~~~~~~~^^^^^^^^^^^^^^^^^^^^^^^^^^^^^^^^^^^^
  File "/home/administrator/venv/lib/python3.14/site-packages/flask/scaffold.py", line 435, in decorator
    self.add_url_rule(rule, endpoint, f, **options)
    ~~~~~~~~~~~~~~~~~^^^^^^^^^^^^^^^^^^^^^^^^^^^^^^
  File "/home/administrator/venv/lib/python3.14/site-packages/flask/scaffold.py", line 50, in wrapper_func
    return f(self, *args, **kwargs)
  File "/home/administrator/venv/lib/python3.14/site-packages/flask/app.py", line 1059, in add_url_rule
    raise AssertionError(
    ...<2 lines>...
    )
AssertionError: View function mapping is overwriting an existing endpoint function: api_dvr_probe


======================================================================
CRASH at 2026-09-30T06:49:39.831828
======================================================================
Traceback (most recent call last):
  File "/home/administrator/cctv/app.py", line 532, in <module>
    @app.route("/api/dvr/probe", methods=["POST"])
     ~~~~~~~~~^^^^^^^^^^^^^^^^^^^^^^^^^^^^^^^^^^^^
  File "/home/administrator/venv/lib/python3.14/site-packages/flask/scaffold.py", line 435, in decorator
    self.add_url_rule(rule, endpoint, f, **options)
    ~~~~~~~~~~~~~~~~~^^^^^^^^^^^^^^^^^^^^^^^^^^^^^^
  File "/home/administrator/venv/lib/python3.14/site-packages/flask/scaffold.py", line 50, in wrapper_func
    return f(self, *args, **kwargs)
  File "/home/administrator/venv/lib/python3.14/site-packages/flask/app.py", line 1059, in add_url_rule
    raise AssertionError(
    ...<2 lines>...
    )
AssertionError: View function mapping is overwriting an existing endpoint function: api_dvr_probe


======================================================================
CRASH at 2026-09-30T06:49:45.328957
======================================================================
Traceback (most recent call last):
  File "/home/administrator/cctv/app.py", line 532, in <module>
    @app.route("/api/dvr/probe", methods=["POST"])
     ~~~~~~~~~^^^^^^^^^^^^^^^^^^^^^^^^^^^^^^^^^^^^
  File "/home/administrator/venv/lib/python3.14/site-packages/flask/scaffold.py", line 435, in decorator
    self.add_url_rule(rule, endpoint, f, **options)
    ~~~~~~~~~~~~~~~~~^^^^^^^^^^^^^^^^^^^^^^^^^^^^^^
  File "/home/administrator/venv/lib/python3.14/site-packages/flask/scaffold.py", line 50, in wrapper_func
    return f(self, *args, **kwargs)
  File "/home/administrator/venv/lib/python3.14/site-packages/flask/app.py", line 1059, in add_url_rule
    raise AssertionError(
    ...<2 lines>...
    )
AssertionError: View function mapping is overwriting an existing endpoint function: api_dvr_probe


======================================================================
CRASH at 2026-09-30T06:49:50.827827
======================================================================
Traceback (most recent call last):
  File "/home/administrator/cctv/app.py", line 532, in <module>
    @app.route("/api/dvr/probe", methods=["POST"])
     ~~~~~~~~~^^^^^^^^^^^^^^^^^^^^^^^^^^^^^^^^^^^^
  File "/home/administrator/venv/lib/python3.14/site-packages/flask/scaffold.py", line 435, in decorator
    self.add_url_rule(rule, endpoint, f, **options)
    ~~~~~~~~~~~~~~~~~^^^^^^^^^^^^^^^^^^^^^^^^^^^^^^
  File "/home/administrator/venv/lib/python3.14/site-packages/flask/scaffold.py", line 50, in wrapper_func
    return f(self, *args, **kwargs)
  File "/home/administrator/venv/lib/python3.14/site-packages/flask/app.py", line 1059, in add_url_rule
    raise AssertionError(
    ...<2 lines>...
    )
AssertionError: View function mapping is overwriting an existing endpoint function: api_dvr_probe


======================================================================
CRASH at 2026-09-30T06:49:56.329876
======================================================================
Traceback (most recent call last):
  File "/home/administrator/cctv/app.py", line 532, in <module>
    @app.route("/api/dvr/probe", methods=["POST"])
     ~~~~~~~~~^^^^^^^^^^^^^^^^^^^^^^^^^^^^^^^^^^^^
  File "/home/administrator/venv/lib/python3.14/site-packages/flask/scaffold.py", line 435, in decorator
    self.add_url_rule(rule, endpoint, f, **options)
    ~~~~~~~~~~~~~~~~~^^^^^^^^^^^^^^^^^^^^^^^^^^^^^^
  File "/home/administrator/venv/lib/python3.14/site-packages/flask/scaffold.py", line 50, in wrapper_func
    return f(self, *args, **kwargs)
  File "/home/administrator/venv/lib/python3.14/site-packages/flask/app.py", line 1059, in add_url_rule
    raise AssertionError(
    ...<2 lines>...
    )
AssertionError: View function mapping is overwriting an existing endpoint function: api_dvr_probe


======================================================================
CRASH at 2026-09-30T06:50:01.822699
======================================================================
Traceback (most recent call last):
  File "/home/administrator/cctv/app.py", line 532, in <module>
    @app.route("/api/dvr/probe", methods=["POST"])
     ~~~~~~~~~^^^^^^^^^^^^^^^^^^^^^^^^^^^^^^^^^^^^
  File "/home/administrator/venv/lib/python3.14/site-packages/flask/scaffold.py", line 435, in decorator
    self.add_url_rule(rule, endpoint, f, **options)
    ~~~~~~~~~~~~~~~~~^^^^^^^^^^^^^^^^^^^^^^^^^^^^^^
  File "/home/administrator/venv/lib/python3.14/site-packages/flask/scaffold.py", line 50, in wrapper_func
    return f(self, *args, **kwargs)
  File "/home/administrator/venv/lib/python3.14/site-packages/flask/app.py", line 1059, in add_url_rule
    raise AssertionError(
    ...<2 lines>...
    )
AssertionError: View function mapping is overwriting an existing endpoint function: api_dvr_probe


======================================================================
CRASH at 2026-09-30T06:50:07.327805
======================================================================
Traceback (most recent call last):
  File "/home/administrator/cctv/app.py", line 532, in <module>
    @app.route("/api/dvr/probe", methods=["POST"])
     ~~~~~~~~~^^^^^^^^^^^^^^^^^^^^^^^^^^^^^^^^^^^^
  File "/home/administrator/venv/lib/python3.14/site-packages/flask/scaffold.py", line 435, in decorator
    self.add_url_rule(rule, endpoint, f, **options)
    ~~~~~~~~~~~~~~~~~^^^^^^^^^^^^^^^^^^^^^^^^^^^^^^
  File "/home/administrator/venv/lib/python3.14/site-packages/flask/scaffold.py", line 50, in wrapper_func
    return f(self, *args, **kwargs)
  File "/home/administrator/venv/lib/python3.14/site-packages/flask/app.py", line 1059, in add_url_rule
    raise AssertionError(
    ...<2 lines>...
    )
AssertionError: View function mapping is overwriting an existing endpoint function: api_dvr_probe


======================================================================
CRASH at 2026-09-30T06:50:12.824704
======================================================================
Traceback (most recent call last):
  File "/home/administrator/cctv/app.py", line 532, in <module>
    @app.route("/api/dvr/probe", methods=["POST"])
     ~~~~~~~~~^^^^^^^^^^^^^^^^^^^^^^^^^^^^^^^^^^^^
  File "/home/administrator/venv/lib/python3.14/site-packages/flask/scaffold.py", line 435, in decorator
    self.add_url_rule(rule, endpoint, f, **options)
    ~~~~~~~~~~~~~~~~~^^^^^^^^^^^^^^^^^^^^^^^^^^^^^^
  File "/home/administrator/venv/lib/python3.14/site-packages/flask/scaffold.py", line 50, in wrapper_func
    return f(self, *args, **kwargs)
  File "/home/administrator/venv/lib/python3.14/site-packages/flask/app.py", line 1059, in add_url_rule
    raise AssertionError(
    ...<2 lines>...
    )
AssertionError: View function mapping is overwriting an existing endpoint function: api_dvr_probe


======================================================================
CRASH at 2026-09-30T06:50:18.329617
======================================================================
Traceback (most recent call last):
  File "/home/administrator/cctv/app.py", line 532, in <module>
    @app.route("/api/dvr/probe", methods=["POST"])
     ~~~~~~~~~^^^^^^^^^^^^^^^^^^^^^^^^^^^^^^^^^^^^
  File "/home/administrator/venv/lib/python3.14/site-packages/flask/scaffold.py", line 435, in decorator
    self.add_url_rule(rule, endpoint, f, **options)
    ~~~~~~~~~~~~~~~~~^^^^^^^^^^^^^^^^^^^^^^^^^^^^^^
  File "/home/administrator/venv/lib/python3.14/site-packages/flask/scaffold.py", line 50, in wrapper_func
    return f(self, *args, **kwargs)
  File "/home/administrator/venv/lib/python3.14/site-packages/flask/app.py", line 1059, in add_url_rule
    raise AssertionError(
    ...<2 lines>...
    )
AssertionError: View function mapping is overwriting an existing endpoint function: api_dvr_probe


======================================================================
CRASH at 2026-09-30T06:50:23.830187
======================================================================
Traceback (most recent call last):
  File "/home/administrator/cctv/app.py", line 532, in <module>
    @app.route("/api/dvr/probe", methods=["POST"])
     ~~~~~~~~~^^^^^^^^^^^^^^^^^^^^^^^^^^^^^^^^^^^^
  File "/home/administrator/venv/lib/python3.14/site-packages/flask/scaffold.py", line 435, in decorator
    self.add_url_rule(rule, endpoint, f, **options)
    ~~~~~~~~~~~~~~~~~^^^^^^^^^^^^^^^^^^^^^^^^^^^^^^
  File "/home/administrator/venv/lib/python3.14/site-packages/flask/scaffold.py", line 50, in wrapper_func
    return f(self, *args, **kwargs)
  File "/home/administrator/venv/lib/python3.14/site-packages/flask/app.py", line 1059, in add_url_rule
    raise AssertionError(
    ...<2 lines>...
    )
AssertionError: View function mapping is overwriting an existing endpoint function: api_dvr_probe


======================================================================
CRASH at 2026-09-30T06:50:29.330931
======================================================================
Traceback (most recent call last):
  File "/home/administrator/cctv/app.py", line 532, in <module>
    @app.route("/api/dvr/probe", methods=["POST"])
     ~~~~~~~~~^^^^^^^^^^^^^^^^^^^^^^^^^^^^^^^^^^^^
  File "/home/administrator/venv/lib/python3.14/site-packages/flask/scaffold.py", line 435, in decorator
    self.add_url_rule(rule, endpoint, f, **options)
    ~~~~~~~~~~~~~~~~~^^^^^^^^^^^^^^^^^^^^^^^^^^^^^^
  File "/home/administrator/venv/lib/python3.14/site-packages/flask/scaffold.py", line 50, in wrapper_func
    return f(self, *args, **kwargs)
  File "/home/administrator/venv/lib/python3.14/site-packages/flask/app.py", line 1059, in add_url_rule
    raise AssertionError(
    ...<2 lines>...
    )
AssertionError: View function mapping is overwriting an existing endpoint function: api_dvr_probe


======================================================================
CRASH at 2026-09-30T06:50:34.831184
======================================================================
Traceback (most recent call last):
  File "/home/administrator/cctv/app.py", line 532, in <module>
    @app.route("/api/dvr/probe", methods=["POST"])
     ~~~~~~~~~^^^^^^^^^^^^^^^^^^^^^^^^^^^^^^^^^^^^
  File "/home/administrator/venv/lib/python3.14/site-packages/flask/scaffold.py", line 435, in decorator
    self.add_url_rule(rule, endpoint, f, **options)
    ~~~~~~~~~~~~~~~~~^^^^^^^^^^^^^^^^^^^^^^^^^^^^^^
  File "/home/administrator/venv/lib/python3.14/site-packages/flask/scaffold.py", line 50, in wrapper_func
    return f(self, *args, **kwargs)
  File "/home/administrator/venv/lib/python3.14/site-packages/flask/app.py", line 1059, in add_url_rule
    raise AssertionError(
    ...<2 lines>...
    )
AssertionError: View function mapping is overwriting an existing endpoint function: api_dvr_probe


======================================================================
CRASH at 2026-09-30T06:50:40.328989
======================================================================
Traceback (most recent call last):
  File "/home/administrator/cctv/app.py", line 532, in <module>
    @app.route("/api/dvr/probe", methods=["POST"])
     ~~~~~~~~~^^^^^^^^^^^^^^^^^^^^^^^^^^^^^^^^^^^^
  File "/home/administrator/venv/lib/python3.14/site-packages/flask/scaffold.py", line 435, in decorator
    self.add_url_rule(rule, endpoint, f, **options)
    ~~~~~~~~~~~~~~~~~^^^^^^^^^^^^^^^^^^^^^^^^^^^^^^
  File "/home/administrator/venv/lib/python3.14/site-packages/flask/scaffold.py", line 50, in wrapper_func
    return f(self, *args, **kwargs)
  File "/home/administrator/venv/lib/python3.14/site-packages/flask/app.py", line 1059, in add_url_rule
    raise AssertionError(
    ...<2 lines>...
    )
AssertionError: View function mapping is overwriting an existing endpoint function: api_dvr_probe


======================================================================
CRASH at 2026-09-30T06:50:45.829930
======================================================================
Traceback (most recent call last):
  File "/home/administrator/cctv/app.py", line 532, in <module>
    @app.route("/api/dvr/probe", methods=["POST"])
     ~~~~~~~~~^^^^^^^^^^^^^^^^^^^^^^^^^^^^^^^^^^^^
  File "/home/administrator/venv/lib/python3.14/site-packages/flask/scaffold.py", line 435, in decorator
    self.add_url_rule(rule, endpoint, f, **options)
    ~~~~~~~~~~~~~~~~~^^^^^^^^^^^^^^^^^^^^^^^^^^^^^^
  File "/home/administrator/venv/lib/python3.14/site-packages/flask/scaffold.py", line 50, in wrapper_func
    return f(self, *args, **kwargs)
  File "/home/administrator/venv/lib/python3.14/site-packages/flask/app.py", line 1059, in add_url_rule
    raise AssertionError(
    ...<2 lines>...
    )
AssertionError: View function mapping is overwriting an existing endpoint function: api_dvr_probe


======================================================================
CRASH at 2026-09-30T06:50:51.332023
======================================================================
Traceback (most recent call last):
  File "/home/administrator/cctv/app.py", line 532, in <module>
    @app.route("/api/dvr/probe", methods=["POST"])
     ~~~~~~~~~^^^^^^^^^^^^^^^^^^^^^^^^^^^^^^^^^^^^
  File "/home/administrator/venv/lib/python3.14/site-packages/flask/scaffold.py", line 435, in decorator
    self.add_url_rule(rule, endpoint, f, **options)
    ~~~~~~~~~~~~~~~~~^^^^^^^^^^^^^^^^^^^^^^^^^^^^^^
  File "/home/administrator/venv/lib/python3.14/site-packages/flask/scaffold.py", line 50, in wrapper_func
    return f(self, *args, **kwargs)
  File "/home/administrator/venv/lib/python3.14/site-packages/flask/app.py", line 1059, in add_url_rule
    raise AssertionError(
    ...<2 lines>...
    )
AssertionError: View function mapping is overwriting an existing endpoint function: api_dvr_probe


======================================================================
CRASH at 2026-09-30T06:50:56.830159
======================================================================
Traceback (most recent call last):
  File "/home/administrator/cctv/app.py", line 532, in <module>
    @app.route("/api/dvr/probe", methods=["POST"])
     ~~~~~~~~~^^^^^^^^^^^^^^^^^^^^^^^^^^^^^^^^^^^^
  File "/home/administrator/venv/lib/python3.14/site-packages/flask/scaffold.py", line 435, in decorator
    self.add_url_rule(rule, endpoint, f, **options)
    ~~~~~~~~~~~~~~~~~^^^^^^^^^^^^^^^^^^^^^^^^^^^^^^
  File "/home/administrator/venv/lib/python3.14/site-packages/flask/scaffold.py", line 50, in wrapper_func
    return f(self, *args, **kwargs)
  File "/home/administrator/venv/lib/python3.14/site-packages/flask/app.py", line 1059, in add_url_rule
    raise AssertionError(
    ...<2 lines>...
    )
AssertionError: View function mapping is overwriting an existing endpoint function: api_dvr_probe


======================================================================
CRASH at 2026-09-30T06:51:02.328923
======================================================================
Traceback (most recent call last):
  File "/home/administrator/cctv/app.py", line 532, in <module>
    @app.route("/api/dvr/probe", methods=["POST"])
     ~~~~~~~~~^^^^^^^^^^^^^^^^^^^^^^^^^^^^^^^^^^^^
  File "/home/administrator/venv/lib/python3.14/site-packages/flask/scaffold.py", line 435, in decorator
    self.add_url_rule(rule, endpoint, f, **options)
    ~~~~~~~~~~~~~~~~~^^^^^^^^^^^^^^^^^^^^^^^^^^^^^^
  File "/home/administrator/venv/lib/python3.14/site-packages/flask/scaffold.py", line 50, in wrapper_func
    return f(self, *args, **kwargs)
  File "/home/administrator/venv/lib/python3.14/site-packages/flask/app.py", line 1059, in add_url_rule
    raise AssertionError(
    ...<2 lines>...
    )
AssertionError: View function mapping is overwriting an existing endpoint function: api_dvr_probe


======================================================================
CRASH at 2026-09-30T06:51:07.832722
======================================================================
Traceback (most recent call last):
  File "/home/administrator/cctv/app.py", line 532, in <module>
    @app.route("/api/dvr/probe", methods=["POST"])
     ~~~~~~~~~^^^^^^^^^^^^^^^^^^^^^^^^^^^^^^^^^^^^
  File "/home/administrator/venv/lib/python3.14/site-packages/flask/scaffold.py", line 435, in decorator
    self.add_url_rule(rule, endpoint, f, **options)
    ~~~~~~~~~~~~~~~~~^^^^^^^^^^^^^^^^^^^^^^^^^^^^^^
  File "/home/administrator/venv/lib/python3.14/site-packages/flask/scaffold.py", line 50, in wrapper_func
    return f(self, *args, **kwargs)
  File "/home/administrator/venv/lib/python3.14/site-packages/flask/app.py", line 1059, in add_url_rule
    raise AssertionError(
    ...<2 lines>...
    )
AssertionError: View function mapping is overwriting an existing endpoint function: api_dvr_probe


======================================================================
CRASH at 2026-09-30T06:51:13.330087
======================================================================
Traceback (most recent call last):
  File "/home/administrator/cctv/app.py", line 532, in <module>
    @app.route("/api/dvr/probe", methods=["POST"])
     ~~~~~~~~~^^^^^^^^^^^^^^^^^^^^^^^^^^^^^^^^^^^^
  File "/home/administrator/venv/lib/python3.14/site-packages/flask/scaffold.py", line 435, in decorator
    self.add_url_rule(rule, endpoint, f, **options)
    ~~~~~~~~~~~~~~~~~^^^^^^^^^^^^^^^^^^^^^^^^^^^^^^
  File "/home/administrator/venv/lib/python3.14/site-packages/flask/scaffold.py", line 50, in wrapper_func
    return f(self, *args, **kwargs)
  File "/home/administrator/venv/lib/python3.14/site-packages/flask/app.py", line 1059, in add_url_rule
    raise AssertionError(
    ...<2 lines>...
    )
AssertionError: View function mapping is overwriting an existing endpoint function: api_dvr_probe


======================================================================
CRASH at 2026-09-30T06:51:18.828396
======================================================================
Traceback (most recent call last):
  File "/home/administrator/cctv/app.py", line 532, in <module>
    @app.route("/api/dvr/probe", methods=["POST"])
     ~~~~~~~~~^^^^^^^^^^^^^^^^^^^^^^^^^^^^^^^^^^^^
  File "/home/administrator/venv/lib/python3.14/site-packages/flask/scaffold.py", line 435, in decorator
    self.add_url_rule(rule, endpoint, f, **options)
    ~~~~~~~~~~~~~~~~~^^^^^^^^^^^^^^^^^^^^^^^^^^^^^^
  File "/home/administrator/venv/lib/python3.14/site-packages/flask/scaffold.py", line 50, in wrapper_func
    return f(self, *args, **kwargs)
  File "/home/administrator/venv/lib/python3.14/site-packages/flask/app.py", line 1059, in add_url_rule
    raise AssertionError(
    ...<2 lines>...
    )
AssertionError: View function mapping is overwriting an existing endpoint function: api_dvr_probe


======================================================================
CRASH at 2026-09-30T06:51:24.328462
======================================================================
Traceback (most recent call last):
  File "/home/administrator/cctv/app.py", line 532, in <module>
    @app.route("/api/dvr/probe", methods=["POST"])
     ~~~~~~~~~^^^^^^^^^^^^^^^^^^^^^^^^^^^^^^^^^^^^
  File "/home/administrator/venv/lib/python3.14/site-packages/flask/scaffold.py", line 435, in decorator
    self.add_url_rule(rule, endpoint, f, **options)
    ~~~~~~~~~~~~~~~~~^^^^^^^^^^^^^^^^^^^^^^^^^^^^^^
  File "/home/administrator/venv/lib/python3.14/site-packages/flask/scaffold.py", line 50, in wrapper_func
    return f(self, *args, **kwargs)
  File "/home/administrator/venv/lib/python3.14/site-packages/flask/app.py", line 1059, in add_url_rule
    raise AssertionError(
    ...<2 lines>...
    )
AssertionError: View function mapping is overwriting an existing endpoint function: api_dvr_probe


======================================================================
CRASH at 2026-09-30T06:51:29.829807
======================================================================
Traceback (most recent call last):
  File "/home/administrator/cctv/app.py", line 532, in <module>
    @app.route("/api/dvr/probe", methods=["POST"])
     ~~~~~~~~~^^^^^^^^^^^^^^^^^^^^^^^^^^^^^^^^^^^^
  File "/home/administrator/venv/lib/python3.14/site-packages/flask/scaffold.py", line 435, in decorator
    self.add_url_rule(rule, endpoint, f, **options)
    ~~~~~~~~~~~~~~~~~^^^^^^^^^^^^^^^^^^^^^^^^^^^^^^
  File "/home/administrator/venv/lib/python3.14/site-packages/flask/scaffold.py", line 50, in wrapper_func
    return f(self, *args, **kwargs)
  File "/home/administrator/venv/lib/python3.14/site-packages/flask/app.py", line 1059, in add_url_rule
    raise AssertionError(
    ...<2 lines>...
    )
AssertionError: View function mapping is overwriting an existing endpoint function: api_dvr_probe


======================================================================
CRASH at 2026-09-30T06:51:35.330515
======================================================================
Traceback (most recent call last):
  File "/home/administrator/cctv/app.py", line 532, in <module>
    @app.route("/api/dvr/probe", methods=["POST"])
     ~~~~~~~~~^^^^^^^^^^^^^^^^^^^^^^^^^^^^^^^^^^^^
  File "/home/administrator/venv/lib/python3.14/site-packages/flask/scaffold.py", line 435, in decorator
    self.add_url_rule(rule, endpoint, f, **options)
    ~~~~~~~~~~~~~~~~~^^^^^^^^^^^^^^^^^^^^^^^^^^^^^^
  File "/home/administrator/venv/lib/python3.14/site-packages/flask/scaffold.py", line 50, in wrapper_func
    return f(self, *args, **kwargs)
  File "/home/administrator/venv/lib/python3.14/site-packages/flask/app.py", line 1059, in add_url_rule
    raise AssertionError(
    ...<2 lines>...
    )
AssertionError: View function mapping is overwriting an existing endpoint function: api_dvr_probe


======================================================================
CRASH at 2026-09-30T06:51:40.829510
======================================================================
Traceback (most recent call last):
  File "/home/administrator/cctv/app.py", line 532, in <module>
    @app.route("/api/dvr/probe", methods=["POST"])
     ~~~~~~~~~^^^^^^^^^^^^^^^^^^^^^^^^^^^^^^^^^^^^
  File "/home/administrator/venv/lib/python3.14/site-packages/flask/scaffold.py", line 435, in decorator
    self.add_url_rule(rule, endpoint, f, **options)
    ~~~~~~~~~~~~~~~~~^^^^^^^^^^^^^^^^^^^^^^^^^^^^^^
  File "/home/administrator/venv/lib/python3.14/site-packages/flask/scaffold.py", line 50, in wrapper_func
    return f(self, *args, **kwargs)
  File "/home/administrator/venv/lib/python3.14/site-packages/flask/app.py", line 1059, in add_url_rule
    raise AssertionError(
    ...<2 lines>...
    )
AssertionError: View function mapping is overwriting an existing endpoint function: api_dvr_probe


======================================================================
CRASH at 2026-09-30T06:51:46.331169
======================================================================
Traceback (most recent call last):
  File "/home/administrator/cctv/app.py", line 532, in <module>
    @app.route("/api/dvr/probe", methods=["POST"])
     ~~~~~~~~~^^^^^^^^^^^^^^^^^^^^^^^^^^^^^^^^^^^^
  File "/home/administrator/venv/lib/python3.14/site-packages/flask/scaffold.py", line 435, in decorator
    self.add_url_rule(rule, endpoint, f, **options)
    ~~~~~~~~~~~~~~~~~^^^^^^^^^^^^^^^^^^^^^^^^^^^^^^
  File "/home/administrator/venv/lib/python3.14/site-packages/flask/scaffold.py", line 50, in wrapper_func
    return f(self, *args, **kwargs)
  File "/home/administrator/venv/lib/python3.14/site-packages/flask/app.py", line 1059, in add_url_rule
    raise AssertionError(
    ...<2 lines>...
    )
AssertionError: View function mapping is overwriting an existing endpoint function: api_dvr_probe


======================================================================
CRASH at 2026-09-30T06:51:51.829007
======================================================================
Traceback (most recent call last):
  File "/home/administrator/cctv/app.py", line 532, in <module>
    @app.route("/api/dvr/probe", methods=["POST"])
     ~~~~~~~~~^^^^^^^^^^^^^^^^^^^^^^^^^^^^^^^^^^^^
  File "/home/administrator/venv/lib/python3.14/site-packages/flask/scaffold.py", line 435, in decorator
    self.add_url_rule(rule, endpoint, f, **options)
    ~~~~~~~~~~~~~~~~~^^^^^^^^^^^^^^^^^^^^^^^^^^^^^^
  File "/home/administrator/venv/lib/python3.14/site-packages/flask/scaffold.py", line 50, in wrapper_func
    return f(self, *args, **kwargs)
  File "/home/administrator/venv/lib/python3.14/site-packages/flask/app.py", line 1059, in add_url_rule
    raise AssertionError(
    ...<2 lines>...
    )
AssertionError: View function mapping is overwriting an existing endpoint function: api_dvr_probe


======================================================================
CRASH at 2026-09-30T06:51:57.328664
======================================================================
Traceback (most recent call last):
  File "/home/administrator/cctv/app.py", line 532, in <module>
    @app.route("/api/dvr/probe", methods=["POST"])
     ~~~~~~~~~^^^^^^^^^^^^^^^^^^^^^^^^^^^^^^^^^^^^
  File "/home/administrator/venv/lib/python3.14/site-packages/flask/scaffold.py", line 435, in decorator
    self.add_url_rule(rule, endpoint, f, **options)
    ~~~~~~~~~~~~~~~~~^^^^^^^^^^^^^^^^^^^^^^^^^^^^^^
  File "/home/administrator/venv/lib/python3.14/site-packages/flask/scaffold.py", line 50, in wrapper_func
    return f(self, *args, **kwargs)
  File "/home/administrator/venv/lib/python3.14/site-packages/flask/app.py", line 1059, in add_url_rule
    raise AssertionError(
    ...<2 lines>...
    )
AssertionError: View function mapping is overwriting an existing endpoint function: api_dvr_probe


======================================================================
CRASH at 2026-09-30T06:52:02.831626
======================================================================
Traceback (most recent call last):
  File "/home/administrator/cctv/app.py", line 532, in <module>
    @app.route("/api/dvr/probe", methods=["POST"])
     ~~~~~~~~~^^^^^^^^^^^^^^^^^^^^^^^^^^^^^^^^^^^^
  File "/home/administrator/venv/lib/python3.14/site-packages/flask/scaffold.py", line 435, in decorator
    self.add_url_rule(rule, endpoint, f, **options)
    ~~~~~~~~~~~~~~~~~^^^^^^^^^^^^^^^^^^^^^^^^^^^^^^
  File "/home/administrator/venv/lib/python3.14/site-packages/flask/scaffold.py", line 50, in wrapper_func
    return f(self, *args, **kwargs)
  File "/home/administrator/venv/lib/python3.14/site-packages/flask/app.py", line 1059, in add_url_rule
    raise AssertionError(
    ...<2 lines>...
    )
AssertionError: View function mapping is overwriting an existing endpoint function: api_dvr_probe


======================================================================
CRASH at 2026-09-30T06:52:08.327367
======================================================================
Traceback (most recent call last):
  File "/home/administrator/cctv/app.py", line 532, in <module>
    @app.route("/api/dvr/probe", methods=["POST"])
     ~~~~~~~~~^^^^^^^^^^^^^^^^^^^^^^^^^^^^^^^^^^^^
  File "/home/administrator/venv/lib/python3.14/site-packages/flask/scaffold.py", line 435, in decorator
    self.add_url_rule(rule, endpoint, f, **options)
    ~~~~~~~~~~~~~~~~~^^^^^^^^^^^^^^^^^^^^^^^^^^^^^^
  File "/home/administrator/venv/lib/python3.14/site-packages/flask/scaffold.py", line 50, in wrapper_func
    return f(self, *args, **kwargs)
  File "/home/administrator/venv/lib/python3.14/site-packages/flask/app.py", line 1059, in add_url_rule
    raise AssertionError(
    ...<2 lines>...
    )
AssertionError: View function mapping is overwriting an existing endpoint function: api_dvr_probe


======================================================================
CRASH at 2026-09-30T06:52:13.830579
======================================================================
Traceback (most recent call last):
  File "/home/administrator/cctv/app.py", line 532, in <module>
    @app.route("/api/dvr/probe", methods=["POST"])
     ~~~~~~~~~^^^^^^^^^^^^^^^^^^^^^^^^^^^^^^^^^^^^
  File "/home/administrator/venv/lib/python3.14/site-packages/flask/scaffold.py", line 435, in decorator
    self.add_url_rule(rule, endpoint, f, **options)
    ~~~~~~~~~~~~~~~~~^^^^^^^^^^^^^^^^^^^^^^^^^^^^^^
  File "/home/administrator/venv/lib/python3.14/site-packages/flask/scaffold.py", line 50, in wrapper_func
    return f(self, *args, **kwargs)
  File "/home/administrator/venv/lib/python3.14/site-packages/flask/app.py", line 1059, in add_url_rule
    raise AssertionError(
    ...<2 lines>...
    )
AssertionError: View function mapping is overwriting an existing endpoint function: api_dvr_probe


======================================================================
CRASH at 2026-09-30T06:52:19.327034
======================================================================
Traceback (most recent call last):
  File "/home/administrator/cctv/app.py", line 532, in <module>
    @app.route("/api/dvr/probe", methods=["POST"])
     ~~~~~~~~~^^^^^^^^^^^^^^^^^^^^^^^^^^^^^^^^^^^^
  File "/home/administrator/venv/lib/python3.14/site-packages/flask/scaffold.py", line 435, in decorator
    self.add_url_rule(rule, endpoint, f, **options)
    ~~~~~~~~~~~~~~~~~^^^^^^^^^^^^^^^^^^^^^^^^^^^^^^
  File "/home/administrator/venv/lib/python3.14/site-packages/flask/scaffold.py", line 50, in wrapper_func
    return f(self, *args, **kwargs)
  File "/home/administrator/venv/lib/python3.14/site-packages/flask/app.py", line 1059, in add_url_rule
    raise AssertionError(
    ...<2 lines>...
    )
AssertionError: View function mapping is overwriting an existing endpoint function: api_dvr_probe


======================================================================
CRASH at 2026-09-30T06:52:24.832272
======================================================================
Traceback (most recent call last):
  File "/home/administrator/cctv/app.py", line 532, in <module>
    @app.route("/api/dvr/probe", methods=["POST"])
     ~~~~~~~~~^^^^^^^^^^^^^^^^^^^^^^^^^^^^^^^^^^^^
  File "/home/administrator/venv/lib/python3.14/site-packages/flask/scaffold.py", line 435, in decorator
    self.add_url_rule(rule, endpoint, f, **options)
    ~~~~~~~~~~~~~~~~~^^^^^^^^^^^^^^^^^^^^^^^^^^^^^^
  File "/home/administrator/venv/lib/python3.14/site-packages/flask/scaffold.py", line 50, in wrapper_func
    return f(self, *args, **kwargs)
  File "/home/administrator/venv/lib/python3.14/site-packages/flask/app.py", line 1059, in add_url_rule
    raise AssertionError(
    ...<2 lines>...
    )
AssertionError: View function mapping is overwriting an existing endpoint function: api_dvr_probe


======================================================================
CRASH at 2026-09-30T06:52:30.334307
======================================================================
Traceback (most recent call last):
  File "/home/administrator/cctv/app.py", line 532, in <module>
    @app.route("/api/dvr/probe", methods=["POST"])
     ~~~~~~~~~^^^^^^^^^^^^^^^^^^^^^^^^^^^^^^^^^^^^
  File "/home/administrator/venv/lib/python3.14/site-packages/flask/scaffold.py", line 435, in decorator
    self.add_url_rule(rule, endpoint, f, **options)
    ~~~~~~~~~~~~~~~~~^^^^^^^^^^^^^^^^^^^^^^^^^^^^^^
  File "/home/administrator/venv/lib/python3.14/site-packages/flask/scaffold.py", line 50, in wrapper_func
    return f(self, *args, **kwargs)
  File "/home/administrator/venv/lib/python3.14/site-packages/flask/app.py", line 1059, in add_url_rule
    raise AssertionError(
    ...<2 lines>...
    )
AssertionError: View function mapping is overwriting an existing endpoint function: api_dvr_probe


======================================================================
CRASH at 2026-09-30T06:52:35.829848
======================================================================
Traceback (most recent call last):
  File "/home/administrator/cctv/app.py", line 532, in <module>
    @app.route("/api/dvr/probe", methods=["POST"])
     ~~~~~~~~~^^^^^^^^^^^^^^^^^^^^^^^^^^^^^^^^^^^^
  File "/home/administrator/venv/lib/python3.14/site-packages/flask/scaffold.py", line 435, in decorator
    self.add_url_rule(rule, endpoint, f, **options)
    ~~~~~~~~~~~~~~~~~^^^^^^^^^^^^^^^^^^^^^^^^^^^^^^
  File "/home/administrator/venv/lib/python3.14/site-packages/flask/scaffold.py", line 50, in wrapper_func
    return f(self, *args, **kwargs)
  File "/home/administrator/venv/lib/python3.14/site-packages/flask/app.py", line 1059, in add_url_rule
    raise AssertionError(
    ...<2 lines>...
    )
AssertionError: View function mapping is overwriting an existing endpoint function: api_dvr_probe


======================================================================
CRASH at 2026-09-30T06:52:41.330037
======================================================================
Traceback (most recent call last):
  File "/home/administrator/cctv/app.py", line 532, in <module>
    @app.route("/api/dvr/probe", methods=["POST"])
     ~~~~~~~~~^^^^^^^^^^^^^^^^^^^^^^^^^^^^^^^^^^^^
  File "/home/administrator/venv/lib/python3.14/site-packages/flask/scaffold.py", line 435, in decorator
    self.add_url_rule(rule, endpoint, f, **options)
    ~~~~~~~~~~~~~~~~~^^^^^^^^^^^^^^^^^^^^^^^^^^^^^^
  File "/home/administrator/venv/lib/python3.14/site-packages/flask/scaffold.py", line 50, in wrapper_func
    return f(self, *args, **kwargs)
  File "/home/administrator/venv/lib/python3.14/site-packages/flask/app.py", line 1059, in add_url_rule
    raise AssertionError(
    ...<2 lines>...
    )
AssertionError: View function mapping is overwriting an existing endpoint function: api_dvr_probe


======================================================================
CRASH at 2026-09-30T06:52:46.828422
======================================================================
Traceback (most recent call last):
  File "/home/administrator/cctv/app.py", line 532, in <module>
    @app.route("/api/dvr/probe", methods=["POST"])
     ~~~~~~~~~^^^^^^^^^^^^^^^^^^^^^^^^^^^^^^^^^^^^
  File "/home/administrator/venv/lib/python3.14/site-packages/flask/scaffold.py", line 435, in decorator
    self.add_url_rule(rule, endpoint, f, **options)
    ~~~~~~~~~~~~~~~~~^^^^^^^^^^^^^^^^^^^^^^^^^^^^^^
  File "/home/administrator/venv/lib/python3.14/site-packages/flask/scaffold.py", line 50, in wrapper_func
    return f(self, *args, **kwargs)
  File "/home/administrator/venv/lib/python3.14/site-packages/flask/app.py", line 1059, in add_url_rule
    raise AssertionError(
    ...<2 lines>...
    )
AssertionError: View function mapping is overwriting an existing endpoint function: api_dvr_probe


======================================================================
CRASH at 2026-09-30T06:52:52.327485
======================================================================
Traceback (most recent call last):
  File "/home/administrator/cctv/app.py", line 532, in <module>
    @app.route("/api/dvr/probe", methods=["POST"])
     ~~~~~~~~~^^^^^^^^^^^^^^^^^^^^^^^^^^^^^^^^^^^^
  File "/home/administrator/venv/lib/python3.14/site-packages/flask/scaffold.py", line 435, in decorator
    self.add_url_rule(rule, endpoint, f, **options)
    ~~~~~~~~~~~~~~~~~^^^^^^^^^^^^^^^^^^^^^^^^^^^^^^
  File "/home/administrator/venv/lib/python3.14/site-packages/flask/scaffold.py", line 50, in wrapper_func
    return f(self, *args, **kwargs)
  File "/home/administrator/venv/lib/python3.14/site-packages/flask/app.py", line 1059, in add_url_rule
    raise AssertionError(
    ...<2 lines>...
    )
AssertionError: View function mapping is overwriting an existing endpoint function: api_dvr_probe


======================================================================
CRASH at 2026-09-30T06:52:57.830048
======================================================================
Traceback (most recent call last):
  File "/home/administrator/cctv/app.py", line 532, in <module>
    @app.route("/api/dvr/probe", methods=["POST"])
     ~~~~~~~~~^^^^^^^^^^^^^^^^^^^^^^^^^^^^^^^^^^^^
  File "/home/administrator/venv/lib/python3.14/site-packages/flask/scaffold.py", line 435, in decorator
    self.add_url_rule(rule, endpoint, f, **options)
    ~~~~~~~~~~~~~~~~~^^^^^^^^^^^^^^^^^^^^^^^^^^^^^^
  File "/home/administrator/venv/lib/python3.14/site-packages/flask/scaffold.py", line 50, in wrapper_func
    return f(self, *args, **kwargs)
  File "/home/administrator/venv/lib/python3.14/site-packages/flask/app.py", line 1059, in add_url_rule
    raise AssertionError(
    ...<2 lines>...
    )
AssertionError: View function mapping is overwriting an existing endpoint function: api_dvr_probe


======================================================================
CRASH at 2026-09-30T06:53:03.327185
======================================================================
Traceback (most recent call last):
  File "/home/administrator/cctv/app.py", line 532, in <module>
    @app.route("/api/dvr/probe", methods=["POST"])
     ~~~~~~~~~^^^^^^^^^^^^^^^^^^^^^^^^^^^^^^^^^^^^
  File "/home/administrator/venv/lib/python3.14/site-packages/flask/scaffold.py", line 435, in decorator
    self.add_url_rule(rule, endpoint, f, **options)
    ~~~~~~~~~~~~~~~~~^^^^^^^^^^^^^^^^^^^^^^^^^^^^^^
  File "/home/administrator/venv/lib/python3.14/site-packages/flask/scaffold.py", line 50, in wrapper_func
    return f(self, *args, **kwargs)
  File "/home/administrator/venv/lib/python3.14/site-packages/flask/app.py", line 1059, in add_url_rule
    raise AssertionError(
    ...<2 lines>...
    )
AssertionError: View function mapping is overwriting an existing endpoint function: api_dvr_probe


======================================================================
CRASH at 2026-09-30T06:53:08.828157
======================================================================
Traceback (most recent call last):
  File "/home/administrator/cctv/app.py", line 532, in <module>
    @app.route("/api/dvr/probe", methods=["POST"])
     ~~~~~~~~~^^^^^^^^^^^^^^^^^^^^^^^^^^^^^^^^^^^^
  File "/home/administrator/venv/lib/python3.14/site-packages/flask/scaffold.py", line 435, in decorator
    self.add_url_rule(rule, endpoint, f, **options)
    ~~~~~~~~~~~~~~~~~^^^^^^^^^^^^^^^^^^^^^^^^^^^^^^
  File "/home/administrator/venv/lib/python3.14/site-packages/flask/scaffold.py", line 50, in wrapper_func
    return f(self, *args, **kwargs)
  File "/home/administrator/venv/lib/python3.14/site-packages/flask/app.py", line 1059, in add_url_rule
    raise AssertionError(
    ...<2 lines>...
    )
AssertionError: View function mapping is overwriting an existing endpoint function: api_dvr_probe


======================================================================
CRASH at 2026-09-30T06:53:14.336461
======================================================================
Traceback (most recent call last):
  File "/home/administrator/cctv/app.py", line 532, in <module>
    @app.route("/api/dvr/probe", methods=["POST"])
     ~~~~~~~~~^^^^^^^^^^^^^^^^^^^^^^^^^^^^^^^^^^^^
  File "/home/administrator/venv/lib/python3.14/site-packages/flask/scaffold.py", line 435, in decorator
    self.add_url_rule(rule, endpoint, f, **options)
    ~~~~~~~~~~~~~~~~~^^^^^^^^^^^^^^^^^^^^^^^^^^^^^^
  File "/home/administrator/venv/lib/python3.14/site-packages/flask/scaffold.py", line 50, in wrapper_func
    return f(self, *args, **kwargs)
  File "/home/administrator/venv/lib/python3.14/site-packages/flask/app.py", line 1059, in add_url_rule
    raise AssertionError(
    ...<2 lines>...
    )
AssertionError: View function mapping is overwriting an existing endpoint function: api_dvr_probe


======================================================================
CRASH at 2026-09-30T06:53:19.828848
======================================================================
Traceback (most recent call last):
  File "/home/administrator/cctv/app.py", line 532, in <module>
    @app.route("/api/dvr/probe", methods=["POST"])
     ~~~~~~~~~^^^^^^^^^^^^^^^^^^^^^^^^^^^^^^^^^^^^
  File "/home/administrator/venv/lib/python3.14/site-packages/flask/scaffold.py", line 435, in decorator
    self.add_url_rule(rule, endpoint, f, **options)
    ~~~~~~~~~~~~~~~~~^^^^^^^^^^^^^^^^^^^^^^^^^^^^^^
  File "/home/administrator/venv/lib/python3.14/site-packages/flask/scaffold.py", line 50, in wrapper_func
    return f(self, *args, **kwargs)
  File "/home/administrator/venv/lib/python3.14/site-packages/flask/app.py", line 1059, in add_url_rule
    raise AssertionError(
    ...<2 lines>...
    )
AssertionError: View function mapping is overwriting an existing endpoint function: api_dvr_probe


======================================================================
CRASH at 2026-09-30T06:53:25.330283
======================================================================
Traceback (most recent call last):
  File "/home/administrator/cctv/app.py", line 532, in <module>
    @app.route("/api/dvr/probe", methods=["POST"])
     ~~~~~~~~~^^^^^^^^^^^^^^^^^^^^^^^^^^^^^^^^^^^^
  File "/home/administrator/venv/lib/python3.14/site-packages/flask/scaffold.py", line 435, in decorator
    self.add_url_rule(rule, endpoint, f, **options)
    ~~~~~~~~~~~~~~~~~^^^^^^^^^^^^^^^^^^^^^^^^^^^^^^
  File "/home/administrator/venv/lib/python3.14/site-packages/flask/scaffold.py", line 50, in wrapper_func
    return f(self, *args, **kwargs)
  File "/home/administrator/venv/lib/python3.14/site-packages/flask/app.py", line 1059, in add_url_rule
    raise AssertionError(
    ...<2 lines>...
    )
AssertionError: View function mapping is overwriting an existing endpoint function: api_dvr_probe


======================================================================
CRASH at 2026-09-30T06:53:30.830018
======================================================================
Traceback (most recent call last):
  File "/home/administrator/cctv/app.py", line 532, in <module>
    @app.route("/api/dvr/probe", methods=["POST"])
     ~~~~~~~~~^^^^^^^^^^^^^^^^^^^^^^^^^^^^^^^^^^^^
  File "/home/administrator/venv/lib/python3.14/site-packages/flask/scaffold.py", line 435, in decorator
    self.add_url_rule(rule, endpoint, f, **options)
    ~~~~~~~~~~~~~~~~~^^^^^^^^^^^^^^^^^^^^^^^^^^^^^^
  File "/home/administrator/venv/lib/python3.14/site-packages/flask/scaffold.py", line 50, in wrapper_func
    return f(self, *args, **kwargs)
  File "/home/administrator/venv/lib/python3.14/site-packages/flask/app.py", line 1059, in add_url_rule
    raise AssertionError(
    ...<2 lines>...
    )
AssertionError: View function mapping is overwriting an existing endpoint function: api_dvr_probe


======================================================================
CRASH at 2026-09-30T06:53:36.328590
======================================================================
Traceback (most recent call last):
  File "/home/administrator/cctv/app.py", line 532, in <module>
    @app.route("/api/dvr/probe", methods=["POST"])
     ~~~~~~~~~^^^^^^^^^^^^^^^^^^^^^^^^^^^^^^^^^^^^
  File "/home/administrator/venv/lib/python3.14/site-packages/flask/scaffold.py", line 435, in decorator
    self.add_url_rule(rule, endpoint, f, **options)
    ~~~~~~~~~~~~~~~~~^^^^^^^^^^^^^^^^^^^^^^^^^^^^^^
  File "/home/administrator/venv/lib/python3.14/site-packages/flask/scaffold.py", line 50, in wrapper_func
    return f(self, *args, **kwargs)
  File "/home/administrator/venv/lib/python3.14/site-packages/flask/app.py", line 1059, in add_url_rule
    raise AssertionError(
    ...<2 lines>...
    )
AssertionError: View function mapping is overwriting an existing endpoint function: api_dvr_probe


======================================================================
CRASH at 2026-09-30T06:53:41.830931
======================================================================
Traceback (most recent call last):
  File "/home/administrator/cctv/app.py", line 532, in <module>
    @app.route("/api/dvr/probe", methods=["POST"])
     ~~~~~~~~~^^^^^^^^^^^^^^^^^^^^^^^^^^^^^^^^^^^^
  File "/home/administrator/venv/lib/python3.14/site-packages/flask/scaffold.py", line 435, in decorator
    self.add_url_rule(rule, endpoint, f, **options)
    ~~~~~~~~~~~~~~~~~^^^^^^^^^^^^^^^^^^^^^^^^^^^^^^
  File "/home/administrator/venv/lib/python3.14/site-packages/flask/scaffold.py", line 50, in wrapper_func
    return f(self, *args, **kwargs)
  File "/home/administrator/venv/lib/python3.14/site-packages/flask/app.py", line 1059, in add_url_rule
    raise AssertionError(
    ...<2 lines>...
    )
AssertionError: View function mapping is overwriting an existing endpoint function: api_dvr_probe


======================================================================
CRASH at 2026-09-30T06:53:47.331394
======================================================================
Traceback (most recent call last):
  File "/home/administrator/cctv/app.py", line 532, in <module>
    @app.route("/api/dvr/probe", methods=["POST"])
     ~~~~~~~~~^^^^^^^^^^^^^^^^^^^^^^^^^^^^^^^^^^^^
  File "/home/administrator/venv/lib/python3.14/site-packages/flask/scaffold.py", line 435, in decorator
    self.add_url_rule(rule, endpoint, f, **options)
    ~~~~~~~~~~~~~~~~~^^^^^^^^^^^^^^^^^^^^^^^^^^^^^^
  File "/home/administrator/venv/lib/python3.14/site-packages/flask/scaffold.py", line 50, in wrapper_func
    return f(self, *args, **kwargs)
  File "/home/administrator/venv/lib/python3.14/site-packages/flask/app.py", line 1059, in add_url_rule
    raise AssertionError(
    ...<2 lines>...
    )
AssertionError: View function mapping is overwriting an existing endpoint function: api_dvr_probe


======================================================================
CRASH at 2026-09-30T06:53:52.833822
======================================================================
Traceback (most recent call last):
  File "/home/administrator/cctv/app.py", line 532, in <module>
    @app.route("/api/dvr/probe", methods=["POST"])
     ~~~~~~~~~^^^^^^^^^^^^^^^^^^^^^^^^^^^^^^^^^^^^
  File "/home/administrator/venv/lib/python3.14/site-packages/flask/scaffold.py", line 435, in decorator
    self.add_url_rule(rule, endpoint, f, **options)
    ~~~~~~~~~~~~~~~~~^^^^^^^^^^^^^^^^^^^^^^^^^^^^^^
  File "/home/administrator/venv/lib/python3.14/site-packages/flask/scaffold.py", line 50, in wrapper_func
    return f(self, *args, **kwargs)
  File "/home/administrator/venv/lib/python3.14/site-packages/flask/app.py", line 1059, in add_url_rule
    raise AssertionError(
    ...<2 lines>...
    )
AssertionError: View function mapping is overwriting an existing endpoint function: api_dvr_probe


======================================================================
CRASH at 2026-09-30T06:53:58.328104
======================================================================
Traceback (most recent call last):
  File "/home/administrator/cctv/app.py", line 532, in <module>
    @app.route("/api/dvr/probe", methods=["POST"])
     ~~~~~~~~~^^^^^^^^^^^^^^^^^^^^^^^^^^^^^^^^^^^^
  File "/home/administrator/venv/lib/python3.14/site-packages/flask/scaffold.py", line 435, in decorator
    self.add_url_rule(rule, endpoint, f, **options)
    ~~~~~~~~~~~~~~~~~^^^^^^^^^^^^^^^^^^^^^^^^^^^^^^
  File "/home/administrator/venv/lib/python3.14/site-packages/flask/scaffold.py", line 50, in wrapper_func
    return f(self, *args, **kwargs)
  File "/home/administrator/venv/lib/python3.14/site-packages/flask/app.py", line 1059, in add_url_rule
    raise AssertionError(
    ...<2 lines>...
    )
AssertionError: View function mapping is overwriting an existing endpoint function: api_dvr_probe


======================================================================
CRASH at 2026-09-30T06:54:03.828368
======================================================================
Traceback (most recent call last):
  File "/home/administrator/cctv/app.py", line 532, in <module>
    @app.route("/api/dvr/probe", methods=["POST"])
     ~~~~~~~~~^^^^^^^^^^^^^^^^^^^^^^^^^^^^^^^^^^^^
  File "/home/administrator/venv/lib/python3.14/site-packages/flask/scaffold.py", line 435, in decorator
    self.add_url_rule(rule, endpoint, f, **options)
    ~~~~~~~~~~~~~~~~~^^^^^^^^^^^^^^^^^^^^^^^^^^^^^^
  File "/home/administrator/venv/lib/python3.14/site-packages/flask/scaffold.py", line 50, in wrapper_func
    return f(self, *args, **kwargs)
  File "/home/administrator/venv/lib/python3.14/site-packages/flask/app.py", line 1059, in add_url_rule
    raise AssertionError(
    ...<2 lines>...
    )
AssertionError: View function mapping is overwriting an existing endpoint function: api_dvr_probe


======================================================================
CRASH at 2026-09-30T06:54:09.331973
======================================================================
Traceback (most recent call last):
  File "/home/administrator/cctv/app.py", line 532, in <module>
    @app.route("/api/dvr/probe", methods=["POST"])
     ~~~~~~~~~^^^^^^^^^^^^^^^^^^^^^^^^^^^^^^^^^^^^
  File "/home/administrator/venv/lib/python3.14/site-packages/flask/scaffold.py", line 435, in decorator
    self.add_url_rule(rule, endpoint, f, **options)
    ~~~~~~~~~~~~~~~~~^^^^^^^^^^^^^^^^^^^^^^^^^^^^^^
  File "/home/administrator/venv/lib/python3.14/site-packages/flask/scaffold.py", line 50, in wrapper_func
    return f(self, *args, **kwargs)
  File "/home/administrator/venv/lib/python3.14/site-packages/flask/app.py", line 1059, in add_url_rule
    raise AssertionError(
    ...<2 lines>...
    )
AssertionError: View function mapping is overwriting an existing endpoint function: api_dvr_probe


======================================================================
CRASH at 2026-09-30T06:54:14.830688
======================================================================
Traceback (most recent call last):
  File "/home/administrator/cctv/app.py", line 532, in <module>
    @app.route("/api/dvr/probe", methods=["POST"])
     ~~~~~~~~~^^^^^^^^^^^^^^^^^^^^^^^^^^^^^^^^^^^^
  File "/home/administrator/venv/lib/python3.14/site-packages/flask/scaffold.py", line 435, in decorator
    self.add_url_rule(rule, endpoint, f, **options)
    ~~~~~~~~~~~~~~~~~^^^^^^^^^^^^^^^^^^^^^^^^^^^^^^
  File "/home/administrator/venv/lib/python3.14/site-packages/flask/scaffold.py", line 50, in wrapper_func
    return f(self, *args, **kwargs)
  File "/home/administrator/venv/lib/python3.14/site-packages/flask/app.py", line 1059, in add_url_rule
    raise AssertionError(
    ...<2 lines>...
    )
AssertionError: View function mapping is overwriting an existing endpoint function: api_dvr_probe


======================================================================
CRASH at 2026-09-30T06:54:20.328665
======================================================================
Traceback (most recent call last):
  File "/home/administrator/cctv/app.py", line 532, in <module>
    @app.route("/api/dvr/probe", methods=["POST"])
     ~~~~~~~~~^^^^^^^^^^^^^^^^^^^^^^^^^^^^^^^^^^^^
  File "/home/administrator/venv/lib/python3.14/site-packages/flask/scaffold.py", line 435, in decorator
    self.add_url_rule(rule, endpoint, f, **options)
    ~~~~~~~~~~~~~~~~~^^^^^^^^^^^^^^^^^^^^^^^^^^^^^^
  File "/home/administrator/venv/lib/python3.14/site-packages/flask/scaffold.py", line 50, in wrapper_func
    return f(self, *args, **kwargs)
  File "/home/administrator/venv/lib/python3.14/site-packages/flask/app.py", line 1059, in add_url_rule
    raise AssertionError(
    ...<2 lines>...
    )
AssertionError: View function mapping is overwriting an existing endpoint function: api_dvr_probe


======================================================================
CRASH at 2026-09-30T06:54:25.833933
======================================================================
Traceback (most recent call last):
  File "/home/administrator/cctv/app.py", line 532, in <module>
    @app.route("/api/dvr/probe", methods=["POST"])
     ~~~~~~~~~^^^^^^^^^^^^^^^^^^^^^^^^^^^^^^^^^^^^
  File "/home/administrator/venv/lib/python3.14/site-packages/flask/scaffold.py", line 435, in decorator
    self.add_url_rule(rule, endpoint, f, **options)
    ~~~~~~~~~~~~~~~~~^^^^^^^^^^^^^^^^^^^^^^^^^^^^^^
  File "/home/administrator/venv/lib/python3.14/site-packages/flask/scaffold.py", line 50, in wrapper_func
    return f(self, *args, **kwargs)
  File "/home/administrator/venv/lib/python3.14/site-packages/flask/app.py", line 1059, in add_url_rule
    raise AssertionError(
    ...<2 lines>...
    )
AssertionError: View function mapping is overwriting an existing endpoint function: api_dvr_probe


======================================================================
CRASH at 2026-09-30T06:54:31.328282
======================================================================
Traceback (most recent call last):
  File "/home/administrator/cctv/app.py", line 532, in <module>
    @app.route("/api/dvr/probe", methods=["POST"])
     ~~~~~~~~~^^^^^^^^^^^^^^^^^^^^^^^^^^^^^^^^^^^^
  File "/home/administrator/venv/lib/python3.14/site-packages/flask/scaffold.py", line 435, in decorator
    self.add_url_rule(rule, endpoint, f, **options)
    ~~~~~~~~~~~~~~~~~^^^^^^^^^^^^^^^^^^^^^^^^^^^^^^
  File "/home/administrator/venv/lib/python3.14/site-packages/flask/scaffold.py", line 50, in wrapper_func
    return f(self, *args, **kwargs)
  File "/home/administrator/venv/lib/python3.14/site-packages/flask/app.py", line 1059, in add_url_rule
    raise AssertionError(
    ...<2 lines>...
    )
AssertionError: View function mapping is overwriting an existing endpoint function: api_dvr_probe


======================================================================
CRASH at 2026-09-30T06:54:36.830912
======================================================================
Traceback (most recent call last):
  File "/home/administrator/cctv/app.py", line 532, in <module>
    @app.route("/api/dvr/probe", methods=["POST"])
     ~~~~~~~~~^^^^^^^^^^^^^^^^^^^^^^^^^^^^^^^^^^^^
  File "/home/administrator/venv/lib/python3.14/site-packages/flask/scaffold.py", line 435, in decorator
    self.add_url_rule(rule, endpoint, f, **options)
    ~~~~~~~~~~~~~~~~~^^^^^^^^^^^^^^^^^^^^^^^^^^^^^^
  File "/home/administrator/venv/lib/python3.14/site-packages/flask/scaffold.py", line 50, in wrapper_func
    return f(self, *args, **kwargs)
  File "/home/administrator/venv/lib/python3.14/site-packages/flask/app.py", line 1059, in add_url_rule
    raise AssertionError(
    ...<2 lines>...
    )
AssertionError: View function mapping is overwriting an existing endpoint function: api_dvr_probe


======================================================================
CRASH at 2026-09-30T06:54:42.330120
======================================================================
Traceback (most recent call last):
  File "/home/administrator/cctv/app.py", line 532, in <module>
    @app.route("/api/dvr/probe", methods=["POST"])
     ~~~~~~~~~^^^^^^^^^^^^^^^^^^^^^^^^^^^^^^^^^^^^
  File "/home/administrator/venv/lib/python3.14/site-packages/flask/scaffold.py", line 435, in decorator
    self.add_url_rule(rule, endpoint, f, **options)
    ~~~~~~~~~~~~~~~~~^^^^^^^^^^^^^^^^^^^^^^^^^^^^^^
  File "/home/administrator/venv/lib/python3.14/site-packages/flask/scaffold.py", line 50, in wrapper_func
    return f(self, *args, **kwargs)
  File "/home/administrator/venv/lib/python3.14/site-packages/flask/app.py", line 1059, in add_url_rule
    raise AssertionError(
    ...<2 lines>...
    )
AssertionError: View function mapping is overwriting an existing endpoint function: api_dvr_probe


======================================================================
CRASH at 2026-09-30T06:54:47.828722
======================================================================
Traceback (most recent call last):
  File "/home/administrator/cctv/app.py", line 532, in <module>
    @app.route("/api/dvr/probe", methods=["POST"])
     ~~~~~~~~~^^^^^^^^^^^^^^^^^^^^^^^^^^^^^^^^^^^^
  File "/home/administrator/venv/lib/python3.14/site-packages/flask/scaffold.py", line 435, in decorator
    self.add_url_rule(rule, endpoint, f, **options)
    ~~~~~~~~~~~~~~~~~^^^^^^^^^^^^^^^^^^^^^^^^^^^^^^
  File "/home/administrator/venv/lib/python3.14/site-packages/flask/scaffold.py", line 50, in wrapper_func
    return f(self, *args, **kwargs)
  File "/home/administrator/venv/lib/python3.14/site-packages/flask/app.py", line 1059, in add_url_rule
    raise AssertionError(
    ...<2 lines>...
    )
AssertionError: View function mapping is overwriting an existing endpoint function: api_dvr_probe


======================================================================
CRASH at 2026-09-30T06:54:53.328059
======================================================================
Traceback (most recent call last):
  File "/home/administrator/cctv/app.py", line 532, in <module>
    @app.route("/api/dvr/probe", methods=["POST"])
     ~~~~~~~~~^^^^^^^^^^^^^^^^^^^^^^^^^^^^^^^^^^^^
  File "/home/administrator/venv/lib/python3.14/site-packages/flask/scaffold.py", line 435, in decorator
    self.add_url_rule(rule, endpoint, f, **options)
    ~~~~~~~~~~~~~~~~~^^^^^^^^^^^^^^^^^^^^^^^^^^^^^^
  File "/home/administrator/venv/lib/python3.14/site-packages/flask/scaffold.py", line 50, in wrapper_func
    return f(self, *args, **kwargs)
  File "/home/administrator/venv/lib/python3.14/site-packages/flask/app.py", line 1059, in add_url_rule
    raise AssertionError(
    ...<2 lines>...
    )
AssertionError: View function mapping is overwriting an existing endpoint function: api_dvr_probe


======================================================================
CRASH at 2026-09-30T06:54:58.829004
======================================================================
Traceback (most recent call last):
  File "/home/administrator/cctv/app.py", line 532, in <module>
    @app.route("/api/dvr/probe", methods=["POST"])
     ~~~~~~~~~^^^^^^^^^^^^^^^^^^^^^^^^^^^^^^^^^^^^
  File "/home/administrator/venv/lib/python3.14/site-packages/flask/scaffold.py", line 435, in decorator
    self.add_url_rule(rule, endpoint, f, **options)
    ~~~~~~~~~~~~~~~~~^^^^^^^^^^^^^^^^^^^^^^^^^^^^^^
  File "/home/administrator/venv/lib/python3.14/site-packages/flask/scaffold.py", line 50, in wrapper_func
    return f(self, *args, **kwargs)
  File "/home/administrator/venv/lib/python3.14/site-packages/flask/app.py", line 1059, in add_url_rule
    raise AssertionError(
    ...<2 lines>...
    )
AssertionError: View function mapping is overwriting an existing endpoint function: api_dvr_probe


======================================================================
CRASH at 2026-09-30T06:55:04.327663
======================================================================
Traceback (most recent call last):
  File "/home/administrator/cctv/app.py", line 532, in <module>
    @app.route("/api/dvr/probe", methods=["POST"])
     ~~~~~~~~~^^^^^^^^^^^^^^^^^^^^^^^^^^^^^^^^^^^^
  File "/home/administrator/venv/lib/python3.14/site-packages/flask/scaffold.py", line 435, in decorator
    self.add_url_rule(rule, endpoint, f, **options)
    ~~~~~~~~~~~~~~~~~^^^^^^^^^^^^^^^^^^^^^^^^^^^^^^
  File "/home/administrator/venv/lib/python3.14/site-packages/flask/scaffold.py", line 50, in wrapper_func
    return f(self, *args, **kwargs)
  File "/home/administrator/venv/lib/python3.14/site-packages/flask/app.py", line 1059, in add_url_rule
    raise AssertionError(
    ...<2 lines>...
    )
AssertionError: View function mapping is overwriting an existing endpoint function: api_dvr_probe


======================================================================
CRASH at 2026-09-30T06:55:09.830061
======================================================================
Traceback (most recent call last):
  File "/home/administrator/cctv/app.py", line 532, in <module>
    @app.route("/api/dvr/probe", methods=["POST"])
     ~~~~~~~~~^^^^^^^^^^^^^^^^^^^^^^^^^^^^^^^^^^^^
  File "/home/administrator/venv/lib/python3.14/site-packages/flask/scaffold.py", line 435, in decorator
    self.add_url_rule(rule, endpoint, f, **options)
    ~~~~~~~~~~~~~~~~~^^^^^^^^^^^^^^^^^^^^^^^^^^^^^^
  File "/home/administrator/venv/lib/python3.14/site-packages/flask/scaffold.py", line 50, in wrapper_func
    return f(self, *args, **kwargs)
  File "/home/administrator/venv/lib/python3.14/site-packages/flask/app.py", line 1059, in add_url_rule
    raise AssertionError(
    ...<2 lines>...
    )
AssertionError: View function mapping is overwriting an existing endpoint function: api_dvr_probe


======================================================================
CRASH at 2026-09-30T06:55:15.327893
======================================================================
Traceback (most recent call last):
  File "/home/administrator/cctv/app.py", line 532, in <module>
    @app.route("/api/dvr/probe", methods=["POST"])
     ~~~~~~~~~^^^^^^^^^^^^^^^^^^^^^^^^^^^^^^^^^^^^
  File "/home/administrator/venv/lib/python3.14/site-packages/flask/scaffold.py", line 435, in decorator
    self.add_url_rule(rule, endpoint, f, **options)
    ~~~~~~~~~~~~~~~~~^^^^^^^^^^^^^^^^^^^^^^^^^^^^^^
  File "/home/administrator/venv/lib/python3.14/site-packages/flask/scaffold.py", line 50, in wrapper_func
    return f(self, *args, **kwargs)
  File "/home/administrator/venv/lib/python3.14/site-packages/flask/app.py", line 1059, in add_url_rule
    raise AssertionError(
    ...<2 lines>...
    )
AssertionError: View function mapping is overwriting an existing endpoint function: api_dvr_probe


======================================================================
CRASH at 2026-09-30T06:55:20.833525
======================================================================
Traceback (most recent call last):
  File "/home/administrator/cctv/app.py", line 532, in <module>
    @app.route("/api/dvr/probe", methods=["POST"])
     ~~~~~~~~~^^^^^^^^^^^^^^^^^^^^^^^^^^^^^^^^^^^^
  File "/home/administrator/venv/lib/python3.14/site-packages/flask/scaffold.py", line 435, in decorator
    self.add_url_rule(rule, endpoint, f, **options)
    ~~~~~~~~~~~~~~~~~^^^^^^^^^^^^^^^^^^^^^^^^^^^^^^
  File "/home/administrator/venv/lib/python3.14/site-packages/flask/scaffold.py", line 50, in wrapper_func
    return f(self, *args, **kwargs)
  File "/home/administrator/venv/lib/python3.14/site-packages/flask/app.py", line 1059, in add_url_rule
    raise AssertionError(
    ...<2 lines>...
    )
AssertionError: View function mapping is overwriting an existing endpoint function: api_dvr_probe


======================================================================
CRASH at 2026-09-30T06:55:26.327906
======================================================================
Traceback (most recent call last):
  File "/home/administrator/cctv/app.py", line 532, in <module>
    @app.route("/api/dvr/probe", methods=["POST"])
     ~~~~~~~~~^^^^^^^^^^^^^^^^^^^^^^^^^^^^^^^^^^^^
  File "/home/administrator/venv/lib/python3.14/site-packages/flask/scaffold.py", line 435, in decorator
    self.add_url_rule(rule, endpoint, f, **options)
    ~~~~~~~~~~~~~~~~~^^^^^^^^^^^^^^^^^^^^^^^^^^^^^^
  File "/home/administrator/venv/lib/python3.14/site-packages/flask/scaffold.py", line 50, in wrapper_func
    return f(self, *args, **kwargs)
  File "/home/administrator/venv/lib/python3.14/site-packages/flask/app.py", line 1059, in add_url_rule
    raise AssertionError(
    ...<2 lines>...
    )
AssertionError: View function mapping is overwriting an existing endpoint function: api_dvr_probe


======================================================================
CRASH at 2026-09-30T06:55:31.829551
======================================================================
Traceback (most recent call last):
  File "/home/administrator/cctv/app.py", line 532, in <module>
    @app.route("/api/dvr/probe", methods=["POST"])
     ~~~~~~~~~^^^^^^^^^^^^^^^^^^^^^^^^^^^^^^^^^^^^
  File "/home/administrator/venv/lib/python3.14/site-packages/flask/scaffold.py", line 435, in decorator
    self.add_url_rule(rule, endpoint, f, **options)
    ~~~~~~~~~~~~~~~~~^^^^^^^^^^^^^^^^^^^^^^^^^^^^^^
  File "/home/administrator/venv/lib/python3.14/site-packages/flask/scaffold.py", line 50, in wrapper_func
    return f(self, *args, **kwargs)
  File "/home/administrator/venv/lib/python3.14/site-packages/flask/app.py", line 1059, in add_url_rule
    raise AssertionError(
    ...<2 lines>...
    )
AssertionError: View function mapping is overwriting an existing endpoint function: api_dvr_probe


======================================================================
CRASH at 2026-09-30T06:55:37.326209
======================================================================
Traceback (most recent call last):
  File "/home/administrator/cctv/app.py", line 532, in <module>
    @app.route("/api/dvr/probe", methods=["POST"])
     ~~~~~~~~~^^^^^^^^^^^^^^^^^^^^^^^^^^^^^^^^^^^^
  File "/home/administrator/venv/lib/python3.14/site-packages/flask/scaffold.py", line 435, in decorator
    self.add_url_rule(rule, endpoint, f, **options)
    ~~~~~~~~~~~~~~~~~^^^^^^^^^^^^^^^^^^^^^^^^^^^^^^
  File "/home/administrator/venv/lib/python3.14/site-packages/flask/scaffold.py", line 50, in wrapper_func
    return f(self, *args, **kwargs)
  File "/home/administrator/venv/lib/python3.14/site-packages/flask/app.py", line 1059, in add_url_rule
    raise AssertionError(
    ...<2 lines>...
    )
AssertionError: View function mapping is overwriting an existing endpoint function: api_dvr_probe


======================================================================
CRASH at 2026-09-30T06:55:42.832060
======================================================================
Traceback (most recent call last):
  File "/home/administrator/cctv/app.py", line 532, in <module>
    @app.route("/api/dvr/probe", methods=["POST"])
     ~~~~~~~~~^^^^^^^^^^^^^^^^^^^^^^^^^^^^^^^^^^^^
  File "/home/administrator/venv/lib/python3.14/site-packages/flask/scaffold.py", line 435, in decorator
    self.add_url_rule(rule, endpoint, f, **options)
    ~~~~~~~~~~~~~~~~~^^^^^^^^^^^^^^^^^^^^^^^^^^^^^^
  File "/home/administrator/venv/lib/python3.14/site-packages/flask/scaffold.py", line 50, in wrapper_func
    return f(self, *args, **kwargs)
  File "/home/administrator/venv/lib/python3.14/site-packages/flask/app.py", line 1059, in add_url_rule
    raise AssertionError(
    ...<2 lines>...
    )
AssertionError: View function mapping is overwriting an existing endpoint function: api_dvr_probe


======================================================================
CRASH at 2026-09-30T06:55:48.329520
======================================================================
Traceback (most recent call last):
  File "/home/administrator/cctv/app.py", line 532, in <module>
    @app.route("/api/dvr/probe", methods=["POST"])
     ~~~~~~~~~^^^^^^^^^^^^^^^^^^^^^^^^^^^^^^^^^^^^
  File "/home/administrator/venv/lib/python3.14/site-packages/flask/scaffold.py", line 435, in decorator
    self.add_url_rule(rule, endpoint, f, **options)
    ~~~~~~~~~~~~~~~~~^^^^^^^^^^^^^^^^^^^^^^^^^^^^^^
  File "/home/administrator/venv/lib/python3.14/site-packages/flask/scaffold.py", line 50, in wrapper_func
    return f(self, *args, **kwargs)
  File "/home/administrator/venv/lib/python3.14/site-packages/flask/app.py", line 1059, in add_url_rule
    raise AssertionError(
    ...<2 lines>...
    )
AssertionError: View function mapping is overwriting an existing endpoint function: api_dvr_probe


======================================================================
CRASH at 2026-09-30T06:55:53.830298
======================================================================
Traceback (most recent call last):
  File "/home/administrator/cctv/app.py", line 532, in <module>
    @app.route("/api/dvr/probe", methods=["POST"])
     ~~~~~~~~~^^^^^^^^^^^^^^^^^^^^^^^^^^^^^^^^^^^^
  File "/home/administrator/venv/lib/python3.14/site-packages/flask/scaffold.py", line 435, in decorator
    self.add_url_rule(rule, endpoint, f, **options)
    ~~~~~~~~~~~~~~~~~^^^^^^^^^^^^^^^^^^^^^^^^^^^^^^
  File "/home/administrator/venv/lib/python3.14/site-packages/flask/scaffold.py", line 50, in wrapper_func
    return f(self, *args, **kwargs)
  File "/home/administrator/venv/lib/python3.14/site-packages/flask/app.py", line 1059, in add_url_rule
    raise AssertionError(
    ...<2 lines>...
    )
AssertionError: View function mapping is overwriting an existing endpoint function: api_dvr_probe


======================================================================
CRASH at 2026-09-30T06:55:59.330623
======================================================================
Traceback (most recent call last):
  File "/home/administrator/cctv/app.py", line 532, in <module>
    @app.route("/api/dvr/probe", methods=["POST"])
     ~~~~~~~~~^^^^^^^^^^^^^^^^^^^^^^^^^^^^^^^^^^^^
  File "/home/administrator/venv/lib/python3.14/site-packages/flask/scaffold.py", line 435, in decorator
    self.add_url_rule(rule, endpoint, f, **options)
    ~~~~~~~~~~~~~~~~~^^^^^^^^^^^^^^^^^^^^^^^^^^^^^^
  File "/home/administrator/venv/lib/python3.14/site-packages/flask/scaffold.py", line 50, in wrapper_func
    return f(self, *args, **kwargs)
  File "/home/administrator/venv/lib/python3.14/site-packages/flask/app.py", line 1059, in add_url_rule
    raise AssertionError(
    ...<2 lines>...
    )
AssertionError: View function mapping is overwriting an existing endpoint function: api_dvr_probe


======================================================================
CRASH at 2026-09-30T06:56:04.831367
======================================================================
Traceback (most recent call last):
  File "/home/administrator/cctv/app.py", line 532, in <module>
    @app.route("/api/dvr/probe", methods=["POST"])
     ~~~~~~~~~^^^^^^^^^^^^^^^^^^^^^^^^^^^^^^^^^^^^
  File "/home/administrator/venv/lib/python3.14/site-packages/flask/scaffold.py", line 435, in decorator
    self.add_url_rule(rule, endpoint, f, **options)
    ~~~~~~~~~~~~~~~~~^^^^^^^^^^^^^^^^^^^^^^^^^^^^^^
  File "/home/administrator/venv/lib/python3.14/site-packages/flask/scaffold.py", line 50, in wrapper_func
    return f(self, *args, **kwargs)
  File "/home/administrator/venv/lib/python3.14/site-packages/flask/app.py", line 1059, in add_url_rule
    raise AssertionError(
    ...<2 lines>...
    )
AssertionError: View function mapping is overwriting an existing endpoint function: api_dvr_probe


======================================================================
CRASH at 2026-09-30T06:56:10.326914
======================================================================
Traceback (most recent call last):
  File "/home/administrator/cctv/app.py", line 532, in <module>
    @app.route("/api/dvr/probe", methods=["POST"])
     ~~~~~~~~~^^^^^^^^^^^^^^^^^^^^^^^^^^^^^^^^^^^^
  File "/home/administrator/venv/lib/python3.14/site-packages/flask/scaffold.py", line 435, in decorator
    self.add_url_rule(rule, endpoint, f, **options)
    ~~~~~~~~~~~~~~~~~^^^^^^^^^^^^^^^^^^^^^^^^^^^^^^
  File "/home/administrator/venv/lib/python3.14/site-packages/flask/scaffold.py", line 50, in wrapper_func
    return f(self, *args, **kwargs)
  File "/home/administrator/venv/lib/python3.14/site-packages/flask/app.py", line 1059, in add_url_rule
    raise AssertionError(
    ...<2 lines>...
    )
AssertionError: View function mapping is overwriting an existing endpoint function: api_dvr_probe


======================================================================
CRASH at 2026-09-30T06:56:15.826606
======================================================================
Traceback (most recent call last):
  File "/home/administrator/cctv/app.py", line 532, in <module>
    @app.route("/api/dvr/probe", methods=["POST"])
     ~~~~~~~~~^^^^^^^^^^^^^^^^^^^^^^^^^^^^^^^^^^^^
  File "/home/administrator/venv/lib/python3.14/site-packages/flask/scaffold.py", line 435, in decorator
    self.add_url_rule(rule, endpoint, f, **options)
    ~~~~~~~~~~~~~~~~~^^^^^^^^^^^^^^^^^^^^^^^^^^^^^^
  File "/home/administrator/venv/lib/python3.14/site-packages/flask/scaffold.py", line 50, in wrapper_func
    return f(self, *args, **kwargs)
  File "/home/administrator/venv/lib/python3.14/site-packages/flask/app.py", line 1059, in add_url_rule
    raise AssertionError(
    ...<2 lines>...
    )
AssertionError: View function mapping is overwriting an existing endpoint function: api_dvr_probe


======================================================================
CRASH at 2026-09-30T06:56:21.330093
======================================================================
Traceback (most recent call last):
  File "/home/administrator/cctv/app.py", line 532, in <module>
    @app.route("/api/dvr/probe", methods=["POST"])
     ~~~~~~~~~^^^^^^^^^^^^^^^^^^^^^^^^^^^^^^^^^^^^
  File "/home/administrator/venv/lib/python3.14/site-packages/flask/scaffold.py", line 435, in decorator
    self.add_url_rule(rule, endpoint, f, **options)
    ~~~~~~~~~~~~~~~~~^^^^^^^^^^^^^^^^^^^^^^^^^^^^^^
  File "/home/administrator/venv/lib/python3.14/site-packages/flask/scaffold.py", line 50, in wrapper_func
    return f(self, *args, **kwargs)
  File "/home/administrator/venv/lib/python3.14/site-packages/flask/app.py", line 1059, in add_url_rule
    raise AssertionError(
    ...<2 lines>...
    )
AssertionError: View function mapping is overwriting an existing endpoint function: api_dvr_probe


======================================================================
CRASH at 2026-09-30T06:56:26.827969
======================================================================
Traceback (most recent call last):
  File "/home/administrator/cctv/app.py", line 532, in <module>
    @app.route("/api/dvr/probe", methods=["POST"])
     ~~~~~~~~~^^^^^^^^^^^^^^^^^^^^^^^^^^^^^^^^^^^^
  File "/home/administrator/venv/lib/python3.14/site-packages/flask/scaffold.py", line 435, in decorator
    self.add_url_rule(rule, endpoint, f, **options)
    ~~~~~~~~~~~~~~~~~^^^^^^^^^^^^^^^^^^^^^^^^^^^^^^
  File "/home/administrator/venv/lib/python3.14/site-packages/flask/scaffold.py", line 50, in wrapper_func
    return f(self, *args, **kwargs)
  File "/home/administrator/venv/lib/python3.14/site-packages/flask/app.py", line 1059, in add_url_rule
    raise AssertionError(
    ...<2 lines>...
    )
AssertionError: View function mapping is overwriting an existing endpoint function: api_dvr_probe


======================================================================
CRASH at 2026-09-30T06:56:32.330387
======================================================================
Traceback (most recent call last):
  File "/home/administrator/cctv/app.py", line 532, in <module>
    @app.route("/api/dvr/probe", methods=["POST"])
     ~~~~~~~~~^^^^^^^^^^^^^^^^^^^^^^^^^^^^^^^^^^^^
  File "/home/administrator/venv/lib/python3.14/site-packages/flask/scaffold.py", line 435, in decorator
    self.add_url_rule(rule, endpoint, f, **options)
    ~~~~~~~~~~~~~~~~~^^^^^^^^^^^^^^^^^^^^^^^^^^^^^^
  File "/home/administrator/venv/lib/python3.14/site-packages/flask/scaffold.py", line 50, in wrapper_func
    return f(self, *args, **kwargs)
  File "/home/administrator/venv/lib/python3.14/site-packages/flask/app.py", line 1059, in add_url_rule
    raise AssertionError(
    ...<2 lines>...
    )
AssertionError: View function mapping is overwriting an existing endpoint function: api_dvr_probe


======================================================================
CRASH at 2026-09-30T06:56:37.830551
======================================================================
Traceback (most recent call last):
  File "/home/administrator/cctv/app.py", line 532, in <module>
    @app.route("/api/dvr/probe", methods=["POST"])
     ~~~~~~~~~^^^^^^^^^^^^^^^^^^^^^^^^^^^^^^^^^^^^
  File "/home/administrator/venv/lib/python3.14/site-packages/flask/scaffold.py", line 435, in decorator
    self.add_url_rule(rule, endpoint, f, **options)
    ~~~~~~~~~~~~~~~~~^^^^^^^^^^^^^^^^^^^^^^^^^^^^^^
  File "/home/administrator/venv/lib/python3.14/site-packages/flask/scaffold.py", line 50, in wrapper_func
    return f(self, *args, **kwargs)
  File "/home/administrator/venv/lib/python3.14/site-packages/flask/app.py", line 1059, in add_url_rule
    raise AssertionError(
    ...<2 lines>...
    )
AssertionError: View function mapping is overwriting an existing endpoint function: api_dvr_probe


======================================================================
CRASH at 2026-09-30T06:56:43.328153
======================================================================
Traceback (most recent call last):
  File "/home/administrator/cctv/app.py", line 532, in <module>
    @app.route("/api/dvr/probe", methods=["POST"])
     ~~~~~~~~~^^^^^^^^^^^^^^^^^^^^^^^^^^^^^^^^^^^^
  File "/home/administrator/venv/lib/python3.14/site-packages/flask/scaffold.py", line 435, in decorator
    self.add_url_rule(rule, endpoint, f, **options)
    ~~~~~~~~~~~~~~~~~^^^^^^^^^^^^^^^^^^^^^^^^^^^^^^
  File "/home/administrator/venv/lib/python3.14/site-packages/flask/scaffold.py", line 50, in wrapper_func
    return f(self, *args, **kwargs)
  File "/home/administrator/venv/lib/python3.14/site-packages/flask/app.py", line 1059, in add_url_rule
    raise AssertionError(
    ...<2 lines>...
    )
AssertionError: View function mapping is overwriting an existing endpoint function: api_dvr_probe


======================================================================
CRASH at 2026-09-30T06:56:48.829756
======================================================================
Traceback (most recent call last):
  File "/home/administrator/cctv/app.py", line 532, in <module>
    @app.route("/api/dvr/probe", methods=["POST"])
     ~~~~~~~~~^^^^^^^^^^^^^^^^^^^^^^^^^^^^^^^^^^^^
  File "/home/administrator/venv/lib/python3.14/site-packages/flask/scaffold.py", line 435, in decorator
    self.add_url_rule(rule, endpoint, f, **options)
    ~~~~~~~~~~~~~~~~~^^^^^^^^^^^^^^^^^^^^^^^^^^^^^^
  File "/home/administrator/venv/lib/python3.14/site-packages/flask/scaffold.py", line 50, in wrapper_func
    return f(self, *args, **kwargs)
  File "/home/administrator/venv/lib/python3.14/site-packages/flask/app.py", line 1059, in add_url_rule
    raise AssertionError(
    ...<2 lines>...
    )
AssertionError: View function mapping is overwriting an existing endpoint function: api_dvr_probe


======================================================================
CRASH at 2026-09-30T06:56:54.329790
======================================================================
Traceback (most recent call last):
  File "/home/administrator/cctv/app.py", line 532, in <module>
    @app.route("/api/dvr/probe", methods=["POST"])
     ~~~~~~~~~^^^^^^^^^^^^^^^^^^^^^^^^^^^^^^^^^^^^
  File "/home/administrator/venv/lib/python3.14/site-packages/flask/scaffold.py", line 435, in decorator
    self.add_url_rule(rule, endpoint, f, **options)
    ~~~~~~~~~~~~~~~~~^^^^^^^^^^^^^^^^^^^^^^^^^^^^^^
  File "/home/administrator/venv/lib/python3.14/site-packages/flask/scaffold.py", line 50, in wrapper_func
    return f(self, *args, **kwargs)
  File "/home/administrator/venv/lib/python3.14/site-packages/flask/app.py", line 1059, in add_url_rule
    raise AssertionError(
    ...<2 lines>...
    )
AssertionError: View function mapping is overwriting an existing endpoint function: api_dvr_probe


======================================================================
CRASH at 2026-09-30T06:56:59.828279
======================================================================
Traceback (most recent call last):
  File "/home/administrator/cctv/app.py", line 532, in <module>
    @app.route("/api/dvr/probe", methods=["POST"])
     ~~~~~~~~~^^^^^^^^^^^^^^^^^^^^^^^^^^^^^^^^^^^^
  File "/home/administrator/venv/lib/python3.14/site-packages/flask/scaffold.py", line 435, in decorator
    self.add_url_rule(rule, endpoint, f, **options)
    ~~~~~~~~~~~~~~~~~^^^^^^^^^^^^^^^^^^^^^^^^^^^^^^
  File "/home/administrator/venv/lib/python3.14/site-packages/flask/scaffold.py", line 50, in wrapper_func
    return f(self, *args, **kwargs)
  File "/home/administrator/venv/lib/python3.14/site-packages/flask/app.py", line 1059, in add_url_rule
    raise AssertionError(
    ...<2 lines>...
    )
AssertionError: View function mapping is overwriting an existing endpoint function: api_dvr_probe


======================================================================
CRASH at 2026-09-30T06:57:05.331847
======================================================================
Traceback (most recent call last):
  File "/home/administrator/cctv/app.py", line 532, in <module>
    @app.route("/api/dvr/probe", methods=["POST"])
     ~~~~~~~~~^^^^^^^^^^^^^^^^^^^^^^^^^^^^^^^^^^^^
  File "/home/administrator/venv/lib/python3.14/site-packages/flask/scaffold.py", line 435, in decorator
    self.add_url_rule(rule, endpoint, f, **options)
    ~~~~~~~~~~~~~~~~~^^^^^^^^^^^^^^^^^^^^^^^^^^^^^^
  File "/home/administrator/venv/lib/python3.14/site-packages/flask/scaffold.py", line 50, in wrapper_func
    return f(self, *args, **kwargs)
  File "/home/administrator/venv/lib/python3.14/site-packages/flask/app.py", line 1059, in add_url_rule
    raise AssertionError(
    ...<2 lines>...
    )
AssertionError: View function mapping is overwriting an existing endpoint function: api_dvr_probe


======================================================================
CRASH at 2026-09-30T06:57:10.830214
======================================================================
Traceback (most recent call last):
  File "/home/administrator/cctv/app.py", line 532, in <module>
    @app.route("/api/dvr/probe", methods=["POST"])
     ~~~~~~~~~^^^^^^^^^^^^^^^^^^^^^^^^^^^^^^^^^^^^
  File "/home/administrator/venv/lib/python3.14/site-packages/flask/scaffold.py", line 435, in decorator
    self.add_url_rule(rule, endpoint, f, **options)
    ~~~~~~~~~~~~~~~~~^^^^^^^^^^^^^^^^^^^^^^^^^^^^^^
  File "/home/administrator/venv/lib/python3.14/site-packages/flask/scaffold.py", line 50, in wrapper_func
    return f(self, *args, **kwargs)
  File "/home/administrator/venv/lib/python3.14/site-packages/flask/app.py", line 1059, in add_url_rule
    raise AssertionError(
    ...<2 lines>...
    )
AssertionError: View function mapping is overwriting an existing endpoint function: api_dvr_probe


======================================================================
CRASH at 2026-09-30T06:57:16.330774
======================================================================
Traceback (most recent call last):
  File "/home/administrator/cctv/app.py", line 532, in <module>
    @app.route("/api/dvr/probe", methods=["POST"])
     ~~~~~~~~~^^^^^^^^^^^^^^^^^^^^^^^^^^^^^^^^^^^^
  File "/home/administrator/venv/lib/python3.14/site-packages/flask/scaffold.py", line 435, in decorator
    self.add_url_rule(rule, endpoint, f, **options)
    ~~~~~~~~~~~~~~~~~^^^^^^^^^^^^^^^^^^^^^^^^^^^^^^
  File "/home/administrator/venv/lib/python3.14/site-packages/flask/scaffold.py", line 50, in wrapper_func
    return f(self, *args, **kwargs)
  File "/home/administrator/venv/lib/python3.14/site-packages/flask/app.py", line 1059, in add_url_rule
    raise AssertionError(
    ...<2 lines>...
    )
AssertionError: View function mapping is overwriting an existing endpoint function: api_dvr_probe


======================================================================
CRASH at 2026-09-30T06:57:21.825845
======================================================================
Traceback (most recent call last):
  File "/home/administrator/cctv/app.py", line 532, in <module>
    @app.route("/api/dvr/probe", methods=["POST"])
     ~~~~~~~~~^^^^^^^^^^^^^^^^^^^^^^^^^^^^^^^^^^^^
  File "/home/administrator/venv/lib/python3.14/site-packages/flask/scaffold.py", line 435, in decorator
    self.add_url_rule(rule, endpoint, f, **options)
    ~~~~~~~~~~~~~~~~~^^^^^^^^^^^^^^^^^^^^^^^^^^^^^^
  File "/home/administrator/venv/lib/python3.14/site-packages/flask/scaffold.py", line 50, in wrapper_func
    return f(self, *args, **kwargs)
  File "/home/administrator/venv/lib/python3.14/site-packages/flask/app.py", line 1059, in add_url_rule
    raise AssertionError(
    ...<2 lines>...
    )
AssertionError: View function mapping is overwriting an existing endpoint function: api_dvr_probe


======================================================================
CRASH at 2026-09-30T06:57:27.329132
======================================================================
Traceback (most recent call last):
  File "/home/administrator/cctv/app.py", line 532, in <module>
    @app.route("/api/dvr/probe", methods=["POST"])
     ~~~~~~~~~^^^^^^^^^^^^^^^^^^^^^^^^^^^^^^^^^^^^
  File "/home/administrator/venv/lib/python3.14/site-packages/flask/scaffold.py", line 435, in decorator
    self.add_url_rule(rule, endpoint, f, **options)
    ~~~~~~~~~~~~~~~~~^^^^^^^^^^^^^^^^^^^^^^^^^^^^^^
  File "/home/administrator/venv/lib/python3.14/site-packages/flask/scaffold.py", line 50, in wrapper_func
    return f(self, *args, **kwargs)
  File "/home/administrator/venv/lib/python3.14/site-packages/flask/app.py", line 1059, in add_url_rule
    raise AssertionError(
    ...<2 lines>...
    )
AssertionError: View function mapping is overwriting an existing endpoint function: api_dvr_probe


======================================================================
CRASH at 2026-09-30T06:57:32.831792
======================================================================
Traceback (most recent call last):
  File "/home/administrator/cctv/app.py", line 532, in <module>
    @app.route("/api/dvr/probe", methods=["POST"])
     ~~~~~~~~~^^^^^^^^^^^^^^^^^^^^^^^^^^^^^^^^^^^^
  File "/home/administrator/venv/lib/python3.14/site-packages/flask/scaffold.py", line 435, in decorator
    self.add_url_rule(rule, endpoint, f, **options)
    ~~~~~~~~~~~~~~~~~^^^^^^^^^^^^^^^^^^^^^^^^^^^^^^
  File "/home/administrator/venv/lib/python3.14/site-packages/flask/scaffold.py", line 50, in wrapper_func
    return f(self, *args, **kwargs)
  File "/home/administrator/venv/lib/python3.14/site-packages/flask/app.py", line 1059, in add_url_rule
    raise AssertionError(
    ...<2 lines>...
    )
AssertionError: View function mapping is overwriting an existing endpoint function: api_dvr_probe


======================================================================
CRASH at 2026-09-30T06:57:38.332557
======================================================================
Traceback (most recent call last):
  File "/home/administrator/cctv/app.py", line 532, in <module>
    @app.route("/api/dvr/probe", methods=["POST"])
     ~~~~~~~~~^^^^^^^^^^^^^^^^^^^^^^^^^^^^^^^^^^^^
  File "/home/administrator/venv/lib/python3.14/site-packages/flask/scaffold.py", line 435, in decorator
    self.add_url_rule(rule, endpoint, f, **options)
    ~~~~~~~~~~~~~~~~~^^^^^^^^^^^^^^^^^^^^^^^^^^^^^^
  File "/home/administrator/venv/lib/python3.14/site-packages/flask/scaffold.py", line 50, in wrapper_func
    return f(self, *args, **kwargs)
  File "/home/administrator/venv/lib/python3.14/site-packages/flask/app.py", line 1059, in add_url_rule
    raise AssertionError(
    ...<2 lines>...
    )
AssertionError: View function mapping is overwriting an existing endpoint function: api_dvr_probe


======================================================================
CRASH at 2026-09-30T06:57:43.832303
======================================================================
Traceback (most recent call last):
  File "/home/administrator/cctv/app.py", line 532, in <module>
    @app.route("/api/dvr/probe", methods=["POST"])
     ~~~~~~~~~^^^^^^^^^^^^^^^^^^^^^^^^^^^^^^^^^^^^
  File "/home/administrator/venv/lib/python3.14/site-packages/flask/scaffold.py", line 435, in decorator
    self.add_url_rule(rule, endpoint, f, **options)
    ~~~~~~~~~~~~~~~~~^^^^^^^^^^^^^^^^^^^^^^^^^^^^^^
  File "/home/administrator/venv/lib/python3.14/site-packages/flask/scaffold.py", line 50, in wrapper_func
    return f(self, *args, **kwargs)
  File "/home/administrator/venv/lib/python3.14/site-packages/flask/app.py", line 1059, in add_url_rule
    raise AssertionError(
    ...<2 lines>...
    )
AssertionError: View function mapping is overwriting an existing endpoint function: api_dvr_probe


======================================================================
CRASH at 2026-09-30T06:57:49.332737
======================================================================
Traceback (most recent call last):
  File "/home/administrator/cctv/app.py", line 532, in <module>
    @app.route("/api/dvr/probe", methods=["POST"])
     ~~~~~~~~~^^^^^^^^^^^^^^^^^^^^^^^^^^^^^^^^^^^^
  File "/home/administrator/venv/lib/python3.14/site-packages/flask/scaffold.py", line 435, in decorator
    self.add_url_rule(rule, endpoint, f, **options)
    ~~~~~~~~~~~~~~~~~^^^^^^^^^^^^^^^^^^^^^^^^^^^^^^
  File "/home/administrator/venv/lib/python3.14/site-packages/flask/scaffold.py", line 50, in wrapper_func
    return f(self, *args, **kwargs)
  File "/home/administrator/venv/lib/python3.14/site-packages/flask/app.py", line 1059, in add_url_rule
    raise AssertionError(
    ...<2 lines>...
    )
AssertionError: View function mapping is overwriting an existing endpoint function: api_dvr_probe


======================================================================
CRASH at 2026-09-30T06:57:54.829951
======================================================================
Traceback (most recent call last):
  File "/home/administrator/cctv/app.py", line 532, in <module>
    @app.route("/api/dvr/probe", methods=["POST"])
     ~~~~~~~~~^^^^^^^^^^^^^^^^^^^^^^^^^^^^^^^^^^^^
  File "/home/administrator/venv/lib/python3.14/site-packages/flask/scaffold.py", line 435, in decorator
    self.add_url_rule(rule, endpoint, f, **options)
    ~~~~~~~~~~~~~~~~~^^^^^^^^^^^^^^^^^^^^^^^^^^^^^^
  File "/home/administrator/venv/lib/python3.14/site-packages/flask/scaffold.py", line 50, in wrapper_func
    return f(self, *args, **kwargs)
  File "/home/administrator/venv/lib/python3.14/site-packages/flask/app.py", line 1059, in add_url_rule
    raise AssertionError(
    ...<2 lines>...
    )
AssertionError: View function mapping is overwriting an existing endpoint function: api_dvr_probe


======================================================================
CRASH at 2026-09-30T06:58:00.324525
======================================================================
Traceback (most recent call last):
  File "/home/administrator/cctv/app.py", line 532, in <module>
    @app.route("/api/dvr/probe", methods=["POST"])
     ~~~~~~~~~^^^^^^^^^^^^^^^^^^^^^^^^^^^^^^^^^^^^
  File "/home/administrator/venv/lib/python3.14/site-packages/flask/scaffold.py", line 435, in decorator
    self.add_url_rule(rule, endpoint, f, **options)
    ~~~~~~~~~~~~~~~~~^^^^^^^^^^^^^^^^^^^^^^^^^^^^^^
  File "/home/administrator/venv/lib/python3.14/site-packages/flask/scaffold.py", line 50, in wrapper_func
    return f(self, *args, **kwargs)
  File "/home/administrator/venv/lib/python3.14/site-packages/flask/app.py", line 1059, in add_url_rule
    raise AssertionError(
    ...<2 lines>...
    )
AssertionError: View function mapping is overwriting an existing endpoint function: api_dvr_probe


======================================================================
CRASH at 2026-09-30T06:58:05.831741
======================================================================
Traceback (most recent call last):
  File "/home/administrator/cctv/app.py", line 532, in <module>
    @app.route("/api/dvr/probe", methods=["POST"])
     ~~~~~~~~~^^^^^^^^^^^^^^^^^^^^^^^^^^^^^^^^^^^^
  File "/home/administrator/venv/lib/python3.14/site-packages/flask/scaffold.py", line 435, in decorator
    self.add_url_rule(rule, endpoint, f, **options)
    ~~~~~~~~~~~~~~~~~^^^^^^^^^^^^^^^^^^^^^^^^^^^^^^
  File "/home/administrator/venv/lib/python3.14/site-packages/flask/scaffold.py", line 50, in wrapper_func
    return f(self, *args, **kwargs)
  File "/home/administrator/venv/lib/python3.14/site-packages/flask/app.py", line 1059, in add_url_rule
    raise AssertionError(
    ...<2 lines>...
    )
AssertionError: View function mapping is overwriting an existing endpoint function: api_dvr_probe


======================================================================
CRASH at 2026-09-30T06:58:11.331905
======================================================================
Traceback (most recent call last):
  File "/home/administrator/cctv/app.py", line 532, in <module>
    @app.route("/api/dvr/probe", methods=["POST"])
     ~~~~~~~~~^^^^^^^^^^^^^^^^^^^^^^^^^^^^^^^^^^^^
  File "/home/administrator/venv/lib/python3.14/site-packages/flask/scaffold.py", line 435, in decorator
    self.add_url_rule(rule, endpoint, f, **options)
    ~~~~~~~~~~~~~~~~~^^^^^^^^^^^^^^^^^^^^^^^^^^^^^^
  File "/home/administrator/venv/lib/python3.14/site-packages/flask/scaffold.py", line 50, in wrapper_func
    return f(self, *args, **kwargs)
  File "/home/administrator/venv/lib/python3.14/site-packages/flask/app.py", line 1059, in add_url_rule
    raise AssertionError(
    ...<2 lines>...
    )
AssertionError: View function mapping is overwriting an existing endpoint function: api_dvr_probe


======================================================================
CRASH at 2026-09-30T06:58:16.831695
======================================================================
Traceback (most recent call last):
  File "/home/administrator/cctv/app.py", line 532, in <module>
    @app.route("/api/dvr/probe", methods=["POST"])
     ~~~~~~~~~^^^^^^^^^^^^^^^^^^^^^^^^^^^^^^^^^^^^
  File "/home/administrator/venv/lib/python3.14/site-packages/flask/scaffold.py", line 435, in decorator
    self.add_url_rule(rule, endpoint, f, **options)
    ~~~~~~~~~~~~~~~~~^^^^^^^^^^^^^^^^^^^^^^^^^^^^^^
  File "/home/administrator/venv/lib/python3.14/site-packages/flask/scaffold.py", line 50, in wrapper_func
    return f(self, *args, **kwargs)
  File "/home/administrator/venv/lib/python3.14/site-packages/flask/app.py", line 1059, in add_url_rule
    raise AssertionError(
    ...<2 lines>...
    )
AssertionError: View function mapping is overwriting an existing endpoint function: api_dvr_probe


======================================================================
CRASH at 2026-09-30T06:58:22.327205
======================================================================
Traceback (most recent call last):
  File "/home/administrator/cctv/app.py", line 532, in <module>
    @app.route("/api/dvr/probe", methods=["POST"])
     ~~~~~~~~~^^^^^^^^^^^^^^^^^^^^^^^^^^^^^^^^^^^^
  File "/home/administrator/venv/lib/python3.14/site-packages/flask/scaffold.py", line 435, in decorator
    self.add_url_rule(rule, endpoint, f, **options)
    ~~~~~~~~~~~~~~~~~^^^^^^^^^^^^^^^^^^^^^^^^^^^^^^
  File "/home/administrator/venv/lib/python3.14/site-packages/flask/scaffold.py", line 50, in wrapper_func
    return f(self, *args, **kwargs)
  File "/home/administrator/venv/lib/python3.14/site-packages/flask/app.py", line 1059, in add_url_rule
    raise AssertionError(
    ...<2 lines>...
    )
AssertionError: View function mapping is overwriting an existing endpoint function: api_dvr_probe


======================================================================
CRASH at 2026-09-30T06:58:27.826344
======================================================================
Traceback (most recent call last):
  File "/home/administrator/cctv/app.py", line 532, in <module>
    @app.route("/api/dvr/probe", methods=["POST"])
     ~~~~~~~~~^^^^^^^^^^^^^^^^^^^^^^^^^^^^^^^^^^^^
  File "/home/administrator/venv/lib/python3.14/site-packages/flask/scaffold.py", line 435, in decorator
    self.add_url_rule(rule, endpoint, f, **options)
    ~~~~~~~~~~~~~~~~~^^^^^^^^^^^^^^^^^^^^^^^^^^^^^^
  File "/home/administrator/venv/lib/python3.14/site-packages/flask/scaffold.py", line 50, in wrapper_func
    return f(self, *args, **kwargs)
  File "/home/administrator/venv/lib/python3.14/site-packages/flask/app.py", line 1059, in add_url_rule
    raise AssertionError(
    ...<2 lines>...
    )
AssertionError: View function mapping is overwriting an existing endpoint function: api_dvr_probe


======================================================================
CRASH at 2026-09-30T06:58:33.330398
======================================================================
Traceback (most recent call last):
  File "/home/administrator/cctv/app.py", line 532, in <module>
    @app.route("/api/dvr/probe", methods=["POST"])
     ~~~~~~~~~^^^^^^^^^^^^^^^^^^^^^^^^^^^^^^^^^^^^
  File "/home/administrator/venv/lib/python3.14/site-packages/flask/scaffold.py", line 435, in decorator
    self.add_url_rule(rule, endpoint, f, **options)
    ~~~~~~~~~~~~~~~~~^^^^^^^^^^^^^^^^^^^^^^^^^^^^^^
  File "/home/administrator/venv/lib/python3.14/site-packages/flask/scaffold.py", line 50, in wrapper_func
    return f(self, *args, **kwargs)
  File "/home/administrator/venv/lib/python3.14/site-packages/flask/app.py", line 1059, in add_url_rule
    raise AssertionError(
    ...<2 lines>...
    )
AssertionError: View function mapping is overwriting an existing endpoint function: api_dvr_probe


======================================================================
CRASH at 2026-09-30T06:58:38.833170
======================================================================
Traceback (most recent call last):
  File "/home/administrator/cctv/app.py", line 532, in <module>
    @app.route("/api/dvr/probe", methods=["POST"])
     ~~~~~~~~~^^^^^^^^^^^^^^^^^^^^^^^^^^^^^^^^^^^^
  File "/home/administrator/venv/lib/python3.14/site-packages/flask/scaffold.py", line 435, in decorator
    self.add_url_rule(rule, endpoint, f, **options)
    ~~~~~~~~~~~~~~~~~^^^^^^^^^^^^^^^^^^^^^^^^^^^^^^
  File "/home/administrator/venv/lib/python3.14/site-packages/flask/scaffold.py", line 50, in wrapper_func
    return f(self, *args, **kwargs)
  File "/home/administrator/venv/lib/python3.14/site-packages/flask/app.py", line 1059, in add_url_rule
    raise AssertionError(
    ...<2 lines>...
    )
AssertionError: View function mapping is overwriting an existing endpoint function: api_dvr_probe


======================================================================
CRASH at 2026-09-30T06:58:44.328666
======================================================================
Traceback (most recent call last):
  File "/home/administrator/cctv/app.py", line 532, in <module>
    @app.route("/api/dvr/probe", methods=["POST"])
     ~~~~~~~~~^^^^^^^^^^^^^^^^^^^^^^^^^^^^^^^^^^^^
  File "/home/administrator/venv/lib/python3.14/site-packages/flask/scaffold.py", line 435, in decorator
    self.add_url_rule(rule, endpoint, f, **options)
    ~~~~~~~~~~~~~~~~~^^^^^^^^^^^^^^^^^^^^^^^^^^^^^^
  File "/home/administrator/venv/lib/python3.14/site-packages/flask/scaffold.py", line 50, in wrapper_func
    return f(self, *args, **kwargs)
  File "/home/administrator/venv/lib/python3.14/site-packages/flask/app.py", line 1059, in add_url_rule
    raise AssertionError(
    ...<2 lines>...
    )
AssertionError: View function mapping is overwriting an existing endpoint function: api_dvr_probe


======================================================================
CRASH at 2026-09-30T06:58:49.828900
======================================================================
Traceback (most recent call last):
  File "/home/administrator/cctv/app.py", line 532, in <module>
    @app.route("/api/dvr/probe", methods=["POST"])
     ~~~~~~~~~^^^^^^^^^^^^^^^^^^^^^^^^^^^^^^^^^^^^
  File "/home/administrator/venv/lib/python3.14/site-packages/flask/scaffold.py", line 435, in decorator
    self.add_url_rule(rule, endpoint, f, **options)
    ~~~~~~~~~~~~~~~~~^^^^^^^^^^^^^^^^^^^^^^^^^^^^^^
  File "/home/administrator/venv/lib/python3.14/site-packages/flask/scaffold.py", line 50, in wrapper_func
    return f(self, *args, **kwargs)
  File "/home/administrator/venv/lib/python3.14/site-packages/flask/app.py", line 1059, in add_url_rule
    raise AssertionError(
    ...<2 lines>...
    )
AssertionError: View function mapping is overwriting an existing endpoint function: api_dvr_probe


======================================================================
CRASH at 2026-09-30T06:58:55.330049
======================================================================
Traceback (most recent call last):
  File "/home/administrator/cctv/app.py", line 532, in <module>
    @app.route("/api/dvr/probe", methods=["POST"])
     ~~~~~~~~~^^^^^^^^^^^^^^^^^^^^^^^^^^^^^^^^^^^^
  File "/home/administrator/venv/lib/python3.14/site-packages/flask/scaffold.py", line 435, in decorator
    self.add_url_rule(rule, endpoint, f, **options)
    ~~~~~~~~~~~~~~~~~^^^^^^^^^^^^^^^^^^^^^^^^^^^^^^
  File "/home/administrator/venv/lib/python3.14/site-packages/flask/scaffold.py", line 50, in wrapper_func
    return f(self, *args, **kwargs)
  File "/home/administrator/venv/lib/python3.14/site-packages/flask/app.py", line 1059, in add_url_rule
    raise AssertionError(
    ...<2 lines>...
    )
AssertionError: View function mapping is overwriting an existing endpoint function: api_dvr_probe


======================================================================
CRASH at 2026-09-30T06:59:00.839440
======================================================================
Traceback (most recent call last):
  File "/home/administrator/cctv/app.py", line 532, in <module>
    @app.route("/api/dvr/probe", methods=["POST"])
     ~~~~~~~~~^^^^^^^^^^^^^^^^^^^^^^^^^^^^^^^^^^^^
  File "/home/administrator/venv/lib/python3.14/site-packages/flask/scaffold.py", line 435, in decorator
    self.add_url_rule(rule, endpoint, f, **options)
    ~~~~~~~~~~~~~~~~~^^^^^^^^^^^^^^^^^^^^^^^^^^^^^^
  File "/home/administrator/venv/lib/python3.14/site-packages/flask/scaffold.py", line 50, in wrapper_func
    return f(self, *args, **kwargs)
  File "/home/administrator/venv/lib/python3.14/site-packages/flask/app.py", line 1059, in add_url_rule
    raise AssertionError(
    ...<2 lines>...
    )
AssertionError: View function mapping is overwriting an existing endpoint function: api_dvr_probe


======================================================================
CRASH at 2026-09-30T06:59:06.327889
======================================================================
Traceback (most recent call last):
  File "/home/administrator/cctv/app.py", line 532, in <module>
    @app.route("/api/dvr/probe", methods=["POST"])
     ~~~~~~~~~^^^^^^^^^^^^^^^^^^^^^^^^^^^^^^^^^^^^
  File "/home/administrator/venv/lib/python3.14/site-packages/flask/scaffold.py", line 435, in decorator
    self.add_url_rule(rule, endpoint, f, **options)
    ~~~~~~~~~~~~~~~~~^^^^^^^^^^^^^^^^^^^^^^^^^^^^^^
  File "/home/administrator/venv/lib/python3.14/site-packages/flask/scaffold.py", line 50, in wrapper_func
    return f(self, *args, **kwargs)
  File "/home/administrator/venv/lib/python3.14/site-packages/flask/app.py", line 1059, in add_url_rule
    raise AssertionError(
    ...<2 lines>...
    )
AssertionError: View function mapping is overwriting an existing endpoint function: api_dvr_probe


======================================================================
CRASH at 2026-09-30T06:59:11.828846
======================================================================
Traceback (most recent call last):
  File "/home/administrator/cctv/app.py", line 532, in <module>
    @app.route("/api/dvr/probe", methods=["POST"])
     ~~~~~~~~~^^^^^^^^^^^^^^^^^^^^^^^^^^^^^^^^^^^^
  File "/home/administrator/venv/lib/python3.14/site-packages/flask/scaffold.py", line 435, in decorator
    self.add_url_rule(rule, endpoint, f, **options)
    ~~~~~~~~~~~~~~~~~^^^^^^^^^^^^^^^^^^^^^^^^^^^^^^
  File "/home/administrator/venv/lib/python3.14/site-packages/flask/scaffold.py", line 50, in wrapper_func
    return f(self, *args, **kwargs)
  File "/home/administrator/venv/lib/python3.14/site-packages/flask/app.py", line 1059, in add_url_rule
    raise AssertionError(
    ...<2 lines>...
    )
AssertionError: View function mapping is overwriting an existing endpoint function: api_dvr_probe


======================================================================
CRASH at 2026-09-30T06:59:17.330120
======================================================================
Traceback (most recent call last):
  File "/home/administrator/cctv/app.py", line 532, in <module>
    @app.route("/api/dvr/probe", methods=["POST"])
     ~~~~~~~~~^^^^^^^^^^^^^^^^^^^^^^^^^^^^^^^^^^^^
  File "/home/administrator/venv/lib/python3.14/site-packages/flask/scaffold.py", line 435, in decorator
    self.add_url_rule(rule, endpoint, f, **options)
    ~~~~~~~~~~~~~~~~~^^^^^^^^^^^^^^^^^^^^^^^^^^^^^^
  File "/home/administrator/venv/lib/python3.14/site-packages/flask/scaffold.py", line 50, in wrapper_func
    return f(self, *args, **kwargs)
  File "/home/administrator/venv/lib/python3.14/site-packages/flask/app.py", line 1059, in add_url_rule
    raise AssertionError(
    ...<2 lines>...
    )
AssertionError: View function mapping is overwriting an existing endpoint function: api_dvr_probe


======================================================================
CRASH at 2026-09-30T06:59:22.830359
======================================================================
Traceback (most recent call last):
  File "/home/administrator/cctv/app.py", line 532, in <module>
    @app.route("/api/dvr/probe", methods=["POST"])
     ~~~~~~~~~^^^^^^^^^^^^^^^^^^^^^^^^^^^^^^^^^^^^
  File "/home/administrator/venv/lib/python3.14/site-packages/flask/scaffold.py", line 435, in decorator
    self.add_url_rule(rule, endpoint, f, **options)
    ~~~~~~~~~~~~~~~~~^^^^^^^^^^^^^^^^^^^^^^^^^^^^^^
  File "/home/administrator/venv/lib/python3.14/site-packages/flask/scaffold.py", line 50, in wrapper_func
    return f(self, *args, **kwargs)
  File "/home/administrator/venv/lib/python3.14/site-packages/flask/app.py", line 1059, in add_url_rule
    raise AssertionError(
    ...<2 lines>...
    )
AssertionError: View function mapping is overwriting an existing endpoint function: api_dvr_probe


======================================================================
CRASH at 2026-09-30T06:59:28.331086
======================================================================
Traceback (most recent call last):
  File "/home/administrator/cctv/app.py", line 532, in <module>
    @app.route("/api/dvr/probe", methods=["POST"])
     ~~~~~~~~~^^^^^^^^^^^^^^^^^^^^^^^^^^^^^^^^^^^^
  File "/home/administrator/venv/lib/python3.14/site-packages/flask/scaffold.py", line 435, in decorator
    self.add_url_rule(rule, endpoint, f, **options)
    ~~~~~~~~~~~~~~~~~^^^^^^^^^^^^^^^^^^^^^^^^^^^^^^
  File "/home/administrator/venv/lib/python3.14/site-packages/flask/scaffold.py", line 50, in wrapper_func
    return f(self, *args, **kwargs)
  File "/home/administrator/venv/lib/python3.14/site-packages/flask/app.py", line 1059, in add_url_rule
    raise AssertionError(
    ...<2 lines>...
    )
AssertionError: View function mapping is overwriting an existing endpoint function: api_dvr_probe


======================================================================
CRASH at 2026-09-30T06:59:33.827139
======================================================================
Traceback (most recent call last):
  File "/home/administrator/cctv/app.py", line 532, in <module>
    @app.route("/api/dvr/probe", methods=["POST"])
     ~~~~~~~~~^^^^^^^^^^^^^^^^^^^^^^^^^^^^^^^^^^^^
  File "/home/administrator/venv/lib/python3.14/site-packages/flask/scaffold.py", line 435, in decorator
    self.add_url_rule(rule, endpoint, f, **options)
    ~~~~~~~~~~~~~~~~~^^^^^^^^^^^^^^^^^^^^^^^^^^^^^^
  File "/home/administrator/venv/lib/python3.14/site-packages/flask/scaffold.py", line 50, in wrapper_func
    return f(self, *args, **kwargs)
  File "/home/administrator/venv/lib/python3.14/site-packages/flask/app.py", line 1059, in add_url_rule
    raise AssertionError(
    ...<2 lines>...
    )
AssertionError: View function mapping is overwriting an existing endpoint function: api_dvr_probe


======================================================================
CRASH at 2026-09-30T06:59:39.329248
======================================================================
Traceback (most recent call last):
  File "/home/administrator/cctv/app.py", line 532, in <module>
    @app.route("/api/dvr/probe", methods=["POST"])
     ~~~~~~~~~^^^^^^^^^^^^^^^^^^^^^^^^^^^^^^^^^^^^
  File "/home/administrator/venv/lib/python3.14/site-packages/flask/scaffold.py", line 435, in decorator
    self.add_url_rule(rule, endpoint, f, **options)
    ~~~~~~~~~~~~~~~~~^^^^^^^^^^^^^^^^^^^^^^^^^^^^^^
  File "/home/administrator/venv/lib/python3.14/site-packages/flask/scaffold.py", line 50, in wrapper_func
    return f(self, *args, **kwargs)
  File "/home/administrator/venv/lib/python3.14/site-packages/flask/app.py", line 1059, in add_url_rule
    raise AssertionError(
    ...<2 lines>...
    )
AssertionError: View function mapping is overwriting an existing endpoint function: api_dvr_probe


======================================================================
CRASH at 2026-09-30T06:59:44.827781
======================================================================
Traceback (most recent call last):
  File "/home/administrator/cctv/app.py", line 532, in <module>
    @app.route("/api/dvr/probe", methods=["POST"])
     ~~~~~~~~~^^^^^^^^^^^^^^^^^^^^^^^^^^^^^^^^^^^^
  File "/home/administrator/venv/lib/python3.14/site-packages/flask/scaffold.py", line 435, in decorator
    self.add_url_rule(rule, endpoint, f, **options)
    ~~~~~~~~~~~~~~~~~^^^^^^^^^^^^^^^^^^^^^^^^^^^^^^
  File "/home/administrator/venv/lib/python3.14/site-packages/flask/scaffold.py", line 50, in wrapper_func
    return f(self, *args, **kwargs)
  File "/home/administrator/venv/lib/python3.14/site-packages/flask/app.py", line 1059, in add_url_rule
    raise AssertionError(
    ...<2 lines>...
    )
AssertionError: View function mapping is overwriting an existing endpoint function: api_dvr_probe


======================================================================
CRASH at 2026-09-30T06:59:50.329934
======================================================================
Traceback (most recent call last):
  File "/home/administrator/cctv/app.py", line 532, in <module>
    @app.route("/api/dvr/probe", methods=["POST"])
     ~~~~~~~~~^^^^^^^^^^^^^^^^^^^^^^^^^^^^^^^^^^^^
  File "/home/administrator/venv/lib/python3.14/site-packages/flask/scaffold.py", line 435, in decorator
    self.add_url_rule(rule, endpoint, f, **options)
    ~~~~~~~~~~~~~~~~~^^^^^^^^^^^^^^^^^^^^^^^^^^^^^^
  File "/home/administrator/venv/lib/python3.14/site-packages/flask/scaffold.py", line 50, in wrapper_func
    return f(self, *args, **kwargs)
  File "/home/administrator/venv/lib/python3.14/site-packages/flask/app.py", line 1059, in add_url_rule
    raise AssertionError(
    ...<2 lines>...
    )
AssertionError: View function mapping is overwriting an existing endpoint function: api_dvr_probe


======================================================================
CRASH at 2026-09-30T06:59:55.827597
======================================================================
Traceback (most recent call last):
  File "/home/administrator/cctv/app.py", line 532, in <module>
    @app.route("/api/dvr/probe", methods=["POST"])
     ~~~~~~~~~^^^^^^^^^^^^^^^^^^^^^^^^^^^^^^^^^^^^
  File "/home/administrator/venv/lib/python3.14/site-packages/flask/scaffold.py", line 435, in decorator
    self.add_url_rule(rule, endpoint, f, **options)
    ~~~~~~~~~~~~~~~~~^^^^^^^^^^^^^^^^^^^^^^^^^^^^^^
  File "/home/administrator/venv/lib/python3.14/site-packages/flask/scaffold.py", line 50, in wrapper_func
    return f(self, *args, **kwargs)
  File "/home/administrator/venv/lib/python3.14/site-packages/flask/app.py", line 1059, in add_url_rule
    raise AssertionError(
    ...<2 lines>...
    )
AssertionError: View function mapping is overwriting an existing endpoint function: api_dvr_probe


======================================================================
CRASH at 2026-09-30T07:00:01.332421
======================================================================
Traceback (most recent call last):
  File "/home/administrator/cctv/app.py", line 532, in <module>
    @app.route("/api/dvr/probe", methods=["POST"])
     ~~~~~~~~~^^^^^^^^^^^^^^^^^^^^^^^^^^^^^^^^^^^^
  File "/home/administrator/venv/lib/python3.14/site-packages/flask/scaffold.py", line 435, in decorator
    self.add_url_rule(rule, endpoint, f, **options)
    ~~~~~~~~~~~~~~~~~^^^^^^^^^^^^^^^^^^^^^^^^^^^^^^
  File "/home/administrator/venv/lib/python3.14/site-packages/flask/scaffold.py", line 50, in wrapper_func
    return f(self, *args, **kwargs)
  File "/home/administrator/venv/lib/python3.14/site-packages/flask/app.py", line 1059, in add_url_rule
    raise AssertionError(
    ...<2 lines>...
    )
AssertionError: View function mapping is overwriting an existing endpoint function: api_dvr_probe


======================================================================
CRASH at 2026-09-30T07:00:06.830780
======================================================================
Traceback (most recent call last):
  File "/home/administrator/cctv/app.py", line 532, in <module>
    @app.route("/api/dvr/probe", methods=["POST"])
     ~~~~~~~~~^^^^^^^^^^^^^^^^^^^^^^^^^^^^^^^^^^^^
  File "/home/administrator/venv/lib/python3.14/site-packages/flask/scaffold.py", line 435, in decorator
    self.add_url_rule(rule, endpoint, f, **options)
    ~~~~~~~~~~~~~~~~~^^^^^^^^^^^^^^^^^^^^^^^^^^^^^^
  File "/home/administrator/venv/lib/python3.14/site-packages/flask/scaffold.py", line 50, in wrapper_func
    return f(self, *args, **kwargs)
  File "/home/administrator/venv/lib/python3.14/site-packages/flask/app.py", line 1059, in add_url_rule
    raise AssertionError(
    ...<2 lines>...
    )
AssertionError: View function mapping is overwriting an existing endpoint function: api_dvr_probe


======================================================================
CRASH at 2026-09-30T07:00:12.328082
======================================================================
Traceback (most recent call last):
  File "/home/administrator/cctv/app.py", line 532, in <module>
    @app.route("/api/dvr/probe", methods=["POST"])
     ~~~~~~~~~^^^^^^^^^^^^^^^^^^^^^^^^^^^^^^^^^^^^
  File "/home/administrator/venv/lib/python3.14/site-packages/flask/scaffold.py", line 435, in decorator
    self.add_url_rule(rule, endpoint, f, **options)
    ~~~~~~~~~~~~~~~~~^^^^^^^^^^^^^^^^^^^^^^^^^^^^^^
  File "/home/administrator/venv/lib/python3.14/site-packages/flask/scaffold.py", line 50, in wrapper_func
    return f(self, *args, **kwargs)
  File "/home/administrator/venv/lib/python3.14/site-packages/flask/app.py", line 1059, in add_url_rule
    raise AssertionError(
    ...<2 lines>...
    )
AssertionError: View function mapping is overwriting an existing endpoint function: api_dvr_probe


======================================================================
CRASH at 2026-09-30T07:00:17.831858
======================================================================
Traceback (most recent call last):
  File "/home/administrator/cctv/app.py", line 532, in <module>
    @app.route("/api/dvr/probe", methods=["POST"])
     ~~~~~~~~~^^^^^^^^^^^^^^^^^^^^^^^^^^^^^^^^^^^^
  File "/home/administrator/venv/lib/python3.14/site-packages/flask/scaffold.py", line 435, in decorator
    self.add_url_rule(rule, endpoint, f, **options)
    ~~~~~~~~~~~~~~~~~^^^^^^^^^^^^^^^^^^^^^^^^^^^^^^
  File "/home/administrator/venv/lib/python3.14/site-packages/flask/scaffold.py", line 50, in wrapper_func
    return f(self, *args, **kwargs)
  File "/home/administrator/venv/lib/python3.14/site-packages/flask/app.py", line 1059, in add_url_rule
    raise AssertionError(
    ...<2 lines>...
    )
AssertionError: View function mapping is overwriting an existing endpoint function: api_dvr_probe


======================================================================
CRASH at 2026-09-30T07:00:23.332624
======================================================================
Traceback (most recent call last):
  File "/home/administrator/cctv/app.py", line 532, in <module>
    @app.route("/api/dvr/probe", methods=["POST"])
     ~~~~~~~~~^^^^^^^^^^^^^^^^^^^^^^^^^^^^^^^^^^^^
  File "/home/administrator/venv/lib/python3.14/site-packages/flask/scaffold.py", line 435, in decorator
    self.add_url_rule(rule, endpoint, f, **options)
    ~~~~~~~~~~~~~~~~~^^^^^^^^^^^^^^^^^^^^^^^^^^^^^^
  File "/home/administrator/venv/lib/python3.14/site-packages/flask/scaffold.py", line 50, in wrapper_func
    return f(self, *args, **kwargs)
  File "/home/administrator/venv/lib/python3.14/site-packages/flask/app.py", line 1059, in add_url_rule
    raise AssertionError(
    ...<2 lines>...
    )
AssertionError: View function mapping is overwriting an existing endpoint function: api_dvr_probe


======================================================================
CRASH at 2026-09-30T07:00:28.828816
======================================================================
Traceback (most recent call last):
  File "/home/administrator/cctv/app.py", line 532, in <module>
    @app.route("/api/dvr/probe", methods=["POST"])
     ~~~~~~~~~^^^^^^^^^^^^^^^^^^^^^^^^^^^^^^^^^^^^
  File "/home/administrator/venv/lib/python3.14/site-packages/flask/scaffold.py", line 435, in decorator
    self.add_url_rule(rule, endpoint, f, **options)
    ~~~~~~~~~~~~~~~~~^^^^^^^^^^^^^^^^^^^^^^^^^^^^^^
  File "/home/administrator/venv/lib/python3.14/site-packages/flask/scaffold.py", line 50, in wrapper_func
    return f(self, *args, **kwargs)
  File "/home/administrator/venv/lib/python3.14/site-packages/flask/app.py", line 1059, in add_url_rule
    raise AssertionError(
    ...<2 lines>...
    )
AssertionError: View function mapping is overwriting an existing endpoint function: api_dvr_probe


======================================================================
CRASH at 2026-09-30T07:00:34.334751
======================================================================
Traceback (most recent call last):
  File "/home/administrator/cctv/app.py", line 532, in <module>
    @app.route("/api/dvr/probe", methods=["POST"])
     ~~~~~~~~~^^^^^^^^^^^^^^^^^^^^^^^^^^^^^^^^^^^^
  File "/home/administrator/venv/lib/python3.14/site-packages/flask/scaffold.py", line 435, in decorator
    self.add_url_rule(rule, endpoint, f, **options)
    ~~~~~~~~~~~~~~~~~^^^^^^^^^^^^^^^^^^^^^^^^^^^^^^
  File "/home/administrator/venv/lib/python3.14/site-packages/flask/scaffold.py", line 50, in wrapper_func
    return f(self, *args, **kwargs)
  File "/home/administrator/venv/lib/python3.14/site-packages/flask/app.py", line 1059, in add_url_rule
    raise AssertionError(
    ...<2 lines>...
    )
AssertionError: View function mapping is overwriting an existing endpoint function: api_dvr_probe


======================================================================
CRASH at 2026-09-30T07:00:39.829645
======================================================================
Traceback (most recent call last):
  File "/home/administrator/cctv/app.py", line 532, in <module>
    @app.route("/api/dvr/probe", methods=["POST"])
     ~~~~~~~~~^^^^^^^^^^^^^^^^^^^^^^^^^^^^^^^^^^^^
  File "/home/administrator/venv/lib/python3.14/site-packages/flask/scaffold.py", line 435, in decorator
    self.add_url_rule(rule, endpoint, f, **options)
    ~~~~~~~~~~~~~~~~~^^^^^^^^^^^^^^^^^^^^^^^^^^^^^^
  File "/home/administrator/venv/lib/python3.14/site-packages/flask/scaffold.py", line 50, in wrapper_func
    return f(self, *args, **kwargs)
  File "/home/administrator/venv/lib/python3.14/site-packages/flask/app.py", line 1059, in add_url_rule
    raise AssertionError(
    ...<2 lines>...
    )
AssertionError: View function mapping is overwriting an existing endpoint function: api_dvr_probe


======================================================================
CRASH at 2026-09-30T07:00:45.325412
======================================================================
Traceback (most recent call last):
  File "/home/administrator/cctv/app.py", line 532, in <module>
    @app.route("/api/dvr/probe", methods=["POST"])
     ~~~~~~~~~^^^^^^^^^^^^^^^^^^^^^^^^^^^^^^^^^^^^
  File "/home/administrator/venv/lib/python3.14/site-packages/flask/scaffold.py", line 435, in decorator
    self.add_url_rule(rule, endpoint, f, **options)
    ~~~~~~~~~~~~~~~~~^^^^^^^^^^^^^^^^^^^^^^^^^^^^^^
  File "/home/administrator/venv/lib/python3.14/site-packages/flask/scaffold.py", line 50, in wrapper_func
    return f(self, *args, **kwargs)
  File "/home/administrator/venv/lib/python3.14/site-packages/flask/app.py", line 1059, in add_url_rule
    raise AssertionError(
    ...<2 lines>...
    )
AssertionError: View function mapping is overwriting an existing endpoint function: api_dvr_probe


======================================================================
CRASH at 2026-09-30T07:00:50.830869
======================================================================
Traceback (most recent call last):
  File "/home/administrator/cctv/app.py", line 532, in <module>
    @app.route("/api/dvr/probe", methods=["POST"])
     ~~~~~~~~~^^^^^^^^^^^^^^^^^^^^^^^^^^^^^^^^^^^^
  File "/home/administrator/venv/lib/python3.14/site-packages/flask/scaffold.py", line 435, in decorator
    self.add_url_rule(rule, endpoint, f, **options)
    ~~~~~~~~~~~~~~~~~^^^^^^^^^^^^^^^^^^^^^^^^^^^^^^
  File "/home/administrator/venv/lib/python3.14/site-packages/flask/scaffold.py", line 50, in wrapper_func
    return f(self, *args, **kwargs)
  File "/home/administrator/venv/lib/python3.14/site-packages/flask/app.py", line 1059, in add_url_rule
    raise AssertionError(
    ...<2 lines>...
    )
AssertionError: View function mapping is overwriting an existing endpoint function: api_dvr_probe


======================================================================
CRASH at 2026-09-30T07:00:56.329924
======================================================================
Traceback (most recent call last):
  File "/home/administrator/cctv/app.py", line 532, in <module>
    @app.route("/api/dvr/probe", methods=["POST"])
     ~~~~~~~~~^^^^^^^^^^^^^^^^^^^^^^^^^^^^^^^^^^^^
  File "/home/administrator/venv/lib/python3.14/site-packages/flask/scaffold.py", line 435, in decorator
    self.add_url_rule(rule, endpoint, f, **options)
    ~~~~~~~~~~~~~~~~~^^^^^^^^^^^^^^^^^^^^^^^^^^^^^^
  File "/home/administrator/venv/lib/python3.14/site-packages/flask/scaffold.py", line 50, in wrapper_func
    return f(self, *args, **kwargs)
  File "/home/administrator/venv/lib/python3.14/site-packages/flask/app.py", line 1059, in add_url_rule
    raise AssertionError(
    ...<2 lines>...
    )
AssertionError: View function mapping is overwriting an existing endpoint function: api_dvr_probe


======================================================================
CRASH at 2026-09-30T07:01:01.831663
======================================================================
Traceback (most recent call last):
  File "/home/administrator/cctv/app.py", line 532, in <module>
    @app.route("/api/dvr/probe", methods=["POST"])
     ~~~~~~~~~^^^^^^^^^^^^^^^^^^^^^^^^^^^^^^^^^^^^
  File "/home/administrator/venv/lib/python3.14/site-packages/flask/scaffold.py", line 435, in decorator
    self.add_url_rule(rule, endpoint, f, **options)
    ~~~~~~~~~~~~~~~~~^^^^^^^^^^^^^^^^^^^^^^^^^^^^^^
  File "/home/administrator/venv/lib/python3.14/site-packages/flask/scaffold.py", line 50, in wrapper_func
    return f(self, *args, **kwargs)
  File "/home/administrator/venv/lib/python3.14/site-packages/flask/app.py", line 1059, in add_url_rule
    raise AssertionError(
    ...<2 lines>...
    )
AssertionError: View function mapping is overwriting an existing endpoint function: api_dvr_probe


======================================================================
CRASH at 2026-09-30T07:01:07.333377
======================================================================
Traceback (most recent call last):
  File "/home/administrator/cctv/app.py", line 532, in <module>
    @app.route("/api/dvr/probe", methods=["POST"])
     ~~~~~~~~~^^^^^^^^^^^^^^^^^^^^^^^^^^^^^^^^^^^^
  File "/home/administrator/venv/lib/python3.14/site-packages/flask/scaffold.py", line 435, in decorator
    self.add_url_rule(rule, endpoint, f, **options)
    ~~~~~~~~~~~~~~~~~^^^^^^^^^^^^^^^^^^^^^^^^^^^^^^
  File "/home/administrator/venv/lib/python3.14/site-packages/flask/scaffold.py", line 50, in wrapper_func
    return f(self, *args, **kwargs)
  File "/home/administrator/venv/lib/python3.14/site-packages/flask/app.py", line 1059, in add_url_rule
    raise AssertionError(
    ...<2 lines>...
    )
AssertionError: View function mapping is overwriting an existing endpoint function: api_dvr_probe


======================================================================
CRASH at 2026-09-30T07:01:12.830768
======================================================================
Traceback (most recent call last):
  File "/home/administrator/cctv/app.py", line 532, in <module>
    @app.route("/api/dvr/probe", methods=["POST"])
     ~~~~~~~~~^^^^^^^^^^^^^^^^^^^^^^^^^^^^^^^^^^^^
  File "/home/administrator/venv/lib/python3.14/site-packages/flask/scaffold.py", line 435, in decorator
    self.add_url_rule(rule, endpoint, f, **options)
    ~~~~~~~~~~~~~~~~~^^^^^^^^^^^^^^^^^^^^^^^^^^^^^^
  File "/home/administrator/venv/lib/python3.14/site-packages/flask/scaffold.py", line 50, in wrapper_func
    return f(self, *args, **kwargs)
  File "/home/administrator/venv/lib/python3.14/site-packages/flask/app.py", line 1059, in add_url_rule
    raise AssertionError(
    ...<2 lines>...
    )
AssertionError: View function mapping is overwriting an existing endpoint function: api_dvr_probe


======================================================================
CRASH at 2026-09-30T07:01:18.334599
======================================================================
Traceback (most recent call last):
  File "/home/administrator/cctv/app.py", line 532, in <module>
    @app.route("/api/dvr/probe", methods=["POST"])
     ~~~~~~~~~^^^^^^^^^^^^^^^^^^^^^^^^^^^^^^^^^^^^
  File "/home/administrator/venv/lib/python3.14/site-packages/flask/scaffold.py", line 435, in decorator
    self.add_url_rule(rule, endpoint, f, **options)
    ~~~~~~~~~~~~~~~~~^^^^^^^^^^^^^^^^^^^^^^^^^^^^^^
  File "/home/administrator/venv/lib/python3.14/site-packages/flask/scaffold.py", line 50, in wrapper_func
    return f(self, *args, **kwargs)
  File "/home/administrator/venv/lib/python3.14/site-packages/flask/app.py", line 1059, in add_url_rule
    raise AssertionError(
    ...<2 lines>...
    )
AssertionError: View function mapping is overwriting an existing endpoint function: api_dvr_probe


======================================================================
CRASH at 2026-09-30T07:01:23.830195
======================================================================
Traceback (most recent call last):
  File "/home/administrator/cctv/app.py", line 532, in <module>
    @app.route("/api/dvr/probe", methods=["POST"])
     ~~~~~~~~~^^^^^^^^^^^^^^^^^^^^^^^^^^^^^^^^^^^^
  File "/home/administrator/venv/lib/python3.14/site-packages/flask/scaffold.py", line 435, in decorator
    self.add_url_rule(rule, endpoint, f, **options)
    ~~~~~~~~~~~~~~~~~^^^^^^^^^^^^^^^^^^^^^^^^^^^^^^
  File "/home/administrator/venv/lib/python3.14/site-packages/flask/scaffold.py", line 50, in wrapper_func
    return f(self, *args, **kwargs)
  File "/home/administrator/venv/lib/python3.14/site-packages/flask/app.py", line 1059, in add_url_rule
    raise AssertionError(
    ...<2 lines>...
    )
AssertionError: View function mapping is overwriting an existing endpoint function: api_dvr_probe


======================================================================
CRASH at 2026-09-30T07:01:29.331970
======================================================================
Traceback (most recent call last):
  File "/home/administrator/cctv/app.py", line 532, in <module>
    @app.route("/api/dvr/probe", methods=["POST"])
     ~~~~~~~~~^^^^^^^^^^^^^^^^^^^^^^^^^^^^^^^^^^^^
  File "/home/administrator/venv/lib/python3.14/site-packages/flask/scaffold.py", line 435, in decorator
    self.add_url_rule(rule, endpoint, f, **options)
    ~~~~~~~~~~~~~~~~~^^^^^^^^^^^^^^^^^^^^^^^^^^^^^^
  File "/home/administrator/venv/lib/python3.14/site-packages/flask/scaffold.py", line 50, in wrapper_func
    return f(self, *args, **kwargs)
  File "/home/administrator/venv/lib/python3.14/site-packages/flask/app.py", line 1059, in add_url_rule
    raise AssertionError(
    ...<2 lines>...
    )
AssertionError: View function mapping is overwriting an existing endpoint function: api_dvr_probe


======================================================================
CRASH at 2026-09-30T07:01:34.834294
======================================================================
Traceback (most recent call last):
  File "/home/administrator/cctv/app.py", line 532, in <module>
    @app.route("/api/dvr/probe", methods=["POST"])
     ~~~~~~~~~^^^^^^^^^^^^^^^^^^^^^^^^^^^^^^^^^^^^
  File "/home/administrator/venv/lib/python3.14/site-packages/flask/scaffold.py", line 435, in decorator
    self.add_url_rule(rule, endpoint, f, **options)
    ~~~~~~~~~~~~~~~~~^^^^^^^^^^^^^^^^^^^^^^^^^^^^^^
  File "/home/administrator/venv/lib/python3.14/site-packages/flask/scaffold.py", line 50, in wrapper_func
    return f(self, *args, **kwargs)
  File "/home/administrator/venv/lib/python3.14/site-packages/flask/app.py", line 1059, in add_url_rule
    raise AssertionError(
    ...<2 lines>...
    )
AssertionError: View function mapping is overwriting an existing endpoint function: api_dvr_probe


======================================================================
CRASH at 2026-09-30T07:01:40.328638
======================================================================
Traceback (most recent call last):
  File "/home/administrator/cctv/app.py", line 532, in <module>
    @app.route("/api/dvr/probe", methods=["POST"])
     ~~~~~~~~~^^^^^^^^^^^^^^^^^^^^^^^^^^^^^^^^^^^^
  File "/home/administrator/venv/lib/python3.14/site-packages/flask/scaffold.py", line 435, in decorator
    self.add_url_rule(rule, endpoint, f, **options)
    ~~~~~~~~~~~~~~~~~^^^^^^^^^^^^^^^^^^^^^^^^^^^^^^
  File "/home/administrator/venv/lib/python3.14/site-packages/flask/scaffold.py", line 50, in wrapper_func
    return f(self, *args, **kwargs)
  File "/home/administrator/venv/lib/python3.14/site-packages/flask/app.py", line 1059, in add_url_rule
    raise AssertionError(
    ...<2 lines>...
    )
AssertionError: View function mapping is overwriting an existing endpoint function: api_dvr_probe


======================================================================
CRASH at 2026-09-30T07:01:45.828282
======================================================================
Traceback (most recent call last):
  File "/home/administrator/cctv/app.py", line 532, in <module>
    @app.route("/api/dvr/probe", methods=["POST"])
     ~~~~~~~~~^^^^^^^^^^^^^^^^^^^^^^^^^^^^^^^^^^^^
  File "/home/administrator/venv/lib/python3.14/site-packages/flask/scaffold.py", line 435, in decorator
    self.add_url_rule(rule, endpoint, f, **options)
    ~~~~~~~~~~~~~~~~~^^^^^^^^^^^^^^^^^^^^^^^^^^^^^^
  File "/home/administrator/venv/lib/python3.14/site-packages/flask/scaffold.py", line 50, in wrapper_func
    return f(self, *args, **kwargs)
  File "/home/administrator/venv/lib/python3.14/site-packages/flask/app.py", line 1059, in add_url_rule
    raise AssertionError(
    ...<2 lines>...
    )
AssertionError: View function mapping is overwriting an existing endpoint function: api_dvr_probe


======================================================================
CRASH at 2026-09-30T07:01:51.333034
======================================================================
Traceback (most recent call last):
  File "/home/administrator/cctv/app.py", line 532, in <module>
    @app.route("/api/dvr/probe", methods=["POST"])
     ~~~~~~~~~^^^^^^^^^^^^^^^^^^^^^^^^^^^^^^^^^^^^
  File "/home/administrator/venv/lib/python3.14/site-packages/flask/scaffold.py", line 435, in decorator
    self.add_url_rule(rule, endpoint, f, **options)
    ~~~~~~~~~~~~~~~~~^^^^^^^^^^^^^^^^^^^^^^^^^^^^^^
  File "/home/administrator/venv/lib/python3.14/site-packages/flask/scaffold.py", line 50, in wrapper_func
    return f(self, *args, **kwargs)
  File "/home/administrator/venv/lib/python3.14/site-packages/flask/app.py", line 1059, in add_url_rule
    raise AssertionError(
    ...<2 lines>...
    )
AssertionError: View function mapping is overwriting an existing endpoint function: api_dvr_probe


======================================================================
CRASH at 2026-09-30T07:01:56.831367
======================================================================
Traceback (most recent call last):
  File "/home/administrator/cctv/app.py", line 532, in <module>
    @app.route("/api/dvr/probe", methods=["POST"])
     ~~~~~~~~~^^^^^^^^^^^^^^^^^^^^^^^^^^^^^^^^^^^^
  File "/home/administrator/venv/lib/python3.14/site-packages/flask/scaffold.py", line 435, in decorator
    self.add_url_rule(rule, endpoint, f, **options)
    ~~~~~~~~~~~~~~~~~^^^^^^^^^^^^^^^^^^^^^^^^^^^^^^
  File "/home/administrator/venv/lib/python3.14/site-packages/flask/scaffold.py", line 50, in wrapper_func
    return f(self, *args, **kwargs)
  File "/home/administrator/venv/lib/python3.14/site-packages/flask/app.py", line 1059, in add_url_rule
    raise AssertionError(
    ...<2 lines>...
    )
AssertionError: View function mapping is overwriting an existing endpoint function: api_dvr_probe


======================================================================
CRASH at 2026-09-30T07:02:02.329008
======================================================================
Traceback (most recent call last):
  File "/home/administrator/cctv/app.py", line 532, in <module>
    @app.route("/api/dvr/probe", methods=["POST"])
     ~~~~~~~~~^^^^^^^^^^^^^^^^^^^^^^^^^^^^^^^^^^^^
  File "/home/administrator/venv/lib/python3.14/site-packages/flask/scaffold.py", line 435, in decorator
    self.add_url_rule(rule, endpoint, f, **options)
    ~~~~~~~~~~~~~~~~~^^^^^^^^^^^^^^^^^^^^^^^^^^^^^^
  File "/home/administrator/venv/lib/python3.14/site-packages/flask/scaffold.py", line 50, in wrapper_func
    return f(self, *args, **kwargs)
  File "/home/administrator/venv/lib/python3.14/site-packages/flask/app.py", line 1059, in add_url_rule
    raise AssertionError(
    ...<2 lines>...
    )
AssertionError: View function mapping is overwriting an existing endpoint function: api_dvr_probe


======================================================================
CRASH at 2026-09-30T07:02:07.837573
======================================================================
Traceback (most recent call last):
  File "/home/administrator/cctv/app.py", line 532, in <module>
    @app.route("/api/dvr/probe", methods=["POST"])
     ~~~~~~~~~^^^^^^^^^^^^^^^^^^^^^^^^^^^^^^^^^^^^
  File "/home/administrator/venv/lib/python3.14/site-packages/flask/scaffold.py", line 435, in decorator
    self.add_url_rule(rule, endpoint, f, **options)
    ~~~~~~~~~~~~~~~~~^^^^^^^^^^^^^^^^^^^^^^^^^^^^^^
  File "/home/administrator/venv/lib/python3.14/site-packages/flask/scaffold.py", line 50, in wrapper_func
    return f(self, *args, **kwargs)
  File "/home/administrator/venv/lib/python3.14/site-packages/flask/app.py", line 1059, in add_url_rule
    raise AssertionError(
    ...<2 lines>...
    )
AssertionError: View function mapping is overwriting an existing endpoint function: api_dvr_probe


======================================================================
CRASH at 2026-09-30T07:02:13.335839
======================================================================
Traceback (most recent call last):
  File "/home/administrator/cctv/app.py", line 532, in <module>
    @app.route("/api/dvr/probe", methods=["POST"])
     ~~~~~~~~~^^^^^^^^^^^^^^^^^^^^^^^^^^^^^^^^^^^^
  File "/home/administrator/venv/lib/python3.14/site-packages/flask/scaffold.py", line 435, in decorator
    self.add_url_rule(rule, endpoint, f, **options)
    ~~~~~~~~~~~~~~~~~^^^^^^^^^^^^^^^^^^^^^^^^^^^^^^
  File "/home/administrator/venv/lib/python3.14/site-packages/flask/scaffold.py", line 50, in wrapper_func
    return f(self, *args, **kwargs)
  File "/home/administrator/venv/lib/python3.14/site-packages/flask/app.py", line 1059, in add_url_rule
    raise AssertionError(
    ...<2 lines>...
    )
AssertionError: View function mapping is overwriting an existing endpoint function: api_dvr_probe


======================================================================
CRASH at 2026-09-30T07:02:18.830967
======================================================================
Traceback (most recent call last):
  File "/home/administrator/cctv/app.py", line 532, in <module>
    @app.route("/api/dvr/probe", methods=["POST"])
     ~~~~~~~~~^^^^^^^^^^^^^^^^^^^^^^^^^^^^^^^^^^^^
  File "/home/administrator/venv/lib/python3.14/site-packages/flask/scaffold.py", line 435, in decorator
    self.add_url_rule(rule, endpoint, f, **options)
    ~~~~~~~~~~~~~~~~~^^^^^^^^^^^^^^^^^^^^^^^^^^^^^^
  File "/home/administrator/venv/lib/python3.14/site-packages/flask/scaffold.py", line 50, in wrapper_func
    return f(self, *args, **kwargs)
  File "/home/administrator/venv/lib/python3.14/site-packages/flask/app.py", line 1059, in add_url_rule
    raise AssertionError(
    ...<2 lines>...
    )
AssertionError: View function mapping is overwriting an existing endpoint function: api_dvr_probe


======================================================================
CRASH at 2026-09-30T07:02:24.328801
======================================================================
Traceback (most recent call last):
  File "/home/administrator/cctv/app.py", line 532, in <module>
    @app.route("/api/dvr/probe", methods=["POST"])
     ~~~~~~~~~^^^^^^^^^^^^^^^^^^^^^^^^^^^^^^^^^^^^
  File "/home/administrator/venv/lib/python3.14/site-packages/flask/scaffold.py", line 435, in decorator
    self.add_url_rule(rule, endpoint, f, **options)
    ~~~~~~~~~~~~~~~~~^^^^^^^^^^^^^^^^^^^^^^^^^^^^^^
  File "/home/administrator/venv/lib/python3.14/site-packages/flask/scaffold.py", line 50, in wrapper_func
    return f(self, *args, **kwargs)
  File "/home/administrator/venv/lib/python3.14/site-packages/flask/app.py", line 1059, in add_url_rule
    raise AssertionError(
    ...<2 lines>...
    )
AssertionError: View function mapping is overwriting an existing endpoint function: api_dvr_probe


======================================================================
CRASH at 2026-09-30T07:02:29.831282
======================================================================
Traceback (most recent call last):
  File "/home/administrator/cctv/app.py", line 532, in <module>
    @app.route("/api/dvr/probe", methods=["POST"])
     ~~~~~~~~~^^^^^^^^^^^^^^^^^^^^^^^^^^^^^^^^^^^^
  File "/home/administrator/venv/lib/python3.14/site-packages/flask/scaffold.py", line 435, in decorator
    self.add_url_rule(rule, endpoint, f, **options)
    ~~~~~~~~~~~~~~~~~^^^^^^^^^^^^^^^^^^^^^^^^^^^^^^
  File "/home/administrator/venv/lib/python3.14/site-packages/flask/scaffold.py", line 50, in wrapper_func
    return f(self, *args, **kwargs)
  File "/home/administrator/venv/lib/python3.14/site-packages/flask/app.py", line 1059, in add_url_rule
    raise AssertionError(
    ...<2 lines>...
    )
AssertionError: View function mapping is overwriting an existing endpoint function: api_dvr_probe


======================================================================
CRASH at 2026-09-30T07:02:35.328367
======================================================================
Traceback (most recent call last):
  File "/home/administrator/cctv/app.py", line 532, in <module>
    @app.route("/api/dvr/probe", methods=["POST"])
     ~~~~~~~~~^^^^^^^^^^^^^^^^^^^^^^^^^^^^^^^^^^^^
  File "/home/administrator/venv/lib/python3.14/site-packages/flask/scaffold.py", line 435, in decorator
    self.add_url_rule(rule, endpoint, f, **options)
    ~~~~~~~~~~~~~~~~~^^^^^^^^^^^^^^^^^^^^^^^^^^^^^^
  File "/home/administrator/venv/lib/python3.14/site-packages/flask/scaffold.py", line 50, in wrapper_func
    return f(self, *args, **kwargs)
  File "/home/administrator/venv/lib/python3.14/site-packages/flask/app.py", line 1059, in add_url_rule
    raise AssertionError(
    ...<2 lines>...
    )
AssertionError: View function mapping is overwriting an existing endpoint function: api_dvr_probe


======================================================================
CRASH at 2026-09-30T07:02:40.827258
======================================================================
Traceback (most recent call last):
  File "/home/administrator/cctv/app.py", line 532, in <module>
    @app.route("/api/dvr/probe", methods=["POST"])
     ~~~~~~~~~^^^^^^^^^^^^^^^^^^^^^^^^^^^^^^^^^^^^
  File "/home/administrator/venv/lib/python3.14/site-packages/flask/scaffold.py", line 435, in decorator
    self.add_url_rule(rule, endpoint, f, **options)
    ~~~~~~~~~~~~~~~~~^^^^^^^^^^^^^^^^^^^^^^^^^^^^^^
  File "/home/administrator/venv/lib/python3.14/site-packages/flask/scaffold.py", line 50, in wrapper_func
    return f(self, *args, **kwargs)
  File "/home/administrator/venv/lib/python3.14/site-packages/flask/app.py", line 1059, in add_url_rule
    raise AssertionError(
    ...<2 lines>...
    )
AssertionError: View function mapping is overwriting an existing endpoint function: api_dvr_probe


======================================================================
CRASH at 2026-09-30T07:02:46.327357
======================================================================
Traceback (most recent call last):
  File "/home/administrator/cctv/app.py", line 532, in <module>
    @app.route("/api/dvr/probe", methods=["POST"])
     ~~~~~~~~~^^^^^^^^^^^^^^^^^^^^^^^^^^^^^^^^^^^^
  File "/home/administrator/venv/lib/python3.14/site-packages/flask/scaffold.py", line 435, in decorator
    self.add_url_rule(rule, endpoint, f, **options)
    ~~~~~~~~~~~~~~~~~^^^^^^^^^^^^^^^^^^^^^^^^^^^^^^
  File "/home/administrator/venv/lib/python3.14/site-packages/flask/scaffold.py", line 50, in wrapper_func
    return f(self, *args, **kwargs)
  File "/home/administrator/venv/lib/python3.14/site-packages/flask/app.py", line 1059, in add_url_rule
    raise AssertionError(
    ...<2 lines>...
    )
AssertionError: View function mapping is overwriting an existing endpoint function: api_dvr_probe


======================================================================
CRASH at 2026-09-30T07:02:51.826419
======================================================================
Traceback (most recent call last):
  File "/home/administrator/cctv/app.py", line 532, in <module>
    @app.route("/api/dvr/probe", methods=["POST"])
     ~~~~~~~~~^^^^^^^^^^^^^^^^^^^^^^^^^^^^^^^^^^^^
  File "/home/administrator/venv/lib/python3.14/site-packages/flask/scaffold.py", line 435, in decorator
    self.add_url_rule(rule, endpoint, f, **options)
    ~~~~~~~~~~~~~~~~~^^^^^^^^^^^^^^^^^^^^^^^^^^^^^^
  File "/home/administrator/venv/lib/python3.14/site-packages/flask/scaffold.py", line 50, in wrapper_func
    return f(self, *args, **kwargs)
  File "/home/administrator/venv/lib/python3.14/site-packages/flask/app.py", line 1059, in add_url_rule
    raise AssertionError(
    ...<2 lines>...
    )
AssertionError: View function mapping is overwriting an existing endpoint function: api_dvr_probe


======================================================================
CRASH at 2026-09-30T07:02:57.324618
======================================================================
Traceback (most recent call last):
  File "/home/administrator/cctv/app.py", line 532, in <module>
    @app.route("/api/dvr/probe", methods=["POST"])
     ~~~~~~~~~^^^^^^^^^^^^^^^^^^^^^^^^^^^^^^^^^^^^
  File "/home/administrator/venv/lib/python3.14/site-packages/flask/scaffold.py", line 435, in decorator
    self.add_url_rule(rule, endpoint, f, **options)
    ~~~~~~~~~~~~~~~~~^^^^^^^^^^^^^^^^^^^^^^^^^^^^^^
  File "/home/administrator/venv/lib/python3.14/site-packages/flask/scaffold.py", line 50, in wrapper_func
    return f(self, *args, **kwargs)
  File "/home/administrator/venv/lib/python3.14/site-packages/flask/app.py", line 1059, in add_url_rule
    raise AssertionError(
    ...<2 lines>...
    )
AssertionError: View function mapping is overwriting an existing endpoint function: api_dvr_probe


======================================================================
CRASH at 2026-09-30T07:03:02.830960
======================================================================
Traceback (most recent call last):
  File "/home/administrator/cctv/app.py", line 532, in <module>
    @app.route("/api/dvr/probe", methods=["POST"])
     ~~~~~~~~~^^^^^^^^^^^^^^^^^^^^^^^^^^^^^^^^^^^^
  File "/home/administrator/venv/lib/python3.14/site-packages/flask/scaffold.py", line 435, in decorator
    self.add_url_rule(rule, endpoint, f, **options)
    ~~~~~~~~~~~~~~~~~^^^^^^^^^^^^^^^^^^^^^^^^^^^^^^
  File "/home/administrator/venv/lib/python3.14/site-packages/flask/scaffold.py", line 50, in wrapper_func
    return f(self, *args, **kwargs)
  File "/home/administrator/venv/lib/python3.14/site-packages/flask/app.py", line 1059, in add_url_rule
    raise AssertionError(
    ...<2 lines>...
    )
AssertionError: View function mapping is overwriting an existing endpoint function: api_dvr_probe


======================================================================
CRASH at 2026-09-30T07:03:08.326943
======================================================================
Traceback (most recent call last):
  File "/home/administrator/cctv/app.py", line 532, in <module>
    @app.route("/api/dvr/probe", methods=["POST"])
     ~~~~~~~~~^^^^^^^^^^^^^^^^^^^^^^^^^^^^^^^^^^^^
  File "/home/administrator/venv/lib/python3.14/site-packages/flask/scaffold.py", line 435, in decorator
    self.add_url_rule(rule, endpoint, f, **options)
    ~~~~~~~~~~~~~~~~~^^^^^^^^^^^^^^^^^^^^^^^^^^^^^^
  File "/home/administrator/venv/lib/python3.14/site-packages/flask/scaffold.py", line 50, in wrapper_func
    return f(self, *args, **kwargs)
  File "/home/administrator/venv/lib/python3.14/site-packages/flask/app.py", line 1059, in add_url_rule
    raise AssertionError(
    ...<2 lines>...
    )
AssertionError: View function mapping is overwriting an existing endpoint function: api_dvr_probe


======================================================================
CRASH at 2026-09-30T07:03:13.829061
======================================================================
Traceback (most recent call last):
  File "/home/administrator/cctv/app.py", line 532, in <module>
    @app.route("/api/dvr/probe", methods=["POST"])
     ~~~~~~~~~^^^^^^^^^^^^^^^^^^^^^^^^^^^^^^^^^^^^
  File "/home/administrator/venv/lib/python3.14/site-packages/flask/scaffold.py", line 435, in decorator
    self.add_url_rule(rule, endpoint, f, **options)
    ~~~~~~~~~~~~~~~~~^^^^^^^^^^^^^^^^^^^^^^^^^^^^^^
  File "/home/administrator/venv/lib/python3.14/site-packages/flask/scaffold.py", line 50, in wrapper_func
    return f(self, *args, **kwargs)
  File "/home/administrator/venv/lib/python3.14/site-packages/flask/app.py", line 1059, in add_url_rule
    raise AssertionError(
    ...<2 lines>...
    )
AssertionError: View function mapping is overwriting an existing endpoint function: api_dvr_probe


======================================================================
CRASH at 2026-09-30T07:03:19.330214
======================================================================
Traceback (most recent call last):
  File "/home/administrator/cctv/app.py", line 532, in <module>
    @app.route("/api/dvr/probe", methods=["POST"])
     ~~~~~~~~~^^^^^^^^^^^^^^^^^^^^^^^^^^^^^^^^^^^^
  File "/home/administrator/venv/lib/python3.14/site-packages/flask/scaffold.py", line 435, in decorator
    self.add_url_rule(rule, endpoint, f, **options)
    ~~~~~~~~~~~~~~~~~^^^^^^^^^^^^^^^^^^^^^^^^^^^^^^
  File "/home/administrator/venv/lib/python3.14/site-packages/flask/scaffold.py", line 50, in wrapper_func
    return f(self, *args, **kwargs)
  File "/home/administrator/venv/lib/python3.14/site-packages/flask/app.py", line 1059, in add_url_rule
    raise AssertionError(
    ...<2 lines>...
    )
AssertionError: View function mapping is overwriting an existing endpoint function: api_dvr_probe


======================================================================
CRASH at 2026-09-30T07:03:24.828608
======================================================================
Traceback (most recent call last):
  File "/home/administrator/cctv/app.py", line 532, in <module>
    @app.route("/api/dvr/probe", methods=["POST"])
     ~~~~~~~~~^^^^^^^^^^^^^^^^^^^^^^^^^^^^^^^^^^^^
  File "/home/administrator/venv/lib/python3.14/site-packages/flask/scaffold.py", line 435, in decorator
    self.add_url_rule(rule, endpoint, f, **options)
    ~~~~~~~~~~~~~~~~~^^^^^^^^^^^^^^^^^^^^^^^^^^^^^^
  File "/home/administrator/venv/lib/python3.14/site-packages/flask/scaffold.py", line 50, in wrapper_func
    return f(self, *args, **kwargs)
  File "/home/administrator/venv/lib/python3.14/site-packages/flask/app.py", line 1059, in add_url_rule
    raise AssertionError(
    ...<2 lines>...
    )
AssertionError: View function mapping is overwriting an existing endpoint function: api_dvr_probe


======================================================================
CRASH at 2026-09-30T07:03:30.330305
======================================================================
Traceback (most recent call last):
  File "/home/administrator/cctv/app.py", line 532, in <module>
    @app.route("/api/dvr/probe", methods=["POST"])
     ~~~~~~~~~^^^^^^^^^^^^^^^^^^^^^^^^^^^^^^^^^^^^
  File "/home/administrator/venv/lib/python3.14/site-packages/flask/scaffold.py", line 435, in decorator
    self.add_url_rule(rule, endpoint, f, **options)
    ~~~~~~~~~~~~~~~~~^^^^^^^^^^^^^^^^^^^^^^^^^^^^^^
  File "/home/administrator/venv/lib/python3.14/site-packages/flask/scaffold.py", line 50, in wrapper_func
    return f(self, *args, **kwargs)
  File "/home/administrator/venv/lib/python3.14/site-packages/flask/app.py", line 1059, in add_url_rule
    raise AssertionError(
    ...<2 lines>...
    )
AssertionError: View function mapping is overwriting an existing endpoint function: api_dvr_probe


======================================================================
CRASH at 2026-09-30T07:03:35.825993
======================================================================
Traceback (most recent call last):
  File "/home/administrator/cctv/app.py", line 532, in <module>
    @app.route("/api/dvr/probe", methods=["POST"])
     ~~~~~~~~~^^^^^^^^^^^^^^^^^^^^^^^^^^^^^^^^^^^^
  File "/home/administrator/venv/lib/python3.14/site-packages/flask/scaffold.py", line 435, in decorator
    self.add_url_rule(rule, endpoint, f, **options)
    ~~~~~~~~~~~~~~~~~^^^^^^^^^^^^^^^^^^^^^^^^^^^^^^
  File "/home/administrator/venv/lib/python3.14/site-packages/flask/scaffold.py", line 50, in wrapper_func
    return f(self, *args, **kwargs)
  File "/home/administrator/venv/lib/python3.14/site-packages/flask/app.py", line 1059, in add_url_rule
    raise AssertionError(
    ...<2 lines>...
    )
AssertionError: View function mapping is overwriting an existing endpoint function: api_dvr_probe


======================================================================
CRASH at 2026-09-30T07:03:41.326612
======================================================================
Traceback (most recent call last):
  File "/home/administrator/cctv/app.py", line 532, in <module>
    @app.route("/api/dvr/probe", methods=["POST"])
     ~~~~~~~~~^^^^^^^^^^^^^^^^^^^^^^^^^^^^^^^^^^^^
  File "/home/administrator/venv/lib/python3.14/site-packages/flask/scaffold.py", line 435, in decorator
    self.add_url_rule(rule, endpoint, f, **options)
    ~~~~~~~~~~~~~~~~~^^^^^^^^^^^^^^^^^^^^^^^^^^^^^^
  File "/home/administrator/venv/lib/python3.14/site-packages/flask/scaffold.py", line 50, in wrapper_func
    return f(self, *args, **kwargs)
  File "/home/administrator/venv/lib/python3.14/site-packages/flask/app.py", line 1059, in add_url_rule
    raise AssertionError(
    ...<2 lines>...
    )
AssertionError: View function mapping is overwriting an existing endpoint function: api_dvr_probe


======================================================================
CRASH at 2026-09-30T07:03:46.829972
======================================================================
Traceback (most recent call last):
  File "/home/administrator/cctv/app.py", line 532, in <module>
    @app.route("/api/dvr/probe", methods=["POST"])
     ~~~~~~~~~^^^^^^^^^^^^^^^^^^^^^^^^^^^^^^^^^^^^
  File "/home/administrator/venv/lib/python3.14/site-packages/flask/scaffold.py", line 435, in decorator
    self.add_url_rule(rule, endpoint, f, **options)
    ~~~~~~~~~~~~~~~~~^^^^^^^^^^^^^^^^^^^^^^^^^^^^^^
  File "/home/administrator/venv/lib/python3.14/site-packages/flask/scaffold.py", line 50, in wrapper_func
    return f(self, *args, **kwargs)
  File "/home/administrator/venv/lib/python3.14/site-packages/flask/app.py", line 1059, in add_url_rule
    raise AssertionError(
    ...<2 lines>...
    )
AssertionError: View function mapping is overwriting an existing endpoint function: api_dvr_probe


======================================================================
CRASH at 2026-09-30T07:03:52.331167
======================================================================
Traceback (most recent call last):
  File "/home/administrator/cctv/app.py", line 532, in <module>
    @app.route("/api/dvr/probe", methods=["POST"])
     ~~~~~~~~~^^^^^^^^^^^^^^^^^^^^^^^^^^^^^^^^^^^^
  File "/home/administrator/venv/lib/python3.14/site-packages/flask/scaffold.py", line 435, in decorator
    self.add_url_rule(rule, endpoint, f, **options)
    ~~~~~~~~~~~~~~~~~^^^^^^^^^^^^^^^^^^^^^^^^^^^^^^
  File "/home/administrator/venv/lib/python3.14/site-packages/flask/scaffold.py", line 50, in wrapper_func
    return f(self, *args, **kwargs)
  File "/home/administrator/venv/lib/python3.14/site-packages/flask/app.py", line 1059, in add_url_rule
    raise AssertionError(
    ...<2 lines>...
    )
AssertionError: View function mapping is overwriting an existing endpoint function: api_dvr_probe


======================================================================
CRASH at 2026-09-30T07:03:57.827837
======================================================================
Traceback (most recent call last):
  File "/home/administrator/cctv/app.py", line 532, in <module>
    @app.route("/api/dvr/probe", methods=["POST"])
     ~~~~~~~~~^^^^^^^^^^^^^^^^^^^^^^^^^^^^^^^^^^^^
  File "/home/administrator/venv/lib/python3.14/site-packages/flask/scaffold.py", line 435, in decorator
    self.add_url_rule(rule, endpoint, f, **options)
    ~~~~~~~~~~~~~~~~~^^^^^^^^^^^^^^^^^^^^^^^^^^^^^^
  File "/home/administrator/venv/lib/python3.14/site-packages/flask/scaffold.py", line 50, in wrapper_func
    return f(self, *args, **kwargs)
  File "/home/administrator/venv/lib/python3.14/site-packages/flask/app.py", line 1059, in add_url_rule
    raise AssertionError(
    ...<2 lines>...
    )
AssertionError: View function mapping is overwriting an existing endpoint function: api_dvr_probe


======================================================================
CRASH at 2026-09-30T07:04:03.328854
======================================================================
Traceback (most recent call last):
  File "/home/administrator/cctv/app.py", line 532, in <module>
    @app.route("/api/dvr/probe", methods=["POST"])
     ~~~~~~~~~^^^^^^^^^^^^^^^^^^^^^^^^^^^^^^^^^^^^
  File "/home/administrator/venv/lib/python3.14/site-packages/flask/scaffold.py", line 435, in decorator
    self.add_url_rule(rule, endpoint, f, **options)
    ~~~~~~~~~~~~~~~~~^^^^^^^^^^^^^^^^^^^^^^^^^^^^^^
  File "/home/administrator/venv/lib/python3.14/site-packages/flask/scaffold.py", line 50, in wrapper_func
    return f(self, *args, **kwargs)
  File "/home/administrator/venv/lib/python3.14/site-packages/flask/app.py", line 1059, in add_url_rule
    raise AssertionError(
    ...<2 lines>...
    )
AssertionError: View function mapping is overwriting an existing endpoint function: api_dvr_probe


======================================================================
CRASH at 2026-09-30T07:04:08.828603
======================================================================
Traceback (most recent call last):
  File "/home/administrator/cctv/app.py", line 532, in <module>
    @app.route("/api/dvr/probe", methods=["POST"])
     ~~~~~~~~~^^^^^^^^^^^^^^^^^^^^^^^^^^^^^^^^^^^^
  File "/home/administrator/venv/lib/python3.14/site-packages/flask/scaffold.py", line 435, in decorator
    self.add_url_rule(rule, endpoint, f, **options)
    ~~~~~~~~~~~~~~~~~^^^^^^^^^^^^^^^^^^^^^^^^^^^^^^
  File "/home/administrator/venv/lib/python3.14/site-packages/flask/scaffold.py", line 50, in wrapper_func
    return f(self, *args, **kwargs)
  File "/home/administrator/venv/lib/python3.14/site-packages/flask/app.py", line 1059, in add_url_rule
    raise AssertionError(
    ...<2 lines>...
    )
AssertionError: View function mapping is overwriting an existing endpoint function: api_dvr_probe


======================================================================
CRASH at 2026-09-30T07:04:14.336585
======================================================================
Traceback (most recent call last):
  File "/home/administrator/cctv/app.py", line 532, in <module>
    @app.route("/api/dvr/probe", methods=["POST"])
     ~~~~~~~~~^^^^^^^^^^^^^^^^^^^^^^^^^^^^^^^^^^^^
  File "/home/administrator/venv/lib/python3.14/site-packages/flask/scaffold.py", line 435, in decorator
    self.add_url_rule(rule, endpoint, f, **options)
    ~~~~~~~~~~~~~~~~~^^^^^^^^^^^^^^^^^^^^^^^^^^^^^^
  File "/home/administrator/venv/lib/python3.14/site-packages/flask/scaffold.py", line 50, in wrapper_func
    return f(self, *args, **kwargs)
  File "/home/administrator/venv/lib/python3.14/site-packages/flask/app.py", line 1059, in add_url_rule
    raise AssertionError(
    ...<2 lines>...
    )
AssertionError: View function mapping is overwriting an existing endpoint function: api_dvr_probe


======================================================================
CRASH at 2026-09-30T07:04:19.831034
======================================================================
Traceback (most recent call last):
  File "/home/administrator/cctv/app.py", line 532, in <module>
    @app.route("/api/dvr/probe", methods=["POST"])
     ~~~~~~~~~^^^^^^^^^^^^^^^^^^^^^^^^^^^^^^^^^^^^
  File "/home/administrator/venv/lib/python3.14/site-packages/flask/scaffold.py", line 435, in decorator
    self.add_url_rule(rule, endpoint, f, **options)
    ~~~~~~~~~~~~~~~~~^^^^^^^^^^^^^^^^^^^^^^^^^^^^^^
  File "/home/administrator/venv/lib/python3.14/site-packages/flask/scaffold.py", line 50, in wrapper_func
    return f(self, *args, **kwargs)
  File "/home/administrator/venv/lib/python3.14/site-packages/flask/app.py", line 1059, in add_url_rule
    raise AssertionError(
    ...<2 lines>...
    )
AssertionError: View function mapping is overwriting an existing endpoint function: api_dvr_probe


======================================================================
CRASH at 2026-09-30T07:04:25.332260
======================================================================
Traceback (most recent call last):
  File "/home/administrator/cctv/app.py", line 532, in <module>
    @app.route("/api/dvr/probe", methods=["POST"])
     ~~~~~~~~~^^^^^^^^^^^^^^^^^^^^^^^^^^^^^^^^^^^^
  File "/home/administrator/venv/lib/python3.14/site-packages/flask/scaffold.py", line 435, in decorator
    self.add_url_rule(rule, endpoint, f, **options)
    ~~~~~~~~~~~~~~~~~^^^^^^^^^^^^^^^^^^^^^^^^^^^^^^
  File "/home/administrator/venv/lib/python3.14/site-packages/flask/scaffold.py", line 50, in wrapper_func
    return f(self, *args, **kwargs)
  File "/home/administrator/venv/lib/python3.14/site-packages/flask/app.py", line 1059, in add_url_rule
    raise AssertionError(
    ...<2 lines>...
    )
AssertionError: View function mapping is overwriting an existing endpoint function: api_dvr_probe


======================================================================
CRASH at 2026-09-30T07:04:30.829130
======================================================================
Traceback (most recent call last):
  File "/home/administrator/cctv/app.py", line 532, in <module>
    @app.route("/api/dvr/probe", methods=["POST"])
     ~~~~~~~~~^^^^^^^^^^^^^^^^^^^^^^^^^^^^^^^^^^^^
  File "/home/administrator/venv/lib/python3.14/site-packages/flask/scaffold.py", line 435, in decorator
    self.add_url_rule(rule, endpoint, f, **options)
    ~~~~~~~~~~~~~~~~~^^^^^^^^^^^^^^^^^^^^^^^^^^^^^^
  File "/home/administrator/venv/lib/python3.14/site-packages/flask/scaffold.py", line 50, in wrapper_func
    return f(self, *args, **kwargs)
  File "/home/administrator/venv/lib/python3.14/site-packages/flask/app.py", line 1059, in add_url_rule
    raise AssertionError(
    ...<2 lines>...
    )
AssertionError: View function mapping is overwriting an existing endpoint function: api_dvr_probe


======================================================================
CRASH at 2026-09-30T07:04:36.325009
======================================================================
Traceback (most recent call last):
  File "/home/administrator/cctv/app.py", line 532, in <module>
    @app.route("/api/dvr/probe", methods=["POST"])
     ~~~~~~~~~^^^^^^^^^^^^^^^^^^^^^^^^^^^^^^^^^^^^
  File "/home/administrator/venv/lib/python3.14/site-packages/flask/scaffold.py", line 435, in decorator
    self.add_url_rule(rule, endpoint, f, **options)
    ~~~~~~~~~~~~~~~~~^^^^^^^^^^^^^^^^^^^^^^^^^^^^^^
  File "/home/administrator/venv/lib/python3.14/site-packages/flask/scaffold.py", line 50, in wrapper_func
    return f(self, *args, **kwargs)
  File "/home/administrator/venv/lib/python3.14/site-packages/flask/app.py", line 1059, in add_url_rule
    raise AssertionError(
    ...<2 lines>...
    )
AssertionError: View function mapping is overwriting an existing endpoint function: api_dvr_probe


======================================================================
CRASH at 2026-09-30T07:04:41.829752
======================================================================
Traceback (most recent call last):
  File "/home/administrator/cctv/app.py", line 532, in <module>
    @app.route("/api/dvr/probe", methods=["POST"])
     ~~~~~~~~~^^^^^^^^^^^^^^^^^^^^^^^^^^^^^^^^^^^^
  File "/home/administrator/venv/lib/python3.14/site-packages/flask/scaffold.py", line 435, in decorator
    self.add_url_rule(rule, endpoint, f, **options)
    ~~~~~~~~~~~~~~~~~^^^^^^^^^^^^^^^^^^^^^^^^^^^^^^
  File "/home/administrator/venv/lib/python3.14/site-packages/flask/scaffold.py", line 50, in wrapper_func
    return f(self, *args, **kwargs)
  File "/home/administrator/venv/lib/python3.14/site-packages/flask/app.py", line 1059, in add_url_rule
    raise AssertionError(
    ...<2 lines>...
    )
AssertionError: View function mapping is overwriting an existing endpoint function: api_dvr_probe


======================================================================
CRASH at 2026-09-30T07:04:47.327937
======================================================================
Traceback (most recent call last):
  File "/home/administrator/cctv/app.py", line 532, in <module>
    @app.route("/api/dvr/probe", methods=["POST"])
     ~~~~~~~~~^^^^^^^^^^^^^^^^^^^^^^^^^^^^^^^^^^^^
  File "/home/administrator/venv/lib/python3.14/site-packages/flask/scaffold.py", line 435, in decorator
    self.add_url_rule(rule, endpoint, f, **options)
    ~~~~~~~~~~~~~~~~~^^^^^^^^^^^^^^^^^^^^^^^^^^^^^^
  File "/home/administrator/venv/lib/python3.14/site-packages/flask/scaffold.py", line 50, in wrapper_func
    return f(self, *args, **kwargs)
  File "/home/administrator/venv/lib/python3.14/site-packages/flask/app.py", line 1059, in add_url_rule
    raise AssertionError(
    ...<2 lines>...
    )
AssertionError: View function mapping is overwriting an existing endpoint function: api_dvr_probe


======================================================================
CRASH at 2026-09-30T07:04:52.827403
======================================================================
Traceback (most recent call last):
  File "/home/administrator/cctv/app.py", line 532, in <module>
    @app.route("/api/dvr/probe", methods=["POST"])
     ~~~~~~~~~^^^^^^^^^^^^^^^^^^^^^^^^^^^^^^^^^^^^
  File "/home/administrator/venv/lib/python3.14/site-packages/flask/scaffold.py", line 435, in decorator
    self.add_url_rule(rule, endpoint, f, **options)
    ~~~~~~~~~~~~~~~~~^^^^^^^^^^^^^^^^^^^^^^^^^^^^^^
  File "/home/administrator/venv/lib/python3.14/site-packages/flask/scaffold.py", line 50, in wrapper_func
    return f(self, *args, **kwargs)
  File "/home/administrator/venv/lib/python3.14/site-packages/flask/app.py", line 1059, in add_url_rule
    raise AssertionError(
    ...<2 lines>...
    )
AssertionError: View function mapping is overwriting an existing endpoint function: api_dvr_probe


======================================================================
CRASH at 2026-09-30T07:04:58.329439
======================================================================
Traceback (most recent call last):
  File "/home/administrator/cctv/app.py", line 532, in <module>
    @app.route("/api/dvr/probe", methods=["POST"])
     ~~~~~~~~~^^^^^^^^^^^^^^^^^^^^^^^^^^^^^^^^^^^^
  File "/home/administrator/venv/lib/python3.14/site-packages/flask/scaffold.py", line 435, in decorator
    self.add_url_rule(rule, endpoint, f, **options)
    ~~~~~~~~~~~~~~~~~^^^^^^^^^^^^^^^^^^^^^^^^^^^^^^
  File "/home/administrator/venv/lib/python3.14/site-packages/flask/scaffold.py", line 50, in wrapper_func
    return f(self, *args, **kwargs)
  File "/home/administrator/venv/lib/python3.14/site-packages/flask/app.py", line 1059, in add_url_rule
    raise AssertionError(
    ...<2 lines>...
    )
AssertionError: View function mapping is overwriting an existing endpoint function: api_dvr_probe


======================================================================
CRASH at 2026-09-30T07:05:03.827832
======================================================================
Traceback (most recent call last):
  File "/home/administrator/cctv/app.py", line 532, in <module>
    @app.route("/api/dvr/probe", methods=["POST"])
     ~~~~~~~~~^^^^^^^^^^^^^^^^^^^^^^^^^^^^^^^^^^^^
  File "/home/administrator/venv/lib/python3.14/site-packages/flask/scaffold.py", line 435, in decorator
    self.add_url_rule(rule, endpoint, f, **options)
    ~~~~~~~~~~~~~~~~~^^^^^^^^^^^^^^^^^^^^^^^^^^^^^^
  File "/home/administrator/venv/lib/python3.14/site-packages/flask/scaffold.py", line 50, in wrapper_func
    return f(self, *args, **kwargs)
  File "/home/administrator/venv/lib/python3.14/site-packages/flask/app.py", line 1059, in add_url_rule
    raise AssertionError(
    ...<2 lines>...
    )
AssertionError: View function mapping is overwriting an existing endpoint function: api_dvr_probe


======================================================================
CRASH at 2026-09-30T07:05:09.327333
======================================================================
Traceback (most recent call last):
  File "/home/administrator/cctv/app.py", line 532, in <module>
    @app.route("/api/dvr/probe", methods=["POST"])
     ~~~~~~~~~^^^^^^^^^^^^^^^^^^^^^^^^^^^^^^^^^^^^
  File "/home/administrator/venv/lib/python3.14/site-packages/flask/scaffold.py", line 435, in decorator
    self.add_url_rule(rule, endpoint, f, **options)
    ~~~~~~~~~~~~~~~~~^^^^^^^^^^^^^^^^^^^^^^^^^^^^^^
  File "/home/administrator/venv/lib/python3.14/site-packages/flask/scaffold.py", line 50, in wrapper_func
    return f(self, *args, **kwargs)
  File "/home/administrator/venv/lib/python3.14/site-packages/flask/app.py", line 1059, in add_url_rule
    raise AssertionError(
    ...<2 lines>...
    )
AssertionError: View function mapping is overwriting an existing endpoint function: api_dvr_probe


======================================================================
CRASH at 2026-09-30T07:05:14.827633
======================================================================
Traceback (most recent call last):
  File "/home/administrator/cctv/app.py", line 532, in <module>
    @app.route("/api/dvr/probe", methods=["POST"])
     ~~~~~~~~~^^^^^^^^^^^^^^^^^^^^^^^^^^^^^^^^^^^^
  File "/home/administrator/venv/lib/python3.14/site-packages/flask/scaffold.py", line 435, in decorator
    self.add_url_rule(rule, endpoint, f, **options)
    ~~~~~~~~~~~~~~~~~^^^^^^^^^^^^^^^^^^^^^^^^^^^^^^
  File "/home/administrator/venv/lib/python3.14/site-packages/flask/scaffold.py", line 50, in wrapper_func
    return f(self, *args, **kwargs)
  File "/home/administrator/venv/lib/python3.14/site-packages/flask/app.py", line 1059, in add_url_rule
    raise AssertionError(
    ...<2 lines>...
    )
AssertionError: View function mapping is overwriting an existing endpoint function: api_dvr_probe


======================================================================
CRASH at 2026-09-30T07:05:20.331047
======================================================================
Traceback (most recent call last):
  File "/home/administrator/cctv/app.py", line 532, in <module>
    @app.route("/api/dvr/probe", methods=["POST"])
     ~~~~~~~~~^^^^^^^^^^^^^^^^^^^^^^^^^^^^^^^^^^^^
  File "/home/administrator/venv/lib/python3.14/site-packages/flask/scaffold.py", line 435, in decorator
    self.add_url_rule(rule, endpoint, f, **options)
    ~~~~~~~~~~~~~~~~~^^^^^^^^^^^^^^^^^^^^^^^^^^^^^^
  File "/home/administrator/venv/lib/python3.14/site-packages/flask/scaffold.py", line 50, in wrapper_func
    return f(self, *args, **kwargs)
  File "/home/administrator/venv/lib/python3.14/site-packages/flask/app.py", line 1059, in add_url_rule
    raise AssertionError(
    ...<2 lines>...
    )
AssertionError: View function mapping is overwriting an existing endpoint function: api_dvr_probe


======================================================================
CRASH at 2026-09-30T07:05:25.827403
======================================================================
Traceback (most recent call last):
  File "/home/administrator/cctv/app.py", line 532, in <module>
    @app.route("/api/dvr/probe", methods=["POST"])
     ~~~~~~~~~^^^^^^^^^^^^^^^^^^^^^^^^^^^^^^^^^^^^
  File "/home/administrator/venv/lib/python3.14/site-packages/flask/scaffold.py", line 435, in decorator
    self.add_url_rule(rule, endpoint, f, **options)
    ~~~~~~~~~~~~~~~~~^^^^^^^^^^^^^^^^^^^^^^^^^^^^^^
  File "/home/administrator/venv/lib/python3.14/site-packages/flask/scaffold.py", line 50, in wrapper_func
    return f(self, *args, **kwargs)
  File "/home/administrator/venv/lib/python3.14/site-packages/flask/app.py", line 1059, in add_url_rule
    raise AssertionError(
    ...<2 lines>...
    )
AssertionError: View function mapping is overwriting an existing endpoint function: api_dvr_probe


======================================================================
CRASH at 2026-09-30T07:05:31.332007
======================================================================
Traceback (most recent call last):
  File "/home/administrator/cctv/app.py", line 532, in <module>
    @app.route("/api/dvr/probe", methods=["POST"])
     ~~~~~~~~~^^^^^^^^^^^^^^^^^^^^^^^^^^^^^^^^^^^^
  File "/home/administrator/venv/lib/python3.14/site-packages/flask/scaffold.py", line 435, in decorator
    self.add_url_rule(rule, endpoint, f, **options)
    ~~~~~~~~~~~~~~~~~^^^^^^^^^^^^^^^^^^^^^^^^^^^^^^
  File "/home/administrator/venv/lib/python3.14/site-packages/flask/scaffold.py", line 50, in wrapper_func
    return f(self, *args, **kwargs)
  File "/home/administrator/venv/lib/python3.14/site-packages/flask/app.py", line 1059, in add_url_rule
    raise AssertionError(
    ...<2 lines>...
    )
AssertionError: View function mapping is overwriting an existing endpoint function: api_dvr_probe


======================================================================
CRASH at 2026-09-30T07:05:36.833731
======================================================================
Traceback (most recent call last):
  File "/home/administrator/cctv/app.py", line 532, in <module>
    @app.route("/api/dvr/probe", methods=["POST"])
     ~~~~~~~~~^^^^^^^^^^^^^^^^^^^^^^^^^^^^^^^^^^^^
  File "/home/administrator/venv/lib/python3.14/site-packages/flask/scaffold.py", line 435, in decorator
    self.add_url_rule(rule, endpoint, f, **options)
    ~~~~~~~~~~~~~~~~~^^^^^^^^^^^^^^^^^^^^^^^^^^^^^^
  File "/home/administrator/venv/lib/python3.14/site-packages/flask/scaffold.py", line 50, in wrapper_func
    return f(self, *args, **kwargs)
  File "/home/administrator/venv/lib/python3.14/site-packages/flask/app.py", line 1059, in add_url_rule
    raise AssertionError(
    ...<2 lines>...
    )
AssertionError: View function mapping is overwriting an existing endpoint function: api_dvr_probe


======================================================================
CRASH at 2026-09-30T07:05:42.328968
======================================================================
Traceback (most recent call last):
  File "/home/administrator/cctv/app.py", line 532, in <module>
    @app.route("/api/dvr/probe", methods=["POST"])
     ~~~~~~~~~^^^^^^^^^^^^^^^^^^^^^^^^^^^^^^^^^^^^
  File "/home/administrator/venv/lib/python3.14/site-packages/flask/scaffold.py", line 435, in decorator
    self.add_url_rule(rule, endpoint, f, **options)
    ~~~~~~~~~~~~~~~~~^^^^^^^^^^^^^^^^^^^^^^^^^^^^^^
  File "/home/administrator/venv/lib/python3.14/site-packages/flask/scaffold.py", line 50, in wrapper_func
    return f(self, *args, **kwargs)
  File "/home/administrator/venv/lib/python3.14/site-packages/flask/app.py", line 1059, in add_url_rule
    raise AssertionError(
    ...<2 lines>...
    )
AssertionError: View function mapping is overwriting an existing endpoint function: api_dvr_probe


======================================================================
CRASH at 2026-09-30T07:05:47.831512
======================================================================
Traceback (most recent call last):
  File "/home/administrator/cctv/app.py", line 532, in <module>
    @app.route("/api/dvr/probe", methods=["POST"])
     ~~~~~~~~~^^^^^^^^^^^^^^^^^^^^^^^^^^^^^^^^^^^^
  File "/home/administrator/venv/lib/python3.14/site-packages/flask/scaffold.py", line 435, in decorator
    self.add_url_rule(rule, endpoint, f, **options)
    ~~~~~~~~~~~~~~~~~^^^^^^^^^^^^^^^^^^^^^^^^^^^^^^
  File "/home/administrator/venv/lib/python3.14/site-packages/flask/scaffold.py", line 50, in wrapper_func
    return f(self, *args, **kwargs)
  File "/home/administrator/venv/lib/python3.14/site-packages/flask/app.py", line 1059, in add_url_rule
    raise AssertionError(
    ...<2 lines>...
    )
AssertionError: View function mapping is overwriting an existing endpoint function: api_dvr_probe


======================================================================
CRASH at 2026-09-30T07:05:53.331270
======================================================================
Traceback (most recent call last):
  File "/home/administrator/cctv/app.py", line 532, in <module>
    @app.route("/api/dvr/probe", methods=["POST"])
     ~~~~~~~~~^^^^^^^^^^^^^^^^^^^^^^^^^^^^^^^^^^^^
  File "/home/administrator/venv/lib/python3.14/site-packages/flask/scaffold.py", line 435, in decorator
    self.add_url_rule(rule, endpoint, f, **options)
    ~~~~~~~~~~~~~~~~~^^^^^^^^^^^^^^^^^^^^^^^^^^^^^^
  File "/home/administrator/venv/lib/python3.14/site-packages/flask/scaffold.py", line 50, in wrapper_func
    return f(self, *args, **kwargs)
  File "/home/administrator/venv/lib/python3.14/site-packages/flask/app.py", line 1059, in add_url_rule
    raise AssertionError(
    ...<2 lines>...
    )
AssertionError: View function mapping is overwriting an existing endpoint function: api_dvr_probe


======================================================================
CRASH at 2026-09-30T07:05:58.830341
======================================================================
Traceback (most recent call last):
  File "/home/administrator/cctv/app.py", line 532, in <module>
    @app.route("/api/dvr/probe", methods=["POST"])
     ~~~~~~~~~^^^^^^^^^^^^^^^^^^^^^^^^^^^^^^^^^^^^
  File "/home/administrator/venv/lib/python3.14/site-packages/flask/scaffold.py", line 435, in decorator
    self.add_url_rule(rule, endpoint, f, **options)
    ~~~~~~~~~~~~~~~~~^^^^^^^^^^^^^^^^^^^^^^^^^^^^^^
  File "/home/administrator/venv/lib/python3.14/site-packages/flask/scaffold.py", line 50, in wrapper_func
    return f(self, *args, **kwargs)
  File "/home/administrator/venv/lib/python3.14/site-packages/flask/app.py", line 1059, in add_url_rule
    raise AssertionError(
    ...<2 lines>...
    )
AssertionError: View function mapping is overwriting an existing endpoint function: api_dvr_probe


======================================================================
CRASH at 2026-09-30T07:06:04.330254
======================================================================
Traceback (most recent call last):
  File "/home/administrator/cctv/app.py", line 532, in <module>
    @app.route("/api/dvr/probe", methods=["POST"])
     ~~~~~~~~~^^^^^^^^^^^^^^^^^^^^^^^^^^^^^^^^^^^^
  File "/home/administrator/venv/lib/python3.14/site-packages/flask/scaffold.py", line 435, in decorator
    self.add_url_rule(rule, endpoint, f, **options)
    ~~~~~~~~~~~~~~~~~^^^^^^^^^^^^^^^^^^^^^^^^^^^^^^
  File "/home/administrator/venv/lib/python3.14/site-packages/flask/scaffold.py", line 50, in wrapper_func
    return f(self, *args, **kwargs)
  File "/home/administrator/venv/lib/python3.14/site-packages/flask/app.py", line 1059, in add_url_rule
    raise AssertionError(
    ...<2 lines>...
    )
AssertionError: View function mapping is overwriting an existing endpoint function: api_dvr_probe


======================================================================
CRASH at 2026-09-30T07:06:09.831516
======================================================================
Traceback (most recent call last):
  File "/home/administrator/cctv/app.py", line 532, in <module>
    @app.route("/api/dvr/probe", methods=["POST"])
     ~~~~~~~~~^^^^^^^^^^^^^^^^^^^^^^^^^^^^^^^^^^^^
  File "/home/administrator/venv/lib/python3.14/site-packages/flask/scaffold.py", line 435, in decorator
    self.add_url_rule(rule, endpoint, f, **options)
    ~~~~~~~~~~~~~~~~~^^^^^^^^^^^^^^^^^^^^^^^^^^^^^^
  File "/home/administrator/venv/lib/python3.14/site-packages/flask/scaffold.py", line 50, in wrapper_func
    return f(self, *args, **kwargs)
  File "/home/administrator/venv/lib/python3.14/site-packages/flask/app.py", line 1059, in add_url_rule
    raise AssertionError(
    ...<2 lines>...
    )
AssertionError: View function mapping is overwriting an existing endpoint function: api_dvr_probe


======================================================================
CRASH at 2026-09-30T07:06:15.327248
======================================================================
Traceback (most recent call last):
  File "/home/administrator/cctv/app.py", line 532, in <module>
    @app.route("/api/dvr/probe", methods=["POST"])
     ~~~~~~~~~^^^^^^^^^^^^^^^^^^^^^^^^^^^^^^^^^^^^
  File "/home/administrator/venv/lib/python3.14/site-packages/flask/scaffold.py", line 435, in decorator
    self.add_url_rule(rule, endpoint, f, **options)
    ~~~~~~~~~~~~~~~~~^^^^^^^^^^^^^^^^^^^^^^^^^^^^^^
  File "/home/administrator/venv/lib/python3.14/site-packages/flask/scaffold.py", line 50, in wrapper_func
    return f(self, *args, **kwargs)
  File "/home/administrator/venv/lib/python3.14/site-packages/flask/app.py", line 1059, in add_url_rule
    raise AssertionError(
    ...<2 lines>...
    )
AssertionError: View function mapping is overwriting an existing endpoint function: api_dvr_probe


======================================================================
CRASH at 2026-09-30T07:06:20.824749
======================================================================
Traceback (most recent call last):
  File "/home/administrator/cctv/app.py", line 532, in <module>
    @app.route("/api/dvr/probe", methods=["POST"])
     ~~~~~~~~~^^^^^^^^^^^^^^^^^^^^^^^^^^^^^^^^^^^^
  File "/home/administrator/venv/lib/python3.14/site-packages/flask/scaffold.py", line 435, in decorator
    self.add_url_rule(rule, endpoint, f, **options)
    ~~~~~~~~~~~~~~~~~^^^^^^^^^^^^^^^^^^^^^^^^^^^^^^
  File "/home/administrator/venv/lib/python3.14/site-packages/flask/scaffold.py", line 50, in wrapper_func
    return f(self, *args, **kwargs)
  File "/home/administrator/venv/lib/python3.14/site-packages/flask/app.py", line 1059, in add_url_rule
    raise AssertionError(
    ...<2 lines>...
    )
AssertionError: View function mapping is overwriting an existing endpoint function: api_dvr_probe


======================================================================
CRASH at 2026-09-30T07:06:26.330934
======================================================================
Traceback (most recent call last):
  File "/home/administrator/cctv/app.py", line 532, in <module>
    @app.route("/api/dvr/probe", methods=["POST"])
     ~~~~~~~~~^^^^^^^^^^^^^^^^^^^^^^^^^^^^^^^^^^^^
  File "/home/administrator/venv/lib/python3.14/site-packages/flask/scaffold.py", line 435, in decorator
    self.add_url_rule(rule, endpoint, f, **options)
    ~~~~~~~~~~~~~~~~~^^^^^^^^^^^^^^^^^^^^^^^^^^^^^^
  File "/home/administrator/venv/lib/python3.14/site-packages/flask/scaffold.py", line 50, in wrapper_func
    return f(self, *args, **kwargs)
  File "/home/administrator/venv/lib/python3.14/site-packages/flask/app.py", line 1059, in add_url_rule
    raise AssertionError(
    ...<2 lines>...
    )
AssertionError: View function mapping is overwriting an existing endpoint function: api_dvr_probe


======================================================================
CRASH at 2026-09-30T07:06:31.831660
======================================================================
Traceback (most recent call last):
  File "/home/administrator/cctv/app.py", line 532, in <module>
    @app.route("/api/dvr/probe", methods=["POST"])
     ~~~~~~~~~^^^^^^^^^^^^^^^^^^^^^^^^^^^^^^^^^^^^
  File "/home/administrator/venv/lib/python3.14/site-packages/flask/scaffold.py", line 435, in decorator
    self.add_url_rule(rule, endpoint, f, **options)
    ~~~~~~~~~~~~~~~~~^^^^^^^^^^^^^^^^^^^^^^^^^^^^^^
  File "/home/administrator/venv/lib/python3.14/site-packages/flask/scaffold.py", line 50, in wrapper_func
    return f(self, *args, **kwargs)
  File "/home/administrator/venv/lib/python3.14/site-packages/flask/app.py", line 1059, in add_url_rule
    raise AssertionError(
    ...<2 lines>...
    )
AssertionError: View function mapping is overwriting an existing endpoint function: api_dvr_probe


======================================================================
CRASH at 2026-09-30T07:06:37.328836
======================================================================
Traceback (most recent call last):
  File "/home/administrator/cctv/app.py", line 532, in <module>
    @app.route("/api/dvr/probe", methods=["POST"])
     ~~~~~~~~~^^^^^^^^^^^^^^^^^^^^^^^^^^^^^^^^^^^^
  File "/home/administrator/venv/lib/python3.14/site-packages/flask/scaffold.py", line 435, in decorator
    self.add_url_rule(rule, endpoint, f, **options)
    ~~~~~~~~~~~~~~~~~^^^^^^^^^^^^^^^^^^^^^^^^^^^^^^
  File "/home/administrator/venv/lib/python3.14/site-packages/flask/scaffold.py", line 50, in wrapper_func
    return f(self, *args, **kwargs)
  File "/home/administrator/venv/lib/python3.14/site-packages/flask/app.py", line 1059, in add_url_rule
    raise AssertionError(
    ...<2 lines>...
    )
AssertionError: View function mapping is overwriting an existing endpoint function: api_dvr_probe


======================================================================
CRASH at 2026-09-30T07:06:42.827903
======================================================================
Traceback (most recent call last):
  File "/home/administrator/cctv/app.py", line 532, in <module>
    @app.route("/api/dvr/probe", methods=["POST"])
     ~~~~~~~~~^^^^^^^^^^^^^^^^^^^^^^^^^^^^^^^^^^^^
  File "/home/administrator/venv/lib/python3.14/site-packages/flask/scaffold.py", line 435, in decorator
    self.add_url_rule(rule, endpoint, f, **options)
    ~~~~~~~~~~~~~~~~~^^^^^^^^^^^^^^^^^^^^^^^^^^^^^^
  File "/home/administrator/venv/lib/python3.14/site-packages/flask/scaffold.py", line 50, in wrapper_func
    return f(self, *args, **kwargs)
  File "/home/administrator/venv/lib/python3.14/site-packages/flask/app.py", line 1059, in add_url_rule
    raise AssertionError(
    ...<2 lines>...
    )
AssertionError: View function mapping is overwriting an existing endpoint function: api_dvr_probe


======================================================================
CRASH at 2026-09-30T07:06:48.331203
======================================================================
Traceback (most recent call last):
  File "/home/administrator/cctv/app.py", line 532, in <module>
    @app.route("/api/dvr/probe", methods=["POST"])
     ~~~~~~~~~^^^^^^^^^^^^^^^^^^^^^^^^^^^^^^^^^^^^
  File "/home/administrator/venv/lib/python3.14/site-packages/flask/scaffold.py", line 435, in decorator
    self.add_url_rule(rule, endpoint, f, **options)
    ~~~~~~~~~~~~~~~~~^^^^^^^^^^^^^^^^^^^^^^^^^^^^^^
  File "/home/administrator/venv/lib/python3.14/site-packages/flask/scaffold.py", line 50, in wrapper_func
    return f(self, *args, **kwargs)
  File "/home/administrator/venv/lib/python3.14/site-packages/flask/app.py", line 1059, in add_url_rule
    raise AssertionError(
    ...<2 lines>...
    )
AssertionError: View function mapping is overwriting an existing endpoint function: api_dvr_probe


======================================================================
CRASH at 2026-09-30T07:06:53.829423
======================================================================
Traceback (most recent call last):
  File "/home/administrator/cctv/app.py", line 532, in <module>
    @app.route("/api/dvr/probe", methods=["POST"])
     ~~~~~~~~~^^^^^^^^^^^^^^^^^^^^^^^^^^^^^^^^^^^^
  File "/home/administrator/venv/lib/python3.14/site-packages/flask/scaffold.py", line 435, in decorator
    self.add_url_rule(rule, endpoint, f, **options)
    ~~~~~~~~~~~~~~~~~^^^^^^^^^^^^^^^^^^^^^^^^^^^^^^
  File "/home/administrator/venv/lib/python3.14/site-packages/flask/scaffold.py", line 50, in wrapper_func
    return f(self, *args, **kwargs)
  File "/home/administrator/venv/lib/python3.14/site-packages/flask/app.py", line 1059, in add_url_rule
    raise AssertionError(
    ...<2 lines>...
    )
AssertionError: View function mapping is overwriting an existing endpoint function: api_dvr_probe


======================================================================
CRASH at 2026-09-30T07:06:59.331921
======================================================================
Traceback (most recent call last):
  File "/home/administrator/cctv/app.py", line 532, in <module>
    @app.route("/api/dvr/probe", methods=["POST"])
     ~~~~~~~~~^^^^^^^^^^^^^^^^^^^^^^^^^^^^^^^^^^^^
  File "/home/administrator/venv/lib/python3.14/site-packages/flask/scaffold.py", line 435, in decorator
    self.add_url_rule(rule, endpoint, f, **options)
    ~~~~~~~~~~~~~~~~~^^^^^^^^^^^^^^^^^^^^^^^^^^^^^^
  File "/home/administrator/venv/lib/python3.14/site-packages/flask/scaffold.py", line 50, in wrapper_func
    return f(self, *args, **kwargs)
  File "/home/administrator/venv/lib/python3.14/site-packages/flask/app.py", line 1059, in add_url_rule
    raise AssertionError(
    ...<2 lines>...
    )
AssertionError: View function mapping is overwriting an existing endpoint function: api_dvr_probe


======================================================================
CRASH at 2026-09-30T07:07:04.828248
======================================================================
Traceback (most recent call last):
  File "/home/administrator/cctv/app.py", line 532, in <module>
    @app.route("/api/dvr/probe", methods=["POST"])
     ~~~~~~~~~^^^^^^^^^^^^^^^^^^^^^^^^^^^^^^^^^^^^
  File "/home/administrator/venv/lib/python3.14/site-packages/flask/scaffold.py", line 435, in decorator
    self.add_url_rule(rule, endpoint, f, **options)
    ~~~~~~~~~~~~~~~~~^^^^^^^^^^^^^^^^^^^^^^^^^^^^^^
  File "/home/administrator/venv/lib/python3.14/site-packages/flask/scaffold.py", line 50, in wrapper_func
    return f(self, *args, **kwargs)
  File "/home/administrator/venv/lib/python3.14/site-packages/flask/app.py", line 1059, in add_url_rule
    raise AssertionError(
    ...<2 lines>...
    )
AssertionError: View function mapping is overwriting an existing endpoint function: api_dvr_probe


======================================================================
CRASH at 2026-09-30T07:07:10.323910
======================================================================
Traceback (most recent call last):
  File "/home/administrator/cctv/app.py", line 532, in <module>
    @app.route("/api/dvr/probe", methods=["POST"])
     ~~~~~~~~~^^^^^^^^^^^^^^^^^^^^^^^^^^^^^^^^^^^^
  File "/home/administrator/venv/lib/python3.14/site-packages/flask/scaffold.py", line 435, in decorator
    self.add_url_rule(rule, endpoint, f, **options)
    ~~~~~~~~~~~~~~~~~^^^^^^^^^^^^^^^^^^^^^^^^^^^^^^
  File "/home/administrator/venv/lib/python3.14/site-packages/flask/scaffold.py", line 50, in wrapper_func
    return f(self, *args, **kwargs)
  File "/home/administrator/venv/lib/python3.14/site-packages/flask/app.py", line 1059, in add_url_rule
    raise AssertionError(
    ...<2 lines>...
    )
AssertionError: View function mapping is overwriting an existing endpoint function: api_dvr_probe


======================================================================
CRASH at 2026-09-30T07:07:15.827992
======================================================================
Traceback (most recent call last):
  File "/home/administrator/cctv/app.py", line 532, in <module>
    @app.route("/api/dvr/probe", methods=["POST"])
     ~~~~~~~~~^^^^^^^^^^^^^^^^^^^^^^^^^^^^^^^^^^^^
  File "/home/administrator/venv/lib/python3.14/site-packages/flask/scaffold.py", line 435, in decorator
    self.add_url_rule(rule, endpoint, f, **options)
    ~~~~~~~~~~~~~~~~~^^^^^^^^^^^^^^^^^^^^^^^^^^^^^^
  File "/home/administrator/venv/lib/python3.14/site-packages/flask/scaffold.py", line 50, in wrapper_func
    return f(self, *args, **kwargs)
  File "/home/administrator/venv/lib/python3.14/site-packages/flask/app.py", line 1059, in add_url_rule
    raise AssertionError(
    ...<2 lines>...
    )
AssertionError: View function mapping is overwriting an existing endpoint function: api_dvr_probe


======================================================================
CRASH at 2026-09-30T07:07:21.333435
======================================================================
Traceback (most recent call last):
  File "/home/administrator/cctv/app.py", line 532, in <module>
    @app.route("/api/dvr/probe", methods=["POST"])
     ~~~~~~~~~^^^^^^^^^^^^^^^^^^^^^^^^^^^^^^^^^^^^
  File "/home/administrator/venv/lib/python3.14/site-packages/flask/scaffold.py", line 435, in decorator
    self.add_url_rule(rule, endpoint, f, **options)
    ~~~~~~~~~~~~~~~~~^^^^^^^^^^^^^^^^^^^^^^^^^^^^^^
  File "/home/administrator/venv/lib/python3.14/site-packages/flask/scaffold.py", line 50, in wrapper_func
    return f(self, *args, **kwargs)
  File "/home/administrator/venv/lib/python3.14/site-packages/flask/app.py", line 1059, in add_url_rule
    raise AssertionError(
    ...<2 lines>...
    )
AssertionError: View function mapping is overwriting an existing endpoint function: api_dvr_probe


======================================================================
CRASH at 2026-09-30T07:07:26.828662
======================================================================
Traceback (most recent call last):
  File "/home/administrator/cctv/app.py", line 532, in <module>
    @app.route("/api/dvr/probe", methods=["POST"])
     ~~~~~~~~~^^^^^^^^^^^^^^^^^^^^^^^^^^^^^^^^^^^^
  File "/home/administrator/venv/lib/python3.14/site-packages/flask/scaffold.py", line 435, in decorator
    self.add_url_rule(rule, endpoint, f, **options)
    ~~~~~~~~~~~~~~~~~^^^^^^^^^^^^^^^^^^^^^^^^^^^^^^
  File "/home/administrator/venv/lib/python3.14/site-packages/flask/scaffold.py", line 50, in wrapper_func
    return f(self, *args, **kwargs)
  File "/home/administrator/venv/lib/python3.14/site-packages/flask/app.py", line 1059, in add_url_rule
    raise AssertionError(
    ...<2 lines>...
    )
AssertionError: View function mapping is overwriting an existing endpoint function: api_dvr_probe


======================================================================
CRASH at 2026-09-30T07:07:32.328935
======================================================================
Traceback (most recent call last):
  File "/home/administrator/cctv/app.py", line 532, in <module>
    @app.route("/api/dvr/probe", methods=["POST"])
     ~~~~~~~~~^^^^^^^^^^^^^^^^^^^^^^^^^^^^^^^^^^^^
  File "/home/administrator/venv/lib/python3.14/site-packages/flask/scaffold.py", line 435, in decorator
    self.add_url_rule(rule, endpoint, f, **options)
    ~~~~~~~~~~~~~~~~~^^^^^^^^^^^^^^^^^^^^^^^^^^^^^^
  File "/home/administrator/venv/lib/python3.14/site-packages/flask/scaffold.py", line 50, in wrapper_func
    return f(self, *args, **kwargs)
  File "/home/administrator/venv/lib/python3.14/site-packages/flask/app.py", line 1059, in add_url_rule
    raise AssertionError(
    ...<2 lines>...
    )
AssertionError: View function mapping is overwriting an existing endpoint function: api_dvr_probe


======================================================================
CRASH at 2026-09-30T07:07:37.832696
======================================================================
Traceback (most recent call last):
  File "/home/administrator/cctv/app.py", line 532, in <module>
    @app.route("/api/dvr/probe", methods=["POST"])
     ~~~~~~~~~^^^^^^^^^^^^^^^^^^^^^^^^^^^^^^^^^^^^
  File "/home/administrator/venv/lib/python3.14/site-packages/flask/scaffold.py", line 435, in decorator
    self.add_url_rule(rule, endpoint, f, **options)
    ~~~~~~~~~~~~~~~~~^^^^^^^^^^^^^^^^^^^^^^^^^^^^^^
  File "/home/administrator/venv/lib/python3.14/site-packages/flask/scaffold.py", line 50, in wrapper_func
    return f(self, *args, **kwargs)
  File "/home/administrator/venv/lib/python3.14/site-packages/flask/app.py", line 1059, in add_url_rule
    raise AssertionError(
    ...<2 lines>...
    )
AssertionError: View function mapping is overwriting an existing endpoint function: api_dvr_probe


======================================================================
CRASH at 2026-09-30T07:07:43.329050
======================================================================
Traceback (most recent call last):
  File "/home/administrator/cctv/app.py", line 532, in <module>
    @app.route("/api/dvr/probe", methods=["POST"])
     ~~~~~~~~~^^^^^^^^^^^^^^^^^^^^^^^^^^^^^^^^^^^^
  File "/home/administrator/venv/lib/python3.14/site-packages/flask/scaffold.py", line 435, in decorator
    self.add_url_rule(rule, endpoint, f, **options)
    ~~~~~~~~~~~~~~~~~^^^^^^^^^^^^^^^^^^^^^^^^^^^^^^
  File "/home/administrator/venv/lib/python3.14/site-packages/flask/scaffold.py", line 50, in wrapper_func
    return f(self, *args, **kwargs)
  File "/home/administrator/venv/lib/python3.14/site-packages/flask/app.py", line 1059, in add_url_rule
    raise AssertionError(
    ...<2 lines>...
    )
AssertionError: View function mapping is overwriting an existing endpoint function: api_dvr_probe


======================================================================
CRASH at 2026-09-30T07:07:48.832160
======================================================================
Traceback (most recent call last):
  File "/home/administrator/cctv/app.py", line 532, in <module>
    @app.route("/api/dvr/probe", methods=["POST"])
     ~~~~~~~~~^^^^^^^^^^^^^^^^^^^^^^^^^^^^^^^^^^^^
  File "/home/administrator/venv/lib/python3.14/site-packages/flask/scaffold.py", line 435, in decorator
    self.add_url_rule(rule, endpoint, f, **options)
    ~~~~~~~~~~~~~~~~~^^^^^^^^^^^^^^^^^^^^^^^^^^^^^^
  File "/home/administrator/venv/lib/python3.14/site-packages/flask/scaffold.py", line 50, in wrapper_func
    return f(self, *args, **kwargs)
  File "/home/administrator/venv/lib/python3.14/site-packages/flask/app.py", line 1059, in add_url_rule
    raise AssertionError(
    ...<2 lines>...
    )
AssertionError: View function mapping is overwriting an existing endpoint function: api_dvr_probe


======================================================================
CRASH at 2026-09-30T07:07:54.330947
======================================================================
Traceback (most recent call last):
  File "/home/administrator/cctv/app.py", line 532, in <module>
    @app.route("/api/dvr/probe", methods=["POST"])
     ~~~~~~~~~^^^^^^^^^^^^^^^^^^^^^^^^^^^^^^^^^^^^
  File "/home/administrator/venv/lib/python3.14/site-packages/flask/scaffold.py", line 435, in decorator
    self.add_url_rule(rule, endpoint, f, **options)
    ~~~~~~~~~~~~~~~~~^^^^^^^^^^^^^^^^^^^^^^^^^^^^^^
  File "/home/administrator/venv/lib/python3.14/site-packages/flask/scaffold.py", line 50, in wrapper_func
    return f(self, *args, **kwargs)
  File "/home/administrator/venv/lib/python3.14/site-packages/flask/app.py", line 1059, in add_url_rule
    raise AssertionError(
    ...<2 lines>...
    )
AssertionError: View function mapping is overwriting an existing endpoint function: api_dvr_probe


======================================================================
CRASH at 2026-09-30T07:07:59.827737
======================================================================
Traceback (most recent call last):
  File "/home/administrator/cctv/app.py", line 532, in <module>
    @app.route("/api/dvr/probe", methods=["POST"])
     ~~~~~~~~~^^^^^^^^^^^^^^^^^^^^^^^^^^^^^^^^^^^^
  File "/home/administrator/venv/lib/python3.14/site-packages/flask/scaffold.py", line 435, in decorator
    self.add_url_rule(rule, endpoint, f, **options)
    ~~~~~~~~~~~~~~~~~^^^^^^^^^^^^^^^^^^^^^^^^^^^^^^
  File "/home/administrator/venv/lib/python3.14/site-packages/flask/scaffold.py", line 50, in wrapper_func
    return f(self, *args, **kwargs)
  File "/home/administrator/venv/lib/python3.14/site-packages/flask/app.py", line 1059, in add_url_rule
    raise AssertionError(
    ...<2 lines>...
    )
AssertionError: View function mapping is overwriting an existing endpoint function: api_dvr_probe


======================================================================
CRASH at 2026-09-30T07:08:05.328930
======================================================================
Traceback (most recent call last):
  File "/home/administrator/cctv/app.py", line 532, in <module>
    @app.route("/api/dvr/probe", methods=["POST"])
     ~~~~~~~~~^^^^^^^^^^^^^^^^^^^^^^^^^^^^^^^^^^^^
  File "/home/administrator/venv/lib/python3.14/site-packages/flask/scaffold.py", line 435, in decorator
    self.add_url_rule(rule, endpoint, f, **options)
    ~~~~~~~~~~~~~~~~~^^^^^^^^^^^^^^^^^^^^^^^^^^^^^^
  File "/home/administrator/venv/lib/python3.14/site-packages/flask/scaffold.py", line 50, in wrapper_func
    return f(self, *args, **kwargs)
  File "/home/administrator/venv/lib/python3.14/site-packages/flask/app.py", line 1059, in add_url_rule
    raise AssertionError(
    ...<2 lines>...
    )
AssertionError: View function mapping is overwriting an existing endpoint function: api_dvr_probe


======================================================================
CRASH at 2026-09-30T07:08:10.831924
======================================================================
Traceback (most recent call last):
  File "/home/administrator/cctv/app.py", line 532, in <module>
    @app.route("/api/dvr/probe", methods=["POST"])
     ~~~~~~~~~^^^^^^^^^^^^^^^^^^^^^^^^^^^^^^^^^^^^
  File "/home/administrator/venv/lib/python3.14/site-packages/flask/scaffold.py", line 435, in decorator
    self.add_url_rule(rule, endpoint, f, **options)
    ~~~~~~~~~~~~~~~~~^^^^^^^^^^^^^^^^^^^^^^^^^^^^^^
  File "/home/administrator/venv/lib/python3.14/site-packages/flask/scaffold.py", line 50, in wrapper_func
    return f(self, *args, **kwargs)
  File "/home/administrator/venv/lib/python3.14/site-packages/flask/app.py", line 1059, in add_url_rule
    raise AssertionError(
    ...<2 lines>...
    )
AssertionError: View function mapping is overwriting an existing endpoint function: api_dvr_probe


======================================================================
CRASH at 2026-09-30T07:08:16.331270
======================================================================
Traceback (most recent call last):
  File "/home/administrator/cctv/app.py", line 532, in <module>
    @app.route("/api/dvr/probe", methods=["POST"])
     ~~~~~~~~~^^^^^^^^^^^^^^^^^^^^^^^^^^^^^^^^^^^^
  File "/home/administrator/venv/lib/python3.14/site-packages/flask/scaffold.py", line 435, in decorator
    self.add_url_rule(rule, endpoint, f, **options)
    ~~~~~~~~~~~~~~~~~^^^^^^^^^^^^^^^^^^^^^^^^^^^^^^
  File "/home/administrator/venv/lib/python3.14/site-packages/flask/scaffold.py", line 50, in wrapper_func
    return f(self, *args, **kwargs)
  File "/home/administrator/venv/lib/python3.14/site-packages/flask/app.py", line 1059, in add_url_rule
    raise AssertionError(
    ...<2 lines>...
    )
AssertionError: View function mapping is overwriting an existing endpoint function: api_dvr_probe


======================================================================
CRASH at 2026-09-30T07:08:21.834082
======================================================================
Traceback (most recent call last):
  File "/home/administrator/cctv/app.py", line 532, in <module>
    @app.route("/api/dvr/probe", methods=["POST"])
     ~~~~~~~~~^^^^^^^^^^^^^^^^^^^^^^^^^^^^^^^^^^^^
  File "/home/administrator/venv/lib/python3.14/site-packages/flask/scaffold.py", line 435, in decorator
    self.add_url_rule(rule, endpoint, f, **options)
    ~~~~~~~~~~~~~~~~~^^^^^^^^^^^^^^^^^^^^^^^^^^^^^^
  File "/home/administrator/venv/lib/python3.14/site-packages/flask/scaffold.py", line 50, in wrapper_func
    return f(self, *args, **kwargs)
  File "/home/administrator/venv/lib/python3.14/site-packages/flask/app.py", line 1059, in add_url_rule
    raise AssertionError(
    ...<2 lines>...
    )
AssertionError: View function mapping is overwriting an existing endpoint function: api_dvr_probe


======================================================================
CRASH at 2026-09-30T07:08:27.329419
======================================================================
Traceback (most recent call last):
  File "/home/administrator/cctv/app.py", line 532, in <module>
    @app.route("/api/dvr/probe", methods=["POST"])
     ~~~~~~~~~^^^^^^^^^^^^^^^^^^^^^^^^^^^^^^^^^^^^
  File "/home/administrator/venv/lib/python3.14/site-packages/flask/scaffold.py", line 435, in decorator
    self.add_url_rule(rule, endpoint, f, **options)
    ~~~~~~~~~~~~~~~~~^^^^^^^^^^^^^^^^^^^^^^^^^^^^^^
  File "/home/administrator/venv/lib/python3.14/site-packages/flask/scaffold.py", line 50, in wrapper_func
    return f(self, *args, **kwargs)
  File "/home/administrator/venv/lib/python3.14/site-packages/flask/app.py", line 1059, in add_url_rule
    raise AssertionError(
    ...<2 lines>...
    )
AssertionError: View function mapping is overwriting an existing endpoint function: api_dvr_probe


======================================================================
CRASH at 2026-09-30T07:08:32.829987
======================================================================
Traceback (most recent call last):
  File "/home/administrator/cctv/app.py", line 532, in <module>
    @app.route("/api/dvr/probe", methods=["POST"])
     ~~~~~~~~~^^^^^^^^^^^^^^^^^^^^^^^^^^^^^^^^^^^^
  File "/home/administrator/venv/lib/python3.14/site-packages/flask/scaffold.py", line 435, in decorator
    self.add_url_rule(rule, endpoint, f, **options)
    ~~~~~~~~~~~~~~~~~^^^^^^^^^^^^^^^^^^^^^^^^^^^^^^
  File "/home/administrator/venv/lib/python3.14/site-packages/flask/scaffold.py", line 50, in wrapper_func
    return f(self, *args, **kwargs)
  File "/home/administrator/venv/lib/python3.14/site-packages/flask/app.py", line 1059, in add_url_rule
    raise AssertionError(
    ...<2 lines>...
    )
AssertionError: View function mapping is overwriting an existing endpoint function: api_dvr_probe


======================================================================
CRASH at 2026-09-30T07:08:38.328977
======================================================================
Traceback (most recent call last):
  File "/home/administrator/cctv/app.py", line 532, in <module>
    @app.route("/api/dvr/probe", methods=["POST"])
     ~~~~~~~~~^^^^^^^^^^^^^^^^^^^^^^^^^^^^^^^^^^^^
  File "/home/administrator/venv/lib/python3.14/site-packages/flask/scaffold.py", line 435, in decorator
    self.add_url_rule(rule, endpoint, f, **options)
    ~~~~~~~~~~~~~~~~~^^^^^^^^^^^^^^^^^^^^^^^^^^^^^^
  File "/home/administrator/venv/lib/python3.14/site-packages/flask/scaffold.py", line 50, in wrapper_func
    return f(self, *args, **kwargs)
  File "/home/administrator/venv/lib/python3.14/site-packages/flask/app.py", line 1059, in add_url_rule
    raise AssertionError(
    ...<2 lines>...
    )
AssertionError: View function mapping is overwriting an existing endpoint function: api_dvr_probe


======================================================================
CRASH at 2026-09-30T07:08:43.829793
======================================================================
Traceback (most recent call last):
  File "/home/administrator/cctv/app.py", line 532, in <module>
    @app.route("/api/dvr/probe", methods=["POST"])
     ~~~~~~~~~^^^^^^^^^^^^^^^^^^^^^^^^^^^^^^^^^^^^
  File "/home/administrator/venv/lib/python3.14/site-packages/flask/scaffold.py", line 435, in decorator
    self.add_url_rule(rule, endpoint, f, **options)
    ~~~~~~~~~~~~~~~~~^^^^^^^^^^^^^^^^^^^^^^^^^^^^^^
  File "/home/administrator/venv/lib/python3.14/site-packages/flask/scaffold.py", line 50, in wrapper_func
    return f(self, *args, **kwargs)
  File "/home/administrator/venv/lib/python3.14/site-packages/flask/app.py", line 1059, in add_url_rule
    raise AssertionError(
    ...<2 lines>...
    )
AssertionError: View function mapping is overwriting an existing endpoint function: api_dvr_probe


======================================================================
CRASH at 2026-09-30T07:08:49.328702
======================================================================
Traceback (most recent call last):
  File "/home/administrator/cctv/app.py", line 532, in <module>
    @app.route("/api/dvr/probe", methods=["POST"])
     ~~~~~~~~~^^^^^^^^^^^^^^^^^^^^^^^^^^^^^^^^^^^^
  File "/home/administrator/venv/lib/python3.14/site-packages/flask/scaffold.py", line 435, in decorator
    self.add_url_rule(rule, endpoint, f, **options)
    ~~~~~~~~~~~~~~~~~^^^^^^^^^^^^^^^^^^^^^^^^^^^^^^
  File "/home/administrator/venv/lib/python3.14/site-packages/flask/scaffold.py", line 50, in wrapper_func
    return f(self, *args, **kwargs)
  File "/home/administrator/venv/lib/python3.14/site-packages/flask/app.py", line 1059, in add_url_rule
    raise AssertionError(
    ...<2 lines>...
    )
AssertionError: View function mapping is overwriting an existing endpoint function: api_dvr_probe


======================================================================
CRASH at 2026-09-30T07:08:54.824826
======================================================================
Traceback (most recent call last):
  File "/home/administrator/cctv/app.py", line 532, in <module>
    @app.route("/api/dvr/probe", methods=["POST"])
     ~~~~~~~~~^^^^^^^^^^^^^^^^^^^^^^^^^^^^^^^^^^^^
  File "/home/administrator/venv/lib/python3.14/site-packages/flask/scaffold.py", line 435, in decorator
    self.add_url_rule(rule, endpoint, f, **options)
    ~~~~~~~~~~~~~~~~~^^^^^^^^^^^^^^^^^^^^^^^^^^^^^^
  File "/home/administrator/venv/lib/python3.14/site-packages/flask/scaffold.py", line 50, in wrapper_func
    return f(self, *args, **kwargs)
  File "/home/administrator/venv/lib/python3.14/site-packages/flask/app.py", line 1059, in add_url_rule
    raise AssertionError(
    ...<2 lines>...
    )
AssertionError: View function mapping is overwriting an existing endpoint function: api_dvr_probe


======================================================================
CRASH at 2026-09-30T07:09:00.329306
======================================================================
Traceback (most recent call last):
  File "/home/administrator/cctv/app.py", line 532, in <module>
    @app.route("/api/dvr/probe", methods=["POST"])
     ~~~~~~~~~^^^^^^^^^^^^^^^^^^^^^^^^^^^^^^^^^^^^
  File "/home/administrator/venv/lib/python3.14/site-packages/flask/scaffold.py", line 435, in decorator
    self.add_url_rule(rule, endpoint, f, **options)
    ~~~~~~~~~~~~~~~~~^^^^^^^^^^^^^^^^^^^^^^^^^^^^^^
  File "/home/administrator/venv/lib/python3.14/site-packages/flask/scaffold.py", line 50, in wrapper_func
    return f(self, *args, **kwargs)
  File "/home/administrator/venv/lib/python3.14/site-packages/flask/app.py", line 1059, in add_url_rule
    raise AssertionError(
    ...<2 lines>...
    )
AssertionError: View function mapping is overwriting an existing endpoint function: api_dvr_probe


======================================================================
CRASH at 2026-09-30T07:09:05.832139
======================================================================
Traceback (most recent call last):
  File "/home/administrator/cctv/app.py", line 532, in <module>
    @app.route("/api/dvr/probe", methods=["POST"])
     ~~~~~~~~~^^^^^^^^^^^^^^^^^^^^^^^^^^^^^^^^^^^^
  File "/home/administrator/venv/lib/python3.14/site-packages/flask/scaffold.py", line 435, in decorator
    self.add_url_rule(rule, endpoint, f, **options)
    ~~~~~~~~~~~~~~~~~^^^^^^^^^^^^^^^^^^^^^^^^^^^^^^
  File "/home/administrator/venv/lib/python3.14/site-packages/flask/scaffold.py", line 50, in wrapper_func
    return f(self, *args, **kwargs)
  File "/home/administrator/venv/lib/python3.14/site-packages/flask/app.py", line 1059, in add_url_rule
    raise AssertionError(
    ...<2 lines>...
    )
AssertionError: View function mapping is overwriting an existing endpoint function: api_dvr_probe


======================================================================
CRASH at 2026-09-30T07:09:11.332274
======================================================================
Traceback (most recent call last):
  File "/home/administrator/cctv/app.py", line 532, in <module>
    @app.route("/api/dvr/probe", methods=["POST"])
     ~~~~~~~~~^^^^^^^^^^^^^^^^^^^^^^^^^^^^^^^^^^^^
  File "/home/administrator/venv/lib/python3.14/site-packages/flask/scaffold.py", line 435, in decorator
    self.add_url_rule(rule, endpoint, f, **options)
    ~~~~~~~~~~~~~~~~~^^^^^^^^^^^^^^^^^^^^^^^^^^^^^^
  File "/home/administrator/venv/lib/python3.14/site-packages/flask/scaffold.py", line 50, in wrapper_func
    return f(self, *args, **kwargs)
  File "/home/administrator/venv/lib/python3.14/site-packages/flask/app.py", line 1059, in add_url_rule
    raise AssertionError(
    ...<2 lines>...
    )
AssertionError: View function mapping is overwriting an existing endpoint function: api_dvr_probe


======================================================================
CRASH at 2026-09-30T07:09:16.831687
======================================================================
Traceback (most recent call last):
  File "/home/administrator/cctv/app.py", line 532, in <module>
    @app.route("/api/dvr/probe", methods=["POST"])
     ~~~~~~~~~^^^^^^^^^^^^^^^^^^^^^^^^^^^^^^^^^^^^
  File "/home/administrator/venv/lib/python3.14/site-packages/flask/scaffold.py", line 435, in decorator
    self.add_url_rule(rule, endpoint, f, **options)
    ~~~~~~~~~~~~~~~~~^^^^^^^^^^^^^^^^^^^^^^^^^^^^^^
  File "/home/administrator/venv/lib/python3.14/site-packages/flask/scaffold.py", line 50, in wrapper_func
    return f(self, *args, **kwargs)
  File "/home/administrator/venv/lib/python3.14/site-packages/flask/app.py", line 1059, in add_url_rule
    raise AssertionError(
    ...<2 lines>...
    )
AssertionError: View function mapping is overwriting an existing endpoint function: api_dvr_probe


======================================================================
CRASH at 2026-09-30T07:09:22.326189
======================================================================
Traceback (most recent call last):
  File "/home/administrator/cctv/app.py", line 532, in <module>
    @app.route("/api/dvr/probe", methods=["POST"])
     ~~~~~~~~~^^^^^^^^^^^^^^^^^^^^^^^^^^^^^^^^^^^^
  File "/home/administrator/venv/lib/python3.14/site-packages/flask/scaffold.py", line 435, in decorator
    self.add_url_rule(rule, endpoint, f, **options)
    ~~~~~~~~~~~~~~~~~^^^^^^^^^^^^^^^^^^^^^^^^^^^^^^
  File "/home/administrator/venv/lib/python3.14/site-packages/flask/scaffold.py", line 50, in wrapper_func
    return f(self, *args, **kwargs)
  File "/home/administrator/venv/lib/python3.14/site-packages/flask/app.py", line 1059, in add_url_rule
    raise AssertionError(
    ...<2 lines>...
    )
AssertionError: View function mapping is overwriting an existing endpoint function: api_dvr_probe


======================================================================
CRASH at 2026-09-30T07:09:27.831819
======================================================================
Traceback (most recent call last):
  File "/home/administrator/cctv/app.py", line 532, in <module>
    @app.route("/api/dvr/probe", methods=["POST"])
     ~~~~~~~~~^^^^^^^^^^^^^^^^^^^^^^^^^^^^^^^^^^^^
  File "/home/administrator/venv/lib/python3.14/site-packages/flask/scaffold.py", line 435, in decorator
    self.add_url_rule(rule, endpoint, f, **options)
    ~~~~~~~~~~~~~~~~~^^^^^^^^^^^^^^^^^^^^^^^^^^^^^^
  File "/home/administrator/venv/lib/python3.14/site-packages/flask/scaffold.py", line 50, in wrapper_func
    return f(self, *args, **kwargs)
  File "/home/administrator/venv/lib/python3.14/site-packages/flask/app.py", line 1059, in add_url_rule
    raise AssertionError(
    ...<2 lines>...
    )
AssertionError: View function mapping is overwriting an existing endpoint function: api_dvr_probe


======================================================================
CRASH at 2026-09-30T07:09:33.329653
======================================================================
Traceback (most recent call last):
  File "/home/administrator/cctv/app.py", line 532, in <module>
    @app.route("/api/dvr/probe", methods=["POST"])
     ~~~~~~~~~^^^^^^^^^^^^^^^^^^^^^^^^^^^^^^^^^^^^
  File "/home/administrator/venv/lib/python3.14/site-packages/flask/scaffold.py", line 435, in decorator
    self.add_url_rule(rule, endpoint, f, **options)
    ~~~~~~~~~~~~~~~~~^^^^^^^^^^^^^^^^^^^^^^^^^^^^^^
  File "/home/administrator/venv/lib/python3.14/site-packages/flask/scaffold.py", line 50, in wrapper_func
    return f(self, *args, **kwargs)
  File "/home/administrator/venv/lib/python3.14/site-packages/flask/app.py", line 1059, in add_url_rule
    raise AssertionError(
    ...<2 lines>...
    )
AssertionError: View function mapping is overwriting an existing endpoint function: api_dvr_probe


======================================================================
CRASH at 2026-09-30T07:09:38.835264
======================================================================
Traceback (most recent call last):
  File "/home/administrator/cctv/app.py", line 532, in <module>
    @app.route("/api/dvr/probe", methods=["POST"])
     ~~~~~~~~~^^^^^^^^^^^^^^^^^^^^^^^^^^^^^^^^^^^^
  File "/home/administrator/venv/lib/python3.14/site-packages/flask/scaffold.py", line 435, in decorator
    self.add_url_rule(rule, endpoint, f, **options)
    ~~~~~~~~~~~~~~~~~^^^^^^^^^^^^^^^^^^^^^^^^^^^^^^
  File "/home/administrator/venv/lib/python3.14/site-packages/flask/scaffold.py", line 50, in wrapper_func
    return f(self, *args, **kwargs)
  File "/home/administrator/venv/lib/python3.14/site-packages/flask/app.py", line 1059, in add_url_rule
    raise AssertionError(
    ...<2 lines>...
    )
AssertionError: View function mapping is overwriting an existing endpoint function: api_dvr_probe


======================================================================
CRASH at 2026-09-30T07:09:44.323705
======================================================================
Traceback (most recent call last):
  File "/home/administrator/cctv/app.py", line 532, in <module>
    @app.route("/api/dvr/probe", methods=["POST"])
     ~~~~~~~~~^^^^^^^^^^^^^^^^^^^^^^^^^^^^^^^^^^^^
  File "/home/administrator/venv/lib/python3.14/site-packages/flask/scaffold.py", line 435, in decorator
    self.add_url_rule(rule, endpoint, f, **options)
    ~~~~~~~~~~~~~~~~~^^^^^^^^^^^^^^^^^^^^^^^^^^^^^^
  File "/home/administrator/venv/lib/python3.14/site-packages/flask/scaffold.py", line 50, in wrapper_func
    return f(self, *args, **kwargs)
  File "/home/administrator/venv/lib/python3.14/site-packages/flask/app.py", line 1059, in add_url_rule
    raise AssertionError(
    ...<2 lines>...
    )
AssertionError: View function mapping is overwriting an existing endpoint function: api_dvr_probe


======================================================================
CRASH at 2026-09-30T07:09:49.829238
======================================================================
Traceback (most recent call last):
  File "/home/administrator/cctv/app.py", line 532, in <module>
    @app.route("/api/dvr/probe", methods=["POST"])
     ~~~~~~~~~^^^^^^^^^^^^^^^^^^^^^^^^^^^^^^^^^^^^
  File "/home/administrator/venv/lib/python3.14/site-packages/flask/scaffold.py", line 435, in decorator
    self.add_url_rule(rule, endpoint, f, **options)
    ~~~~~~~~~~~~~~~~~^^^^^^^^^^^^^^^^^^^^^^^^^^^^^^
  File "/home/administrator/venv/lib/python3.14/site-packages/flask/scaffold.py", line 50, in wrapper_func
    return f(self, *args, **kwargs)
  File "/home/administrator/venv/lib/python3.14/site-packages/flask/app.py", line 1059, in add_url_rule
    raise AssertionError(
    ...<2 lines>...
    )
AssertionError: View function mapping is overwriting an existing endpoint function: api_dvr_probe


======================================================================
CRASH at 2026-09-30T07:09:55.330860
======================================================================
Traceback (most recent call last):
  File "/home/administrator/cctv/app.py", line 532, in <module>
    @app.route("/api/dvr/probe", methods=["POST"])
     ~~~~~~~~~^^^^^^^^^^^^^^^^^^^^^^^^^^^^^^^^^^^^
  File "/home/administrator/venv/lib/python3.14/site-packages/flask/scaffold.py", line 435, in decorator
    self.add_url_rule(rule, endpoint, f, **options)
    ~~~~~~~~~~~~~~~~~^^^^^^^^^^^^^^^^^^^^^^^^^^^^^^
  File "/home/administrator/venv/lib/python3.14/site-packages/flask/scaffold.py", line 50, in wrapper_func
    return f(self, *args, **kwargs)
  File "/home/administrator/venv/lib/python3.14/site-packages/flask/app.py", line 1059, in add_url_rule
    raise AssertionError(
    ...<2 lines>...
    )
AssertionError: View function mapping is overwriting an existing endpoint function: api_dvr_probe


======================================================================
CRASH at 2026-09-30T07:10:00.825576
======================================================================
Traceback (most recent call last):
  File "/home/administrator/cctv/app.py", line 532, in <module>
    @app.route("/api/dvr/probe", methods=["POST"])
     ~~~~~~~~~^^^^^^^^^^^^^^^^^^^^^^^^^^^^^^^^^^^^
  File "/home/administrator/venv/lib/python3.14/site-packages/flask/scaffold.py", line 435, in decorator
    self.add_url_rule(rule, endpoint, f, **options)
    ~~~~~~~~~~~~~~~~~^^^^^^^^^^^^^^^^^^^^^^^^^^^^^^
  File "/home/administrator/venv/lib/python3.14/site-packages/flask/scaffold.py", line 50, in wrapper_func
    return f(self, *args, **kwargs)
  File "/home/administrator/venv/lib/python3.14/site-packages/flask/app.py", line 1059, in add_url_rule
    raise AssertionError(
    ...<2 lines>...
    )
AssertionError: View function mapping is overwriting an existing endpoint function: api_dvr_probe


======================================================================
CRASH at 2026-09-30T07:10:06.328248
======================================================================
Traceback (most recent call last):
  File "/home/administrator/cctv/app.py", line 532, in <module>
    @app.route("/api/dvr/probe", methods=["POST"])
     ~~~~~~~~~^^^^^^^^^^^^^^^^^^^^^^^^^^^^^^^^^^^^
  File "/home/administrator/venv/lib/python3.14/site-packages/flask/scaffold.py", line 435, in decorator
    self.add_url_rule(rule, endpoint, f, **options)
    ~~~~~~~~~~~~~~~~~^^^^^^^^^^^^^^^^^^^^^^^^^^^^^^
  File "/home/administrator/venv/lib/python3.14/site-packages/flask/scaffold.py", line 50, in wrapper_func
    return f(self, *args, **kwargs)
  File "/home/administrator/venv/lib/python3.14/site-packages/flask/app.py", line 1059, in add_url_rule
    raise AssertionError(
    ...<2 lines>...
    )
AssertionError: View function mapping is overwriting an existing endpoint function: api_dvr_probe


======================================================================
CRASH at 2026-09-30T07:10:11.829357
======================================================================
Traceback (most recent call last):
  File "/home/administrator/cctv/app.py", line 532, in <module>
    @app.route("/api/dvr/probe", methods=["POST"])
     ~~~~~~~~~^^^^^^^^^^^^^^^^^^^^^^^^^^^^^^^^^^^^
  File "/home/administrator/venv/lib/python3.14/site-packages/flask/scaffold.py", line 435, in decorator
    self.add_url_rule(rule, endpoint, f, **options)
    ~~~~~~~~~~~~~~~~~^^^^^^^^^^^^^^^^^^^^^^^^^^^^^^
  File "/home/administrator/venv/lib/python3.14/site-packages/flask/scaffold.py", line 50, in wrapper_func
    return f(self, *args, **kwargs)
  File "/home/administrator/venv/lib/python3.14/site-packages/flask/app.py", line 1059, in add_url_rule
    raise AssertionError(
    ...<2 lines>...
    )
AssertionError: View function mapping is overwriting an existing endpoint function: api_dvr_probe


======================================================================
CRASH at 2026-09-30T07:10:17.327492
======================================================================
Traceback (most recent call last):
  File "/home/administrator/cctv/app.py", line 532, in <module>
    @app.route("/api/dvr/probe", methods=["POST"])
     ~~~~~~~~~^^^^^^^^^^^^^^^^^^^^^^^^^^^^^^^^^^^^
  File "/home/administrator/venv/lib/python3.14/site-packages/flask/scaffold.py", line 435, in decorator
    self.add_url_rule(rule, endpoint, f, **options)
    ~~~~~~~~~~~~~~~~~^^^^^^^^^^^^^^^^^^^^^^^^^^^^^^
  File "/home/administrator/venv/lib/python3.14/site-packages/flask/scaffold.py", line 50, in wrapper_func
    return f(self, *args, **kwargs)
  File "/home/administrator/venv/lib/python3.14/site-packages/flask/app.py", line 1059, in add_url_rule
    raise AssertionError(
    ...<2 lines>...
    )
AssertionError: View function mapping is overwriting an existing endpoint function: api_dvr_probe


======================================================================
CRASH at 2026-09-30T07:10:22.831388
======================================================================
Traceback (most recent call last):
  File "/home/administrator/cctv/app.py", line 532, in <module>
    @app.route("/api/dvr/probe", methods=["POST"])
     ~~~~~~~~~^^^^^^^^^^^^^^^^^^^^^^^^^^^^^^^^^^^^
  File "/home/administrator/venv/lib/python3.14/site-packages/flask/scaffold.py", line 435, in decorator
    self.add_url_rule(rule, endpoint, f, **options)
    ~~~~~~~~~~~~~~~~~^^^^^^^^^^^^^^^^^^^^^^^^^^^^^^
  File "/home/administrator/venv/lib/python3.14/site-packages/flask/scaffold.py", line 50, in wrapper_func
    return f(self, *args, **kwargs)
  File "/home/administrator/venv/lib/python3.14/site-packages/flask/app.py", line 1059, in add_url_rule
    raise AssertionError(
    ...<2 lines>...
    )
AssertionError: View function mapping is overwriting an existing endpoint function: api_dvr_probe


======================================================================
CRASH at 2026-09-30T07:10:28.332425
======================================================================
Traceback (most recent call last):
  File "/home/administrator/cctv/app.py", line 532, in <module>
    @app.route("/api/dvr/probe", methods=["POST"])
     ~~~~~~~~~^^^^^^^^^^^^^^^^^^^^^^^^^^^^^^^^^^^^
  File "/home/administrator/venv/lib/python3.14/site-packages/flask/scaffold.py", line 435, in decorator
    self.add_url_rule(rule, endpoint, f, **options)
    ~~~~~~~~~~~~~~~~~^^^^^^^^^^^^^^^^^^^^^^^^^^^^^^
  File "/home/administrator/venv/lib/python3.14/site-packages/flask/scaffold.py", line 50, in wrapper_func
    return f(self, *args, **kwargs)
  File "/home/administrator/venv/lib/python3.14/site-packages/flask/app.py", line 1059, in add_url_rule
    raise AssertionError(
    ...<2 lines>...
    )
AssertionError: View function mapping is overwriting an existing endpoint function: api_dvr_probe


======================================================================
CRASH at 2026-09-30T07:10:33.833576
======================================================================
Traceback (most recent call last):
  File "/home/administrator/cctv/app.py", line 532, in <module>
    @app.route("/api/dvr/probe", methods=["POST"])
     ~~~~~~~~~^^^^^^^^^^^^^^^^^^^^^^^^^^^^^^^^^^^^
  File "/home/administrator/venv/lib/python3.14/site-packages/flask/scaffold.py", line 435, in decorator
    self.add_url_rule(rule, endpoint, f, **options)
    ~~~~~~~~~~~~~~~~~^^^^^^^^^^^^^^^^^^^^^^^^^^^^^^
  File "/home/administrator/venv/lib/python3.14/site-packages/flask/scaffold.py", line 50, in wrapper_func
    return f(self, *args, **kwargs)
  File "/home/administrator/venv/lib/python3.14/site-packages/flask/app.py", line 1059, in add_url_rule
    raise AssertionError(
    ...<2 lines>...
    )
AssertionError: View function mapping is overwriting an existing endpoint function: api_dvr_probe


======================================================================
CRASH at 2026-09-30T07:10:39.328468
======================================================================
Traceback (most recent call last):
  File "/home/administrator/cctv/app.py", line 532, in <module>
    @app.route("/api/dvr/probe", methods=["POST"])
     ~~~~~~~~~^^^^^^^^^^^^^^^^^^^^^^^^^^^^^^^^^^^^
  File "/home/administrator/venv/lib/python3.14/site-packages/flask/scaffold.py", line 435, in decorator
    self.add_url_rule(rule, endpoint, f, **options)
    ~~~~~~~~~~~~~~~~~^^^^^^^^^^^^^^^^^^^^^^^^^^^^^^
  File "/home/administrator/venv/lib/python3.14/site-packages/flask/scaffold.py", line 50, in wrapper_func
    return f(self, *args, **kwargs)
  File "/home/administrator/venv/lib/python3.14/site-packages/flask/app.py", line 1059, in add_url_rule
    raise AssertionError(
    ...<2 lines>...
    )
AssertionError: View function mapping is overwriting an existing endpoint function: api_dvr_probe


======================================================================
CRASH at 2026-09-30T07:10:44.830654
======================================================================
Traceback (most recent call last):
  File "/home/administrator/cctv/app.py", line 532, in <module>
    @app.route("/api/dvr/probe", methods=["POST"])
     ~~~~~~~~~^^^^^^^^^^^^^^^^^^^^^^^^^^^^^^^^^^^^
  File "/home/administrator/venv/lib/python3.14/site-packages/flask/scaffold.py", line 435, in decorator
    self.add_url_rule(rule, endpoint, f, **options)
    ~~~~~~~~~~~~~~~~~^^^^^^^^^^^^^^^^^^^^^^^^^^^^^^
  File "/home/administrator/venv/lib/python3.14/site-packages/flask/scaffold.py", line 50, in wrapper_func
    return f(self, *args, **kwargs)
  File "/home/administrator/venv/lib/python3.14/site-packages/flask/app.py", line 1059, in add_url_rule
    raise AssertionError(
    ...<2 lines>...
    )
AssertionError: View function mapping is overwriting an existing endpoint function: api_dvr_probe


======================================================================
CRASH at 2026-09-30T07:10:50.332789
======================================================================
Traceback (most recent call last):
  File "/home/administrator/cctv/app.py", line 532, in <module>
    @app.route("/api/dvr/probe", methods=["POST"])
     ~~~~~~~~~^^^^^^^^^^^^^^^^^^^^^^^^^^^^^^^^^^^^
  File "/home/administrator/venv/lib/python3.14/site-packages/flask/scaffold.py", line 435, in decorator
    self.add_url_rule(rule, endpoint, f, **options)
    ~~~~~~~~~~~~~~~~~^^^^^^^^^^^^^^^^^^^^^^^^^^^^^^
  File "/home/administrator/venv/lib/python3.14/site-packages/flask/scaffold.py", line 50, in wrapper_func
    return f(self, *args, **kwargs)
  File "/home/administrator/venv/lib/python3.14/site-packages/flask/app.py", line 1059, in add_url_rule
    raise AssertionError(
    ...<2 lines>...
    )
AssertionError: View function mapping is overwriting an existing endpoint function: api_dvr_probe


======================================================================
CRASH at 2026-09-30T07:10:55.829590
======================================================================
Traceback (most recent call last):
  File "/home/administrator/cctv/app.py", line 532, in <module>
    @app.route("/api/dvr/probe", methods=["POST"])
     ~~~~~~~~~^^^^^^^^^^^^^^^^^^^^^^^^^^^^^^^^^^^^
  File "/home/administrator/venv/lib/python3.14/site-packages/flask/scaffold.py", line 435, in decorator
    self.add_url_rule(rule, endpoint, f, **options)
    ~~~~~~~~~~~~~~~~~^^^^^^^^^^^^^^^^^^^^^^^^^^^^^^
  File "/home/administrator/venv/lib/python3.14/site-packages/flask/scaffold.py", line 50, in wrapper_func
    return f(self, *args, **kwargs)
  File "/home/administrator/venv/lib/python3.14/site-packages/flask/app.py", line 1059, in add_url_rule
    raise AssertionError(
    ...<2 lines>...
    )
AssertionError: View function mapping is overwriting an existing endpoint function: api_dvr_probe


======================================================================
CRASH at 2026-09-30T07:11:01.331353
======================================================================
Traceback (most recent call last):
  File "/home/administrator/cctv/app.py", line 532, in <module>
    @app.route("/api/dvr/probe", methods=["POST"])
     ~~~~~~~~~^^^^^^^^^^^^^^^^^^^^^^^^^^^^^^^^^^^^
  File "/home/administrator/venv/lib/python3.14/site-packages/flask/scaffold.py", line 435, in decorator
    self.add_url_rule(rule, endpoint, f, **options)
    ~~~~~~~~~~~~~~~~~^^^^^^^^^^^^^^^^^^^^^^^^^^^^^^
  File "/home/administrator/venv/lib/python3.14/site-packages/flask/scaffold.py", line 50, in wrapper_func
    return f(self, *args, **kwargs)
  File "/home/administrator/venv/lib/python3.14/site-packages/flask/app.py", line 1059, in add_url_rule
    raise AssertionError(
    ...<2 lines>...
    )
AssertionError: View function mapping is overwriting an existing endpoint function: api_dvr_probe


======================================================================
CRASH at 2026-09-30T07:11:06.832675
======================================================================
Traceback (most recent call last):
  File "/home/administrator/cctv/app.py", line 532, in <module>
    @app.route("/api/dvr/probe", methods=["POST"])
     ~~~~~~~~~^^^^^^^^^^^^^^^^^^^^^^^^^^^^^^^^^^^^
  File "/home/administrator/venv/lib/python3.14/site-packages/flask/scaffold.py", line 435, in decorator
    self.add_url_rule(rule, endpoint, f, **options)
    ~~~~~~~~~~~~~~~~~^^^^^^^^^^^^^^^^^^^^^^^^^^^^^^
  File "/home/administrator/venv/lib/python3.14/site-packages/flask/scaffold.py", line 50, in wrapper_func
    return f(self, *args, **kwargs)
  File "/home/administrator/venv/lib/python3.14/site-packages/flask/app.py", line 1059, in add_url_rule
    raise AssertionError(
    ...<2 lines>...
    )
AssertionError: View function mapping is overwriting an existing endpoint function: api_dvr_probe


======================================================================
CRASH at 2026-09-30T07:11:12.327728
======================================================================
Traceback (most recent call last):
  File "/home/administrator/cctv/app.py", line 532, in <module>
    @app.route("/api/dvr/probe", methods=["POST"])
     ~~~~~~~~~^^^^^^^^^^^^^^^^^^^^^^^^^^^^^^^^^^^^
  File "/home/administrator/venv/lib/python3.14/site-packages/flask/scaffold.py", line 435, in decorator
    self.add_url_rule(rule, endpoint, f, **options)
    ~~~~~~~~~~~~~~~~~^^^^^^^^^^^^^^^^^^^^^^^^^^^^^^
  File "/home/administrator/venv/lib/python3.14/site-packages/flask/scaffold.py", line 50, in wrapper_func
    return f(self, *args, **kwargs)
  File "/home/administrator/venv/lib/python3.14/site-packages/flask/app.py", line 1059, in add_url_rule
    raise AssertionError(
    ...<2 lines>...
    )
AssertionError: View function mapping is overwriting an existing endpoint function: api_dvr_probe


======================================================================
CRASH at 2026-09-30T07:11:17.831706
======================================================================
Traceback (most recent call last):
  File "/home/administrator/cctv/app.py", line 532, in <module>
    @app.route("/api/dvr/probe", methods=["POST"])
     ~~~~~~~~~^^^^^^^^^^^^^^^^^^^^^^^^^^^^^^^^^^^^
  File "/home/administrator/venv/lib/python3.14/site-packages/flask/scaffold.py", line 435, in decorator
    self.add_url_rule(rule, endpoint, f, **options)
    ~~~~~~~~~~~~~~~~~^^^^^^^^^^^^^^^^^^^^^^^^^^^^^^
  File "/home/administrator/venv/lib/python3.14/site-packages/flask/scaffold.py", line 50, in wrapper_func
    return f(self, *args, **kwargs)
  File "/home/administrator/venv/lib/python3.14/site-packages/flask/app.py", line 1059, in add_url_rule
    raise AssertionError(
    ...<2 lines>...
    )
AssertionError: View function mapping is overwriting an existing endpoint function: api_dvr_probe


======================================================================
CRASH at 2026-09-30T07:11:23.329546
======================================================================
Traceback (most recent call last):
  File "/home/administrator/cctv/app.py", line 532, in <module>
    @app.route("/api/dvr/probe", methods=["POST"])
     ~~~~~~~~~^^^^^^^^^^^^^^^^^^^^^^^^^^^^^^^^^^^^
  File "/home/administrator/venv/lib/python3.14/site-packages/flask/scaffold.py", line 435, in decorator
    self.add_url_rule(rule, endpoint, f, **options)
    ~~~~~~~~~~~~~~~~~^^^^^^^^^^^^^^^^^^^^^^^^^^^^^^
  File "/home/administrator/venv/lib/python3.14/site-packages/flask/scaffold.py", line 50, in wrapper_func
    return f(self, *args, **kwargs)
  File "/home/administrator/venv/lib/python3.14/site-packages/flask/app.py", line 1059, in add_url_rule
    raise AssertionError(
    ...<2 lines>...
    )
AssertionError: View function mapping is overwriting an existing endpoint function: api_dvr_probe


======================================================================
CRASH at 2026-09-30T07:11:28.827635
======================================================================
Traceback (most recent call last):
  File "/home/administrator/cctv/app.py", line 532, in <module>
    @app.route("/api/dvr/probe", methods=["POST"])
     ~~~~~~~~~^^^^^^^^^^^^^^^^^^^^^^^^^^^^^^^^^^^^
  File "/home/administrator/venv/lib/python3.14/site-packages/flask/scaffold.py", line 435, in decorator
    self.add_url_rule(rule, endpoint, f, **options)
    ~~~~~~~~~~~~~~~~~^^^^^^^^^^^^^^^^^^^^^^^^^^^^^^
  File "/home/administrator/venv/lib/python3.14/site-packages/flask/scaffold.py", line 50, in wrapper_func
    return f(self, *args, **kwargs)
  File "/home/administrator/venv/lib/python3.14/site-packages/flask/app.py", line 1059, in add_url_rule
    raise AssertionError(
    ...<2 lines>...
    )
AssertionError: View function mapping is overwriting an existing endpoint function: api_dvr_probe


======================================================================
CRASH at 2026-09-30T07:11:34.329634
======================================================================
Traceback (most recent call last):
  File "/home/administrator/cctv/app.py", line 532, in <module>
    @app.route("/api/dvr/probe", methods=["POST"])
     ~~~~~~~~~^^^^^^^^^^^^^^^^^^^^^^^^^^^^^^^^^^^^
  File "/home/administrator/venv/lib/python3.14/site-packages/flask/scaffold.py", line 435, in decorator
    self.add_url_rule(rule, endpoint, f, **options)
    ~~~~~~~~~~~~~~~~~^^^^^^^^^^^^^^^^^^^^^^^^^^^^^^
  File "/home/administrator/venv/lib/python3.14/site-packages/flask/scaffold.py", line 50, in wrapper_func
    return f(self, *args, **kwargs)
  File "/home/administrator/venv/lib/python3.14/site-packages/flask/app.py", line 1059, in add_url_rule
    raise AssertionError(
    ...<2 lines>...
    )
AssertionError: View function mapping is overwriting an existing endpoint function: api_dvr_probe


======================================================================
CRASH at 2026-09-30T07:11:39.830948
======================================================================
Traceback (most recent call last):
  File "/home/administrator/cctv/app.py", line 532, in <module>
    @app.route("/api/dvr/probe", methods=["POST"])
     ~~~~~~~~~^^^^^^^^^^^^^^^^^^^^^^^^^^^^^^^^^^^^
  File "/home/administrator/venv/lib/python3.14/site-packages/flask/scaffold.py", line 435, in decorator
    self.add_url_rule(rule, endpoint, f, **options)
    ~~~~~~~~~~~~~~~~~^^^^^^^^^^^^^^^^^^^^^^^^^^^^^^
  File "/home/administrator/venv/lib/python3.14/site-packages/flask/scaffold.py", line 50, in wrapper_func
    return f(self, *args, **kwargs)
  File "/home/administrator/venv/lib/python3.14/site-packages/flask/app.py", line 1059, in add_url_rule
    raise AssertionError(
    ...<2 lines>...
    )
AssertionError: View function mapping is overwriting an existing endpoint function: api_dvr_probe


======================================================================
CRASH at 2026-09-30T07:11:45.327941
======================================================================
Traceback (most recent call last):
  File "/home/administrator/cctv/app.py", line 532, in <module>
    @app.route("/api/dvr/probe", methods=["POST"])
     ~~~~~~~~~^^^^^^^^^^^^^^^^^^^^^^^^^^^^^^^^^^^^
  File "/home/administrator/venv/lib/python3.14/site-packages/flask/scaffold.py", line 435, in decorator
    self.add_url_rule(rule, endpoint, f, **options)
    ~~~~~~~~~~~~~~~~~^^^^^^^^^^^^^^^^^^^^^^^^^^^^^^
  File "/home/administrator/venv/lib/python3.14/site-packages/flask/scaffold.py", line 50, in wrapper_func
    return f(self, *args, **kwargs)
  File "/home/administrator/venv/lib/python3.14/site-packages/flask/app.py", line 1059, in add_url_rule
    raise AssertionError(
    ...<2 lines>...
    )
AssertionError: View function mapping is overwriting an existing endpoint function: api_dvr_probe


======================================================================
CRASH at 2026-09-30T07:11:50.832851
======================================================================
Traceback (most recent call last):
  File "/home/administrator/cctv/app.py", line 532, in <module>
    @app.route("/api/dvr/probe", methods=["POST"])
     ~~~~~~~~~^^^^^^^^^^^^^^^^^^^^^^^^^^^^^^^^^^^^
  File "/home/administrator/venv/lib/python3.14/site-packages/flask/scaffold.py", line 435, in decorator
    self.add_url_rule(rule, endpoint, f, **options)
    ~~~~~~~~~~~~~~~~~^^^^^^^^^^^^^^^^^^^^^^^^^^^^^^
  File "/home/administrator/venv/lib/python3.14/site-packages/flask/scaffold.py", line 50, in wrapper_func
    return f(self, *args, **kwargs)
  File "/home/administrator/venv/lib/python3.14/site-packages/flask/app.py", line 1059, in add_url_rule
    raise AssertionError(
    ...<2 lines>...
    )
AssertionError: View function mapping is overwriting an existing endpoint function: api_dvr_probe


======================================================================
CRASH at 2026-09-30T07:11:56.328621
======================================================================
Traceback (most recent call last):
  File "/home/administrator/cctv/app.py", line 532, in <module>
    @app.route("/api/dvr/probe", methods=["POST"])
     ~~~~~~~~~^^^^^^^^^^^^^^^^^^^^^^^^^^^^^^^^^^^^
  File "/home/administrator/venv/lib/python3.14/site-packages/flask/scaffold.py", line 435, in decorator
    self.add_url_rule(rule, endpoint, f, **options)
    ~~~~~~~~~~~~~~~~~^^^^^^^^^^^^^^^^^^^^^^^^^^^^^^
  File "/home/administrator/venv/lib/python3.14/site-packages/flask/scaffold.py", line 50, in wrapper_func
    return f(self, *args, **kwargs)
  File "/home/administrator/venv/lib/python3.14/site-packages/flask/app.py", line 1059, in add_url_rule
    raise AssertionError(
    ...<2 lines>...
    )
AssertionError: View function mapping is overwriting an existing endpoint function: api_dvr_probe


======================================================================
CRASH at 2026-09-30T07:12:01.826556
======================================================================
Traceback (most recent call last):
  File "/home/administrator/cctv/app.py", line 532, in <module>
    @app.route("/api/dvr/probe", methods=["POST"])
     ~~~~~~~~~^^^^^^^^^^^^^^^^^^^^^^^^^^^^^^^^^^^^
  File "/home/administrator/venv/lib/python3.14/site-packages/flask/scaffold.py", line 435, in decorator
    self.add_url_rule(rule, endpoint, f, **options)
    ~~~~~~~~~~~~~~~~~^^^^^^^^^^^^^^^^^^^^^^^^^^^^^^
  File "/home/administrator/venv/lib/python3.14/site-packages/flask/scaffold.py", line 50, in wrapper_func
    return f(self, *args, **kwargs)
  File "/home/administrator/venv/lib/python3.14/site-packages/flask/app.py", line 1059, in add_url_rule
    raise AssertionError(
    ...<2 lines>...
    )
AssertionError: View function mapping is overwriting an existing endpoint function: api_dvr_probe


======================================================================
CRASH at 2026-09-30T07:12:07.329282
======================================================================
Traceback (most recent call last):
  File "/home/administrator/cctv/app.py", line 532, in <module>
    @app.route("/api/dvr/probe", methods=["POST"])
     ~~~~~~~~~^^^^^^^^^^^^^^^^^^^^^^^^^^^^^^^^^^^^
  File "/home/administrator/venv/lib/python3.14/site-packages/flask/scaffold.py", line 435, in decorator
    self.add_url_rule(rule, endpoint, f, **options)
    ~~~~~~~~~~~~~~~~~^^^^^^^^^^^^^^^^^^^^^^^^^^^^^^
  File "/home/administrator/venv/lib/python3.14/site-packages/flask/scaffold.py", line 50, in wrapper_func
    return f(self, *args, **kwargs)
  File "/home/administrator/venv/lib/python3.14/site-packages/flask/app.py", line 1059, in add_url_rule
    raise AssertionError(
    ...<2 lines>...
    )
AssertionError: View function mapping is overwriting an existing endpoint function: api_dvr_probe


======================================================================
CRASH at 2026-09-30T07:12:12.829827
======================================================================
Traceback (most recent call last):
  File "/home/administrator/cctv/app.py", line 532, in <module>
    @app.route("/api/dvr/probe", methods=["POST"])
     ~~~~~~~~~^^^^^^^^^^^^^^^^^^^^^^^^^^^^^^^^^^^^
  File "/home/administrator/venv/lib/python3.14/site-packages/flask/scaffold.py", line 435, in decorator
    self.add_url_rule(rule, endpoint, f, **options)
    ~~~~~~~~~~~~~~~~~^^^^^^^^^^^^^^^^^^^^^^^^^^^^^^
  File "/home/administrator/venv/lib/python3.14/site-packages/flask/scaffold.py", line 50, in wrapper_func
    return f(self, *args, **kwargs)
  File "/home/administrator/venv/lib/python3.14/site-packages/flask/app.py", line 1059, in add_url_rule
    raise AssertionError(
    ...<2 lines>...
    )
AssertionError: View function mapping is overwriting an existing endpoint function: api_dvr_probe


======================================================================
CRASH at 2026-09-30T07:12:18.327314
======================================================================
Traceback (most recent call last):
  File "/home/administrator/cctv/app.py", line 532, in <module>
    @app.route("/api/dvr/probe", methods=["POST"])
     ~~~~~~~~~^^^^^^^^^^^^^^^^^^^^^^^^^^^^^^^^^^^^
  File "/home/administrator/venv/lib/python3.14/site-packages/flask/scaffold.py", line 435, in decorator
    self.add_url_rule(rule, endpoint, f, **options)
    ~~~~~~~~~~~~~~~~~^^^^^^^^^^^^^^^^^^^^^^^^^^^^^^
  File "/home/administrator/venv/lib/python3.14/site-packages/flask/scaffold.py", line 50, in wrapper_func
    return f(self, *args, **kwargs)
  File "/home/administrator/venv/lib/python3.14/site-packages/flask/app.py", line 1059, in add_url_rule
    raise AssertionError(
    ...<2 lines>...
    )
AssertionError: View function mapping is overwriting an existing endpoint function: api_dvr_probe


======================================================================
CRASH at 2026-09-30T07:12:23.830519
======================================================================
Traceback (most recent call last):
  File "/home/administrator/cctv/app.py", line 532, in <module>
    @app.route("/api/dvr/probe", methods=["POST"])
     ~~~~~~~~~^^^^^^^^^^^^^^^^^^^^^^^^^^^^^^^^^^^^
  File "/home/administrator/venv/lib/python3.14/site-packages/flask/scaffold.py", line 435, in decorator
    self.add_url_rule(rule, endpoint, f, **options)
    ~~~~~~~~~~~~~~~~~^^^^^^^^^^^^^^^^^^^^^^^^^^^^^^
  File "/home/administrator/venv/lib/python3.14/site-packages/flask/scaffold.py", line 50, in wrapper_func
    return f(self, *args, **kwargs)
  File "/home/administrator/venv/lib/python3.14/site-packages/flask/app.py", line 1059, in add_url_rule
    raise AssertionError(
    ...<2 lines>...
    )
AssertionError: View function mapping is overwriting an existing endpoint function: api_dvr_probe


======================================================================
CRASH at 2026-09-30T07:12:29.328009
======================================================================
Traceback (most recent call last):
  File "/home/administrator/cctv/app.py", line 532, in <module>
    @app.route("/api/dvr/probe", methods=["POST"])
     ~~~~~~~~~^^^^^^^^^^^^^^^^^^^^^^^^^^^^^^^^^^^^
  File "/home/administrator/venv/lib/python3.14/site-packages/flask/scaffold.py", line 435, in decorator
    self.add_url_rule(rule, endpoint, f, **options)
    ~~~~~~~~~~~~~~~~~^^^^^^^^^^^^^^^^^^^^^^^^^^^^^^
  File "/home/administrator/venv/lib/python3.14/site-packages/flask/scaffold.py", line 50, in wrapper_func
    return f(self, *args, **kwargs)
  File "/home/administrator/venv/lib/python3.14/site-packages/flask/app.py", line 1059, in add_url_rule
    raise AssertionError(
    ...<2 lines>...
    )
AssertionError: View function mapping is overwriting an existing endpoint function: api_dvr_probe


======================================================================
CRASH at 2026-09-30T07:12:34.829143
======================================================================
Traceback (most recent call last):
  File "/home/administrator/cctv/app.py", line 532, in <module>
    @app.route("/api/dvr/probe", methods=["POST"])
     ~~~~~~~~~^^^^^^^^^^^^^^^^^^^^^^^^^^^^^^^^^^^^
  File "/home/administrator/venv/lib/python3.14/site-packages/flask/scaffold.py", line 435, in decorator
    self.add_url_rule(rule, endpoint, f, **options)
    ~~~~~~~~~~~~~~~~~^^^^^^^^^^^^^^^^^^^^^^^^^^^^^^
  File "/home/administrator/venv/lib/python3.14/site-packages/flask/scaffold.py", line 50, in wrapper_func
    return f(self, *args, **kwargs)
  File "/home/administrator/venv/lib/python3.14/site-packages/flask/app.py", line 1059, in add_url_rule
    raise AssertionError(
    ...<2 lines>...
    )
AssertionError: View function mapping is overwriting an existing endpoint function: api_dvr_probe


======================================================================
CRASH at 2026-09-30T07:12:40.324638
======================================================================
Traceback (most recent call last):
  File "/home/administrator/cctv/app.py", line 532, in <module>
    @app.route("/api/dvr/probe", methods=["POST"])
     ~~~~~~~~~^^^^^^^^^^^^^^^^^^^^^^^^^^^^^^^^^^^^
  File "/home/administrator/venv/lib/python3.14/site-packages/flask/scaffold.py", line 435, in decorator
    self.add_url_rule(rule, endpoint, f, **options)
    ~~~~~~~~~~~~~~~~~^^^^^^^^^^^^^^^^^^^^^^^^^^^^^^
  File "/home/administrator/venv/lib/python3.14/site-packages/flask/scaffold.py", line 50, in wrapper_func
    return f(self, *args, **kwargs)
  File "/home/administrator/venv/lib/python3.14/site-packages/flask/app.py", line 1059, in add_url_rule
    raise AssertionError(
    ...<2 lines>...
    )
AssertionError: View function mapping is overwriting an existing endpoint function: api_dvr_probe


======================================================================
CRASH at 2026-09-30T07:12:45.829778
======================================================================
Traceback (most recent call last):
  File "/home/administrator/cctv/app.py", line 532, in <module>
    @app.route("/api/dvr/probe", methods=["POST"])
     ~~~~~~~~~^^^^^^^^^^^^^^^^^^^^^^^^^^^^^^^^^^^^
  File "/home/administrator/venv/lib/python3.14/site-packages/flask/scaffold.py", line 435, in decorator
    self.add_url_rule(rule, endpoint, f, **options)
    ~~~~~~~~~~~~~~~~~^^^^^^^^^^^^^^^^^^^^^^^^^^^^^^
  File "/home/administrator/venv/lib/python3.14/site-packages/flask/scaffold.py", line 50, in wrapper_func
    return f(self, *args, **kwargs)
  File "/home/administrator/venv/lib/python3.14/site-packages/flask/app.py", line 1059, in add_url_rule
    raise AssertionError(
    ...<2 lines>...
    )
AssertionError: View function mapping is overwriting an existing endpoint function: api_dvr_probe


======================================================================
CRASH at 2026-09-30T07:12:51.331382
======================================================================
Traceback (most recent call last):
  File "/home/administrator/cctv/app.py", line 532, in <module>
    @app.route("/api/dvr/probe", methods=["POST"])
     ~~~~~~~~~^^^^^^^^^^^^^^^^^^^^^^^^^^^^^^^^^^^^
  File "/home/administrator/venv/lib/python3.14/site-packages/flask/scaffold.py", line 435, in decorator
    self.add_url_rule(rule, endpoint, f, **options)
    ~~~~~~~~~~~~~~~~~^^^^^^^^^^^^^^^^^^^^^^^^^^^^^^
  File "/home/administrator/venv/lib/python3.14/site-packages/flask/scaffold.py", line 50, in wrapper_func
    return f(self, *args, **kwargs)
  File "/home/administrator/venv/lib/python3.14/site-packages/flask/app.py", line 1059, in add_url_rule
    raise AssertionError(
    ...<2 lines>...
    )
AssertionError: View function mapping is overwriting an existing endpoint function: api_dvr_probe


======================================================================
CRASH at 2026-09-30T07:12:56.829586
======================================================================
Traceback (most recent call last):
  File "/home/administrator/cctv/app.py", line 532, in <module>
    @app.route("/api/dvr/probe", methods=["POST"])
     ~~~~~~~~~^^^^^^^^^^^^^^^^^^^^^^^^^^^^^^^^^^^^
  File "/home/administrator/venv/lib/python3.14/site-packages/flask/scaffold.py", line 435, in decorator
    self.add_url_rule(rule, endpoint, f, **options)
    ~~~~~~~~~~~~~~~~~^^^^^^^^^^^^^^^^^^^^^^^^^^^^^^
  File "/home/administrator/venv/lib/python3.14/site-packages/flask/scaffold.py", line 50, in wrapper_func
    return f(self, *args, **kwargs)
  File "/home/administrator/venv/lib/python3.14/site-packages/flask/app.py", line 1059, in add_url_rule
    raise AssertionError(
    ...<2 lines>...
    )
AssertionError: View function mapping is overwriting an existing endpoint function: api_dvr_probe


======================================================================
CRASH at 2026-09-30T07:13:02.333612
======================================================================
Traceback (most recent call last):
  File "/home/administrator/cctv/app.py", line 532, in <module>
    @app.route("/api/dvr/probe", methods=["POST"])
     ~~~~~~~~~^^^^^^^^^^^^^^^^^^^^^^^^^^^^^^^^^^^^
  File "/home/administrator/venv/lib/python3.14/site-packages/flask/scaffold.py", line 435, in decorator
    self.add_url_rule(rule, endpoint, f, **options)
    ~~~~~~~~~~~~~~~~~^^^^^^^^^^^^^^^^^^^^^^^^^^^^^^
  File "/home/administrator/venv/lib/python3.14/site-packages/flask/scaffold.py", line 50, in wrapper_func
    return f(self, *args, **kwargs)
  File "/home/administrator/venv/lib/python3.14/site-packages/flask/app.py", line 1059, in add_url_rule
    raise AssertionError(
    ...<2 lines>...
    )
AssertionError: View function mapping is overwriting an existing endpoint function: api_dvr_probe


======================================================================
CRASH at 2026-09-30T07:13:07.835393
======================================================================
Traceback (most recent call last):
  File "/home/administrator/cctv/app.py", line 532, in <module>
    @app.route("/api/dvr/probe", methods=["POST"])
     ~~~~~~~~~^^^^^^^^^^^^^^^^^^^^^^^^^^^^^^^^^^^^
  File "/home/administrator/venv/lib/python3.14/site-packages/flask/scaffold.py", line 435, in decorator
    self.add_url_rule(rule, endpoint, f, **options)
    ~~~~~~~~~~~~~~~~~^^^^^^^^^^^^^^^^^^^^^^^^^^^^^^
  File "/home/administrator/venv/lib/python3.14/site-packages/flask/scaffold.py", line 50, in wrapper_func
    return f(self, *args, **kwargs)
  File "/home/administrator/venv/lib/python3.14/site-packages/flask/app.py", line 1059, in add_url_rule
    raise AssertionError(
    ...<2 lines>...
    )
AssertionError: View function mapping is overwriting an existing endpoint function: api_dvr_probe


======================================================================
CRASH at 2026-09-30T07:13:13.329883
======================================================================
Traceback (most recent call last):
  File "/home/administrator/cctv/app.py", line 532, in <module>
    @app.route("/api/dvr/probe", methods=["POST"])
     ~~~~~~~~~^^^^^^^^^^^^^^^^^^^^^^^^^^^^^^^^^^^^
  File "/home/administrator/venv/lib/python3.14/site-packages/flask/scaffold.py", line 435, in decorator
    self.add_url_rule(rule, endpoint, f, **options)
    ~~~~~~~~~~~~~~~~~^^^^^^^^^^^^^^^^^^^^^^^^^^^^^^
  File "/home/administrator/venv/lib/python3.14/site-packages/flask/scaffold.py", line 50, in wrapper_func
    return f(self, *args, **kwargs)
  File "/home/administrator/venv/lib/python3.14/site-packages/flask/app.py", line 1059, in add_url_rule
    raise AssertionError(
    ...<2 lines>...
    )
AssertionError: View function mapping is overwriting an existing endpoint function: api_dvr_probe


======================================================================
CRASH at 2026-09-30T07:13:18.831660
======================================================================
Traceback (most recent call last):
  File "/home/administrator/cctv/app.py", line 532, in <module>
    @app.route("/api/dvr/probe", methods=["POST"])
     ~~~~~~~~~^^^^^^^^^^^^^^^^^^^^^^^^^^^^^^^^^^^^
  File "/home/administrator/venv/lib/python3.14/site-packages/flask/scaffold.py", line 435, in decorator
    self.add_url_rule(rule, endpoint, f, **options)
    ~~~~~~~~~~~~~~~~~^^^^^^^^^^^^^^^^^^^^^^^^^^^^^^
  File "/home/administrator/venv/lib/python3.14/site-packages/flask/scaffold.py", line 50, in wrapper_func
    return f(self, *args, **kwargs)
  File "/home/administrator/venv/lib/python3.14/site-packages/flask/app.py", line 1059, in add_url_rule
    raise AssertionError(
    ...<2 lines>...
    )
AssertionError: View function mapping is overwriting an existing endpoint function: api_dvr_probe


======================================================================
CRASH at 2026-09-30T07:13:24.329805
======================================================================
Traceback (most recent call last):
  File "/home/administrator/cctv/app.py", line 532, in <module>
    @app.route("/api/dvr/probe", methods=["POST"])
     ~~~~~~~~~^^^^^^^^^^^^^^^^^^^^^^^^^^^^^^^^^^^^
  File "/home/administrator/venv/lib/python3.14/site-packages/flask/scaffold.py", line 435, in decorator
    self.add_url_rule(rule, endpoint, f, **options)
    ~~~~~~~~~~~~~~~~~^^^^^^^^^^^^^^^^^^^^^^^^^^^^^^
  File "/home/administrator/venv/lib/python3.14/site-packages/flask/scaffold.py", line 50, in wrapper_func
    return f(self, *args, **kwargs)
  File "/home/administrator/venv/lib/python3.14/site-packages/flask/app.py", line 1059, in add_url_rule
    raise AssertionError(
    ...<2 lines>...
    )
AssertionError: View function mapping is overwriting an existing endpoint function: api_dvr_probe


======================================================================
CRASH at 2026-09-30T07:13:29.828151
======================================================================
Traceback (most recent call last):
  File "/home/administrator/cctv/app.py", line 532, in <module>
    @app.route("/api/dvr/probe", methods=["POST"])
     ~~~~~~~~~^^^^^^^^^^^^^^^^^^^^^^^^^^^^^^^^^^^^
  File "/home/administrator/venv/lib/python3.14/site-packages/flask/scaffold.py", line 435, in decorator
    self.add_url_rule(rule, endpoint, f, **options)
    ~~~~~~~~~~~~~~~~~^^^^^^^^^^^^^^^^^^^^^^^^^^^^^^
  File "/home/administrator/venv/lib/python3.14/site-packages/flask/scaffold.py", line 50, in wrapper_func
    return f(self, *args, **kwargs)
  File "/home/administrator/venv/lib/python3.14/site-packages/flask/app.py", line 1059, in add_url_rule
    raise AssertionError(
    ...<2 lines>...
    )
AssertionError: View function mapping is overwriting an existing endpoint function: api_dvr_probe


======================================================================
CRASH at 2026-09-30T07:13:35.329356
======================================================================
Traceback (most recent call last):
  File "/home/administrator/cctv/app.py", line 532, in <module>
    @app.route("/api/dvr/probe", methods=["POST"])
     ~~~~~~~~~^^^^^^^^^^^^^^^^^^^^^^^^^^^^^^^^^^^^
  File "/home/administrator/venv/lib/python3.14/site-packages/flask/scaffold.py", line 435, in decorator
    self.add_url_rule(rule, endpoint, f, **options)
    ~~~~~~~~~~~~~~~~~^^^^^^^^^^^^^^^^^^^^^^^^^^^^^^
  File "/home/administrator/venv/lib/python3.14/site-packages/flask/scaffold.py", line 50, in wrapper_func
    return f(self, *args, **kwargs)
  File "/home/administrator/venv/lib/python3.14/site-packages/flask/app.py", line 1059, in add_url_rule
    raise AssertionError(
    ...<2 lines>...
    )
AssertionError: View function mapping is overwriting an existing endpoint function: api_dvr_probe


======================================================================
CRASH at 2026-09-30T07:13:40.827151
======================================================================
Traceback (most recent call last):
  File "/home/administrator/cctv/app.py", line 532, in <module>
    @app.route("/api/dvr/probe", methods=["POST"])
     ~~~~~~~~~^^^^^^^^^^^^^^^^^^^^^^^^^^^^^^^^^^^^
  File "/home/administrator/venv/lib/python3.14/site-packages/flask/scaffold.py", line 435, in decorator
    self.add_url_rule(rule, endpoint, f, **options)
    ~~~~~~~~~~~~~~~~~^^^^^^^^^^^^^^^^^^^^^^^^^^^^^^
  File "/home/administrator/venv/lib/python3.14/site-packages/flask/scaffold.py", line 50, in wrapper_func
    return f(self, *args, **kwargs)
  File "/home/administrator/venv/lib/python3.14/site-packages/flask/app.py", line 1059, in add_url_rule
    raise AssertionError(
    ...<2 lines>...
    )
AssertionError: View function mapping is overwriting an existing endpoint function: api_dvr_probe


======================================================================
CRASH at 2026-09-30T07:13:46.332281
======================================================================
Traceback (most recent call last):
  File "/home/administrator/cctv/app.py", line 532, in <module>
    @app.route("/api/dvr/probe", methods=["POST"])
     ~~~~~~~~~^^^^^^^^^^^^^^^^^^^^^^^^^^^^^^^^^^^^
  File "/home/administrator/venv/lib/python3.14/site-packages/flask/scaffold.py", line 435, in decorator
    self.add_url_rule(rule, endpoint, f, **options)
    ~~~~~~~~~~~~~~~~~^^^^^^^^^^^^^^^^^^^^^^^^^^^^^^
  File "/home/administrator/venv/lib/python3.14/site-packages/flask/scaffold.py", line 50, in wrapper_func
    return f(self, *args, **kwargs)
  File "/home/administrator/venv/lib/python3.14/site-packages/flask/app.py", line 1059, in add_url_rule
    raise AssertionError(
    ...<2 lines>...
    )
AssertionError: View function mapping is overwriting an existing endpoint function: api_dvr_probe


======================================================================
CRASH at 2026-09-30T07:13:51.833342
======================================================================
Traceback (most recent call last):
  File "/home/administrator/cctv/app.py", line 532, in <module>
    @app.route("/api/dvr/probe", methods=["POST"])
     ~~~~~~~~~^^^^^^^^^^^^^^^^^^^^^^^^^^^^^^^^^^^^
  File "/home/administrator/venv/lib/python3.14/site-packages/flask/scaffold.py", line 435, in decorator
    self.add_url_rule(rule, endpoint, f, **options)
    ~~~~~~~~~~~~~~~~~^^^^^^^^^^^^^^^^^^^^^^^^^^^^^^
  File "/home/administrator/venv/lib/python3.14/site-packages/flask/scaffold.py", line 50, in wrapper_func
    return f(self, *args, **kwargs)
  File "/home/administrator/venv/lib/python3.14/site-packages/flask/app.py", line 1059, in add_url_rule
    raise AssertionError(
    ...<2 lines>...
    )
AssertionError: View function mapping is overwriting an existing endpoint function: api_dvr_probe


======================================================================
CRASH at 2026-09-30T07:13:57.333372
======================================================================
Traceback (most recent call last):
  File "/home/administrator/cctv/app.py", line 532, in <module>
    @app.route("/api/dvr/probe", methods=["POST"])
     ~~~~~~~~~^^^^^^^^^^^^^^^^^^^^^^^^^^^^^^^^^^^^
  File "/home/administrator/venv/lib/python3.14/site-packages/flask/scaffold.py", line 435, in decorator
    self.add_url_rule(rule, endpoint, f, **options)
    ~~~~~~~~~~~~~~~~~^^^^^^^^^^^^^^^^^^^^^^^^^^^^^^
  File "/home/administrator/venv/lib/python3.14/site-packages/flask/scaffold.py", line 50, in wrapper_func
    return f(self, *args, **kwargs)
  File "/home/administrator/venv/lib/python3.14/site-packages/flask/app.py", line 1059, in add_url_rule
    raise AssertionError(
    ...<2 lines>...
    )
AssertionError: View function mapping is overwriting an existing endpoint function: api_dvr_probe


======================================================================
CRASH at 2026-09-30T07:14:02.829768
======================================================================
Traceback (most recent call last):
  File "/home/administrator/cctv/app.py", line 532, in <module>
    @app.route("/api/dvr/probe", methods=["POST"])
     ~~~~~~~~~^^^^^^^^^^^^^^^^^^^^^^^^^^^^^^^^^^^^
  File "/home/administrator/venv/lib/python3.14/site-packages/flask/scaffold.py", line 435, in decorator
    self.add_url_rule(rule, endpoint, f, **options)
    ~~~~~~~~~~~~~~~~~^^^^^^^^^^^^^^^^^^^^^^^^^^^^^^
  File "/home/administrator/venv/lib/python3.14/site-packages/flask/scaffold.py", line 50, in wrapper_func
    return f(self, *args, **kwargs)
  File "/home/administrator/venv/lib/python3.14/site-packages/flask/app.py", line 1059, in add_url_rule
    raise AssertionError(
    ...<2 lines>...
    )
AssertionError: View function mapping is overwriting an existing endpoint function: api_dvr_probe


======================================================================
CRASH at 2026-09-30T07:14:08.333422
======================================================================
Traceback (most recent call last):
  File "/home/administrator/cctv/app.py", line 532, in <module>
    @app.route("/api/dvr/probe", methods=["POST"])
     ~~~~~~~~~^^^^^^^^^^^^^^^^^^^^^^^^^^^^^^^^^^^^
  File "/home/administrator/venv/lib/python3.14/site-packages/flask/scaffold.py", line 435, in decorator
    self.add_url_rule(rule, endpoint, f, **options)
    ~~~~~~~~~~~~~~~~~^^^^^^^^^^^^^^^^^^^^^^^^^^^^^^
  File "/home/administrator/venv/lib/python3.14/site-packages/flask/scaffold.py", line 50, in wrapper_func
    return f(self, *args, **kwargs)
  File "/home/administrator/venv/lib/python3.14/site-packages/flask/app.py", line 1059, in add_url_rule
    raise AssertionError(
    ...<2 lines>...
    )
AssertionError: View function mapping is overwriting an existing endpoint function: api_dvr_probe


======================================================================
CRASH at 2026-09-30T07:14:13.830009
======================================================================
Traceback (most recent call last):
  File "/home/administrator/cctv/app.py", line 532, in <module>
    @app.route("/api/dvr/probe", methods=["POST"])
     ~~~~~~~~~^^^^^^^^^^^^^^^^^^^^^^^^^^^^^^^^^^^^
  File "/home/administrator/venv/lib/python3.14/site-packages/flask/scaffold.py", line 435, in decorator
    self.add_url_rule(rule, endpoint, f, **options)
    ~~~~~~~~~~~~~~~~~^^^^^^^^^^^^^^^^^^^^^^^^^^^^^^
  File "/home/administrator/venv/lib/python3.14/site-packages/flask/scaffold.py", line 50, in wrapper_func
    return f(self, *args, **kwargs)
  File "/home/administrator/venv/lib/python3.14/site-packages/flask/app.py", line 1059, in add_url_rule
    raise AssertionError(
    ...<2 lines>...
    )
AssertionError: View function mapping is overwriting an existing endpoint function: api_dvr_probe


======================================================================
CRASH at 2026-09-30T07:14:19.329733
======================================================================
Traceback (most recent call last):
  File "/home/administrator/cctv/app.py", line 532, in <module>
    @app.route("/api/dvr/probe", methods=["POST"])
     ~~~~~~~~~^^^^^^^^^^^^^^^^^^^^^^^^^^^^^^^^^^^^
  File "/home/administrator/venv/lib/python3.14/site-packages/flask/scaffold.py", line 435, in decorator
    self.add_url_rule(rule, endpoint, f, **options)
    ~~~~~~~~~~~~~~~~~^^^^^^^^^^^^^^^^^^^^^^^^^^^^^^
  File "/home/administrator/venv/lib/python3.14/site-packages/flask/scaffold.py", line 50, in wrapper_func
    return f(self, *args, **kwargs)
  File "/home/administrator/venv/lib/python3.14/site-packages/flask/app.py", line 1059, in add_url_rule
    raise AssertionError(
    ...<2 lines>...
    )
AssertionError: View function mapping is overwriting an existing endpoint function: api_dvr_probe


======================================================================
CRASH at 2026-09-30T07:14:24.830776
======================================================================
Traceback (most recent call last):
  File "/home/administrator/cctv/app.py", line 532, in <module>
    @app.route("/api/dvr/probe", methods=["POST"])
     ~~~~~~~~~^^^^^^^^^^^^^^^^^^^^^^^^^^^^^^^^^^^^
  File "/home/administrator/venv/lib/python3.14/site-packages/flask/scaffold.py", line 435, in decorator
    self.add_url_rule(rule, endpoint, f, **options)
    ~~~~~~~~~~~~~~~~~^^^^^^^^^^^^^^^^^^^^^^^^^^^^^^
  File "/home/administrator/venv/lib/python3.14/site-packages/flask/scaffold.py", line 50, in wrapper_func
    return f(self, *args, **kwargs)
  File "/home/administrator/venv/lib/python3.14/site-packages/flask/app.py", line 1059, in add_url_rule
    raise AssertionError(
    ...<2 lines>...
    )
AssertionError: View function mapping is overwriting an existing endpoint function: api_dvr_probe


======================================================================
CRASH at 2026-09-30T07:14:30.332038
======================================================================
Traceback (most recent call last):
  File "/home/administrator/cctv/app.py", line 532, in <module>
    @app.route("/api/dvr/probe", methods=["POST"])
     ~~~~~~~~~^^^^^^^^^^^^^^^^^^^^^^^^^^^^^^^^^^^^
  File "/home/administrator/venv/lib/python3.14/site-packages/flask/scaffold.py", line 435, in decorator
    self.add_url_rule(rule, endpoint, f, **options)
    ~~~~~~~~~~~~~~~~~^^^^^^^^^^^^^^^^^^^^^^^^^^^^^^
  File "/home/administrator/venv/lib/python3.14/site-packages/flask/scaffold.py", line 50, in wrapper_func
    return f(self, *args, **kwargs)
  File "/home/administrator/venv/lib/python3.14/site-packages/flask/app.py", line 1059, in add_url_rule
    raise AssertionError(
    ...<2 lines>...
    )
AssertionError: View function mapping is overwriting an existing endpoint function: api_dvr_probe


======================================================================
CRASH at 2026-09-30T07:14:35.829871
======================================================================
Traceback (most recent call last):
  File "/home/administrator/cctv/app.py", line 532, in <module>
    @app.route("/api/dvr/probe", methods=["POST"])
     ~~~~~~~~~^^^^^^^^^^^^^^^^^^^^^^^^^^^^^^^^^^^^
  File "/home/administrator/venv/lib/python3.14/site-packages/flask/scaffold.py", line 435, in decorator
    self.add_url_rule(rule, endpoint, f, **options)
    ~~~~~~~~~~~~~~~~~^^^^^^^^^^^^^^^^^^^^^^^^^^^^^^
  File "/home/administrator/venv/lib/python3.14/site-packages/flask/scaffold.py", line 50, in wrapper_func
    return f(self, *args, **kwargs)
  File "/home/administrator/venv/lib/python3.14/site-packages/flask/app.py", line 1059, in add_url_rule
    raise AssertionError(
    ...<2 lines>...
    )
AssertionError: View function mapping is overwriting an existing endpoint function: api_dvr_probe


======================================================================
CRASH at 2026-09-30T07:14:41.327065
======================================================================
Traceback (most recent call last):
  File "/home/administrator/cctv/app.py", line 532, in <module>
    @app.route("/api/dvr/probe", methods=["POST"])
     ~~~~~~~~~^^^^^^^^^^^^^^^^^^^^^^^^^^^^^^^^^^^^
  File "/home/administrator/venv/lib/python3.14/site-packages/flask/scaffold.py", line 435, in decorator
    self.add_url_rule(rule, endpoint, f, **options)
    ~~~~~~~~~~~~~~~~~^^^^^^^^^^^^^^^^^^^^^^^^^^^^^^
  File "/home/administrator/venv/lib/python3.14/site-packages/flask/scaffold.py", line 50, in wrapper_func
    return f(self, *args, **kwargs)
  File "/home/administrator/venv/lib/python3.14/site-packages/flask/app.py", line 1059, in add_url_rule
    raise AssertionError(
    ...<2 lines>...
    )
AssertionError: View function mapping is overwriting an existing endpoint function: api_dvr_probe


======================================================================
CRASH at 2026-09-30T07:14:46.829108
======================================================================
Traceback (most recent call last):
  File "/home/administrator/cctv/app.py", line 532, in <module>
    @app.route("/api/dvr/probe", methods=["POST"])
     ~~~~~~~~~^^^^^^^^^^^^^^^^^^^^^^^^^^^^^^^^^^^^
  File "/home/administrator/venv/lib/python3.14/site-packages/flask/scaffold.py", line 435, in decorator
    self.add_url_rule(rule, endpoint, f, **options)
    ~~~~~~~~~~~~~~~~~^^^^^^^^^^^^^^^^^^^^^^^^^^^^^^
  File "/home/administrator/venv/lib/python3.14/site-packages/flask/scaffold.py", line 50, in wrapper_func
    return f(self, *args, **kwargs)
  File "/home/administrator/venv/lib/python3.14/site-packages/flask/app.py", line 1059, in add_url_rule
    raise AssertionError(
    ...<2 lines>...
    )
AssertionError: View function mapping is overwriting an existing endpoint function: api_dvr_probe


======================================================================
CRASH at 2026-09-30T07:14:52.329003
======================================================================
Traceback (most recent call last):
  File "/home/administrator/cctv/app.py", line 532, in <module>
    @app.route("/api/dvr/probe", methods=["POST"])
     ~~~~~~~~~^^^^^^^^^^^^^^^^^^^^^^^^^^^^^^^^^^^^
  File "/home/administrator/venv/lib/python3.14/site-packages/flask/scaffold.py", line 435, in decorator
    self.add_url_rule(rule, endpoint, f, **options)
    ~~~~~~~~~~~~~~~~~^^^^^^^^^^^^^^^^^^^^^^^^^^^^^^
  File "/home/administrator/venv/lib/python3.14/site-packages/flask/scaffold.py", line 50, in wrapper_func
    return f(self, *args, **kwargs)
  File "/home/administrator/venv/lib/python3.14/site-packages/flask/app.py", line 1059, in add_url_rule
    raise AssertionError(
    ...<2 lines>...
    )
AssertionError: View function mapping is overwriting an existing endpoint function: api_dvr_probe


======================================================================
CRASH at 2026-09-30T07:14:57.827993
======================================================================
Traceback (most recent call last):
  File "/home/administrator/cctv/app.py", line 532, in <module>
    @app.route("/api/dvr/probe", methods=["POST"])
     ~~~~~~~~~^^^^^^^^^^^^^^^^^^^^^^^^^^^^^^^^^^^^
  File "/home/administrator/venv/lib/python3.14/site-packages/flask/scaffold.py", line 435, in decorator
    self.add_url_rule(rule, endpoint, f, **options)
    ~~~~~~~~~~~~~~~~~^^^^^^^^^^^^^^^^^^^^^^^^^^^^^^
  File "/home/administrator/venv/lib/python3.14/site-packages/flask/scaffold.py", line 50, in wrapper_func
    return f(self, *args, **kwargs)
  File "/home/administrator/venv/lib/python3.14/site-packages/flask/app.py", line 1059, in add_url_rule
    raise AssertionError(
    ...<2 lines>...
    )
AssertionError: View function mapping is overwriting an existing endpoint function: api_dvr_probe


======================================================================
CRASH at 2026-09-30T07:15:03.328641
======================================================================
Traceback (most recent call last):
  File "/home/administrator/cctv/app.py", line 532, in <module>
    @app.route("/api/dvr/probe", methods=["POST"])
     ~~~~~~~~~^^^^^^^^^^^^^^^^^^^^^^^^^^^^^^^^^^^^
  File "/home/administrator/venv/lib/python3.14/site-packages/flask/scaffold.py", line 435, in decorator
    self.add_url_rule(rule, endpoint, f, **options)
    ~~~~~~~~~~~~~~~~~^^^^^^^^^^^^^^^^^^^^^^^^^^^^^^
  File "/home/administrator/venv/lib/python3.14/site-packages/flask/scaffold.py", line 50, in wrapper_func
    return f(self, *args, **kwargs)
  File "/home/administrator/venv/lib/python3.14/site-packages/flask/app.py", line 1059, in add_url_rule
    raise AssertionError(
    ...<2 lines>...
    )
AssertionError: View function mapping is overwriting an existing endpoint function: api_dvr_probe


======================================================================
CRASH at 2026-09-30T07:15:08.827963
======================================================================
Traceback (most recent call last):
  File "/home/administrator/cctv/app.py", line 532, in <module>
    @app.route("/api/dvr/probe", methods=["POST"])
     ~~~~~~~~~^^^^^^^^^^^^^^^^^^^^^^^^^^^^^^^^^^^^
  File "/home/administrator/venv/lib/python3.14/site-packages/flask/scaffold.py", line 435, in decorator
    self.add_url_rule(rule, endpoint, f, **options)
    ~~~~~~~~~~~~~~~~~^^^^^^^^^^^^^^^^^^^^^^^^^^^^^^
  File "/home/administrator/venv/lib/python3.14/site-packages/flask/scaffold.py", line 50, in wrapper_func
    return f(self, *args, **kwargs)
  File "/home/administrator/venv/lib/python3.14/site-packages/flask/app.py", line 1059, in add_url_rule
    raise AssertionError(
    ...<2 lines>...
    )
AssertionError: View function mapping is overwriting an existing endpoint function: api_dvr_probe


======================================================================
CRASH at 2026-09-30T07:15:14.326361
======================================================================
Traceback (most recent call last):
  File "/home/administrator/cctv/app.py", line 532, in <module>
    @app.route("/api/dvr/probe", methods=["POST"])
     ~~~~~~~~~^^^^^^^^^^^^^^^^^^^^^^^^^^^^^^^^^^^^
  File "/home/administrator/venv/lib/python3.14/site-packages/flask/scaffold.py", line 435, in decorator
    self.add_url_rule(rule, endpoint, f, **options)
    ~~~~~~~~~~~~~~~~~^^^^^^^^^^^^^^^^^^^^^^^^^^^^^^
  File "/home/administrator/venv/lib/python3.14/site-packages/flask/scaffold.py", line 50, in wrapper_func
    return f(self, *args, **kwargs)
  File "/home/administrator/venv/lib/python3.14/site-packages/flask/app.py", line 1059, in add_url_rule
    raise AssertionError(
    ...<2 lines>...
    )
AssertionError: View function mapping is overwriting an existing endpoint function: api_dvr_probe


======================================================================
CRASH at 2026-09-30T07:15:19.829479
======================================================================
Traceback (most recent call last):
  File "/home/administrator/cctv/app.py", line 532, in <module>
    @app.route("/api/dvr/probe", methods=["POST"])
     ~~~~~~~~~^^^^^^^^^^^^^^^^^^^^^^^^^^^^^^^^^^^^
  File "/home/administrator/venv/lib/python3.14/site-packages/flask/scaffold.py", line 435, in decorator
    self.add_url_rule(rule, endpoint, f, **options)
    ~~~~~~~~~~~~~~~~~^^^^^^^^^^^^^^^^^^^^^^^^^^^^^^
  File "/home/administrator/venv/lib/python3.14/site-packages/flask/scaffold.py", line 50, in wrapper_func
    return f(self, *args, **kwargs)
  File "/home/administrator/venv/lib/python3.14/site-packages/flask/app.py", line 1059, in add_url_rule
    raise AssertionError(
    ...<2 lines>...
    )
AssertionError: View function mapping is overwriting an existing endpoint function: api_dvr_probe


======================================================================
CRASH at 2026-09-30T07:15:25.331372
======================================================================
Traceback (most recent call last):
  File "/home/administrator/cctv/app.py", line 532, in <module>
    @app.route("/api/dvr/probe", methods=["POST"])
     ~~~~~~~~~^^^^^^^^^^^^^^^^^^^^^^^^^^^^^^^^^^^^
  File "/home/administrator/venv/lib/python3.14/site-packages/flask/scaffold.py", line 435, in decorator
    self.add_url_rule(rule, endpoint, f, **options)
    ~~~~~~~~~~~~~~~~~^^^^^^^^^^^^^^^^^^^^^^^^^^^^^^
  File "/home/administrator/venv/lib/python3.14/site-packages/flask/scaffold.py", line 50, in wrapper_func
    return f(self, *args, **kwargs)
  File "/home/administrator/venv/lib/python3.14/site-packages/flask/app.py", line 1059, in add_url_rule
    raise AssertionError(
    ...<2 lines>...
    )
AssertionError: View function mapping is overwriting an existing endpoint function: api_dvr_probe


======================================================================
CRASH at 2026-09-30T07:15:30.831715
======================================================================
Traceback (most recent call last):
  File "/home/administrator/cctv/app.py", line 532, in <module>
    @app.route("/api/dvr/probe", methods=["POST"])
     ~~~~~~~~~^^^^^^^^^^^^^^^^^^^^^^^^^^^^^^^^^^^^
  File "/home/administrator/venv/lib/python3.14/site-packages/flask/scaffold.py", line 435, in decorator
    self.add_url_rule(rule, endpoint, f, **options)
    ~~~~~~~~~~~~~~~~~^^^^^^^^^^^^^^^^^^^^^^^^^^^^^^
  File "/home/administrator/venv/lib/python3.14/site-packages/flask/scaffold.py", line 50, in wrapper_func
    return f(self, *args, **kwargs)
  File "/home/administrator/venv/lib/python3.14/site-packages/flask/app.py", line 1059, in add_url_rule
    raise AssertionError(
    ...<2 lines>...
    )
AssertionError: View function mapping is overwriting an existing endpoint function: api_dvr_probe


======================================================================
CRASH at 2026-09-30T07:15:36.330766
======================================================================
Traceback (most recent call last):
  File "/home/administrator/cctv/app.py", line 532, in <module>
    @app.route("/api/dvr/probe", methods=["POST"])
     ~~~~~~~~~^^^^^^^^^^^^^^^^^^^^^^^^^^^^^^^^^^^^
  File "/home/administrator/venv/lib/python3.14/site-packages/flask/scaffold.py", line 435, in decorator
    self.add_url_rule(rule, endpoint, f, **options)
    ~~~~~~~~~~~~~~~~~^^^^^^^^^^^^^^^^^^^^^^^^^^^^^^
  File "/home/administrator/venv/lib/python3.14/site-packages/flask/scaffold.py", line 50, in wrapper_func
    return f(self, *args, **kwargs)
  File "/home/administrator/venv/lib/python3.14/site-packages/flask/app.py", line 1059, in add_url_rule
    raise AssertionError(
    ...<2 lines>...
    )
AssertionError: View function mapping is overwriting an existing endpoint function: api_dvr_probe


======================================================================
CRASH at 2026-09-30T07:15:41.827580
======================================================================
Traceback (most recent call last):
  File "/home/administrator/cctv/app.py", line 532, in <module>
    @app.route("/api/dvr/probe", methods=["POST"])
     ~~~~~~~~~^^^^^^^^^^^^^^^^^^^^^^^^^^^^^^^^^^^^
  File "/home/administrator/venv/lib/python3.14/site-packages/flask/scaffold.py", line 435, in decorator
    self.add_url_rule(rule, endpoint, f, **options)
    ~~~~~~~~~~~~~~~~~^^^^^^^^^^^^^^^^^^^^^^^^^^^^^^
  File "/home/administrator/venv/lib/python3.14/site-packages/flask/scaffold.py", line 50, in wrapper_func
    return f(self, *args, **kwargs)
  File "/home/administrator/venv/lib/python3.14/site-packages/flask/app.py", line 1059, in add_url_rule
    raise AssertionError(
    ...<2 lines>...
    )
AssertionError: View function mapping is overwriting an existing endpoint function: api_dvr_probe


======================================================================
CRASH at 2026-09-30T07:15:47.326540
======================================================================
Traceback (most recent call last):
  File "/home/administrator/cctv/app.py", line 532, in <module>
    @app.route("/api/dvr/probe", methods=["POST"])
     ~~~~~~~~~^^^^^^^^^^^^^^^^^^^^^^^^^^^^^^^^^^^^
  File "/home/administrator/venv/lib/python3.14/site-packages/flask/scaffold.py", line 435, in decorator
    self.add_url_rule(rule, endpoint, f, **options)
    ~~~~~~~~~~~~~~~~~^^^^^^^^^^^^^^^^^^^^^^^^^^^^^^
  File "/home/administrator/venv/lib/python3.14/site-packages/flask/scaffold.py", line 50, in wrapper_func
    return f(self, *args, **kwargs)
  File "/home/administrator/venv/lib/python3.14/site-packages/flask/app.py", line 1059, in add_url_rule
    raise AssertionError(
    ...<2 lines>...
    )
AssertionError: View function mapping is overwriting an existing endpoint function: api_dvr_probe


======================================================================
CRASH at 2026-09-30T07:15:52.828489
======================================================================
Traceback (most recent call last):
  File "/home/administrator/cctv/app.py", line 532, in <module>
    @app.route("/api/dvr/probe", methods=["POST"])
     ~~~~~~~~~^^^^^^^^^^^^^^^^^^^^^^^^^^^^^^^^^^^^
  File "/home/administrator/venv/lib/python3.14/site-packages/flask/scaffold.py", line 435, in decorator
    self.add_url_rule(rule, endpoint, f, **options)
    ~~~~~~~~~~~~~~~~~^^^^^^^^^^^^^^^^^^^^^^^^^^^^^^
  File "/home/administrator/venv/lib/python3.14/site-packages/flask/scaffold.py", line 50, in wrapper_func
    return f(self, *args, **kwargs)
  File "/home/administrator/venv/lib/python3.14/site-packages/flask/app.py", line 1059, in add_url_rule
    raise AssertionError(
    ...<2 lines>...
    )
AssertionError: View function mapping is overwriting an existing endpoint function: api_dvr_probe


======================================================================
CRASH at 2026-09-30T07:15:58.334047
======================================================================
Traceback (most recent call last):
  File "/home/administrator/cctv/app.py", line 532, in <module>
    @app.route("/api/dvr/probe", methods=["POST"])
     ~~~~~~~~~^^^^^^^^^^^^^^^^^^^^^^^^^^^^^^^^^^^^
  File "/home/administrator/venv/lib/python3.14/site-packages/flask/scaffold.py", line 435, in decorator
    self.add_url_rule(rule, endpoint, f, **options)
    ~~~~~~~~~~~~~~~~~^^^^^^^^^^^^^^^^^^^^^^^^^^^^^^
  File "/home/administrator/venv/lib/python3.14/site-packages/flask/scaffold.py", line 50, in wrapper_func
    return f(self, *args, **kwargs)
  File "/home/administrator/venv/lib/python3.14/site-packages/flask/app.py", line 1059, in add_url_rule
    raise AssertionError(
    ...<2 lines>...
    )
AssertionError: View function mapping is overwriting an existing endpoint function: api_dvr_probe


======================================================================
CRASH at 2026-09-30T07:16:03.828969
======================================================================
Traceback (most recent call last):
  File "/home/administrator/cctv/app.py", line 532, in <module>
    @app.route("/api/dvr/probe", methods=["POST"])
     ~~~~~~~~~^^^^^^^^^^^^^^^^^^^^^^^^^^^^^^^^^^^^
  File "/home/administrator/venv/lib/python3.14/site-packages/flask/scaffold.py", line 435, in decorator
    self.add_url_rule(rule, endpoint, f, **options)
    ~~~~~~~~~~~~~~~~~^^^^^^^^^^^^^^^^^^^^^^^^^^^^^^
  File "/home/administrator/venv/lib/python3.14/site-packages/flask/scaffold.py", line 50, in wrapper_func
    return f(self, *args, **kwargs)
  File "/home/administrator/venv/lib/python3.14/site-packages/flask/app.py", line 1059, in add_url_rule
    raise AssertionError(
    ...<2 lines>...
    )
AssertionError: View function mapping is overwriting an existing endpoint function: api_dvr_probe


======================================================================
CRASH at 2026-09-30T07:16:09.333860
======================================================================
Traceback (most recent call last):
  File "/home/administrator/cctv/app.py", line 532, in <module>
    @app.route("/api/dvr/probe", methods=["POST"])
     ~~~~~~~~~^^^^^^^^^^^^^^^^^^^^^^^^^^^^^^^^^^^^
  File "/home/administrator/venv/lib/python3.14/site-packages/flask/scaffold.py", line 435, in decorator
    self.add_url_rule(rule, endpoint, f, **options)
    ~~~~~~~~~~~~~~~~~^^^^^^^^^^^^^^^^^^^^^^^^^^^^^^
  File "/home/administrator/venv/lib/python3.14/site-packages/flask/scaffold.py", line 50, in wrapper_func
    return f(self, *args, **kwargs)
  File "/home/administrator/venv/lib/python3.14/site-packages/flask/app.py", line 1059, in add_url_rule
    raise AssertionError(
    ...<2 lines>...
    )
AssertionError: View function mapping is overwriting an existing endpoint function: api_dvr_probe


======================================================================
CRASH at 2026-09-30T07:16:14.828886
======================================================================
Traceback (most recent call last):
  File "/home/administrator/cctv/app.py", line 532, in <module>
    @app.route("/api/dvr/probe", methods=["POST"])
     ~~~~~~~~~^^^^^^^^^^^^^^^^^^^^^^^^^^^^^^^^^^^^
  File "/home/administrator/venv/lib/python3.14/site-packages/flask/scaffold.py", line 435, in decorator
    self.add_url_rule(rule, endpoint, f, **options)
    ~~~~~~~~~~~~~~~~~^^^^^^^^^^^^^^^^^^^^^^^^^^^^^^
  File "/home/administrator/venv/lib/python3.14/site-packages/flask/scaffold.py", line 50, in wrapper_func
    return f(self, *args, **kwargs)
  File "/home/administrator/venv/lib/python3.14/site-packages/flask/app.py", line 1059, in add_url_rule
    raise AssertionError(
    ...<2 lines>...
    )
AssertionError: View function mapping is overwriting an existing endpoint function: api_dvr_probe


======================================================================
CRASH at 2026-09-30T07:16:20.334877
======================================================================
Traceback (most recent call last):
  File "/home/administrator/cctv/app.py", line 532, in <module>
    @app.route("/api/dvr/probe", methods=["POST"])
     ~~~~~~~~~^^^^^^^^^^^^^^^^^^^^^^^^^^^^^^^^^^^^
  File "/home/administrator/venv/lib/python3.14/site-packages/flask/scaffold.py", line 435, in decorator
    self.add_url_rule(rule, endpoint, f, **options)
    ~~~~~~~~~~~~~~~~~^^^^^^^^^^^^^^^^^^^^^^^^^^^^^^
  File "/home/administrator/venv/lib/python3.14/site-packages/flask/scaffold.py", line 50, in wrapper_func
    return f(self, *args, **kwargs)
  File "/home/administrator/venv/lib/python3.14/site-packages/flask/app.py", line 1059, in add_url_rule
    raise AssertionError(
    ...<2 lines>...
    )
AssertionError: View function mapping is overwriting an existing endpoint function: api_dvr_probe


======================================================================
CRASH at 2026-09-30T07:16:25.824732
======================================================================
Traceback (most recent call last):
  File "/home/administrator/cctv/app.py", line 532, in <module>
    @app.route("/api/dvr/probe", methods=["POST"])
     ~~~~~~~~~^^^^^^^^^^^^^^^^^^^^^^^^^^^^^^^^^^^^
  File "/home/administrator/venv/lib/python3.14/site-packages/flask/scaffold.py", line 435, in decorator
    self.add_url_rule(rule, endpoint, f, **options)
    ~~~~~~~~~~~~~~~~~^^^^^^^^^^^^^^^^^^^^^^^^^^^^^^
  File "/home/administrator/venv/lib/python3.14/site-packages/flask/scaffold.py", line 50, in wrapper_func
    return f(self, *args, **kwargs)
  File "/home/administrator/venv/lib/python3.14/site-packages/flask/app.py", line 1059, in add_url_rule
    raise AssertionError(
    ...<2 lines>...
    )
AssertionError: View function mapping is overwriting an existing endpoint function: api_dvr_probe


======================================================================
CRASH at 2026-09-30T07:16:31.328520
======================================================================
Traceback (most recent call last):
  File "/home/administrator/cctv/app.py", line 532, in <module>
    @app.route("/api/dvr/probe", methods=["POST"])
     ~~~~~~~~~^^^^^^^^^^^^^^^^^^^^^^^^^^^^^^^^^^^^
  File "/home/administrator/venv/lib/python3.14/site-packages/flask/scaffold.py", line 435, in decorator
    self.add_url_rule(rule, endpoint, f, **options)
    ~~~~~~~~~~~~~~~~~^^^^^^^^^^^^^^^^^^^^^^^^^^^^^^
  File "/home/administrator/venv/lib/python3.14/site-packages/flask/scaffold.py", line 50, in wrapper_func
    return f(self, *args, **kwargs)
  File "/home/administrator/venv/lib/python3.14/site-packages/flask/app.py", line 1059, in add_url_rule
    raise AssertionError(
    ...<2 lines>...
    )
AssertionError: View function mapping is overwriting an existing endpoint function: api_dvr_probe


======================================================================
CRASH at 2026-09-30T07:16:36.831010
======================================================================
Traceback (most recent call last):
  File "/home/administrator/cctv/app.py", line 532, in <module>
    @app.route("/api/dvr/probe", methods=["POST"])
     ~~~~~~~~~^^^^^^^^^^^^^^^^^^^^^^^^^^^^^^^^^^^^
  File "/home/administrator/venv/lib/python3.14/site-packages/flask/scaffold.py", line 435, in decorator
    self.add_url_rule(rule, endpoint, f, **options)
    ~~~~~~~~~~~~~~~~~^^^^^^^^^^^^^^^^^^^^^^^^^^^^^^
  File "/home/administrator/venv/lib/python3.14/site-packages/flask/scaffold.py", line 50, in wrapper_func
    return f(self, *args, **kwargs)
  File "/home/administrator/venv/lib/python3.14/site-packages/flask/app.py", line 1059, in add_url_rule
    raise AssertionError(
    ...<2 lines>...
    )
AssertionError: View function mapping is overwriting an existing endpoint function: api_dvr_probe


======================================================================
CRASH at 2026-09-30T07:16:42.330018
======================================================================
Traceback (most recent call last):
  File "/home/administrator/cctv/app.py", line 532, in <module>
    @app.route("/api/dvr/probe", methods=["POST"])
     ~~~~~~~~~^^^^^^^^^^^^^^^^^^^^^^^^^^^^^^^^^^^^
  File "/home/administrator/venv/lib/python3.14/site-packages/flask/scaffold.py", line 435, in decorator
    self.add_url_rule(rule, endpoint, f, **options)
    ~~~~~~~~~~~~~~~~~^^^^^^^^^^^^^^^^^^^^^^^^^^^^^^
  File "/home/administrator/venv/lib/python3.14/site-packages/flask/scaffold.py", line 50, in wrapper_func
    return f(self, *args, **kwargs)
  File "/home/administrator/venv/lib/python3.14/site-packages/flask/app.py", line 1059, in add_url_rule
    raise AssertionError(
    ...<2 lines>...
    )
AssertionError: View function mapping is overwriting an existing endpoint function: api_dvr_probe


======================================================================
CRASH at 2026-09-30T07:16:47.830090
======================================================================
Traceback (most recent call last):
  File "/home/administrator/cctv/app.py", line 532, in <module>
    @app.route("/api/dvr/probe", methods=["POST"])
     ~~~~~~~~~^^^^^^^^^^^^^^^^^^^^^^^^^^^^^^^^^^^^
  File "/home/administrator/venv/lib/python3.14/site-packages/flask/scaffold.py", line 435, in decorator
    self.add_url_rule(rule, endpoint, f, **options)
    ~~~~~~~~~~~~~~~~~^^^^^^^^^^^^^^^^^^^^^^^^^^^^^^
  File "/home/administrator/venv/lib/python3.14/site-packages/flask/scaffold.py", line 50, in wrapper_func
    return f(self, *args, **kwargs)
  File "/home/administrator/venv/lib/python3.14/site-packages/flask/app.py", line 1059, in add_url_rule
    raise AssertionError(
    ...<2 lines>...
    )
AssertionError: View function mapping is overwriting an existing endpoint function: api_dvr_probe


======================================================================
CRASH at 2026-09-30T07:16:53.332825
======================================================================
Traceback (most recent call last):
  File "/home/administrator/cctv/app.py", line 532, in <module>
    @app.route("/api/dvr/probe", methods=["POST"])
     ~~~~~~~~~^^^^^^^^^^^^^^^^^^^^^^^^^^^^^^^^^^^^
  File "/home/administrator/venv/lib/python3.14/site-packages/flask/scaffold.py", line 435, in decorator
    self.add_url_rule(rule, endpoint, f, **options)
    ~~~~~~~~~~~~~~~~~^^^^^^^^^^^^^^^^^^^^^^^^^^^^^^
  File "/home/administrator/venv/lib/python3.14/site-packages/flask/scaffold.py", line 50, in wrapper_func
    return f(self, *args, **kwargs)
  File "/home/administrator/venv/lib/python3.14/site-packages/flask/app.py", line 1059, in add_url_rule
    raise AssertionError(
    ...<2 lines>...
    )
AssertionError: View function mapping is overwriting an existing endpoint function: api_dvr_probe


======================================================================
CRASH at 2026-09-30T07:16:58.827611
======================================================================
Traceback (most recent call last):
  File "/home/administrator/cctv/app.py", line 532, in <module>
    @app.route("/api/dvr/probe", methods=["POST"])
     ~~~~~~~~~^^^^^^^^^^^^^^^^^^^^^^^^^^^^^^^^^^^^
  File "/home/administrator/venv/lib/python3.14/site-packages/flask/scaffold.py", line 435, in decorator
    self.add_url_rule(rule, endpoint, f, **options)
    ~~~~~~~~~~~~~~~~~^^^^^^^^^^^^^^^^^^^^^^^^^^^^^^
  File "/home/administrator/venv/lib/python3.14/site-packages/flask/scaffold.py", line 50, in wrapper_func
    return f(self, *args, **kwargs)
  File "/home/administrator/venv/lib/python3.14/site-packages/flask/app.py", line 1059, in add_url_rule
    raise AssertionError(
    ...<2 lines>...
    )
AssertionError: View function mapping is overwriting an existing endpoint function: api_dvr_probe


======================================================================
CRASH at 2026-09-30T07:17:04.330604
======================================================================
Traceback (most recent call last):
  File "/home/administrator/cctv/app.py", line 532, in <module>
    @app.route("/api/dvr/probe", methods=["POST"])
     ~~~~~~~~~^^^^^^^^^^^^^^^^^^^^^^^^^^^^^^^^^^^^
  File "/home/administrator/venv/lib/python3.14/site-packages/flask/scaffold.py", line 435, in decorator
    self.add_url_rule(rule, endpoint, f, **options)
    ~~~~~~~~~~~~~~~~~^^^^^^^^^^^^^^^^^^^^^^^^^^^^^^
  File "/home/administrator/venv/lib/python3.14/site-packages/flask/scaffold.py", line 50, in wrapper_func
    return f(self, *args, **kwargs)
  File "/home/administrator/venv/lib/python3.14/site-packages/flask/app.py", line 1059, in add_url_rule
    raise AssertionError(
    ...<2 lines>...
    )
AssertionError: View function mapping is overwriting an existing endpoint function: api_dvr_probe


======================================================================
CRASH at 2026-09-30T07:17:09.825586
======================================================================
Traceback (most recent call last):
  File "/home/administrator/cctv/app.py", line 532, in <module>
    @app.route("/api/dvr/probe", methods=["POST"])
     ~~~~~~~~~^^^^^^^^^^^^^^^^^^^^^^^^^^^^^^^^^^^^
  File "/home/administrator/venv/lib/python3.14/site-packages/flask/scaffold.py", line 435, in decorator
    self.add_url_rule(rule, endpoint, f, **options)
    ~~~~~~~~~~~~~~~~~^^^^^^^^^^^^^^^^^^^^^^^^^^^^^^
  File "/home/administrator/venv/lib/python3.14/site-packages/flask/scaffold.py", line 50, in wrapper_func
    return f(self, *args, **kwargs)
  File "/home/administrator/venv/lib/python3.14/site-packages/flask/app.py", line 1059, in add_url_rule
    raise AssertionError(
    ...<2 lines>...
    )
AssertionError: View function mapping is overwriting an existing endpoint function: api_dvr_probe


======================================================================
CRASH at 2026-09-30T07:17:15.331709
======================================================================
Traceback (most recent call last):
  File "/home/administrator/cctv/app.py", line 532, in <module>
    @app.route("/api/dvr/probe", methods=["POST"])
     ~~~~~~~~~^^^^^^^^^^^^^^^^^^^^^^^^^^^^^^^^^^^^
  File "/home/administrator/venv/lib/python3.14/site-packages/flask/scaffold.py", line 435, in decorator
    self.add_url_rule(rule, endpoint, f, **options)
    ~~~~~~~~~~~~~~~~~^^^^^^^^^^^^^^^^^^^^^^^^^^^^^^
  File "/home/administrator/venv/lib/python3.14/site-packages/flask/scaffold.py", line 50, in wrapper_func
    return f(self, *args, **kwargs)
  File "/home/administrator/venv/lib/python3.14/site-packages/flask/app.py", line 1059, in add_url_rule
    raise AssertionError(
    ...<2 lines>...
    )
AssertionError: View function mapping is overwriting an existing endpoint function: api_dvr_probe


======================================================================
CRASH at 2026-09-30T07:17:20.839883
======================================================================
Traceback (most recent call last):
  File "/home/administrator/cctv/app.py", line 532, in <module>
    @app.route("/api/dvr/probe", methods=["POST"])
     ~~~~~~~~~^^^^^^^^^^^^^^^^^^^^^^^^^^^^^^^^^^^^
  File "/home/administrator/venv/lib/python3.14/site-packages/flask/scaffold.py", line 435, in decorator
    self.add_url_rule(rule, endpoint, f, **options)
    ~~~~~~~~~~~~~~~~~^^^^^^^^^^^^^^^^^^^^^^^^^^^^^^
  File "/home/administrator/venv/lib/python3.14/site-packages/flask/scaffold.py", line 50, in wrapper_func
    return f(self, *args, **kwargs)
  File "/home/administrator/venv/lib/python3.14/site-packages/flask/app.py", line 1059, in add_url_rule
    raise AssertionError(
    ...<2 lines>...
    )
AssertionError: View function mapping is overwriting an existing endpoint function: api_dvr_probe


======================================================================
CRASH at 2026-09-30T07:17:26.329317
======================================================================
Traceback (most recent call last):
  File "/home/administrator/cctv/app.py", line 532, in <module>
    @app.route("/api/dvr/probe", methods=["POST"])
     ~~~~~~~~~^^^^^^^^^^^^^^^^^^^^^^^^^^^^^^^^^^^^
  File "/home/administrator/venv/lib/python3.14/site-packages/flask/scaffold.py", line 435, in decorator
    self.add_url_rule(rule, endpoint, f, **options)
    ~~~~~~~~~~~~~~~~~^^^^^^^^^^^^^^^^^^^^^^^^^^^^^^
  File "/home/administrator/venv/lib/python3.14/site-packages/flask/scaffold.py", line 50, in wrapper_func
    return f(self, *args, **kwargs)
  File "/home/administrator/venv/lib/python3.14/site-packages/flask/app.py", line 1059, in add_url_rule
    raise AssertionError(
    ...<2 lines>...
    )
AssertionError: View function mapping is overwriting an existing endpoint function: api_dvr_probe


======================================================================
CRASH at 2026-09-30T07:17:31.826769
======================================================================
Traceback (most recent call last):
  File "/home/administrator/cctv/app.py", line 532, in <module>
    @app.route("/api/dvr/probe", methods=["POST"])
     ~~~~~~~~~^^^^^^^^^^^^^^^^^^^^^^^^^^^^^^^^^^^^
  File "/home/administrator/venv/lib/python3.14/site-packages/flask/scaffold.py", line 435, in decorator
    self.add_url_rule(rule, endpoint, f, **options)
    ~~~~~~~~~~~~~~~~~^^^^^^^^^^^^^^^^^^^^^^^^^^^^^^
  File "/home/administrator/venv/lib/python3.14/site-packages/flask/scaffold.py", line 50, in wrapper_func
    return f(self, *args, **kwargs)
  File "/home/administrator/venv/lib/python3.14/site-packages/flask/app.py", line 1059, in add_url_rule
    raise AssertionError(
    ...<2 lines>...
    )
AssertionError: View function mapping is overwriting an existing endpoint function: api_dvr_probe


======================================================================
CRASH at 2026-09-30T07:17:37.326390
======================================================================
Traceback (most recent call last):
  File "/home/administrator/cctv/app.py", line 532, in <module>
    @app.route("/api/dvr/probe", methods=["POST"])
     ~~~~~~~~~^^^^^^^^^^^^^^^^^^^^^^^^^^^^^^^^^^^^
  File "/home/administrator/venv/lib/python3.14/site-packages/flask/scaffold.py", line 435, in decorator
    self.add_url_rule(rule, endpoint, f, **options)
    ~~~~~~~~~~~~~~~~~^^^^^^^^^^^^^^^^^^^^^^^^^^^^^^
  File "/home/administrator/venv/lib/python3.14/site-packages/flask/scaffold.py", line 50, in wrapper_func
    return f(self, *args, **kwargs)
  File "/home/administrator/venv/lib/python3.14/site-packages/flask/app.py", line 1059, in add_url_rule
    raise AssertionError(
    ...<2 lines>...
    )
AssertionError: View function mapping is overwriting an existing endpoint function: api_dvr_probe


======================================================================
CRASH at 2026-09-30T07:17:42.829628
======================================================================
Traceback (most recent call last):
  File "/home/administrator/cctv/app.py", line 532, in <module>
    @app.route("/api/dvr/probe", methods=["POST"])
     ~~~~~~~~~^^^^^^^^^^^^^^^^^^^^^^^^^^^^^^^^^^^^
  File "/home/administrator/venv/lib/python3.14/site-packages/flask/scaffold.py", line 435, in decorator
    self.add_url_rule(rule, endpoint, f, **options)
    ~~~~~~~~~~~~~~~~~^^^^^^^^^^^^^^^^^^^^^^^^^^^^^^
  File "/home/administrator/venv/lib/python3.14/site-packages/flask/scaffold.py", line 50, in wrapper_func
    return f(self, *args, **kwargs)
  File "/home/administrator/venv/lib/python3.14/site-packages/flask/app.py", line 1059, in add_url_rule
    raise AssertionError(
    ...<2 lines>...
    )
AssertionError: View function mapping is overwriting an existing endpoint function: api_dvr_probe


======================================================================
CRASH at 2026-09-30T07:17:48.339411
======================================================================
Traceback (most recent call last):
  File "/home/administrator/cctv/app.py", line 532, in <module>
    @app.route("/api/dvr/probe", methods=["POST"])
     ~~~~~~~~~^^^^^^^^^^^^^^^^^^^^^^^^^^^^^^^^^^^^
  File "/home/administrator/venv/lib/python3.14/site-packages/flask/scaffold.py", line 435, in decorator
    self.add_url_rule(rule, endpoint, f, **options)
    ~~~~~~~~~~~~~~~~~^^^^^^^^^^^^^^^^^^^^^^^^^^^^^^
  File "/home/administrator/venv/lib/python3.14/site-packages/flask/scaffold.py", line 50, in wrapper_func
    return f(self, *args, **kwargs)
  File "/home/administrator/venv/lib/python3.14/site-packages/flask/app.py", line 1059, in add_url_rule
    raise AssertionError(
    ...<2 lines>...
    )
AssertionError: View function mapping is overwriting an existing endpoint function: api_dvr_probe


======================================================================
CRASH at 2026-09-30T07:17:53.830150
======================================================================
Traceback (most recent call last):
  File "/home/administrator/cctv/app.py", line 532, in <module>
    @app.route("/api/dvr/probe", methods=["POST"])
     ~~~~~~~~~^^^^^^^^^^^^^^^^^^^^^^^^^^^^^^^^^^^^
  File "/home/administrator/venv/lib/python3.14/site-packages/flask/scaffold.py", line 435, in decorator
    self.add_url_rule(rule, endpoint, f, **options)
    ~~~~~~~~~~~~~~~~~^^^^^^^^^^^^^^^^^^^^^^^^^^^^^^
  File "/home/administrator/venv/lib/python3.14/site-packages/flask/scaffold.py", line 50, in wrapper_func
    return f(self, *args, **kwargs)
  File "/home/administrator/venv/lib/python3.14/site-packages/flask/app.py", line 1059, in add_url_rule
    raise AssertionError(
    ...<2 lines>...
    )
AssertionError: View function mapping is overwriting an existing endpoint function: api_dvr_probe


======================================================================
CRASH at 2026-09-30T07:17:59.332554
======================================================================
Traceback (most recent call last):
  File "/home/administrator/cctv/app.py", line 532, in <module>
    @app.route("/api/dvr/probe", methods=["POST"])
     ~~~~~~~~~^^^^^^^^^^^^^^^^^^^^^^^^^^^^^^^^^^^^
  File "/home/administrator/venv/lib/python3.14/site-packages/flask/scaffold.py", line 435, in decorator
    self.add_url_rule(rule, endpoint, f, **options)
    ~~~~~~~~~~~~~~~~~^^^^^^^^^^^^^^^^^^^^^^^^^^^^^^
  File "/home/administrator/venv/lib/python3.14/site-packages/flask/scaffold.py", line 50, in wrapper_func
    return f(self, *args, **kwargs)
  File "/home/administrator/venv/lib/python3.14/site-packages/flask/app.py", line 1059, in add_url_rule
    raise AssertionError(
    ...<2 lines>...
    )
AssertionError: View function mapping is overwriting an existing endpoint function: api_dvr_probe


======================================================================
CRASH at 2026-09-30T07:18:04.829400
======================================================================
Traceback (most recent call last):
  File "/home/administrator/cctv/app.py", line 532, in <module>
    @app.route("/api/dvr/probe", methods=["POST"])
     ~~~~~~~~~^^^^^^^^^^^^^^^^^^^^^^^^^^^^^^^^^^^^
  File "/home/administrator/venv/lib/python3.14/site-packages/flask/scaffold.py", line 435, in decorator
    self.add_url_rule(rule, endpoint, f, **options)
    ~~~~~~~~~~~~~~~~~^^^^^^^^^^^^^^^^^^^^^^^^^^^^^^
  File "/home/administrator/venv/lib/python3.14/site-packages/flask/scaffold.py", line 50, in wrapper_func
    return f(self, *args, **kwargs)
  File "/home/administrator/venv/lib/python3.14/site-packages/flask/app.py", line 1059, in add_url_rule
    raise AssertionError(
    ...<2 lines>...
    )
AssertionError: View function mapping is overwriting an existing endpoint function: api_dvr_probe


======================================================================
CRASH at 2026-09-30T07:18:10.330450
======================================================================
Traceback (most recent call last):
  File "/home/administrator/cctv/app.py", line 532, in <module>
    @app.route("/api/dvr/probe", methods=["POST"])
     ~~~~~~~~~^^^^^^^^^^^^^^^^^^^^^^^^^^^^^^^^^^^^
  File "/home/administrator/venv/lib/python3.14/site-packages/flask/scaffold.py", line 435, in decorator
    self.add_url_rule(rule, endpoint, f, **options)
    ~~~~~~~~~~~~~~~~~^^^^^^^^^^^^^^^^^^^^^^^^^^^^^^
  File "/home/administrator/venv/lib/python3.14/site-packages/flask/scaffold.py", line 50, in wrapper_func
    return f(self, *args, **kwargs)
  File "/home/administrator/venv/lib/python3.14/site-packages/flask/app.py", line 1059, in add_url_rule
    raise AssertionError(
    ...<2 lines>...
    )
AssertionError: View function mapping is overwriting an existing endpoint function: api_dvr_probe


======================================================================
CRASH at 2026-09-30T07:18:15.828619
======================================================================
Traceback (most recent call last):
  File "/home/administrator/cctv/app.py", line 532, in <module>
    @app.route("/api/dvr/probe", methods=["POST"])
     ~~~~~~~~~^^^^^^^^^^^^^^^^^^^^^^^^^^^^^^^^^^^^
  File "/home/administrator/venv/lib/python3.14/site-packages/flask/scaffold.py", line 435, in decorator
    self.add_url_rule(rule, endpoint, f, **options)
    ~~~~~~~~~~~~~~~~~^^^^^^^^^^^^^^^^^^^^^^^^^^^^^^
  File "/home/administrator/venv/lib/python3.14/site-packages/flask/scaffold.py", line 50, in wrapper_func
    return f(self, *args, **kwargs)
  File "/home/administrator/venv/lib/python3.14/site-packages/flask/app.py", line 1059, in add_url_rule
    raise AssertionError(
    ...<2 lines>...
    )
AssertionError: View function mapping is overwriting an existing endpoint function: api_dvr_probe


======================================================================
CRASH at 2026-09-30T07:18:21.331664
======================================================================
Traceback (most recent call last):
  File "/home/administrator/cctv/app.py", line 532, in <module>
    @app.route("/api/dvr/probe", methods=["POST"])
     ~~~~~~~~~^^^^^^^^^^^^^^^^^^^^^^^^^^^^^^^^^^^^
  File "/home/administrator/venv/lib/python3.14/site-packages/flask/scaffold.py", line 435, in decorator
    self.add_url_rule(rule, endpoint, f, **options)
    ~~~~~~~~~~~~~~~~~^^^^^^^^^^^^^^^^^^^^^^^^^^^^^^
  File "/home/administrator/venv/lib/python3.14/site-packages/flask/scaffold.py", line 50, in wrapper_func
    return f(self, *args, **kwargs)
  File "/home/administrator/venv/lib/python3.14/site-packages/flask/app.py", line 1059, in add_url_rule
    raise AssertionError(
    ...<2 lines>...
    )
AssertionError: View function mapping is overwriting an existing endpoint function: api_dvr_probe


======================================================================
CRASH at 2026-09-30T07:18:26.826140
======================================================================
Traceback (most recent call last):
  File "/home/administrator/cctv/app.py", line 532, in <module>
    @app.route("/api/dvr/probe", methods=["POST"])
     ~~~~~~~~~^^^^^^^^^^^^^^^^^^^^^^^^^^^^^^^^^^^^
  File "/home/administrator/venv/lib/python3.14/site-packages/flask/scaffold.py", line 435, in decorator
    self.add_url_rule(rule, endpoint, f, **options)
    ~~~~~~~~~~~~~~~~~^^^^^^^^^^^^^^^^^^^^^^^^^^^^^^
  File "/home/administrator/venv/lib/python3.14/site-packages/flask/scaffold.py", line 50, in wrapper_func
    return f(self, *args, **kwargs)
  File "/home/administrator/venv/lib/python3.14/site-packages/flask/app.py", line 1059, in add_url_rule
    raise AssertionError(
    ...<2 lines>...
    )
AssertionError: View function mapping is overwriting an existing endpoint function: api_dvr_probe


======================================================================
CRASH at 2026-09-30T07:18:32.333064
======================================================================
Traceback (most recent call last):
  File "/home/administrator/cctv/app.py", line 532, in <module>
    @app.route("/api/dvr/probe", methods=["POST"])
     ~~~~~~~~~^^^^^^^^^^^^^^^^^^^^^^^^^^^^^^^^^^^^
  File "/home/administrator/venv/lib/python3.14/site-packages/flask/scaffold.py", line 435, in decorator
    self.add_url_rule(rule, endpoint, f, **options)
    ~~~~~~~~~~~~~~~~~^^^^^^^^^^^^^^^^^^^^^^^^^^^^^^
  File "/home/administrator/venv/lib/python3.14/site-packages/flask/scaffold.py", line 50, in wrapper_func
    return f(self, *args, **kwargs)
  File "/home/administrator/venv/lib/python3.14/site-packages/flask/app.py", line 1059, in add_url_rule
    raise AssertionError(
    ...<2 lines>...
    )
AssertionError: View function mapping is overwriting an existing endpoint function: api_dvr_probe


======================================================================
CRASH at 2026-09-30T07:18:37.828945
======================================================================
Traceback (most recent call last):
  File "/home/administrator/cctv/app.py", line 532, in <module>
    @app.route("/api/dvr/probe", methods=["POST"])
     ~~~~~~~~~^^^^^^^^^^^^^^^^^^^^^^^^^^^^^^^^^^^^
  File "/home/administrator/venv/lib/python3.14/site-packages/flask/scaffold.py", line 435, in decorator
    self.add_url_rule(rule, endpoint, f, **options)
    ~~~~~~~~~~~~~~~~~^^^^^^^^^^^^^^^^^^^^^^^^^^^^^^
  File "/home/administrator/venv/lib/python3.14/site-packages/flask/scaffold.py", line 50, in wrapper_func
    return f(self, *args, **kwargs)
  File "/home/administrator/venv/lib/python3.14/site-packages/flask/app.py", line 1059, in add_url_rule
    raise AssertionError(
    ...<2 lines>...
    )
AssertionError: View function mapping is overwriting an existing endpoint function: api_dvr_probe


======================================================================
CRASH at 2026-09-30T07:18:43.326758
======================================================================
Traceback (most recent call last):
  File "/home/administrator/cctv/app.py", line 532, in <module>
    @app.route("/api/dvr/probe", methods=["POST"])
     ~~~~~~~~~^^^^^^^^^^^^^^^^^^^^^^^^^^^^^^^^^^^^
  File "/home/administrator/venv/lib/python3.14/site-packages/flask/scaffold.py", line 435, in decorator
    self.add_url_rule(rule, endpoint, f, **options)
    ~~~~~~~~~~~~~~~~~^^^^^^^^^^^^^^^^^^^^^^^^^^^^^^
  File "/home/administrator/venv/lib/python3.14/site-packages/flask/scaffold.py", line 50, in wrapper_func
    return f(self, *args, **kwargs)
  File "/home/administrator/venv/lib/python3.14/site-packages/flask/app.py", line 1059, in add_url_rule
    raise AssertionError(
    ...<2 lines>...
    )
AssertionError: View function mapping is overwriting an existing endpoint function: api_dvr_probe


======================================================================
CRASH at 2026-09-30T07:18:48.830371
======================================================================
Traceback (most recent call last):
  File "/home/administrator/cctv/app.py", line 532, in <module>
    @app.route("/api/dvr/probe", methods=["POST"])
     ~~~~~~~~~^^^^^^^^^^^^^^^^^^^^^^^^^^^^^^^^^^^^
  File "/home/administrator/venv/lib/python3.14/site-packages/flask/scaffold.py", line 435, in decorator
    self.add_url_rule(rule, endpoint, f, **options)
    ~~~~~~~~~~~~~~~~~^^^^^^^^^^^^^^^^^^^^^^^^^^^^^^
  File "/home/administrator/venv/lib/python3.14/site-packages/flask/scaffold.py", line 50, in wrapper_func
    return f(self, *args, **kwargs)
  File "/home/administrator/venv/lib/python3.14/site-packages/flask/app.py", line 1059, in add_url_rule
    raise AssertionError(
    ...<2 lines>...
    )
AssertionError: View function mapping is overwriting an existing endpoint function: api_dvr_probe


======================================================================
CRASH at 2026-09-30T07:18:54.329029
======================================================================
Traceback (most recent call last):
  File "/home/administrator/cctv/app.py", line 532, in <module>
    @app.route("/api/dvr/probe", methods=["POST"])
     ~~~~~~~~~^^^^^^^^^^^^^^^^^^^^^^^^^^^^^^^^^^^^
  File "/home/administrator/venv/lib/python3.14/site-packages/flask/scaffold.py", line 435, in decorator
    self.add_url_rule(rule, endpoint, f, **options)
    ~~~~~~~~~~~~~~~~~^^^^^^^^^^^^^^^^^^^^^^^^^^^^^^
  File "/home/administrator/venv/lib/python3.14/site-packages/flask/scaffold.py", line 50, in wrapper_func
    return f(self, *args, **kwargs)
  File "/home/administrator/venv/lib/python3.14/site-packages/flask/app.py", line 1059, in add_url_rule
    raise AssertionError(
    ...<2 lines>...
    )
AssertionError: View function mapping is overwriting an existing endpoint function: api_dvr_probe


======================================================================
CRASH at 2026-09-30T07:18:59.829762
======================================================================
Traceback (most recent call last):
  File "/home/administrator/cctv/app.py", line 532, in <module>
    @app.route("/api/dvr/probe", methods=["POST"])
     ~~~~~~~~~^^^^^^^^^^^^^^^^^^^^^^^^^^^^^^^^^^^^
  File "/home/administrator/venv/lib/python3.14/site-packages/flask/scaffold.py", line 435, in decorator
    self.add_url_rule(rule, endpoint, f, **options)
    ~~~~~~~~~~~~~~~~~^^^^^^^^^^^^^^^^^^^^^^^^^^^^^^
  File "/home/administrator/venv/lib/python3.14/site-packages/flask/scaffold.py", line 50, in wrapper_func
    return f(self, *args, **kwargs)
  File "/home/administrator/venv/lib/python3.14/site-packages/flask/app.py", line 1059, in add_url_rule
    raise AssertionError(
    ...<2 lines>...
    )
AssertionError: View function mapping is overwriting an existing endpoint function: api_dvr_probe


======================================================================
CRASH at 2026-09-30T07:19:05.330861
======================================================================
Traceback (most recent call last):
  File "/home/administrator/cctv/app.py", line 532, in <module>
    @app.route("/api/dvr/probe", methods=["POST"])
     ~~~~~~~~~^^^^^^^^^^^^^^^^^^^^^^^^^^^^^^^^^^^^
  File "/home/administrator/venv/lib/python3.14/site-packages/flask/scaffold.py", line 435, in decorator
    self.add_url_rule(rule, endpoint, f, **options)
    ~~~~~~~~~~~~~~~~~^^^^^^^^^^^^^^^^^^^^^^^^^^^^^^
  File "/home/administrator/venv/lib/python3.14/site-packages/flask/scaffold.py", line 50, in wrapper_func
    return f(self, *args, **kwargs)
  File "/home/administrator/venv/lib/python3.14/site-packages/flask/app.py", line 1059, in add_url_rule
    raise AssertionError(
    ...<2 lines>...
    )
AssertionError: View function mapping is overwriting an existing endpoint function: api_dvr_probe


======================================================================
CRASH at 2026-09-30T07:19:10.831382
======================================================================
Traceback (most recent call last):
  File "/home/administrator/cctv/app.py", line 532, in <module>
    @app.route("/api/dvr/probe", methods=["POST"])
     ~~~~~~~~~^^^^^^^^^^^^^^^^^^^^^^^^^^^^^^^^^^^^
  File "/home/administrator/venv/lib/python3.14/site-packages/flask/scaffold.py", line 435, in decorator
    self.add_url_rule(rule, endpoint, f, **options)
    ~~~~~~~~~~~~~~~~~^^^^^^^^^^^^^^^^^^^^^^^^^^^^^^
  File "/home/administrator/venv/lib/python3.14/site-packages/flask/scaffold.py", line 50, in wrapper_func
    return f(self, *args, **kwargs)
  File "/home/administrator/venv/lib/python3.14/site-packages/flask/app.py", line 1059, in add_url_rule
    raise AssertionError(
    ...<2 lines>...
    )
AssertionError: View function mapping is overwriting an existing endpoint function: api_dvr_probe


======================================================================
CRASH at 2026-09-30T07:19:16.327254
======================================================================
Traceback (most recent call last):
  File "/home/administrator/cctv/app.py", line 532, in <module>
    @app.route("/api/dvr/probe", methods=["POST"])
     ~~~~~~~~~^^^^^^^^^^^^^^^^^^^^^^^^^^^^^^^^^^^^
  File "/home/administrator/venv/lib/python3.14/site-packages/flask/scaffold.py", line 435, in decorator
    self.add_url_rule(rule, endpoint, f, **options)
    ~~~~~~~~~~~~~~~~~^^^^^^^^^^^^^^^^^^^^^^^^^^^^^^
  File "/home/administrator/venv/lib/python3.14/site-packages/flask/scaffold.py", line 50, in wrapper_func
    return f(self, *args, **kwargs)
  File "/home/administrator/venv/lib/python3.14/site-packages/flask/app.py", line 1059, in add_url_rule
    raise AssertionError(
    ...<2 lines>...
    )
AssertionError: View function mapping is overwriting an existing endpoint function: api_dvr_probe


======================================================================
CRASH at 2026-09-30T07:19:21.830278
======================================================================
Traceback (most recent call last):
  File "/home/administrator/cctv/app.py", line 532, in <module>
    @app.route("/api/dvr/probe", methods=["POST"])
     ~~~~~~~~~^^^^^^^^^^^^^^^^^^^^^^^^^^^^^^^^^^^^
  File "/home/administrator/venv/lib/python3.14/site-packages/flask/scaffold.py", line 435, in decorator
    self.add_url_rule(rule, endpoint, f, **options)
    ~~~~~~~~~~~~~~~~~^^^^^^^^^^^^^^^^^^^^^^^^^^^^^^
  File "/home/administrator/venv/lib/python3.14/site-packages/flask/scaffold.py", line 50, in wrapper_func
    return f(self, *args, **kwargs)
  File "/home/administrator/venv/lib/python3.14/site-packages/flask/app.py", line 1059, in add_url_rule
    raise AssertionError(
    ...<2 lines>...
    )
AssertionError: View function mapping is overwriting an existing endpoint function: api_dvr_probe


======================================================================
CRASH at 2026-09-30T07:19:27.330725
======================================================================
Traceback (most recent call last):
  File "/home/administrator/cctv/app.py", line 532, in <module>
    @app.route("/api/dvr/probe", methods=["POST"])
     ~~~~~~~~~^^^^^^^^^^^^^^^^^^^^^^^^^^^^^^^^^^^^
  File "/home/administrator/venv/lib/python3.14/site-packages/flask/scaffold.py", line 435, in decorator
    self.add_url_rule(rule, endpoint, f, **options)
    ~~~~~~~~~~~~~~~~~^^^^^^^^^^^^^^^^^^^^^^^^^^^^^^
  File "/home/administrator/venv/lib/python3.14/site-packages/flask/scaffold.py", line 50, in wrapper_func
    return f(self, *args, **kwargs)
  File "/home/administrator/venv/lib/python3.14/site-packages/flask/app.py", line 1059, in add_url_rule
    raise AssertionError(
    ...<2 lines>...
    )
AssertionError: View function mapping is overwriting an existing endpoint function: api_dvr_probe


======================================================================
CRASH at 2026-09-30T07:19:32.827937
======================================================================
Traceback (most recent call last):
  File "/home/administrator/cctv/app.py", line 532, in <module>
    @app.route("/api/dvr/probe", methods=["POST"])
     ~~~~~~~~~^^^^^^^^^^^^^^^^^^^^^^^^^^^^^^^^^^^^
  File "/home/administrator/venv/lib/python3.14/site-packages/flask/scaffold.py", line 435, in decorator
    self.add_url_rule(rule, endpoint, f, **options)
    ~~~~~~~~~~~~~~~~~^^^^^^^^^^^^^^^^^^^^^^^^^^^^^^
  File "/home/administrator/venv/lib/python3.14/site-packages/flask/scaffold.py", line 50, in wrapper_func
    return f(self, *args, **kwargs)
  File "/home/administrator/venv/lib/python3.14/site-packages/flask/app.py", line 1059, in add_url_rule
    raise AssertionError(
    ...<2 lines>...
    )
AssertionError: View function mapping is overwriting an existing endpoint function: api_dvr_probe


======================================================================
CRASH at 2026-09-30T07:19:38.330851
======================================================================
Traceback (most recent call last):
  File "/home/administrator/cctv/app.py", line 532, in <module>
    @app.route("/api/dvr/probe", methods=["POST"])
     ~~~~~~~~~^^^^^^^^^^^^^^^^^^^^^^^^^^^^^^^^^^^^
  File "/home/administrator/venv/lib/python3.14/site-packages/flask/scaffold.py", line 435, in decorator
    self.add_url_rule(rule, endpoint, f, **options)
    ~~~~~~~~~~~~~~~~~^^^^^^^^^^^^^^^^^^^^^^^^^^^^^^
  File "/home/administrator/venv/lib/python3.14/site-packages/flask/scaffold.py", line 50, in wrapper_func
    return f(self, *args, **kwargs)
  File "/home/administrator/venv/lib/python3.14/site-packages/flask/app.py", line 1059, in add_url_rule
    raise AssertionError(
    ...<2 lines>...
    )
AssertionError: View function mapping is overwriting an existing endpoint function: api_dvr_probe


======================================================================
CRASH at 2026-09-30T07:19:43.828091
======================================================================
Traceback (most recent call last):
  File "/home/administrator/cctv/app.py", line 532, in <module>
    @app.route("/api/dvr/probe", methods=["POST"])
     ~~~~~~~~~^^^^^^^^^^^^^^^^^^^^^^^^^^^^^^^^^^^^
  File "/home/administrator/venv/lib/python3.14/site-packages/flask/scaffold.py", line 435, in decorator
    self.add_url_rule(rule, endpoint, f, **options)
    ~~~~~~~~~~~~~~~~~^^^^^^^^^^^^^^^^^^^^^^^^^^^^^^
  File "/home/administrator/venv/lib/python3.14/site-packages/flask/scaffold.py", line 50, in wrapper_func
    return f(self, *args, **kwargs)
  File "/home/administrator/venv/lib/python3.14/site-packages/flask/app.py", line 1059, in add_url_rule
    raise AssertionError(
    ...<2 lines>...
    )
AssertionError: View function mapping is overwriting an existing endpoint function: api_dvr_probe


======================================================================
CRASH at 2026-09-30T07:19:49.331004
======================================================================
Traceback (most recent call last):
  File "/home/administrator/cctv/app.py", line 532, in <module>
    @app.route("/api/dvr/probe", methods=["POST"])
     ~~~~~~~~~^^^^^^^^^^^^^^^^^^^^^^^^^^^^^^^^^^^^
  File "/home/administrator/venv/lib/python3.14/site-packages/flask/scaffold.py", line 435, in decorator
    self.add_url_rule(rule, endpoint, f, **options)
    ~~~~~~~~~~~~~~~~~^^^^^^^^^^^^^^^^^^^^^^^^^^^^^^
  File "/home/administrator/venv/lib/python3.14/site-packages/flask/scaffold.py", line 50, in wrapper_func
    return f(self, *args, **kwargs)
  File "/home/administrator/venv/lib/python3.14/site-packages/flask/app.py", line 1059, in add_url_rule
    raise AssertionError(
    ...<2 lines>...
    )
AssertionError: View function mapping is overwriting an existing endpoint function: api_dvr_probe


======================================================================
CRASH at 2026-09-30T07:19:54.832043
======================================================================
Traceback (most recent call last):
  File "/home/administrator/cctv/app.py", line 532, in <module>
    @app.route("/api/dvr/probe", methods=["POST"])
     ~~~~~~~~~^^^^^^^^^^^^^^^^^^^^^^^^^^^^^^^^^^^^
  File "/home/administrator/venv/lib/python3.14/site-packages/flask/scaffold.py", line 435, in decorator
    self.add_url_rule(rule, endpoint, f, **options)
    ~~~~~~~~~~~~~~~~~^^^^^^^^^^^^^^^^^^^^^^^^^^^^^^
  File "/home/administrator/venv/lib/python3.14/site-packages/flask/scaffold.py", line 50, in wrapper_func
    return f(self, *args, **kwargs)
  File "/home/administrator/venv/lib/python3.14/site-packages/flask/app.py", line 1059, in add_url_rule
    raise AssertionError(
    ...<2 lines>...
    )
AssertionError: View function mapping is overwriting an existing endpoint function: api_dvr_probe


======================================================================
CRASH at 2026-09-30T07:20:00.321209
======================================================================
Traceback (most recent call last):
  File "/home/administrator/cctv/app.py", line 532, in <module>
    @app.route("/api/dvr/probe", methods=["POST"])
     ~~~~~~~~~^^^^^^^^^^^^^^^^^^^^^^^^^^^^^^^^^^^^
  File "/home/administrator/venv/lib/python3.14/site-packages/flask/scaffold.py", line 435, in decorator
    self.add_url_rule(rule, endpoint, f, **options)
    ~~~~~~~~~~~~~~~~~^^^^^^^^^^^^^^^^^^^^^^^^^^^^^^
  File "/home/administrator/venv/lib/python3.14/site-packages/flask/scaffold.py", line 50, in wrapper_func
    return f(self, *args, **kwargs)
  File "/home/administrator/venv/lib/python3.14/site-packages/flask/app.py", line 1059, in add_url_rule
    raise AssertionError(
    ...<2 lines>...
    )
AssertionError: View function mapping is overwriting an existing endpoint function: api_dvr_probe


======================================================================
CRASH at 2026-09-30T07:20:05.827421
======================================================================
Traceback (most recent call last):
  File "/home/administrator/cctv/app.py", line 532, in <module>
    @app.route("/api/dvr/probe", methods=["POST"])
     ~~~~~~~~~^^^^^^^^^^^^^^^^^^^^^^^^^^^^^^^^^^^^
  File "/home/administrator/venv/lib/python3.14/site-packages/flask/scaffold.py", line 435, in decorator
    self.add_url_rule(rule, endpoint, f, **options)
    ~~~~~~~~~~~~~~~~~^^^^^^^^^^^^^^^^^^^^^^^^^^^^^^
  File "/home/administrator/venv/lib/python3.14/site-packages/flask/scaffold.py", line 50, in wrapper_func
    return f(self, *args, **kwargs)
  File "/home/administrator/venv/lib/python3.14/site-packages/flask/app.py", line 1059, in add_url_rule
    raise AssertionError(
    ...<2 lines>...
    )
AssertionError: View function mapping is overwriting an existing endpoint function: api_dvr_probe


======================================================================
CRASH at 2026-09-30T07:20:11.333821
======================================================================
Traceback (most recent call last):
  File "/home/administrator/cctv/app.py", line 532, in <module>
    @app.route("/api/dvr/probe", methods=["POST"])
     ~~~~~~~~~^^^^^^^^^^^^^^^^^^^^^^^^^^^^^^^^^^^^
  File "/home/administrator/venv/lib/python3.14/site-packages/flask/scaffold.py", line 435, in decorator
    self.add_url_rule(rule, endpoint, f, **options)
    ~~~~~~~~~~~~~~~~~^^^^^^^^^^^^^^^^^^^^^^^^^^^^^^
  File "/home/administrator/venv/lib/python3.14/site-packages/flask/scaffold.py", line 50, in wrapper_func
    return f(self, *args, **kwargs)
  File "/home/administrator/venv/lib/python3.14/site-packages/flask/app.py", line 1059, in add_url_rule
    raise AssertionError(
    ...<2 lines>...
    )
AssertionError: View function mapping is overwriting an existing endpoint function: api_dvr_probe


======================================================================
CRASH at 2026-09-30T07:20:16.831762
======================================================================
Traceback (most recent call last):
  File "/home/administrator/cctv/app.py", line 532, in <module>
    @app.route("/api/dvr/probe", methods=["POST"])
     ~~~~~~~~~^^^^^^^^^^^^^^^^^^^^^^^^^^^^^^^^^^^^
  File "/home/administrator/venv/lib/python3.14/site-packages/flask/scaffold.py", line 435, in decorator
    self.add_url_rule(rule, endpoint, f, **options)
    ~~~~~~~~~~~~~~~~~^^^^^^^^^^^^^^^^^^^^^^^^^^^^^^
  File "/home/administrator/venv/lib/python3.14/site-packages/flask/scaffold.py", line 50, in wrapper_func
    return f(self, *args, **kwargs)
  File "/home/administrator/venv/lib/python3.14/site-packages/flask/app.py", line 1059, in add_url_rule
    raise AssertionError(
    ...<2 lines>...
    )
AssertionError: View function mapping is overwriting an existing endpoint function: api_dvr_probe


======================================================================
CRASH at 2026-09-30T07:20:22.328745
======================================================================
Traceback (most recent call last):
  File "/home/administrator/cctv/app.py", line 532, in <module>
    @app.route("/api/dvr/probe", methods=["POST"])
     ~~~~~~~~~^^^^^^^^^^^^^^^^^^^^^^^^^^^^^^^^^^^^
  File "/home/administrator/venv/lib/python3.14/site-packages/flask/scaffold.py", line 435, in decorator
    self.add_url_rule(rule, endpoint, f, **options)
    ~~~~~~~~~~~~~~~~~^^^^^^^^^^^^^^^^^^^^^^^^^^^^^^
  File "/home/administrator/venv/lib/python3.14/site-packages/flask/scaffold.py", line 50, in wrapper_func
    return f(self, *args, **kwargs)
  File "/home/administrator/venv/lib/python3.14/site-packages/flask/app.py", line 1059, in add_url_rule
    raise AssertionError(
    ...<2 lines>...
    )
AssertionError: View function mapping is overwriting an existing endpoint function: api_dvr_probe


======================================================================
CRASH at 2026-09-30T07:20:27.829763
======================================================================
Traceback (most recent call last):
  File "/home/administrator/cctv/app.py", line 532, in <module>
    @app.route("/api/dvr/probe", methods=["POST"])
     ~~~~~~~~~^^^^^^^^^^^^^^^^^^^^^^^^^^^^^^^^^^^^
  File "/home/administrator/venv/lib/python3.14/site-packages/flask/scaffold.py", line 435, in decorator
    self.add_url_rule(rule, endpoint, f, **options)
    ~~~~~~~~~~~~~~~~~^^^^^^^^^^^^^^^^^^^^^^^^^^^^^^
  File "/home/administrator/venv/lib/python3.14/site-packages/flask/scaffold.py", line 50, in wrapper_func
    return f(self, *args, **kwargs)
  File "/home/administrator/venv/lib/python3.14/site-packages/flask/app.py", line 1059, in add_url_rule
    raise AssertionError(
    ...<2 lines>...
    )
AssertionError: View function mapping is overwriting an existing endpoint function: api_dvr_probe


======================================================================
CRASH at 2026-09-30T07:20:33.327392
======================================================================
Traceback (most recent call last):
  File "/home/administrator/cctv/app.py", line 532, in <module>
    @app.route("/api/dvr/probe", methods=["POST"])
     ~~~~~~~~~^^^^^^^^^^^^^^^^^^^^^^^^^^^^^^^^^^^^
  File "/home/administrator/venv/lib/python3.14/site-packages/flask/scaffold.py", line 435, in decorator
    self.add_url_rule(rule, endpoint, f, **options)
    ~~~~~~~~~~~~~~~~~^^^^^^^^^^^^^^^^^^^^^^^^^^^^^^
  File "/home/administrator/venv/lib/python3.14/site-packages/flask/scaffold.py", line 50, in wrapper_func
    return f(self, *args, **kwargs)
  File "/home/administrator/venv/lib/python3.14/site-packages/flask/app.py", line 1059, in add_url_rule
    raise AssertionError(
    ...<2 lines>...
    )
AssertionError: View function mapping is overwriting an existing endpoint function: api_dvr_probe


======================================================================
CRASH at 2026-09-30T07:20:38.836393
======================================================================
Traceback (most recent call last):
  File "/home/administrator/cctv/app.py", line 532, in <module>
    @app.route("/api/dvr/probe", methods=["POST"])
     ~~~~~~~~~^^^^^^^^^^^^^^^^^^^^^^^^^^^^^^^^^^^^
  File "/home/administrator/venv/lib/python3.14/site-packages/flask/scaffold.py", line 435, in decorator
    self.add_url_rule(rule, endpoint, f, **options)
    ~~~~~~~~~~~~~~~~~^^^^^^^^^^^^^^^^^^^^^^^^^^^^^^
  File "/home/administrator/venv/lib/python3.14/site-packages/flask/scaffold.py", line 50, in wrapper_func
    return f(self, *args, **kwargs)
  File "/home/administrator/venv/lib/python3.14/site-packages/flask/app.py", line 1059, in add_url_rule
    raise AssertionError(
    ...<2 lines>...
    )
AssertionError: View function mapping is overwriting an existing endpoint function: api_dvr_probe


======================================================================
CRASH at 2026-09-30T07:20:44.327582
======================================================================
Traceback (most recent call last):
  File "/home/administrator/cctv/app.py", line 532, in <module>
    @app.route("/api/dvr/probe", methods=["POST"])
     ~~~~~~~~~^^^^^^^^^^^^^^^^^^^^^^^^^^^^^^^^^^^^
  File "/home/administrator/venv/lib/python3.14/site-packages/flask/scaffold.py", line 435, in decorator
    self.add_url_rule(rule, endpoint, f, **options)
    ~~~~~~~~~~~~~~~~~^^^^^^^^^^^^^^^^^^^^^^^^^^^^^^
  File "/home/administrator/venv/lib/python3.14/site-packages/flask/scaffold.py", line 50, in wrapper_func
    return f(self, *args, **kwargs)
  File "/home/administrator/venv/lib/python3.14/site-packages/flask/app.py", line 1059, in add_url_rule
    raise AssertionError(
    ...<2 lines>...
    )
AssertionError: View function mapping is overwriting an existing endpoint function: api_dvr_probe


======================================================================
CRASH at 2026-09-30T07:20:49.829041
======================================================================
Traceback (most recent call last):
  File "/home/administrator/cctv/app.py", line 532, in <module>
    @app.route("/api/dvr/probe", methods=["POST"])
     ~~~~~~~~~^^^^^^^^^^^^^^^^^^^^^^^^^^^^^^^^^^^^
  File "/home/administrator/venv/lib/python3.14/site-packages/flask/scaffold.py", line 435, in decorator
    self.add_url_rule(rule, endpoint, f, **options)
    ~~~~~~~~~~~~~~~~~^^^^^^^^^^^^^^^^^^^^^^^^^^^^^^
  File "/home/administrator/venv/lib/python3.14/site-packages/flask/scaffold.py", line 50, in wrapper_func
    return f(self, *args, **kwargs)
  File "/home/administrator/venv/lib/python3.14/site-packages/flask/app.py", line 1059, in add_url_rule
    raise AssertionError(
    ...<2 lines>...
    )
AssertionError: View function mapping is overwriting an existing endpoint function: api_dvr_probe


======================================================================
CRASH at 2026-09-30T07:20:55.327424
======================================================================
Traceback (most recent call last):
  File "/home/administrator/cctv/app.py", line 532, in <module>
    @app.route("/api/dvr/probe", methods=["POST"])
     ~~~~~~~~~^^^^^^^^^^^^^^^^^^^^^^^^^^^^^^^^^^^^
  File "/home/administrator/venv/lib/python3.14/site-packages/flask/scaffold.py", line 435, in decorator
    self.add_url_rule(rule, endpoint, f, **options)
    ~~~~~~~~~~~~~~~~~^^^^^^^^^^^^^^^^^^^^^^^^^^^^^^
  File "/home/administrator/venv/lib/python3.14/site-packages/flask/scaffold.py", line 50, in wrapper_func
    return f(self, *args, **kwargs)
  File "/home/administrator/venv/lib/python3.14/site-packages/flask/app.py", line 1059, in add_url_rule
    raise AssertionError(
    ...<2 lines>...
    )
AssertionError: View function mapping is overwriting an existing endpoint function: api_dvr_probe


======================================================================
CRASH at 2026-09-30T07:21:00.830755
======================================================================
Traceback (most recent call last):
  File "/home/administrator/cctv/app.py", line 532, in <module>
    @app.route("/api/dvr/probe", methods=["POST"])
     ~~~~~~~~~^^^^^^^^^^^^^^^^^^^^^^^^^^^^^^^^^^^^
  File "/home/administrator/venv/lib/python3.14/site-packages/flask/scaffold.py", line 435, in decorator
    self.add_url_rule(rule, endpoint, f, **options)
    ~~~~~~~~~~~~~~~~~^^^^^^^^^^^^^^^^^^^^^^^^^^^^^^
  File "/home/administrator/venv/lib/python3.14/site-packages/flask/scaffold.py", line 50, in wrapper_func
    return f(self, *args, **kwargs)
  File "/home/administrator/venv/lib/python3.14/site-packages/flask/app.py", line 1059, in add_url_rule
    raise AssertionError(
    ...<2 lines>...
    )
AssertionError: View function mapping is overwriting an existing endpoint function: api_dvr_probe


======================================================================
CRASH at 2026-09-30T07:21:06.334390
======================================================================
Traceback (most recent call last):
  File "/home/administrator/cctv/app.py", line 532, in <module>
    @app.route("/api/dvr/probe", methods=["POST"])
     ~~~~~~~~~^^^^^^^^^^^^^^^^^^^^^^^^^^^^^^^^^^^^
  File "/home/administrator/venv/lib/python3.14/site-packages/flask/scaffold.py", line 435, in decorator
    self.add_url_rule(rule, endpoint, f, **options)
    ~~~~~~~~~~~~~~~~~^^^^^^^^^^^^^^^^^^^^^^^^^^^^^^
  File "/home/administrator/venv/lib/python3.14/site-packages/flask/scaffold.py", line 50, in wrapper_func
    return f(self, *args, **kwargs)
  File "/home/administrator/venv/lib/python3.14/site-packages/flask/app.py", line 1059, in add_url_rule
    raise AssertionError(
    ...<2 lines>...
    )
AssertionError: View function mapping is overwriting an existing endpoint function: api_dvr_probe


======================================================================
CRASH at 2026-09-30T07:21:11.833459
======================================================================
Traceback (most recent call last):
  File "/home/administrator/cctv/app.py", line 532, in <module>
    @app.route("/api/dvr/probe", methods=["POST"])
     ~~~~~~~~~^^^^^^^^^^^^^^^^^^^^^^^^^^^^^^^^^^^^
  File "/home/administrator/venv/lib/python3.14/site-packages/flask/scaffold.py", line 435, in decorator
    self.add_url_rule(rule, endpoint, f, **options)
    ~~~~~~~~~~~~~~~~~^^^^^^^^^^^^^^^^^^^^^^^^^^^^^^
  File "/home/administrator/venv/lib/python3.14/site-packages/flask/scaffold.py", line 50, in wrapper_func
    return f(self, *args, **kwargs)
  File "/home/administrator/venv/lib/python3.14/site-packages/flask/app.py", line 1059, in add_url_rule
    raise AssertionError(
    ...<2 lines>...
    )
AssertionError: View function mapping is overwriting an existing endpoint function: api_dvr_probe


======================================================================
CRASH at 2026-09-30T07:21:17.328856
======================================================================
Traceback (most recent call last):
  File "/home/administrator/cctv/app.py", line 532, in <module>
    @app.route("/api/dvr/probe", methods=["POST"])
     ~~~~~~~~~^^^^^^^^^^^^^^^^^^^^^^^^^^^^^^^^^^^^
  File "/home/administrator/venv/lib/python3.14/site-packages/flask/scaffold.py", line 435, in decorator
    self.add_url_rule(rule, endpoint, f, **options)
    ~~~~~~~~~~~~~~~~~^^^^^^^^^^^^^^^^^^^^^^^^^^^^^^
  File "/home/administrator/venv/lib/python3.14/site-packages/flask/scaffold.py", line 50, in wrapper_func
    return f(self, *args, **kwargs)
  File "/home/administrator/venv/lib/python3.14/site-packages/flask/app.py", line 1059, in add_url_rule
    raise AssertionError(
    ...<2 lines>...
    )
AssertionError: View function mapping is overwriting an existing endpoint function: api_dvr_probe


======================================================================
CRASH at 2026-09-30T07:21:22.831476
======================================================================
Traceback (most recent call last):
  File "/home/administrator/cctv/app.py", line 532, in <module>
    @app.route("/api/dvr/probe", methods=["POST"])
     ~~~~~~~~~^^^^^^^^^^^^^^^^^^^^^^^^^^^^^^^^^^^^
  File "/home/administrator/venv/lib/python3.14/site-packages/flask/scaffold.py", line 435, in decorator
    self.add_url_rule(rule, endpoint, f, **options)
    ~~~~~~~~~~~~~~~~~^^^^^^^^^^^^^^^^^^^^^^^^^^^^^^
  File "/home/administrator/venv/lib/python3.14/site-packages/flask/scaffold.py", line 50, in wrapper_func
    return f(self, *args, **kwargs)
  File "/home/administrator/venv/lib/python3.14/site-packages/flask/app.py", line 1059, in add_url_rule
    raise AssertionError(
    ...<2 lines>...
    )
AssertionError: View function mapping is overwriting an existing endpoint function: api_dvr_probe


======================================================================
CRASH at 2026-09-30T07:21:28.327576
======================================================================
Traceback (most recent call last):
  File "/home/administrator/cctv/app.py", line 532, in <module>
    @app.route("/api/dvr/probe", methods=["POST"])
     ~~~~~~~~~^^^^^^^^^^^^^^^^^^^^^^^^^^^^^^^^^^^^
  File "/home/administrator/venv/lib/python3.14/site-packages/flask/scaffold.py", line 435, in decorator
    self.add_url_rule(rule, endpoint, f, **options)
    ~~~~~~~~~~~~~~~~~^^^^^^^^^^^^^^^^^^^^^^^^^^^^^^
  File "/home/administrator/venv/lib/python3.14/site-packages/flask/scaffold.py", line 50, in wrapper_func
    return f(self, *args, **kwargs)
  File "/home/administrator/venv/lib/python3.14/site-packages/flask/app.py", line 1059, in add_url_rule
    raise AssertionError(
    ...<2 lines>...
    )
AssertionError: View function mapping is overwriting an existing endpoint function: api_dvr_probe


======================================================================
CRASH at 2026-09-30T07:21:33.828667
======================================================================
Traceback (most recent call last):
  File "/home/administrator/cctv/app.py", line 532, in <module>
    @app.route("/api/dvr/probe", methods=["POST"])
     ~~~~~~~~~^^^^^^^^^^^^^^^^^^^^^^^^^^^^^^^^^^^^
  File "/home/administrator/venv/lib/python3.14/site-packages/flask/scaffold.py", line 435, in decorator
    self.add_url_rule(rule, endpoint, f, **options)
    ~~~~~~~~~~~~~~~~~^^^^^^^^^^^^^^^^^^^^^^^^^^^^^^
  File "/home/administrator/venv/lib/python3.14/site-packages/flask/scaffold.py", line 50, in wrapper_func
    return f(self, *args, **kwargs)
  File "/home/administrator/venv/lib/python3.14/site-packages/flask/app.py", line 1059, in add_url_rule
    raise AssertionError(
    ...<2 lines>...
    )
AssertionError: View function mapping is overwriting an existing endpoint function: api_dvr_probe


======================================================================
CRASH at 2026-09-30T07:21:39.331457
======================================================================
Traceback (most recent call last):
  File "/home/administrator/cctv/app.py", line 532, in <module>
    @app.route("/api/dvr/probe", methods=["POST"])
     ~~~~~~~~~^^^^^^^^^^^^^^^^^^^^^^^^^^^^^^^^^^^^
  File "/home/administrator/venv/lib/python3.14/site-packages/flask/scaffold.py", line 435, in decorator
    self.add_url_rule(rule, endpoint, f, **options)
    ~~~~~~~~~~~~~~~~~^^^^^^^^^^^^^^^^^^^^^^^^^^^^^^
  File "/home/administrator/venv/lib/python3.14/site-packages/flask/scaffold.py", line 50, in wrapper_func
    return f(self, *args, **kwargs)
  File "/home/administrator/venv/lib/python3.14/site-packages/flask/app.py", line 1059, in add_url_rule
    raise AssertionError(
    ...<2 lines>...
    )
AssertionError: View function mapping is overwriting an existing endpoint function: api_dvr_probe


======================================================================
CRASH at 2026-09-30T07:21:44.829563
======================================================================
Traceback (most recent call last):
  File "/home/administrator/cctv/app.py", line 532, in <module>
    @app.route("/api/dvr/probe", methods=["POST"])
     ~~~~~~~~~^^^^^^^^^^^^^^^^^^^^^^^^^^^^^^^^^^^^
  File "/home/administrator/venv/lib/python3.14/site-packages/flask/scaffold.py", line 435, in decorator
    self.add_url_rule(rule, endpoint, f, **options)
    ~~~~~~~~~~~~~~~~~^^^^^^^^^^^^^^^^^^^^^^^^^^^^^^
  File "/home/administrator/venv/lib/python3.14/site-packages/flask/scaffold.py", line 50, in wrapper_func
    return f(self, *args, **kwargs)
  File "/home/administrator/venv/lib/python3.14/site-packages/flask/app.py", line 1059, in add_url_rule
    raise AssertionError(
    ...<2 lines>...
    )
AssertionError: View function mapping is overwriting an existing endpoint function: api_dvr_probe


======================================================================
CRASH at 2026-09-30T07:21:50.327866
======================================================================
Traceback (most recent call last):
  File "/home/administrator/cctv/app.py", line 532, in <module>
    @app.route("/api/dvr/probe", methods=["POST"])
     ~~~~~~~~~^^^^^^^^^^^^^^^^^^^^^^^^^^^^^^^^^^^^
  File "/home/administrator/venv/lib/python3.14/site-packages/flask/scaffold.py", line 435, in decorator
    self.add_url_rule(rule, endpoint, f, **options)
    ~~~~~~~~~~~~~~~~~^^^^^^^^^^^^^^^^^^^^^^^^^^^^^^
  File "/home/administrator/venv/lib/python3.14/site-packages/flask/scaffold.py", line 50, in wrapper_func
    return f(self, *args, **kwargs)
  File "/home/administrator/venv/lib/python3.14/site-packages/flask/app.py", line 1059, in add_url_rule
    raise AssertionError(
    ...<2 lines>...
    )
AssertionError: View function mapping is overwriting an existing endpoint function: api_dvr_probe


======================================================================
CRASH at 2026-09-30T07:21:55.828739
======================================================================
Traceback (most recent call last):
  File "/home/administrator/cctv/app.py", line 532, in <module>
    @app.route("/api/dvr/probe", methods=["POST"])
     ~~~~~~~~~^^^^^^^^^^^^^^^^^^^^^^^^^^^^^^^^^^^^
  File "/home/administrator/venv/lib/python3.14/site-packages/flask/scaffold.py", line 435, in decorator
    self.add_url_rule(rule, endpoint, f, **options)
    ~~~~~~~~~~~~~~~~~^^^^^^^^^^^^^^^^^^^^^^^^^^^^^^
  File "/home/administrator/venv/lib/python3.14/site-packages/flask/scaffold.py", line 50, in wrapper_func
    return f(self, *args, **kwargs)
  File "/home/administrator/venv/lib/python3.14/site-packages/flask/app.py", line 1059, in add_url_rule
    raise AssertionError(
    ...<2 lines>...
    )
AssertionError: View function mapping is overwriting an existing endpoint function: api_dvr_probe


======================================================================
CRASH at 2026-09-30T07:22:01.326214
======================================================================
Traceback (most recent call last):
  File "/home/administrator/cctv/app.py", line 532, in <module>
    @app.route("/api/dvr/probe", methods=["POST"])
     ~~~~~~~~~^^^^^^^^^^^^^^^^^^^^^^^^^^^^^^^^^^^^
  File "/home/administrator/venv/lib/python3.14/site-packages/flask/scaffold.py", line 435, in decorator
    self.add_url_rule(rule, endpoint, f, **options)
    ~~~~~~~~~~~~~~~~~^^^^^^^^^^^^^^^^^^^^^^^^^^^^^^
  File "/home/administrator/venv/lib/python3.14/site-packages/flask/scaffold.py", line 50, in wrapper_func
    return f(self, *args, **kwargs)
  File "/home/administrator/venv/lib/python3.14/site-packages/flask/app.py", line 1059, in add_url_rule
    raise AssertionError(
    ...<2 lines>...
    )
AssertionError: View function mapping is overwriting an existing endpoint function: api_dvr_probe


======================================================================
CRASH at 2026-09-30T07:22:06.827352
======================================================================
Traceback (most recent call last):
  File "/home/administrator/cctv/app.py", line 532, in <module>
    @app.route("/api/dvr/probe", methods=["POST"])
     ~~~~~~~~~^^^^^^^^^^^^^^^^^^^^^^^^^^^^^^^^^^^^
  File "/home/administrator/venv/lib/python3.14/site-packages/flask/scaffold.py", line 435, in decorator
    self.add_url_rule(rule, endpoint, f, **options)
    ~~~~~~~~~~~~~~~~~^^^^^^^^^^^^^^^^^^^^^^^^^^^^^^
  File "/home/administrator/venv/lib/python3.14/site-packages/flask/scaffold.py", line 50, in wrapper_func
    return f(self, *args, **kwargs)
  File "/home/administrator/venv/lib/python3.14/site-packages/flask/app.py", line 1059, in add_url_rule
    raise AssertionError(
    ...<2 lines>...
    )
AssertionError: View function mapping is overwriting an existing endpoint function: api_dvr_probe


======================================================================
CRASH at 2026-09-30T07:22:12.326712
======================================================================
Traceback (most recent call last):
  File "/home/administrator/cctv/app.py", line 532, in <module>
    @app.route("/api/dvr/probe", methods=["POST"])
     ~~~~~~~~~^^^^^^^^^^^^^^^^^^^^^^^^^^^^^^^^^^^^
  File "/home/administrator/venv/lib/python3.14/site-packages/flask/scaffold.py", line 435, in decorator
    self.add_url_rule(rule, endpoint, f, **options)
    ~~~~~~~~~~~~~~~~~^^^^^^^^^^^^^^^^^^^^^^^^^^^^^^
  File "/home/administrator/venv/lib/python3.14/site-packages/flask/scaffold.py", line 50, in wrapper_func
    return f(self, *args, **kwargs)
  File "/home/administrator/venv/lib/python3.14/site-packages/flask/app.py", line 1059, in add_url_rule
    raise AssertionError(
    ...<2 lines>...
    )
AssertionError: View function mapping is overwriting an existing endpoint function: api_dvr_probe


======================================================================
CRASH at 2026-09-30T07:22:17.833062
======================================================================
Traceback (most recent call last):
  File "/home/administrator/cctv/app.py", line 532, in <module>
    @app.route("/api/dvr/probe", methods=["POST"])
     ~~~~~~~~~^^^^^^^^^^^^^^^^^^^^^^^^^^^^^^^^^^^^
  File "/home/administrator/venv/lib/python3.14/site-packages/flask/scaffold.py", line 435, in decorator
    self.add_url_rule(rule, endpoint, f, **options)
    ~~~~~~~~~~~~~~~~~^^^^^^^^^^^^^^^^^^^^^^^^^^^^^^
  File "/home/administrator/venv/lib/python3.14/site-packages/flask/scaffold.py", line 50, in wrapper_func
    return f(self, *args, **kwargs)
  File "/home/administrator/venv/lib/python3.14/site-packages/flask/app.py", line 1059, in add_url_rule
    raise AssertionError(
    ...<2 lines>...
    )
AssertionError: View function mapping is overwriting an existing endpoint function: api_dvr_probe


======================================================================
CRASH at 2026-09-30T07:22:23.328606
======================================================================
Traceback (most recent call last):
  File "/home/administrator/cctv/app.py", line 532, in <module>
    @app.route("/api/dvr/probe", methods=["POST"])
     ~~~~~~~~~^^^^^^^^^^^^^^^^^^^^^^^^^^^^^^^^^^^^
  File "/home/administrator/venv/lib/python3.14/site-packages/flask/scaffold.py", line 435, in decorator
    self.add_url_rule(rule, endpoint, f, **options)
    ~~~~~~~~~~~~~~~~~^^^^^^^^^^^^^^^^^^^^^^^^^^^^^^
  File "/home/administrator/venv/lib/python3.14/site-packages/flask/scaffold.py", line 50, in wrapper_func
    return f(self, *args, **kwargs)
  File "/home/administrator/venv/lib/python3.14/site-packages/flask/app.py", line 1059, in add_url_rule
    raise AssertionError(
    ...<2 lines>...
    )
AssertionError: View function mapping is overwriting an existing endpoint function: api_dvr_probe


======================================================================
CRASH at 2026-09-30T07:22:28.837666
======================================================================
Traceback (most recent call last):
  File "/home/administrator/cctv/app.py", line 532, in <module>
    @app.route("/api/dvr/probe", methods=["POST"])
     ~~~~~~~~~^^^^^^^^^^^^^^^^^^^^^^^^^^^^^^^^^^^^
  File "/home/administrator/venv/lib/python3.14/site-packages/flask/scaffold.py", line 435, in decorator
    self.add_url_rule(rule, endpoint, f, **options)
    ~~~~~~~~~~~~~~~~~^^^^^^^^^^^^^^^^^^^^^^^^^^^^^^
  File "/home/administrator/venv/lib/python3.14/site-packages/flask/scaffold.py", line 50, in wrapper_func
    return f(self, *args, **kwargs)
  File "/home/administrator/venv/lib/python3.14/site-packages/flask/app.py", line 1059, in add_url_rule
    raise AssertionError(
    ...<2 lines>...
    )
AssertionError: View function mapping is overwriting an existing endpoint function: api_dvr_probe


======================================================================
CRASH at 2026-09-30T07:22:34.331212
======================================================================
Traceback (most recent call last):
  File "/home/administrator/cctv/app.py", line 532, in <module>
    @app.route("/api/dvr/probe", methods=["POST"])
     ~~~~~~~~~^^^^^^^^^^^^^^^^^^^^^^^^^^^^^^^^^^^^
  File "/home/administrator/venv/lib/python3.14/site-packages/flask/scaffold.py", line 435, in decorator
    self.add_url_rule(rule, endpoint, f, **options)
    ~~~~~~~~~~~~~~~~~^^^^^^^^^^^^^^^^^^^^^^^^^^^^^^
  File "/home/administrator/venv/lib/python3.14/site-packages/flask/scaffold.py", line 50, in wrapper_func
    return f(self, *args, **kwargs)
  File "/home/administrator/venv/lib/python3.14/site-packages/flask/app.py", line 1059, in add_url_rule
    raise AssertionError(
    ...<2 lines>...
    )
AssertionError: View function mapping is overwriting an existing endpoint function: api_dvr_probe


======================================================================
CRASH at 2026-09-30T07:22:39.829885
======================================================================
Traceback (most recent call last):
  File "/home/administrator/cctv/app.py", line 532, in <module>
    @app.route("/api/dvr/probe", methods=["POST"])
     ~~~~~~~~~^^^^^^^^^^^^^^^^^^^^^^^^^^^^^^^^^^^^
  File "/home/administrator/venv/lib/python3.14/site-packages/flask/scaffold.py", line 435, in decorator
    self.add_url_rule(rule, endpoint, f, **options)
    ~~~~~~~~~~~~~~~~~^^^^^^^^^^^^^^^^^^^^^^^^^^^^^^
  File "/home/administrator/venv/lib/python3.14/site-packages/flask/scaffold.py", line 50, in wrapper_func
    return f(self, *args, **kwargs)
  File "/home/administrator/venv/lib/python3.14/site-packages/flask/app.py", line 1059, in add_url_rule
    raise AssertionError(
    ...<2 lines>...
    )
AssertionError: View function mapping is overwriting an existing endpoint function: api_dvr_probe


======================================================================
CRASH at 2026-09-30T07:22:45.331708
======================================================================
Traceback (most recent call last):
  File "/home/administrator/cctv/app.py", line 532, in <module>
    @app.route("/api/dvr/probe", methods=["POST"])
     ~~~~~~~~~^^^^^^^^^^^^^^^^^^^^^^^^^^^^^^^^^^^^
  File "/home/administrator/venv/lib/python3.14/site-packages/flask/scaffold.py", line 435, in decorator
    self.add_url_rule(rule, endpoint, f, **options)
    ~~~~~~~~~~~~~~~~~^^^^^^^^^^^^^^^^^^^^^^^^^^^^^^
  File "/home/administrator/venv/lib/python3.14/site-packages/flask/scaffold.py", line 50, in wrapper_func
    return f(self, *args, **kwargs)
  File "/home/administrator/venv/lib/python3.14/site-packages/flask/app.py", line 1059, in add_url_rule
    raise AssertionError(
    ...<2 lines>...
    )
AssertionError: View function mapping is overwriting an existing endpoint function: api_dvr_probe


======================================================================
CRASH at 2026-09-30T07:22:50.831018
======================================================================
Traceback (most recent call last):
  File "/home/administrator/cctv/app.py", line 532, in <module>
    @app.route("/api/dvr/probe", methods=["POST"])
     ~~~~~~~~~^^^^^^^^^^^^^^^^^^^^^^^^^^^^^^^^^^^^
  File "/home/administrator/venv/lib/python3.14/site-packages/flask/scaffold.py", line 435, in decorator
    self.add_url_rule(rule, endpoint, f, **options)
    ~~~~~~~~~~~~~~~~~^^^^^^^^^^^^^^^^^^^^^^^^^^^^^^
  File "/home/administrator/venv/lib/python3.14/site-packages/flask/scaffold.py", line 50, in wrapper_func
    return f(self, *args, **kwargs)
  File "/home/administrator/venv/lib/python3.14/site-packages/flask/app.py", line 1059, in add_url_rule
    raise AssertionError(
    ...<2 lines>...
    )
AssertionError: View function mapping is overwriting an existing endpoint function: api_dvr_probe


======================================================================
CRASH at 2026-09-30T07:22:56.328903
======================================================================
Traceback (most recent call last):
  File "/home/administrator/cctv/app.py", line 532, in <module>
    @app.route("/api/dvr/probe", methods=["POST"])
     ~~~~~~~~~^^^^^^^^^^^^^^^^^^^^^^^^^^^^^^^^^^^^
  File "/home/administrator/venv/lib/python3.14/site-packages/flask/scaffold.py", line 435, in decorator
    self.add_url_rule(rule, endpoint, f, **options)
    ~~~~~~~~~~~~~~~~~^^^^^^^^^^^^^^^^^^^^^^^^^^^^^^
  File "/home/administrator/venv/lib/python3.14/site-packages/flask/scaffold.py", line 50, in wrapper_func
    return f(self, *args, **kwargs)
  File "/home/administrator/venv/lib/python3.14/site-packages/flask/app.py", line 1059, in add_url_rule
    raise AssertionError(
    ...<2 lines>...
    )
AssertionError: View function mapping is overwriting an existing endpoint function: api_dvr_probe


======================================================================
CRASH at 2026-09-30T07:23:01.829079
======================================================================
Traceback (most recent call last):
  File "/home/administrator/cctv/app.py", line 532, in <module>
    @app.route("/api/dvr/probe", methods=["POST"])
     ~~~~~~~~~^^^^^^^^^^^^^^^^^^^^^^^^^^^^^^^^^^^^
  File "/home/administrator/venv/lib/python3.14/site-packages/flask/scaffold.py", line 435, in decorator
    self.add_url_rule(rule, endpoint, f, **options)
    ~~~~~~~~~~~~~~~~~^^^^^^^^^^^^^^^^^^^^^^^^^^^^^^
  File "/home/administrator/venv/lib/python3.14/site-packages/flask/scaffold.py", line 50, in wrapper_func
    return f(self, *args, **kwargs)
  File "/home/administrator/venv/lib/python3.14/site-packages/flask/app.py", line 1059, in add_url_rule
    raise AssertionError(
    ...<2 lines>...
    )
AssertionError: View function mapping is overwriting an existing endpoint function: api_dvr_probe


======================================================================
CRASH at 2026-09-30T07:23:07.327556
======================================================================
Traceback (most recent call last):
  File "/home/administrator/cctv/app.py", line 532, in <module>
    @app.route("/api/dvr/probe", methods=["POST"])
     ~~~~~~~~~^^^^^^^^^^^^^^^^^^^^^^^^^^^^^^^^^^^^
  File "/home/administrator/venv/lib/python3.14/site-packages/flask/scaffold.py", line 435, in decorator
    self.add_url_rule(rule, endpoint, f, **options)
    ~~~~~~~~~~~~~~~~~^^^^^^^^^^^^^^^^^^^^^^^^^^^^^^
  File "/home/administrator/venv/lib/python3.14/site-packages/flask/scaffold.py", line 50, in wrapper_func
    return f(self, *args, **kwargs)
  File "/home/administrator/venv/lib/python3.14/site-packages/flask/app.py", line 1059, in add_url_rule
    raise AssertionError(
    ...<2 lines>...
    )
AssertionError: View function mapping is overwriting an existing endpoint function: api_dvr_probe


======================================================================
CRASH at 2026-09-30T07:23:12.832371
======================================================================
Traceback (most recent call last):
  File "/home/administrator/cctv/app.py", line 532, in <module>
    @app.route("/api/dvr/probe", methods=["POST"])
     ~~~~~~~~~^^^^^^^^^^^^^^^^^^^^^^^^^^^^^^^^^^^^
  File "/home/administrator/venv/lib/python3.14/site-packages/flask/scaffold.py", line 435, in decorator
    self.add_url_rule(rule, endpoint, f, **options)
    ~~~~~~~~~~~~~~~~~^^^^^^^^^^^^^^^^^^^^^^^^^^^^^^
  File "/home/administrator/venv/lib/python3.14/site-packages/flask/scaffold.py", line 50, in wrapper_func
    return f(self, *args, **kwargs)
  File "/home/administrator/venv/lib/python3.14/site-packages/flask/app.py", line 1059, in add_url_rule
    raise AssertionError(
    ...<2 lines>...
    )
AssertionError: View function mapping is overwriting an existing endpoint function: api_dvr_probe


======================================================================
CRASH at 2026-09-30T07:23:18.327277
======================================================================
Traceback (most recent call last):
  File "/home/administrator/cctv/app.py", line 532, in <module>
    @app.route("/api/dvr/probe", methods=["POST"])
     ~~~~~~~~~^^^^^^^^^^^^^^^^^^^^^^^^^^^^^^^^^^^^
  File "/home/administrator/venv/lib/python3.14/site-packages/flask/scaffold.py", line 435, in decorator
    self.add_url_rule(rule, endpoint, f, **options)
    ~~~~~~~~~~~~~~~~~^^^^^^^^^^^^^^^^^^^^^^^^^^^^^^
  File "/home/administrator/venv/lib/python3.14/site-packages/flask/scaffold.py", line 50, in wrapper_func
    return f(self, *args, **kwargs)
  File "/home/administrator/venv/lib/python3.14/site-packages/flask/app.py", line 1059, in add_url_rule
    raise AssertionError(
    ...<2 lines>...
    )
AssertionError: View function mapping is overwriting an existing endpoint function: api_dvr_probe


======================================================================
CRASH at 2026-09-30T07:23:23.829562
======================================================================
Traceback (most recent call last):
  File "/home/administrator/cctv/app.py", line 532, in <module>
    @app.route("/api/dvr/probe", methods=["POST"])
     ~~~~~~~~~^^^^^^^^^^^^^^^^^^^^^^^^^^^^^^^^^^^^
  File "/home/administrator/venv/lib/python3.14/site-packages/flask/scaffold.py", line 435, in decorator
    self.add_url_rule(rule, endpoint, f, **options)
    ~~~~~~~~~~~~~~~~~^^^^^^^^^^^^^^^^^^^^^^^^^^^^^^
  File "/home/administrator/venv/lib/python3.14/site-packages/flask/scaffold.py", line 50, in wrapper_func
    return f(self, *args, **kwargs)
  File "/home/administrator/venv/lib/python3.14/site-packages/flask/app.py", line 1059, in add_url_rule
    raise AssertionError(
    ...<2 lines>...
    )
AssertionError: View function mapping is overwriting an existing endpoint function: api_dvr_probe


======================================================================
CRASH at 2026-09-30T07:23:29.327838
======================================================================
Traceback (most recent call last):
  File "/home/administrator/cctv/app.py", line 532, in <module>
    @app.route("/api/dvr/probe", methods=["POST"])
     ~~~~~~~~~^^^^^^^^^^^^^^^^^^^^^^^^^^^^^^^^^^^^
  File "/home/administrator/venv/lib/python3.14/site-packages/flask/scaffold.py", line 435, in decorator
    self.add_url_rule(rule, endpoint, f, **options)
    ~~~~~~~~~~~~~~~~~^^^^^^^^^^^^^^^^^^^^^^^^^^^^^^
  File "/home/administrator/venv/lib/python3.14/site-packages/flask/scaffold.py", line 50, in wrapper_func
    return f(self, *args, **kwargs)
  File "/home/administrator/venv/lib/python3.14/site-packages/flask/app.py", line 1059, in add_url_rule
    raise AssertionError(
    ...<2 lines>...
    )
AssertionError: View function mapping is overwriting an existing endpoint function: api_dvr_probe


======================================================================
CRASH at 2026-09-30T07:23:34.824989
======================================================================
Traceback (most recent call last):
  File "/home/administrator/cctv/app.py", line 532, in <module>
    @app.route("/api/dvr/probe", methods=["POST"])
     ~~~~~~~~~^^^^^^^^^^^^^^^^^^^^^^^^^^^^^^^^^^^^
  File "/home/administrator/venv/lib/python3.14/site-packages/flask/scaffold.py", line 435, in decorator
    self.add_url_rule(rule, endpoint, f, **options)
    ~~~~~~~~~~~~~~~~~^^^^^^^^^^^^^^^^^^^^^^^^^^^^^^
  File "/home/administrator/venv/lib/python3.14/site-packages/flask/scaffold.py", line 50, in wrapper_func
    return f(self, *args, **kwargs)
  File "/home/administrator/venv/lib/python3.14/site-packages/flask/app.py", line 1059, in add_url_rule
    raise AssertionError(
    ...<2 lines>...
    )
AssertionError: View function mapping is overwriting an existing endpoint function: api_dvr_probe


======================================================================
CRASH at 2026-09-30T07:23:40.326195
======================================================================
Traceback (most recent call last):
  File "/home/administrator/cctv/app.py", line 532, in <module>
    @app.route("/api/dvr/probe", methods=["POST"])
     ~~~~~~~~~^^^^^^^^^^^^^^^^^^^^^^^^^^^^^^^^^^^^
  File "/home/administrator/venv/lib/python3.14/site-packages/flask/scaffold.py", line 435, in decorator
    self.add_url_rule(rule, endpoint, f, **options)
    ~~~~~~~~~~~~~~~~~^^^^^^^^^^^^^^^^^^^^^^^^^^^^^^
  File "/home/administrator/venv/lib/python3.14/site-packages/flask/scaffold.py", line 50, in wrapper_func
    return f(self, *args, **kwargs)
  File "/home/administrator/venv/lib/python3.14/site-packages/flask/app.py", line 1059, in add_url_rule
    raise AssertionError(
    ...<2 lines>...
    )
AssertionError: View function mapping is overwriting an existing endpoint function: api_dvr_probe


======================================================================
CRASH at 2026-09-30T07:23:45.830893
======================================================================
Traceback (most recent call last):
  File "/home/administrator/cctv/app.py", line 532, in <module>
    @app.route("/api/dvr/probe", methods=["POST"])
     ~~~~~~~~~^^^^^^^^^^^^^^^^^^^^^^^^^^^^^^^^^^^^
  File "/home/administrator/venv/lib/python3.14/site-packages/flask/scaffold.py", line 435, in decorator
    self.add_url_rule(rule, endpoint, f, **options)
    ~~~~~~~~~~~~~~~~~^^^^^^^^^^^^^^^^^^^^^^^^^^^^^^
  File "/home/administrator/venv/lib/python3.14/site-packages/flask/scaffold.py", line 50, in wrapper_func
    return f(self, *args, **kwargs)
  File "/home/administrator/venv/lib/python3.14/site-packages/flask/app.py", line 1059, in add_url_rule
    raise AssertionError(
    ...<2 lines>...
    )
AssertionError: View function mapping is overwriting an existing endpoint function: api_dvr_probe


======================================================================
CRASH at 2026-09-30T07:23:51.329410
======================================================================
Traceback (most recent call last):
  File "/home/administrator/cctv/app.py", line 532, in <module>
    @app.route("/api/dvr/probe", methods=["POST"])
     ~~~~~~~~~^^^^^^^^^^^^^^^^^^^^^^^^^^^^^^^^^^^^
  File "/home/administrator/venv/lib/python3.14/site-packages/flask/scaffold.py", line 435, in decorator
    self.add_url_rule(rule, endpoint, f, **options)
    ~~~~~~~~~~~~~~~~~^^^^^^^^^^^^^^^^^^^^^^^^^^^^^^
  File "/home/administrator/venv/lib/python3.14/site-packages/flask/scaffold.py", line 50, in wrapper_func
    return f(self, *args, **kwargs)
  File "/home/administrator/venv/lib/python3.14/site-packages/flask/app.py", line 1059, in add_url_rule
    raise AssertionError(
    ...<2 lines>...
    )
AssertionError: View function mapping is overwriting an existing endpoint function: api_dvr_probe


======================================================================
CRASH at 2026-09-30T07:23:56.833522
======================================================================
Traceback (most recent call last):
  File "/home/administrator/cctv/app.py", line 532, in <module>
    @app.route("/api/dvr/probe", methods=["POST"])
     ~~~~~~~~~^^^^^^^^^^^^^^^^^^^^^^^^^^^^^^^^^^^^
  File "/home/administrator/venv/lib/python3.14/site-packages/flask/scaffold.py", line 435, in decorator
    self.add_url_rule(rule, endpoint, f, **options)
    ~~~~~~~~~~~~~~~~~^^^^^^^^^^^^^^^^^^^^^^^^^^^^^^
  File "/home/administrator/venv/lib/python3.14/site-packages/flask/scaffold.py", line 50, in wrapper_func
    return f(self, *args, **kwargs)
  File "/home/administrator/venv/lib/python3.14/site-packages/flask/app.py", line 1059, in add_url_rule
    raise AssertionError(
    ...<2 lines>...
    )
AssertionError: View function mapping is overwriting an existing endpoint function: api_dvr_probe


======================================================================
CRASH at 2026-09-30T07:24:02.334300
======================================================================
Traceback (most recent call last):
  File "/home/administrator/cctv/app.py", line 532, in <module>
    @app.route("/api/dvr/probe", methods=["POST"])
     ~~~~~~~~~^^^^^^^^^^^^^^^^^^^^^^^^^^^^^^^^^^^^
  File "/home/administrator/venv/lib/python3.14/site-packages/flask/scaffold.py", line 435, in decorator
    self.add_url_rule(rule, endpoint, f, **options)
    ~~~~~~~~~~~~~~~~~^^^^^^^^^^^^^^^^^^^^^^^^^^^^^^
  File "/home/administrator/venv/lib/python3.14/site-packages/flask/scaffold.py", line 50, in wrapper_func
    return f(self, *args, **kwargs)
  File "/home/administrator/venv/lib/python3.14/site-packages/flask/app.py", line 1059, in add_url_rule
    raise AssertionError(
    ...<2 lines>...
    )
AssertionError: View function mapping is overwriting an existing endpoint function: api_dvr_probe


======================================================================
CRASH at 2026-09-30T07:24:07.829170
======================================================================
Traceback (most recent call last):
  File "/home/administrator/cctv/app.py", line 532, in <module>
    @app.route("/api/dvr/probe", methods=["POST"])
     ~~~~~~~~~^^^^^^^^^^^^^^^^^^^^^^^^^^^^^^^^^^^^
  File "/home/administrator/venv/lib/python3.14/site-packages/flask/scaffold.py", line 435, in decorator
    self.add_url_rule(rule, endpoint, f, **options)
    ~~~~~~~~~~~~~~~~~^^^^^^^^^^^^^^^^^^^^^^^^^^^^^^
  File "/home/administrator/venv/lib/python3.14/site-packages/flask/scaffold.py", line 50, in wrapper_func
    return f(self, *args, **kwargs)
  File "/home/administrator/venv/lib/python3.14/site-packages/flask/app.py", line 1059, in add_url_rule
    raise AssertionError(
    ...<2 lines>...
    )
AssertionError: View function mapping is overwriting an existing endpoint function: api_dvr_probe


======================================================================
CRASH at 2026-09-30T07:24:13.330055
======================================================================
Traceback (most recent call last):
  File "/home/administrator/cctv/app.py", line 532, in <module>
    @app.route("/api/dvr/probe", methods=["POST"])
     ~~~~~~~~~^^^^^^^^^^^^^^^^^^^^^^^^^^^^^^^^^^^^
  File "/home/administrator/venv/lib/python3.14/site-packages/flask/scaffold.py", line 435, in decorator
    self.add_url_rule(rule, endpoint, f, **options)
    ~~~~~~~~~~~~~~~~~^^^^^^^^^^^^^^^^^^^^^^^^^^^^^^
  File "/home/administrator/venv/lib/python3.14/site-packages/flask/scaffold.py", line 50, in wrapper_func
    return f(self, *args, **kwargs)
  File "/home/administrator/venv/lib/python3.14/site-packages/flask/app.py", line 1059, in add_url_rule
    raise AssertionError(
    ...<2 lines>...
    )
AssertionError: View function mapping is overwriting an existing endpoint function: api_dvr_probe


======================================================================
CRASH at 2026-09-30T07:24:18.828674
======================================================================
Traceback (most recent call last):
  File "/home/administrator/cctv/app.py", line 532, in <module>
    @app.route("/api/dvr/probe", methods=["POST"])
     ~~~~~~~~~^^^^^^^^^^^^^^^^^^^^^^^^^^^^^^^^^^^^
  File "/home/administrator/venv/lib/python3.14/site-packages/flask/scaffold.py", line 435, in decorator
    self.add_url_rule(rule, endpoint, f, **options)
    ~~~~~~~~~~~~~~~~~^^^^^^^^^^^^^^^^^^^^^^^^^^^^^^
  File "/home/administrator/venv/lib/python3.14/site-packages/flask/scaffold.py", line 50, in wrapper_func
    return f(self, *args, **kwargs)
  File "/home/administrator/venv/lib/python3.14/site-packages/flask/app.py", line 1059, in add_url_rule
    raise AssertionError(
    ...<2 lines>...
    )
AssertionError: View function mapping is overwriting an existing endpoint function: api_dvr_probe


======================================================================
CRASH at 2026-09-30T07:24:24.329563
======================================================================
Traceback (most recent call last):
  File "/home/administrator/cctv/app.py", line 532, in <module>
    @app.route("/api/dvr/probe", methods=["POST"])
     ~~~~~~~~~^^^^^^^^^^^^^^^^^^^^^^^^^^^^^^^^^^^^
  File "/home/administrator/venv/lib/python3.14/site-packages/flask/scaffold.py", line 435, in decorator
    self.add_url_rule(rule, endpoint, f, **options)
    ~~~~~~~~~~~~~~~~~^^^^^^^^^^^^^^^^^^^^^^^^^^^^^^
  File "/home/administrator/venv/lib/python3.14/site-packages/flask/scaffold.py", line 50, in wrapper_func
    return f(self, *args, **kwargs)
  File "/home/administrator/venv/lib/python3.14/site-packages/flask/app.py", line 1059, in add_url_rule
    raise AssertionError(
    ...<2 lines>...
    )
AssertionError: View function mapping is overwriting an existing endpoint function: api_dvr_probe


======================================================================
CRASH at 2026-09-30T07:24:29.825582
======================================================================
Traceback (most recent call last):
  File "/home/administrator/cctv/app.py", line 532, in <module>
    @app.route("/api/dvr/probe", methods=["POST"])
     ~~~~~~~~~^^^^^^^^^^^^^^^^^^^^^^^^^^^^^^^^^^^^
  File "/home/administrator/venv/lib/python3.14/site-packages/flask/scaffold.py", line 435, in decorator
    self.add_url_rule(rule, endpoint, f, **options)
    ~~~~~~~~~~~~~~~~~^^^^^^^^^^^^^^^^^^^^^^^^^^^^^^
  File "/home/administrator/venv/lib/python3.14/site-packages/flask/scaffold.py", line 50, in wrapper_func
    return f(self, *args, **kwargs)
  File "/home/administrator/venv/lib/python3.14/site-packages/flask/app.py", line 1059, in add_url_rule
    raise AssertionError(
    ...<2 lines>...
    )
AssertionError: View function mapping is overwriting an existing endpoint function: api_dvr_probe


======================================================================
CRASH at 2026-09-30T07:24:35.329280
======================================================================
Traceback (most recent call last):
  File "/home/administrator/cctv/app.py", line 532, in <module>
    @app.route("/api/dvr/probe", methods=["POST"])
     ~~~~~~~~~^^^^^^^^^^^^^^^^^^^^^^^^^^^^^^^^^^^^
  File "/home/administrator/venv/lib/python3.14/site-packages/flask/scaffold.py", line 435, in decorator
    self.add_url_rule(rule, endpoint, f, **options)
    ~~~~~~~~~~~~~~~~~^^^^^^^^^^^^^^^^^^^^^^^^^^^^^^
  File "/home/administrator/venv/lib/python3.14/site-packages/flask/scaffold.py", line 50, in wrapper_func
    return f(self, *args, **kwargs)
  File "/home/administrator/venv/lib/python3.14/site-packages/flask/app.py", line 1059, in add_url_rule
    raise AssertionError(
    ...<2 lines>...
    )
AssertionError: View function mapping is overwriting an existing endpoint function: api_dvr_probe


======================================================================
CRASH at 2026-09-30T07:24:40.829237
======================================================================
Traceback (most recent call last):
  File "/home/administrator/cctv/app.py", line 532, in <module>
    @app.route("/api/dvr/probe", methods=["POST"])
     ~~~~~~~~~^^^^^^^^^^^^^^^^^^^^^^^^^^^^^^^^^^^^
  File "/home/administrator/venv/lib/python3.14/site-packages/flask/scaffold.py", line 435, in decorator
    self.add_url_rule(rule, endpoint, f, **options)
    ~~~~~~~~~~~~~~~~~^^^^^^^^^^^^^^^^^^^^^^^^^^^^^^
  File "/home/administrator/venv/lib/python3.14/site-packages/flask/scaffold.py", line 50, in wrapper_func
    return f(self, *args, **kwargs)
  File "/home/administrator/venv/lib/python3.14/site-packages/flask/app.py", line 1059, in add_url_rule
    raise AssertionError(
    ...<2 lines>...
    )
AssertionError: View function mapping is overwriting an existing endpoint function: api_dvr_probe


======================================================================
CRASH at 2026-09-30T07:24:46.327741
======================================================================
Traceback (most recent call last):
  File "/home/administrator/cctv/app.py", line 532, in <module>
    @app.route("/api/dvr/probe", methods=["POST"])
     ~~~~~~~~~^^^^^^^^^^^^^^^^^^^^^^^^^^^^^^^^^^^^
  File "/home/administrator/venv/lib/python3.14/site-packages/flask/scaffold.py", line 435, in decorator
    self.add_url_rule(rule, endpoint, f, **options)
    ~~~~~~~~~~~~~~~~~^^^^^^^^^^^^^^^^^^^^^^^^^^^^^^
  File "/home/administrator/venv/lib/python3.14/site-packages/flask/scaffold.py", line 50, in wrapper_func
    return f(self, *args, **kwargs)
  File "/home/administrator/venv/lib/python3.14/site-packages/flask/app.py", line 1059, in add_url_rule
    raise AssertionError(
    ...<2 lines>...
    )
AssertionError: View function mapping is overwriting an existing endpoint function: api_dvr_probe


======================================================================
CRASH at 2026-09-30T07:24:51.831023
======================================================================
Traceback (most recent call last):
  File "/home/administrator/cctv/app.py", line 532, in <module>
    @app.route("/api/dvr/probe", methods=["POST"])
     ~~~~~~~~~^^^^^^^^^^^^^^^^^^^^^^^^^^^^^^^^^^^^
  File "/home/administrator/venv/lib/python3.14/site-packages/flask/scaffold.py", line 435, in decorator
    self.add_url_rule(rule, endpoint, f, **options)
    ~~~~~~~~~~~~~~~~~^^^^^^^^^^^^^^^^^^^^^^^^^^^^^^
  File "/home/administrator/venv/lib/python3.14/site-packages/flask/scaffold.py", line 50, in wrapper_func
    return f(self, *args, **kwargs)
  File "/home/administrator/venv/lib/python3.14/site-packages/flask/app.py", line 1059, in add_url_rule
    raise AssertionError(
    ...<2 lines>...
    )
AssertionError: View function mapping is overwriting an existing endpoint function: api_dvr_probe


======================================================================
CRASH at 2026-09-30T07:24:57.329403
======================================================================
Traceback (most recent call last):
  File "/home/administrator/cctv/app.py", line 532, in <module>
    @app.route("/api/dvr/probe", methods=["POST"])
     ~~~~~~~~~^^^^^^^^^^^^^^^^^^^^^^^^^^^^^^^^^^^^
  File "/home/administrator/venv/lib/python3.14/site-packages/flask/scaffold.py", line 435, in decorator
    self.add_url_rule(rule, endpoint, f, **options)
    ~~~~~~~~~~~~~~~~~^^^^^^^^^^^^^^^^^^^^^^^^^^^^^^
  File "/home/administrator/venv/lib/python3.14/site-packages/flask/scaffold.py", line 50, in wrapper_func
    return f(self, *args, **kwargs)
  File "/home/administrator/venv/lib/python3.14/site-packages/flask/app.py", line 1059, in add_url_rule
    raise AssertionError(
    ...<2 lines>...
    )
AssertionError: View function mapping is overwriting an existing endpoint function: api_dvr_probe


======================================================================
CRASH at 2026-09-30T07:25:02.827703
======================================================================
Traceback (most recent call last):
  File "/home/administrator/cctv/app.py", line 532, in <module>
    @app.route("/api/dvr/probe", methods=["POST"])
     ~~~~~~~~~^^^^^^^^^^^^^^^^^^^^^^^^^^^^^^^^^^^^
  File "/home/administrator/venv/lib/python3.14/site-packages/flask/scaffold.py", line 435, in decorator
    self.add_url_rule(rule, endpoint, f, **options)
    ~~~~~~~~~~~~~~~~~^^^^^^^^^^^^^^^^^^^^^^^^^^^^^^
  File "/home/administrator/venv/lib/python3.14/site-packages/flask/scaffold.py", line 50, in wrapper_func
    return f(self, *args, **kwargs)
  File "/home/administrator/venv/lib/python3.14/site-packages/flask/app.py", line 1059, in add_url_rule
    raise AssertionError(
    ...<2 lines>...
    )
AssertionError: View function mapping is overwriting an existing endpoint function: api_dvr_probe


======================================================================
CRASH at 2026-09-30T07:25:08.330861
======================================================================
Traceback (most recent call last):
  File "/home/administrator/cctv/app.py", line 532, in <module>
    @app.route("/api/dvr/probe", methods=["POST"])
     ~~~~~~~~~^^^^^^^^^^^^^^^^^^^^^^^^^^^^^^^^^^^^
  File "/home/administrator/venv/lib/python3.14/site-packages/flask/scaffold.py", line 435, in decorator
    self.add_url_rule(rule, endpoint, f, **options)
    ~~~~~~~~~~~~~~~~~^^^^^^^^^^^^^^^^^^^^^^^^^^^^^^
  File "/home/administrator/venv/lib/python3.14/site-packages/flask/scaffold.py", line 50, in wrapper_func
    return f(self, *args, **kwargs)
  File "/home/administrator/venv/lib/python3.14/site-packages/flask/app.py", line 1059, in add_url_rule
    raise AssertionError(
    ...<2 lines>...
    )
AssertionError: View function mapping is overwriting an existing endpoint function: api_dvr_probe


======================================================================
CRASH at 2026-09-30T07:25:13.833363
======================================================================
Traceback (most recent call last):
  File "/home/administrator/cctv/app.py", line 532, in <module>
    @app.route("/api/dvr/probe", methods=["POST"])
     ~~~~~~~~~^^^^^^^^^^^^^^^^^^^^^^^^^^^^^^^^^^^^
  File "/home/administrator/venv/lib/python3.14/site-packages/flask/scaffold.py", line 435, in decorator
    self.add_url_rule(rule, endpoint, f, **options)
    ~~~~~~~~~~~~~~~~~^^^^^^^^^^^^^^^^^^^^^^^^^^^^^^
  File "/home/administrator/venv/lib/python3.14/site-packages/flask/scaffold.py", line 50, in wrapper_func
    return f(self, *args, **kwargs)
  File "/home/administrator/venv/lib/python3.14/site-packages/flask/app.py", line 1059, in add_url_rule
    raise AssertionError(
    ...<2 lines>...
    )
AssertionError: View function mapping is overwriting an existing endpoint function: api_dvr_probe


======================================================================
CRASH at 2026-09-30T07:25:19.327716
======================================================================
Traceback (most recent call last):
  File "/home/administrator/cctv/app.py", line 532, in <module>
    @app.route("/api/dvr/probe", methods=["POST"])
     ~~~~~~~~~^^^^^^^^^^^^^^^^^^^^^^^^^^^^^^^^^^^^
  File "/home/administrator/venv/lib/python3.14/site-packages/flask/scaffold.py", line 435, in decorator
    self.add_url_rule(rule, endpoint, f, **options)
    ~~~~~~~~~~~~~~~~~^^^^^^^^^^^^^^^^^^^^^^^^^^^^^^
  File "/home/administrator/venv/lib/python3.14/site-packages/flask/scaffold.py", line 50, in wrapper_func
    return f(self, *args, **kwargs)
  File "/home/administrator/venv/lib/python3.14/site-packages/flask/app.py", line 1059, in add_url_rule
    raise AssertionError(
    ...<2 lines>...
    )
AssertionError: View function mapping is overwriting an existing endpoint function: api_dvr_probe


======================================================================
CRASH at 2026-09-30T07:25:24.829586
======================================================================
Traceback (most recent call last):
  File "/home/administrator/cctv/app.py", line 532, in <module>
    @app.route("/api/dvr/probe", methods=["POST"])
     ~~~~~~~~~^^^^^^^^^^^^^^^^^^^^^^^^^^^^^^^^^^^^
  File "/home/administrator/venv/lib/python3.14/site-packages/flask/scaffold.py", line 435, in decorator
    self.add_url_rule(rule, endpoint, f, **options)
    ~~~~~~~~~~~~~~~~~^^^^^^^^^^^^^^^^^^^^^^^^^^^^^^
  File "/home/administrator/venv/lib/python3.14/site-packages/flask/scaffold.py", line 50, in wrapper_func
    return f(self, *args, **kwargs)
  File "/home/administrator/venv/lib/python3.14/site-packages/flask/app.py", line 1059, in add_url_rule
    raise AssertionError(
    ...<2 lines>...
    )
AssertionError: View function mapping is overwriting an existing endpoint function: api_dvr_probe


======================================================================
CRASH at 2026-09-30T07:25:30.327871
======================================================================
Traceback (most recent call last):
  File "/home/administrator/cctv/app.py", line 532, in <module>
    @app.route("/api/dvr/probe", methods=["POST"])
     ~~~~~~~~~^^^^^^^^^^^^^^^^^^^^^^^^^^^^^^^^^^^^
  File "/home/administrator/venv/lib/python3.14/site-packages/flask/scaffold.py", line 435, in decorator
    self.add_url_rule(rule, endpoint, f, **options)
    ~~~~~~~~~~~~~~~~~^^^^^^^^^^^^^^^^^^^^^^^^^^^^^^
  File "/home/administrator/venv/lib/python3.14/site-packages/flask/scaffold.py", line 50, in wrapper_func
    return f(self, *args, **kwargs)
  File "/home/administrator/venv/lib/python3.14/site-packages/flask/app.py", line 1059, in add_url_rule
    raise AssertionError(
    ...<2 lines>...
    )
AssertionError: View function mapping is overwriting an existing endpoint function: api_dvr_probe


======================================================================
CRASH at 2026-09-30T07:25:35.832460
======================================================================
Traceback (most recent call last):
  File "/home/administrator/cctv/app.py", line 532, in <module>
    @app.route("/api/dvr/probe", methods=["POST"])
     ~~~~~~~~~^^^^^^^^^^^^^^^^^^^^^^^^^^^^^^^^^^^^
  File "/home/administrator/venv/lib/python3.14/site-packages/flask/scaffold.py", line 435, in decorator
    self.add_url_rule(rule, endpoint, f, **options)
    ~~~~~~~~~~~~~~~~~^^^^^^^^^^^^^^^^^^^^^^^^^^^^^^
  File "/home/administrator/venv/lib/python3.14/site-packages/flask/scaffold.py", line 50, in wrapper_func
    return f(self, *args, **kwargs)
  File "/home/administrator/venv/lib/python3.14/site-packages/flask/app.py", line 1059, in add_url_rule
    raise AssertionError(
    ...<2 lines>...
    )
AssertionError: View function mapping is overwriting an existing endpoint function: api_dvr_probe


======================================================================
CRASH at 2026-09-30T07:25:41.332243
======================================================================
Traceback (most recent call last):
  File "/home/administrator/cctv/app.py", line 532, in <module>
    @app.route("/api/dvr/probe", methods=["POST"])
     ~~~~~~~~~^^^^^^^^^^^^^^^^^^^^^^^^^^^^^^^^^^^^
  File "/home/administrator/venv/lib/python3.14/site-packages/flask/scaffold.py", line 435, in decorator
    self.add_url_rule(rule, endpoint, f, **options)
    ~~~~~~~~~~~~~~~~~^^^^^^^^^^^^^^^^^^^^^^^^^^^^^^
  File "/home/administrator/venv/lib/python3.14/site-packages/flask/scaffold.py", line 50, in wrapper_func
    return f(self, *args, **kwargs)
  File "/home/administrator/venv/lib/python3.14/site-packages/flask/app.py", line 1059, in add_url_rule
    raise AssertionError(
    ...<2 lines>...
    )
AssertionError: View function mapping is overwriting an existing endpoint function: api_dvr_probe


======================================================================
CRASH at 2026-09-30T07:25:46.831307
======================================================================
Traceback (most recent call last):
  File "/home/administrator/cctv/app.py", line 532, in <module>
    @app.route("/api/dvr/probe", methods=["POST"])
     ~~~~~~~~~^^^^^^^^^^^^^^^^^^^^^^^^^^^^^^^^^^^^
  File "/home/administrator/venv/lib/python3.14/site-packages/flask/scaffold.py", line 435, in decorator
    self.add_url_rule(rule, endpoint, f, **options)
    ~~~~~~~~~~~~~~~~~^^^^^^^^^^^^^^^^^^^^^^^^^^^^^^
  File "/home/administrator/venv/lib/python3.14/site-packages/flask/scaffold.py", line 50, in wrapper_func
    return f(self, *args, **kwargs)
  File "/home/administrator/venv/lib/python3.14/site-packages/flask/app.py", line 1059, in add_url_rule
    raise AssertionError(
    ...<2 lines>...
    )
AssertionError: View function mapping is overwriting an existing endpoint function: api_dvr_probe


======================================================================
CRASH at 2026-09-30T07:25:52.331567
======================================================================
Traceback (most recent call last):
  File "/home/administrator/cctv/app.py", line 532, in <module>
    @app.route("/api/dvr/probe", methods=["POST"])
     ~~~~~~~~~^^^^^^^^^^^^^^^^^^^^^^^^^^^^^^^^^^^^
  File "/home/administrator/venv/lib/python3.14/site-packages/flask/scaffold.py", line 435, in decorator
    self.add_url_rule(rule, endpoint, f, **options)
    ~~~~~~~~~~~~~~~~~^^^^^^^^^^^^^^^^^^^^^^^^^^^^^^
  File "/home/administrator/venv/lib/python3.14/site-packages/flask/scaffold.py", line 50, in wrapper_func
    return f(self, *args, **kwargs)
  File "/home/administrator/venv/lib/python3.14/site-packages/flask/app.py", line 1059, in add_url_rule
    raise AssertionError(
    ...<2 lines>...
    )
AssertionError: View function mapping is overwriting an existing endpoint function: api_dvr_probe


======================================================================
CRASH at 2026-09-30T07:25:57.829384
======================================================================
Traceback (most recent call last):
  File "/home/administrator/cctv/app.py", line 532, in <module>
    @app.route("/api/dvr/probe", methods=["POST"])
     ~~~~~~~~~^^^^^^^^^^^^^^^^^^^^^^^^^^^^^^^^^^^^
  File "/home/administrator/venv/lib/python3.14/site-packages/flask/scaffold.py", line 435, in decorator
    self.add_url_rule(rule, endpoint, f, **options)
    ~~~~~~~~~~~~~~~~~^^^^^^^^^^^^^^^^^^^^^^^^^^^^^^
  File "/home/administrator/venv/lib/python3.14/site-packages/flask/scaffold.py", line 50, in wrapper_func
    return f(self, *args, **kwargs)
  File "/home/administrator/venv/lib/python3.14/site-packages/flask/app.py", line 1059, in add_url_rule
    raise AssertionError(
    ...<2 lines>...
    )
AssertionError: View function mapping is overwriting an existing endpoint function: api_dvr_probe


======================================================================
CRASH at 2026-09-30T07:26:03.327793
======================================================================
Traceback (most recent call last):
  File "/home/administrator/cctv/app.py", line 532, in <module>
    @app.route("/api/dvr/probe", methods=["POST"])
     ~~~~~~~~~^^^^^^^^^^^^^^^^^^^^^^^^^^^^^^^^^^^^
  File "/home/administrator/venv/lib/python3.14/site-packages/flask/scaffold.py", line 435, in decorator
    self.add_url_rule(rule, endpoint, f, **options)
    ~~~~~~~~~~~~~~~~~^^^^^^^^^^^^^^^^^^^^^^^^^^^^^^
  File "/home/administrator/venv/lib/python3.14/site-packages/flask/scaffold.py", line 50, in wrapper_func
    return f(self, *args, **kwargs)
  File "/home/administrator/venv/lib/python3.14/site-packages/flask/app.py", line 1059, in add_url_rule
    raise AssertionError(
    ...<2 lines>...
    )
AssertionError: View function mapping is overwriting an existing endpoint function: api_dvr_probe


======================================================================
CRASH at 2026-09-30T07:26:08.829163
======================================================================
Traceback (most recent call last):
  File "/home/administrator/cctv/app.py", line 532, in <module>
    @app.route("/api/dvr/probe", methods=["POST"])
     ~~~~~~~~~^^^^^^^^^^^^^^^^^^^^^^^^^^^^^^^^^^^^
  File "/home/administrator/venv/lib/python3.14/site-packages/flask/scaffold.py", line 435, in decorator
    self.add_url_rule(rule, endpoint, f, **options)
    ~~~~~~~~~~~~~~~~~^^^^^^^^^^^^^^^^^^^^^^^^^^^^^^
  File "/home/administrator/venv/lib/python3.14/site-packages/flask/scaffold.py", line 50, in wrapper_func
    return f(self, *args, **kwargs)
  File "/home/administrator/venv/lib/python3.14/site-packages/flask/app.py", line 1059, in add_url_rule
    raise AssertionError(
    ...<2 lines>...
    )
AssertionError: View function mapping is overwriting an existing endpoint function: api_dvr_probe


======================================================================
CRASH at 2026-09-30T07:26:14.332613
======================================================================
Traceback (most recent call last):
  File "/home/administrator/cctv/app.py", line 532, in <module>
    @app.route("/api/dvr/probe", methods=["POST"])
     ~~~~~~~~~^^^^^^^^^^^^^^^^^^^^^^^^^^^^^^^^^^^^
  File "/home/administrator/venv/lib/python3.14/site-packages/flask/scaffold.py", line 435, in decorator
    self.add_url_rule(rule, endpoint, f, **options)
    ~~~~~~~~~~~~~~~~~^^^^^^^^^^^^^^^^^^^^^^^^^^^^^^
  File "/home/administrator/venv/lib/python3.14/site-packages/flask/scaffold.py", line 50, in wrapper_func
    return f(self, *args, **kwargs)
  File "/home/administrator/venv/lib/python3.14/site-packages/flask/app.py", line 1059, in add_url_rule
    raise AssertionError(
    ...<2 lines>...
    )
AssertionError: View function mapping is overwriting an existing endpoint function: api_dvr_probe


======================================================================
CRASH at 2026-09-30T07:26:19.829876
======================================================================
Traceback (most recent call last):
  File "/home/administrator/cctv/app.py", line 532, in <module>
    @app.route("/api/dvr/probe", methods=["POST"])
     ~~~~~~~~~^^^^^^^^^^^^^^^^^^^^^^^^^^^^^^^^^^^^
  File "/home/administrator/venv/lib/python3.14/site-packages/flask/scaffold.py", line 435, in decorator
    self.add_url_rule(rule, endpoint, f, **options)
    ~~~~~~~~~~~~~~~~~^^^^^^^^^^^^^^^^^^^^^^^^^^^^^^
  File "/home/administrator/venv/lib/python3.14/site-packages/flask/scaffold.py", line 50, in wrapper_func
    return f(self, *args, **kwargs)
  File "/home/administrator/venv/lib/python3.14/site-packages/flask/app.py", line 1059, in add_url_rule
    raise AssertionError(
    ...<2 lines>...
    )
AssertionError: View function mapping is overwriting an existing endpoint function: api_dvr_probe


======================================================================
CRASH at 2026-09-30T07:26:25.333811
======================================================================
Traceback (most recent call last):
  File "/home/administrator/cctv/app.py", line 532, in <module>
    @app.route("/api/dvr/probe", methods=["POST"])
     ~~~~~~~~~^^^^^^^^^^^^^^^^^^^^^^^^^^^^^^^^^^^^
  File "/home/administrator/venv/lib/python3.14/site-packages/flask/scaffold.py", line 435, in decorator
    self.add_url_rule(rule, endpoint, f, **options)
    ~~~~~~~~~~~~~~~~~^^^^^^^^^^^^^^^^^^^^^^^^^^^^^^
  File "/home/administrator/venv/lib/python3.14/site-packages/flask/scaffold.py", line 50, in wrapper_func
    return f(self, *args, **kwargs)
  File "/home/administrator/venv/lib/python3.14/site-packages/flask/app.py", line 1059, in add_url_rule
    raise AssertionError(
    ...<2 lines>...
    )
AssertionError: View function mapping is overwriting an existing endpoint function: api_dvr_probe


======================================================================
CRASH at 2026-09-30T07:26:30.824103
======================================================================
Traceback (most recent call last):
  File "/home/administrator/cctv/app.py", line 532, in <module>
    @app.route("/api/dvr/probe", methods=["POST"])
     ~~~~~~~~~^^^^^^^^^^^^^^^^^^^^^^^^^^^^^^^^^^^^
  File "/home/administrator/venv/lib/python3.14/site-packages/flask/scaffold.py", line 435, in decorator
    self.add_url_rule(rule, endpoint, f, **options)
    ~~~~~~~~~~~~~~~~~^^^^^^^^^^^^^^^^^^^^^^^^^^^^^^
  File "/home/administrator/venv/lib/python3.14/site-packages/flask/scaffold.py", line 50, in wrapper_func
    return f(self, *args, **kwargs)
  File "/home/administrator/venv/lib/python3.14/site-packages/flask/app.py", line 1059, in add_url_rule
    raise AssertionError(
    ...<2 lines>...
    )
AssertionError: View function mapping is overwriting an existing endpoint function: api_dvr_probe


======================================================================
CRASH at 2026-09-30T07:26:36.331136
======================================================================
Traceback (most recent call last):
  File "/home/administrator/cctv/app.py", line 532, in <module>
    @app.route("/api/dvr/probe", methods=["POST"])
     ~~~~~~~~~^^^^^^^^^^^^^^^^^^^^^^^^^^^^^^^^^^^^
  File "/home/administrator/venv/lib/python3.14/site-packages/flask/scaffold.py", line 435, in decorator
    self.add_url_rule(rule, endpoint, f, **options)
    ~~~~~~~~~~~~~~~~~^^^^^^^^^^^^^^^^^^^^^^^^^^^^^^
  File "/home/administrator/venv/lib/python3.14/site-packages/flask/scaffold.py", line 50, in wrapper_func
    return f(self, *args, **kwargs)
  File "/home/administrator/venv/lib/python3.14/site-packages/flask/app.py", line 1059, in add_url_rule
    raise AssertionError(
    ...<2 lines>...
    )
AssertionError: View function mapping is overwriting an existing endpoint function: api_dvr_probe


======================================================================
CRASH at 2026-09-30T07:26:41.831718
======================================================================
Traceback (most recent call last):
  File "/home/administrator/cctv/app.py", line 532, in <module>
    @app.route("/api/dvr/probe", methods=["POST"])
     ~~~~~~~~~^^^^^^^^^^^^^^^^^^^^^^^^^^^^^^^^^^^^
  File "/home/administrator/venv/lib/python3.14/site-packages/flask/scaffold.py", line 435, in decorator
    self.add_url_rule(rule, endpoint, f, **options)
    ~~~~~~~~~~~~~~~~~^^^^^^^^^^^^^^^^^^^^^^^^^^^^^^
  File "/home/administrator/venv/lib/python3.14/site-packages/flask/scaffold.py", line 50, in wrapper_func
    return f(self, *args, **kwargs)
  File "/home/administrator/venv/lib/python3.14/site-packages/flask/app.py", line 1059, in add_url_rule
    raise AssertionError(
    ...<2 lines>...
    )
AssertionError: View function mapping is overwriting an existing endpoint function: api_dvr_probe


======================================================================
CRASH at 2026-09-30T07:26:47.329651
======================================================================
Traceback (most recent call last):
  File "/home/administrator/cctv/app.py", line 532, in <module>
    @app.route("/api/dvr/probe", methods=["POST"])
     ~~~~~~~~~^^^^^^^^^^^^^^^^^^^^^^^^^^^^^^^^^^^^
  File "/home/administrator/venv/lib/python3.14/site-packages/flask/scaffold.py", line 435, in decorator
    self.add_url_rule(rule, endpoint, f, **options)
    ~~~~~~~~~~~~~~~~~^^^^^^^^^^^^^^^^^^^^^^^^^^^^^^
  File "/home/administrator/venv/lib/python3.14/site-packages/flask/scaffold.py", line 50, in wrapper_func
    return f(self, *args, **kwargs)
  File "/home/administrator/venv/lib/python3.14/site-packages/flask/app.py", line 1059, in add_url_rule
    raise AssertionError(
    ...<2 lines>...
    )
AssertionError: View function mapping is overwriting an existing endpoint function: api_dvr_probe


======================================================================
CRASH at 2026-09-30T07:26:52.831193
======================================================================
Traceback (most recent call last):
  File "/home/administrator/cctv/app.py", line 532, in <module>
    @app.route("/api/dvr/probe", methods=["POST"])
     ~~~~~~~~~^^^^^^^^^^^^^^^^^^^^^^^^^^^^^^^^^^^^
  File "/home/administrator/venv/lib/python3.14/site-packages/flask/scaffold.py", line 435, in decorator
    self.add_url_rule(rule, endpoint, f, **options)
    ~~~~~~~~~~~~~~~~~^^^^^^^^^^^^^^^^^^^^^^^^^^^^^^
  File "/home/administrator/venv/lib/python3.14/site-packages/flask/scaffold.py", line 50, in wrapper_func
    return f(self, *args, **kwargs)
  File "/home/administrator/venv/lib/python3.14/site-packages/flask/app.py", line 1059, in add_url_rule
    raise AssertionError(
    ...<2 lines>...
    )
AssertionError: View function mapping is overwriting an existing endpoint function: api_dvr_probe


======================================================================
CRASH at 2026-09-30T07:26:58.328254
======================================================================
Traceback (most recent call last):
  File "/home/administrator/cctv/app.py", line 532, in <module>
    @app.route("/api/dvr/probe", methods=["POST"])
     ~~~~~~~~~^^^^^^^^^^^^^^^^^^^^^^^^^^^^^^^^^^^^
  File "/home/administrator/venv/lib/python3.14/site-packages/flask/scaffold.py", line 435, in decorator
    self.add_url_rule(rule, endpoint, f, **options)
    ~~~~~~~~~~~~~~~~~^^^^^^^^^^^^^^^^^^^^^^^^^^^^^^
  File "/home/administrator/venv/lib/python3.14/site-packages/flask/scaffold.py", line 50, in wrapper_func
    return f(self, *args, **kwargs)
  File "/home/administrator/venv/lib/python3.14/site-packages/flask/app.py", line 1059, in add_url_rule
    raise AssertionError(
    ...<2 lines>...
    )
AssertionError: View function mapping is overwriting an existing endpoint function: api_dvr_probe


======================================================================
CRASH at 2026-09-30T07:27:03.830860
======================================================================
Traceback (most recent call last):
  File "/home/administrator/cctv/app.py", line 532, in <module>
    @app.route("/api/dvr/probe", methods=["POST"])
     ~~~~~~~~~^^^^^^^^^^^^^^^^^^^^^^^^^^^^^^^^^^^^
  File "/home/administrator/venv/lib/python3.14/site-packages/flask/scaffold.py", line 435, in decorator
    self.add_url_rule(rule, endpoint, f, **options)
    ~~~~~~~~~~~~~~~~~^^^^^^^^^^^^^^^^^^^^^^^^^^^^^^
  File "/home/administrator/venv/lib/python3.14/site-packages/flask/scaffold.py", line 50, in wrapper_func
    return f(self, *args, **kwargs)
  File "/home/administrator/venv/lib/python3.14/site-packages/flask/app.py", line 1059, in add_url_rule
    raise AssertionError(
    ...<2 lines>...
    )
AssertionError: View function mapping is overwriting an existing endpoint function: api_dvr_probe


======================================================================
CRASH at 2026-09-30T07:27:09.324051
======================================================================
Traceback (most recent call last):
  File "/home/administrator/cctv/app.py", line 532, in <module>
    @app.route("/api/dvr/probe", methods=["POST"])
     ~~~~~~~~~^^^^^^^^^^^^^^^^^^^^^^^^^^^^^^^^^^^^
  File "/home/administrator/venv/lib/python3.14/site-packages/flask/scaffold.py", line 435, in decorator
    self.add_url_rule(rule, endpoint, f, **options)
    ~~~~~~~~~~~~~~~~~^^^^^^^^^^^^^^^^^^^^^^^^^^^^^^
  File "/home/administrator/venv/lib/python3.14/site-packages/flask/scaffold.py", line 50, in wrapper_func
    return f(self, *args, **kwargs)
  File "/home/administrator/venv/lib/python3.14/site-packages/flask/app.py", line 1059, in add_url_rule
    raise AssertionError(
    ...<2 lines>...
    )
AssertionError: View function mapping is overwriting an existing endpoint function: api_dvr_probe


======================================================================
CRASH at 2026-09-30T07:27:14.827581
======================================================================
Traceback (most recent call last):
  File "/home/administrator/cctv/app.py", line 532, in <module>
    @app.route("/api/dvr/probe", methods=["POST"])
     ~~~~~~~~~^^^^^^^^^^^^^^^^^^^^^^^^^^^^^^^^^^^^
  File "/home/administrator/venv/lib/python3.14/site-packages/flask/scaffold.py", line 435, in decorator
    self.add_url_rule(rule, endpoint, f, **options)
    ~~~~~~~~~~~~~~~~~^^^^^^^^^^^^^^^^^^^^^^^^^^^^^^
  File "/home/administrator/venv/lib/python3.14/site-packages/flask/scaffold.py", line 50, in wrapper_func
    return f(self, *args, **kwargs)
  File "/home/administrator/venv/lib/python3.14/site-packages/flask/app.py", line 1059, in add_url_rule
    raise AssertionError(
    ...<2 lines>...
    )
AssertionError: View function mapping is overwriting an existing endpoint function: api_dvr_probe


======================================================================
CRASH at 2026-09-30T07:27:20.331421
======================================================================
Traceback (most recent call last):
  File "/home/administrator/cctv/app.py", line 532, in <module>
    @app.route("/api/dvr/probe", methods=["POST"])
     ~~~~~~~~~^^^^^^^^^^^^^^^^^^^^^^^^^^^^^^^^^^^^
  File "/home/administrator/venv/lib/python3.14/site-packages/flask/scaffold.py", line 435, in decorator
    self.add_url_rule(rule, endpoint, f, **options)
    ~~~~~~~~~~~~~~~~~^^^^^^^^^^^^^^^^^^^^^^^^^^^^^^
  File "/home/administrator/venv/lib/python3.14/site-packages/flask/scaffold.py", line 50, in wrapper_func
    return f(self, *args, **kwargs)
  File "/home/administrator/venv/lib/python3.14/site-packages/flask/app.py", line 1059, in add_url_rule
    raise AssertionError(
    ...<2 lines>...
    )
AssertionError: View function mapping is overwriting an existing endpoint function: api_dvr_probe


======================================================================
CRASH at 2026-09-30T07:27:25.830269
======================================================================
Traceback (most recent call last):
  File "/home/administrator/cctv/app.py", line 532, in <module>
    @app.route("/api/dvr/probe", methods=["POST"])
     ~~~~~~~~~^^^^^^^^^^^^^^^^^^^^^^^^^^^^^^^^^^^^
  File "/home/administrator/venv/lib/python3.14/site-packages/flask/scaffold.py", line 435, in decorator
    self.add_url_rule(rule, endpoint, f, **options)
    ~~~~~~~~~~~~~~~~~^^^^^^^^^^^^^^^^^^^^^^^^^^^^^^
  File "/home/administrator/venv/lib/python3.14/site-packages/flask/scaffold.py", line 50, in wrapper_func
    return f(self, *args, **kwargs)
  File "/home/administrator/venv/lib/python3.14/site-packages/flask/app.py", line 1059, in add_url_rule
    raise AssertionError(
    ...<2 lines>...
    )
AssertionError: View function mapping is overwriting an existing endpoint function: api_dvr_probe


======================================================================
CRASH at 2026-09-30T07:27:31.329537
======================================================================
Traceback (most recent call last):
  File "/home/administrator/cctv/app.py", line 532, in <module>
    @app.route("/api/dvr/probe", methods=["POST"])
     ~~~~~~~~~^^^^^^^^^^^^^^^^^^^^^^^^^^^^^^^^^^^^
  File "/home/administrator/venv/lib/python3.14/site-packages/flask/scaffold.py", line 435, in decorator
    self.add_url_rule(rule, endpoint, f, **options)
    ~~~~~~~~~~~~~~~~~^^^^^^^^^^^^^^^^^^^^^^^^^^^^^^
  File "/home/administrator/venv/lib/python3.14/site-packages/flask/scaffold.py", line 50, in wrapper_func
    return f(self, *args, **kwargs)
  File "/home/administrator/venv/lib/python3.14/site-packages/flask/app.py", line 1059, in add_url_rule
    raise AssertionError(
    ...<2 lines>...
    )
AssertionError: View function mapping is overwriting an existing endpoint function: api_dvr_probe


======================================================================
CRASH at 2026-09-30T07:27:36.829369
======================================================================
Traceback (most recent call last):
  File "/home/administrator/cctv/app.py", line 532, in <module>
    @app.route("/api/dvr/probe", methods=["POST"])
     ~~~~~~~~~^^^^^^^^^^^^^^^^^^^^^^^^^^^^^^^^^^^^
  File "/home/administrator/venv/lib/python3.14/site-packages/flask/scaffold.py", line 435, in decorator
    self.add_url_rule(rule, endpoint, f, **options)
    ~~~~~~~~~~~~~~~~~^^^^^^^^^^^^^^^^^^^^^^^^^^^^^^
  File "/home/administrator/venv/lib/python3.14/site-packages/flask/scaffold.py", line 50, in wrapper_func
    return f(self, *args, **kwargs)
  File "/home/administrator/venv/lib/python3.14/site-packages/flask/app.py", line 1059, in add_url_rule
    raise AssertionError(
    ...<2 lines>...
    )
AssertionError: View function mapping is overwriting an existing endpoint function: api_dvr_probe


======================================================================
CRASH at 2026-09-30T07:27:42.330042
======================================================================
Traceback (most recent call last):
  File "/home/administrator/cctv/app.py", line 532, in <module>
    @app.route("/api/dvr/probe", methods=["POST"])
     ~~~~~~~~~^^^^^^^^^^^^^^^^^^^^^^^^^^^^^^^^^^^^
  File "/home/administrator/venv/lib/python3.14/site-packages/flask/scaffold.py", line 435, in decorator
    self.add_url_rule(rule, endpoint, f, **options)
    ~~~~~~~~~~~~~~~~~^^^^^^^^^^^^^^^^^^^^^^^^^^^^^^
  File "/home/administrator/venv/lib/python3.14/site-packages/flask/scaffold.py", line 50, in wrapper_func
    return f(self, *args, **kwargs)
  File "/home/administrator/venv/lib/python3.14/site-packages/flask/app.py", line 1059, in add_url_rule
    raise AssertionError(
    ...<2 lines>...
    )
AssertionError: View function mapping is overwriting an existing endpoint function: api_dvr_probe


======================================================================
CRASH at 2026-09-30T07:27:47.831424
======================================================================
Traceback (most recent call last):
  File "/home/administrator/cctv/app.py", line 532, in <module>
    @app.route("/api/dvr/probe", methods=["POST"])
     ~~~~~~~~~^^^^^^^^^^^^^^^^^^^^^^^^^^^^^^^^^^^^
  File "/home/administrator/venv/lib/python3.14/site-packages/flask/scaffold.py", line 435, in decorator
    self.add_url_rule(rule, endpoint, f, **options)
    ~~~~~~~~~~~~~~~~~^^^^^^^^^^^^^^^^^^^^^^^^^^^^^^
  File "/home/administrator/venv/lib/python3.14/site-packages/flask/scaffold.py", line 50, in wrapper_func
    return f(self, *args, **kwargs)
  File "/home/administrator/venv/lib/python3.14/site-packages/flask/app.py", line 1059, in add_url_rule
    raise AssertionError(
    ...<2 lines>...
    )
AssertionError: View function mapping is overwriting an existing endpoint function: api_dvr_probe


======================================================================
CRASH at 2026-09-30T07:27:53.333925
======================================================================
Traceback (most recent call last):
  File "/home/administrator/cctv/app.py", line 532, in <module>
    @app.route("/api/dvr/probe", methods=["POST"])
     ~~~~~~~~~^^^^^^^^^^^^^^^^^^^^^^^^^^^^^^^^^^^^
  File "/home/administrator/venv/lib/python3.14/site-packages/flask/scaffold.py", line 435, in decorator
    self.add_url_rule(rule, endpoint, f, **options)
    ~~~~~~~~~~~~~~~~~^^^^^^^^^^^^^^^^^^^^^^^^^^^^^^
  File "/home/administrator/venv/lib/python3.14/site-packages/flask/scaffold.py", line 50, in wrapper_func
    return f(self, *args, **kwargs)
  File "/home/administrator/venv/lib/python3.14/site-packages/flask/app.py", line 1059, in add_url_rule
    raise AssertionError(
    ...<2 lines>...
    )
AssertionError: View function mapping is overwriting an existing endpoint function: api_dvr_probe


======================================================================
CRASH at 2026-09-30T07:27:58.829312
======================================================================
Traceback (most recent call last):
  File "/home/administrator/cctv/app.py", line 532, in <module>
    @app.route("/api/dvr/probe", methods=["POST"])
     ~~~~~~~~~^^^^^^^^^^^^^^^^^^^^^^^^^^^^^^^^^^^^
  File "/home/administrator/venv/lib/python3.14/site-packages/flask/scaffold.py", line 435, in decorator
    self.add_url_rule(rule, endpoint, f, **options)
    ~~~~~~~~~~~~~~~~~^^^^^^^^^^^^^^^^^^^^^^^^^^^^^^
  File "/home/administrator/venv/lib/python3.14/site-packages/flask/scaffold.py", line 50, in wrapper_func
    return f(self, *args, **kwargs)
  File "/home/administrator/venv/lib/python3.14/site-packages/flask/app.py", line 1059, in add_url_rule
    raise AssertionError(
    ...<2 lines>...
    )
AssertionError: View function mapping is overwriting an existing endpoint function: api_dvr_probe


======================================================================
CRASH at 2026-09-30T07:28:04.325689
======================================================================
Traceback (most recent call last):
  File "/home/administrator/cctv/app.py", line 532, in <module>
    @app.route("/api/dvr/probe", methods=["POST"])
     ~~~~~~~~~^^^^^^^^^^^^^^^^^^^^^^^^^^^^^^^^^^^^
  File "/home/administrator/venv/lib/python3.14/site-packages/flask/scaffold.py", line 435, in decorator
    self.add_url_rule(rule, endpoint, f, **options)
    ~~~~~~~~~~~~~~~~~^^^^^^^^^^^^^^^^^^^^^^^^^^^^^^
  File "/home/administrator/venv/lib/python3.14/site-packages/flask/scaffold.py", line 50, in wrapper_func
    return f(self, *args, **kwargs)
  File "/home/administrator/venv/lib/python3.14/site-packages/flask/app.py", line 1059, in add_url_rule
    raise AssertionError(
    ...<2 lines>...
    )
AssertionError: View function mapping is overwriting an existing endpoint function: api_dvr_probe


======================================================================
CRASH at 2026-09-30T07:28:09.832647
======================================================================
Traceback (most recent call last):
  File "/home/administrator/cctv/app.py", line 532, in <module>
    @app.route("/api/dvr/probe", methods=["POST"])
     ~~~~~~~~~^^^^^^^^^^^^^^^^^^^^^^^^^^^^^^^^^^^^
  File "/home/administrator/venv/lib/python3.14/site-packages/flask/scaffold.py", line 435, in decorator
    self.add_url_rule(rule, endpoint, f, **options)
    ~~~~~~~~~~~~~~~~~^^^^^^^^^^^^^^^^^^^^^^^^^^^^^^
  File "/home/administrator/venv/lib/python3.14/site-packages/flask/scaffold.py", line 50, in wrapper_func
    return f(self, *args, **kwargs)
  File "/home/administrator/venv/lib/python3.14/site-packages/flask/app.py", line 1059, in add_url_rule
    raise AssertionError(
    ...<2 lines>...
    )
AssertionError: View function mapping is overwriting an existing endpoint function: api_dvr_probe


======================================================================
CRASH at 2026-09-30T07:28:15.325838
======================================================================
Traceback (most recent call last):
  File "/home/administrator/cctv/app.py", line 532, in <module>
    @app.route("/api/dvr/probe", methods=["POST"])
     ~~~~~~~~~^^^^^^^^^^^^^^^^^^^^^^^^^^^^^^^^^^^^
  File "/home/administrator/venv/lib/python3.14/site-packages/flask/scaffold.py", line 435, in decorator
    self.add_url_rule(rule, endpoint, f, **options)
    ~~~~~~~~~~~~~~~~~^^^^^^^^^^^^^^^^^^^^^^^^^^^^^^
  File "/home/administrator/venv/lib/python3.14/site-packages/flask/scaffold.py", line 50, in wrapper_func
    return f(self, *args, **kwargs)
  File "/home/administrator/venv/lib/python3.14/site-packages/flask/app.py", line 1059, in add_url_rule
    raise AssertionError(
    ...<2 lines>...
    )
AssertionError: View function mapping is overwriting an existing endpoint function: api_dvr_probe


======================================================================
CRASH at 2026-09-30T07:28:20.829769
======================================================================
Traceback (most recent call last):
  File "/home/administrator/cctv/app.py", line 532, in <module>
    @app.route("/api/dvr/probe", methods=["POST"])
     ~~~~~~~~~^^^^^^^^^^^^^^^^^^^^^^^^^^^^^^^^^^^^
  File "/home/administrator/venv/lib/python3.14/site-packages/flask/scaffold.py", line 435, in decorator
    self.add_url_rule(rule, endpoint, f, **options)
    ~~~~~~~~~~~~~~~~~^^^^^^^^^^^^^^^^^^^^^^^^^^^^^^
  File "/home/administrator/venv/lib/python3.14/site-packages/flask/scaffold.py", line 50, in wrapper_func
    return f(self, *args, **kwargs)
  File "/home/administrator/venv/lib/python3.14/site-packages/flask/app.py", line 1059, in add_url_rule
    raise AssertionError(
    ...<2 lines>...
    )
AssertionError: View function mapping is overwriting an existing endpoint function: api_dvr_probe


======================================================================
CRASH at 2026-09-30T07:28:26.330781
======================================================================
Traceback (most recent call last):
  File "/home/administrator/cctv/app.py", line 532, in <module>
    @app.route("/api/dvr/probe", methods=["POST"])
     ~~~~~~~~~^^^^^^^^^^^^^^^^^^^^^^^^^^^^^^^^^^^^
  File "/home/administrator/venv/lib/python3.14/site-packages/flask/scaffold.py", line 435, in decorator
    self.add_url_rule(rule, endpoint, f, **options)
    ~~~~~~~~~~~~~~~~~^^^^^^^^^^^^^^^^^^^^^^^^^^^^^^
  File "/home/administrator/venv/lib/python3.14/site-packages/flask/scaffold.py", line 50, in wrapper_func
    return f(self, *args, **kwargs)
  File "/home/administrator/venv/lib/python3.14/site-packages/flask/app.py", line 1059, in add_url_rule
    raise AssertionError(
    ...<2 lines>...
    )
AssertionError: View function mapping is overwriting an existing endpoint function: api_dvr_probe


======================================================================
CRASH at 2026-09-30T07:28:31.830400
======================================================================
Traceback (most recent call last):
  File "/home/administrator/cctv/app.py", line 532, in <module>
    @app.route("/api/dvr/probe", methods=["POST"])
     ~~~~~~~~~^^^^^^^^^^^^^^^^^^^^^^^^^^^^^^^^^^^^
  File "/home/administrator/venv/lib/python3.14/site-packages/flask/scaffold.py", line 435, in decorator
    self.add_url_rule(rule, endpoint, f, **options)
    ~~~~~~~~~~~~~~~~~^^^^^^^^^^^^^^^^^^^^^^^^^^^^^^
  File "/home/administrator/venv/lib/python3.14/site-packages/flask/scaffold.py", line 50, in wrapper_func
    return f(self, *args, **kwargs)
  File "/home/administrator/venv/lib/python3.14/site-packages/flask/app.py", line 1059, in add_url_rule
    raise AssertionError(
    ...<2 lines>...
    )
AssertionError: View function mapping is overwriting an existing endpoint function: api_dvr_probe


======================================================================
CRASH at 2026-09-30T07:28:37.329362
======================================================================
Traceback (most recent call last):
  File "/home/administrator/cctv/app.py", line 532, in <module>
    @app.route("/api/dvr/probe", methods=["POST"])
     ~~~~~~~~~^^^^^^^^^^^^^^^^^^^^^^^^^^^^^^^^^^^^
  File "/home/administrator/venv/lib/python3.14/site-packages/flask/scaffold.py", line 435, in decorator
    self.add_url_rule(rule, endpoint, f, **options)
    ~~~~~~~~~~~~~~~~~^^^^^^^^^^^^^^^^^^^^^^^^^^^^^^
  File "/home/administrator/venv/lib/python3.14/site-packages/flask/scaffold.py", line 50, in wrapper_func
    return f(self, *args, **kwargs)
  File "/home/administrator/venv/lib/python3.14/site-packages/flask/app.py", line 1059, in add_url_rule
    raise AssertionError(
    ...<2 lines>...
    )
AssertionError: View function mapping is overwriting an existing endpoint function: api_dvr_probe


======================================================================
CRASH at 2026-09-30T07:28:42.826116
======================================================================
Traceback (most recent call last):
  File "/home/administrator/cctv/app.py", line 532, in <module>
    @app.route("/api/dvr/probe", methods=["POST"])
     ~~~~~~~~~^^^^^^^^^^^^^^^^^^^^^^^^^^^^^^^^^^^^
  File "/home/administrator/venv/lib/python3.14/site-packages/flask/scaffold.py", line 435, in decorator
    self.add_url_rule(rule, endpoint, f, **options)
    ~~~~~~~~~~~~~~~~~^^^^^^^^^^^^^^^^^^^^^^^^^^^^^^
  File "/home/administrator/venv/lib/python3.14/site-packages/flask/scaffold.py", line 50, in wrapper_func
    return f(self, *args, **kwargs)
  File "/home/administrator/venv/lib/python3.14/site-packages/flask/app.py", line 1059, in add_url_rule
    raise AssertionError(
    ...<2 lines>...
    )
AssertionError: View function mapping is overwriting an existing endpoint function: api_dvr_probe


======================================================================
CRASH at 2026-09-30T07:28:48.330059
======================================================================
Traceback (most recent call last):
  File "/home/administrator/cctv/app.py", line 532, in <module>
    @app.route("/api/dvr/probe", methods=["POST"])
     ~~~~~~~~~^^^^^^^^^^^^^^^^^^^^^^^^^^^^^^^^^^^^
  File "/home/administrator/venv/lib/python3.14/site-packages/flask/scaffold.py", line 435, in decorator
    self.add_url_rule(rule, endpoint, f, **options)
    ~~~~~~~~~~~~~~~~~^^^^^^^^^^^^^^^^^^^^^^^^^^^^^^
  File "/home/administrator/venv/lib/python3.14/site-packages/flask/scaffold.py", line 50, in wrapper_func
    return f(self, *args, **kwargs)
  File "/home/administrator/venv/lib/python3.14/site-packages/flask/app.py", line 1059, in add_url_rule
    raise AssertionError(
    ...<2 lines>...
    )
AssertionError: View function mapping is overwriting an existing endpoint function: api_dvr_probe


======================================================================
CRASH at 2026-09-30T07:28:53.831684
======================================================================
Traceback (most recent call last):
  File "/home/administrator/cctv/app.py", line 532, in <module>
    @app.route("/api/dvr/probe", methods=["POST"])
     ~~~~~~~~~^^^^^^^^^^^^^^^^^^^^^^^^^^^^^^^^^^^^
  File "/home/administrator/venv/lib/python3.14/site-packages/flask/scaffold.py", line 435, in decorator
    self.add_url_rule(rule, endpoint, f, **options)
    ~~~~~~~~~~~~~~~~~^^^^^^^^^^^^^^^^^^^^^^^^^^^^^^
  File "/home/administrator/venv/lib/python3.14/site-packages/flask/scaffold.py", line 50, in wrapper_func
    return f(self, *args, **kwargs)
  File "/home/administrator/venv/lib/python3.14/site-packages/flask/app.py", line 1059, in add_url_rule
    raise AssertionError(
    ...<2 lines>...
    )
AssertionError: View function mapping is overwriting an existing endpoint function: api_dvr_probe


======================================================================
CRASH at 2026-09-30T07:28:59.327860
======================================================================
Traceback (most recent call last):
  File "/home/administrator/cctv/app.py", line 532, in <module>
    @app.route("/api/dvr/probe", methods=["POST"])
     ~~~~~~~~~^^^^^^^^^^^^^^^^^^^^^^^^^^^^^^^^^^^^
  File "/home/administrator/venv/lib/python3.14/site-packages/flask/scaffold.py", line 435, in decorator
    self.add_url_rule(rule, endpoint, f, **options)
    ~~~~~~~~~~~~~~~~~^^^^^^^^^^^^^^^^^^^^^^^^^^^^^^
  File "/home/administrator/venv/lib/python3.14/site-packages/flask/scaffold.py", line 50, in wrapper_func
    return f(self, *args, **kwargs)
  File "/home/administrator/venv/lib/python3.14/site-packages/flask/app.py", line 1059, in add_url_rule
    raise AssertionError(
    ...<2 lines>...
    )
AssertionError: View function mapping is overwriting an existing endpoint function: api_dvr_probe


======================================================================
CRASH at 2026-09-30T07:29:04.827603
======================================================================
Traceback (most recent call last):
  File "/home/administrator/cctv/app.py", line 532, in <module>
    @app.route("/api/dvr/probe", methods=["POST"])
     ~~~~~~~~~^^^^^^^^^^^^^^^^^^^^^^^^^^^^^^^^^^^^
  File "/home/administrator/venv/lib/python3.14/site-packages/flask/scaffold.py", line 435, in decorator
    self.add_url_rule(rule, endpoint, f, **options)
    ~~~~~~~~~~~~~~~~~^^^^^^^^^^^^^^^^^^^^^^^^^^^^^^
  File "/home/administrator/venv/lib/python3.14/site-packages/flask/scaffold.py", line 50, in wrapper_func
    return f(self, *args, **kwargs)
  File "/home/administrator/venv/lib/python3.14/site-packages/flask/app.py", line 1059, in add_url_rule
    raise AssertionError(
    ...<2 lines>...
    )
AssertionError: View function mapping is overwriting an existing endpoint function: api_dvr_probe


======================================================================
CRASH at 2026-09-30T07:29:10.331984
======================================================================
Traceback (most recent call last):
  File "/home/administrator/cctv/app.py", line 532, in <module>
    @app.route("/api/dvr/probe", methods=["POST"])
     ~~~~~~~~~^^^^^^^^^^^^^^^^^^^^^^^^^^^^^^^^^^^^
  File "/home/administrator/venv/lib/python3.14/site-packages/flask/scaffold.py", line 435, in decorator
    self.add_url_rule(rule, endpoint, f, **options)
    ~~~~~~~~~~~~~~~~~^^^^^^^^^^^^^^^^^^^^^^^^^^^^^^
  File "/home/administrator/venv/lib/python3.14/site-packages/flask/scaffold.py", line 50, in wrapper_func
    return f(self, *args, **kwargs)
  File "/home/administrator/venv/lib/python3.14/site-packages/flask/app.py", line 1059, in add_url_rule
    raise AssertionError(
    ...<2 lines>...
    )
AssertionError: View function mapping is overwriting an existing endpoint function: api_dvr_probe


======================================================================
CRASH at 2026-09-30T07:29:15.827381
======================================================================
Traceback (most recent call last):
  File "/home/administrator/cctv/app.py", line 532, in <module>
    @app.route("/api/dvr/probe", methods=["POST"])
     ~~~~~~~~~^^^^^^^^^^^^^^^^^^^^^^^^^^^^^^^^^^^^
  File "/home/administrator/venv/lib/python3.14/site-packages/flask/scaffold.py", line 435, in decorator
    self.add_url_rule(rule, endpoint, f, **options)
    ~~~~~~~~~~~~~~~~~^^^^^^^^^^^^^^^^^^^^^^^^^^^^^^
  File "/home/administrator/venv/lib/python3.14/site-packages/flask/scaffold.py", line 50, in wrapper_func
    return f(self, *args, **kwargs)
  File "/home/administrator/venv/lib/python3.14/site-packages/flask/app.py", line 1059, in add_url_rule
    raise AssertionError(
    ...<2 lines>...
    )
AssertionError: View function mapping is overwriting an existing endpoint function: api_dvr_probe


======================================================================
CRASH at 2026-09-30T07:29:21.329609
======================================================================
Traceback (most recent call last):
  File "/home/administrator/cctv/app.py", line 532, in <module>
    @app.route("/api/dvr/probe", methods=["POST"])
     ~~~~~~~~~^^^^^^^^^^^^^^^^^^^^^^^^^^^^^^^^^^^^
  File "/home/administrator/venv/lib/python3.14/site-packages/flask/scaffold.py", line 435, in decorator
    self.add_url_rule(rule, endpoint, f, **options)
    ~~~~~~~~~~~~~~~~~^^^^^^^^^^^^^^^^^^^^^^^^^^^^^^
  File "/home/administrator/venv/lib/python3.14/site-packages/flask/scaffold.py", line 50, in wrapper_func
    return f(self, *args, **kwargs)
  File "/home/administrator/venv/lib/python3.14/site-packages/flask/app.py", line 1059, in add_url_rule
    raise AssertionError(
    ...<2 lines>...
    )
AssertionError: View function mapping is overwriting an existing endpoint function: api_dvr_probe


======================================================================
CRASH at 2026-09-30T07:29:26.828398
======================================================================
Traceback (most recent call last):
  File "/home/administrator/cctv/app.py", line 532, in <module>
    @app.route("/api/dvr/probe", methods=["POST"])
     ~~~~~~~~~^^^^^^^^^^^^^^^^^^^^^^^^^^^^^^^^^^^^
  File "/home/administrator/venv/lib/python3.14/site-packages/flask/scaffold.py", line 435, in decorator
    self.add_url_rule(rule, endpoint, f, **options)
    ~~~~~~~~~~~~~~~~~^^^^^^^^^^^^^^^^^^^^^^^^^^^^^^
  File "/home/administrator/venv/lib/python3.14/site-packages/flask/scaffold.py", line 50, in wrapper_func
    return f(self, *args, **kwargs)
  File "/home/administrator/venv/lib/python3.14/site-packages/flask/app.py", line 1059, in add_url_rule
    raise AssertionError(
    ...<2 lines>...
    )
AssertionError: View function mapping is overwriting an existing endpoint function: api_dvr_probe


======================================================================
CRASH at 2026-09-30T07:29:32.331298
======================================================================
Traceback (most recent call last):
  File "/home/administrator/cctv/app.py", line 532, in <module>
    @app.route("/api/dvr/probe", methods=["POST"])
     ~~~~~~~~~^^^^^^^^^^^^^^^^^^^^^^^^^^^^^^^^^^^^
  File "/home/administrator/venv/lib/python3.14/site-packages/flask/scaffold.py", line 435, in decorator
    self.add_url_rule(rule, endpoint, f, **options)
    ~~~~~~~~~~~~~~~~~^^^^^^^^^^^^^^^^^^^^^^^^^^^^^^
  File "/home/administrator/venv/lib/python3.14/site-packages/flask/scaffold.py", line 50, in wrapper_func
    return f(self, *args, **kwargs)
  File "/home/administrator/venv/lib/python3.14/site-packages/flask/app.py", line 1059, in add_url_rule
    raise AssertionError(
    ...<2 lines>...
    )
AssertionError: View function mapping is overwriting an existing endpoint function: api_dvr_probe


======================================================================
CRASH at 2026-09-30T07:29:37.827734
======================================================================
Traceback (most recent call last):
  File "/home/administrator/cctv/app.py", line 532, in <module>
    @app.route("/api/dvr/probe", methods=["POST"])
     ~~~~~~~~~^^^^^^^^^^^^^^^^^^^^^^^^^^^^^^^^^^^^
  File "/home/administrator/venv/lib/python3.14/site-packages/flask/scaffold.py", line 435, in decorator
    self.add_url_rule(rule, endpoint, f, **options)
    ~~~~~~~~~~~~~~~~~^^^^^^^^^^^^^^^^^^^^^^^^^^^^^^
  File "/home/administrator/venv/lib/python3.14/site-packages/flask/scaffold.py", line 50, in wrapper_func
    return f(self, *args, **kwargs)
  File "/home/administrator/venv/lib/python3.14/site-packages/flask/app.py", line 1059, in add_url_rule
    raise AssertionError(
    ...<2 lines>...
    )
AssertionError: View function mapping is overwriting an existing endpoint function: api_dvr_probe


======================================================================
CRASH at 2026-09-30T07:29:43.329748
======================================================================
Traceback (most recent call last):
  File "/home/administrator/cctv/app.py", line 532, in <module>
    @app.route("/api/dvr/probe", methods=["POST"])
     ~~~~~~~~~^^^^^^^^^^^^^^^^^^^^^^^^^^^^^^^^^^^^
  File "/home/administrator/venv/lib/python3.14/site-packages/flask/scaffold.py", line 435, in decorator
    self.add_url_rule(rule, endpoint, f, **options)
    ~~~~~~~~~~~~~~~~~^^^^^^^^^^^^^^^^^^^^^^^^^^^^^^
  File "/home/administrator/venv/lib/python3.14/site-packages/flask/scaffold.py", line 50, in wrapper_func
    return f(self, *args, **kwargs)
  File "/home/administrator/venv/lib/python3.14/site-packages/flask/app.py", line 1059, in add_url_rule
    raise AssertionError(
    ...<2 lines>...
    )
AssertionError: View function mapping is overwriting an existing endpoint function: api_dvr_probe


======================================================================
CRASH at 2026-09-30T07:29:48.826683
======================================================================
Traceback (most recent call last):
  File "/home/administrator/cctv/app.py", line 532, in <module>
    @app.route("/api/dvr/probe", methods=["POST"])
     ~~~~~~~~~^^^^^^^^^^^^^^^^^^^^^^^^^^^^^^^^^^^^
  File "/home/administrator/venv/lib/python3.14/site-packages/flask/scaffold.py", line 435, in decorator
    self.add_url_rule(rule, endpoint, f, **options)
    ~~~~~~~~~~~~~~~~~^^^^^^^^^^^^^^^^^^^^^^^^^^^^^^
  File "/home/administrator/venv/lib/python3.14/site-packages/flask/scaffold.py", line 50, in wrapper_func
    return f(self, *args, **kwargs)
  File "/home/administrator/venv/lib/python3.14/site-packages/flask/app.py", line 1059, in add_url_rule
    raise AssertionError(
    ...<2 lines>...
    )
AssertionError: View function mapping is overwriting an existing endpoint function: api_dvr_probe


======================================================================
CRASH at 2026-09-30T07:29:54.327110
======================================================================
Traceback (most recent call last):
  File "/home/administrator/cctv/app.py", line 532, in <module>
    @app.route("/api/dvr/probe", methods=["POST"])
     ~~~~~~~~~^^^^^^^^^^^^^^^^^^^^^^^^^^^^^^^^^^^^
  File "/home/administrator/venv/lib/python3.14/site-packages/flask/scaffold.py", line 435, in decorator
    self.add_url_rule(rule, endpoint, f, **options)
    ~~~~~~~~~~~~~~~~~^^^^^^^^^^^^^^^^^^^^^^^^^^^^^^
  File "/home/administrator/venv/lib/python3.14/site-packages/flask/scaffold.py", line 50, in wrapper_func
    return f(self, *args, **kwargs)
  File "/home/administrator/venv/lib/python3.14/site-packages/flask/app.py", line 1059, in add_url_rule
    raise AssertionError(
    ...<2 lines>...
    )
AssertionError: View function mapping is overwriting an existing endpoint function: api_dvr_probe


======================================================================
CRASH at 2026-09-30T07:29:59.829722
======================================================================
Traceback (most recent call last):
  File "/home/administrator/cctv/app.py", line 532, in <module>
    @app.route("/api/dvr/probe", methods=["POST"])
     ~~~~~~~~~^^^^^^^^^^^^^^^^^^^^^^^^^^^^^^^^^^^^
  File "/home/administrator/venv/lib/python3.14/site-packages/flask/scaffold.py", line 435, in decorator
    self.add_url_rule(rule, endpoint, f, **options)
    ~~~~~~~~~~~~~~~~~^^^^^^^^^^^^^^^^^^^^^^^^^^^^^^
  File "/home/administrator/venv/lib/python3.14/site-packages/flask/scaffold.py", line 50, in wrapper_func
    return f(self, *args, **kwargs)
  File "/home/administrator/venv/lib/python3.14/site-packages/flask/app.py", line 1059, in add_url_rule
    raise AssertionError(
    ...<2 lines>...
    )
AssertionError: View function mapping is overwriting an existing endpoint function: api_dvr_probe


======================================================================
CRASH at 2026-09-30T07:30:05.332434
======================================================================
Traceback (most recent call last):
  File "/home/administrator/cctv/app.py", line 532, in <module>
    @app.route("/api/dvr/probe", methods=["POST"])
     ~~~~~~~~~^^^^^^^^^^^^^^^^^^^^^^^^^^^^^^^^^^^^
  File "/home/administrator/venv/lib/python3.14/site-packages/flask/scaffold.py", line 435, in decorator
    self.add_url_rule(rule, endpoint, f, **options)
    ~~~~~~~~~~~~~~~~~^^^^^^^^^^^^^^^^^^^^^^^^^^^^^^
  File "/home/administrator/venv/lib/python3.14/site-packages/flask/scaffold.py", line 50, in wrapper_func
    return f(self, *args, **kwargs)
  File "/home/administrator/venv/lib/python3.14/site-packages/flask/app.py", line 1059, in add_url_rule
    raise AssertionError(
    ...<2 lines>...
    )
AssertionError: View function mapping is overwriting an existing endpoint function: api_dvr_probe


======================================================================
CRASH at 2026-09-30T07:30:10.825873
======================================================================
Traceback (most recent call last):
  File "/home/administrator/cctv/app.py", line 532, in <module>
    @app.route("/api/dvr/probe", methods=["POST"])
     ~~~~~~~~~^^^^^^^^^^^^^^^^^^^^^^^^^^^^^^^^^^^^
  File "/home/administrator/venv/lib/python3.14/site-packages/flask/scaffold.py", line 435, in decorator
    self.add_url_rule(rule, endpoint, f, **options)
    ~~~~~~~~~~~~~~~~~^^^^^^^^^^^^^^^^^^^^^^^^^^^^^^
  File "/home/administrator/venv/lib/python3.14/site-packages/flask/scaffold.py", line 50, in wrapper_func
    return f(self, *args, **kwargs)
  File "/home/administrator/venv/lib/python3.14/site-packages/flask/app.py", line 1059, in add_url_rule
    raise AssertionError(
    ...<2 lines>...
    )
AssertionError: View function mapping is overwriting an existing endpoint function: api_dvr_probe


======================================================================
CRASH at 2026-09-30T07:30:16.329872
======================================================================
Traceback (most recent call last):
  File "/home/administrator/cctv/app.py", line 532, in <module>
    @app.route("/api/dvr/probe", methods=["POST"])
     ~~~~~~~~~^^^^^^^^^^^^^^^^^^^^^^^^^^^^^^^^^^^^
  File "/home/administrator/venv/lib/python3.14/site-packages/flask/scaffold.py", line 435, in decorator
    self.add_url_rule(rule, endpoint, f, **options)
    ~~~~~~~~~~~~~~~~~^^^^^^^^^^^^^^^^^^^^^^^^^^^^^^
  File "/home/administrator/venv/lib/python3.14/site-packages/flask/scaffold.py", line 50, in wrapper_func
    return f(self, *args, **kwargs)
  File "/home/administrator/venv/lib/python3.14/site-packages/flask/app.py", line 1059, in add_url_rule
    raise AssertionError(
    ...<2 lines>...
    )
AssertionError: View function mapping is overwriting an existing endpoint function: api_dvr_probe


======================================================================
CRASH at 2026-09-30T07:30:21.830530
======================================================================
Traceback (most recent call last):
  File "/home/administrator/cctv/app.py", line 532, in <module>
    @app.route("/api/dvr/probe", methods=["POST"])
     ~~~~~~~~~^^^^^^^^^^^^^^^^^^^^^^^^^^^^^^^^^^^^
  File "/home/administrator/venv/lib/python3.14/site-packages/flask/scaffold.py", line 435, in decorator
    self.add_url_rule(rule, endpoint, f, **options)
    ~~~~~~~~~~~~~~~~~^^^^^^^^^^^^^^^^^^^^^^^^^^^^^^
  File "/home/administrator/venv/lib/python3.14/site-packages/flask/scaffold.py", line 50, in wrapper_func
    return f(self, *args, **kwargs)
  File "/home/administrator/venv/lib/python3.14/site-packages/flask/app.py", line 1059, in add_url_rule
    raise AssertionError(
    ...<2 lines>...
    )
AssertionError: View function mapping is overwriting an existing endpoint function: api_dvr_probe


======================================================================
CRASH at 2026-09-30T07:30:27.354524
======================================================================
Traceback (most recent call last):
  File "/home/administrator/cctv/app.py", line 3028, in <module>
    @app.route("/api/playback/segments")
     ~~~~~~~~~^^^^^^^^^^^^^^^^^^^^^^^^^^
  File "/home/administrator/venv/lib/python3.14/site-packages/flask/scaffold.py", line 435, in decorator
    self.add_url_rule(rule, endpoint, f, **options)
    ~~~~~~~~~~~~~~~~~^^^^^^^^^^^^^^^^^^^^^^^^^^^^^^
  File "/home/administrator/venv/lib/python3.14/site-packages/flask/scaffold.py", line 50, in wrapper_func
    return f(self, *args, **kwargs)
  File "/home/administrator/venv/lib/python3.14/site-packages/flask/app.py", line 1059, in add_url_rule
    raise AssertionError(
    ...<2 lines>...
    )
AssertionError: View function mapping is overwriting an existing endpoint function: api_playback_segments


======================================================================
CRASH at 2026-09-30T07:30:32.852196
======================================================================
Traceback (most recent call last):
  File "/home/administrator/cctv/app.py", line 3028, in <module>
    @app.route("/api/playback/segments")
     ~~~~~~~~~^^^^^^^^^^^^^^^^^^^^^^^^^^
  File "/home/administrator/venv/lib/python3.14/site-packages/flask/scaffold.py", line 435, in decorator
    self.add_url_rule(rule, endpoint, f, **options)
    ~~~~~~~~~~~~~~~~~^^^^^^^^^^^^^^^^^^^^^^^^^^^^^^
  File "/home/administrator/venv/lib/python3.14/site-packages/flask/scaffold.py", line 50, in wrapper_func
    return f(self, *args, **kwargs)
  File "/home/administrator/venv/lib/python3.14/site-packages/flask/app.py", line 1059, in add_url_rule
    raise AssertionError(
    ...<2 lines>...
    )
AssertionError: View function mapping is overwriting an existing endpoint function: api_playback_segments


======================================================================
CRASH at 2026-09-30T07:30:38.349152
======================================================================
Traceback (most recent call last):
  File "/home/administrator/cctv/app.py", line 3028, in <module>
    @app.route("/api/playback/segments")
     ~~~~~~~~~^^^^^^^^^^^^^^^^^^^^^^^^^^
  File "/home/administrator/venv/lib/python3.14/site-packages/flask/scaffold.py", line 435, in decorator
    self.add_url_rule(rule, endpoint, f, **options)
    ~~~~~~~~~~~~~~~~~^^^^^^^^^^^^^^^^^^^^^^^^^^^^^^
  File "/home/administrator/venv/lib/python3.14/site-packages/flask/scaffold.py", line 50, in wrapper_func
    return f(self, *args, **kwargs)
  File "/home/administrator/venv/lib/python3.14/site-packages/flask/app.py", line 1059, in add_url_rule
    raise AssertionError(
    ...<2 lines>...
    )
AssertionError: View function mapping is overwriting an existing endpoint function: api_playback_segments


======================================================================
CRASH at 2026-09-30T07:30:43.844566
======================================================================
Traceback (most recent call last):
  File "/home/administrator/cctv/app.py", line 3028, in <module>
    @app.route("/api/playback/segments")
     ~~~~~~~~~^^^^^^^^^^^^^^^^^^^^^^^^^^
  File "/home/administrator/venv/lib/python3.14/site-packages/flask/scaffold.py", line 435, in decorator
    self.add_url_rule(rule, endpoint, f, **options)
    ~~~~~~~~~~~~~~~~~^^^^^^^^^^^^^^^^^^^^^^^^^^^^^^
  File "/home/administrator/venv/lib/python3.14/site-packages/flask/scaffold.py", line 50, in wrapper_func
    return f(self, *args, **kwargs)
  File "/home/administrator/venv/lib/python3.14/site-packages/flask/app.py", line 1059, in add_url_rule
    raise AssertionError(
    ...<2 lines>...
    )
AssertionError: View function mapping is overwriting an existing endpoint function: api_playback_segments


======================================================================
CRASH at 2026-09-30T07:30:49.348358
======================================================================
Traceback (most recent call last):
  File "/home/administrator/cctv/app.py", line 3028, in <module>
    @app.route("/api/playback/segments")
     ~~~~~~~~~^^^^^^^^^^^^^^^^^^^^^^^^^^
  File "/home/administrator/venv/lib/python3.14/site-packages/flask/scaffold.py", line 435, in decorator
    self.add_url_rule(rule, endpoint, f, **options)
    ~~~~~~~~~~~~~~~~~^^^^^^^^^^^^^^^^^^^^^^^^^^^^^^
  File "/home/administrator/venv/lib/python3.14/site-packages/flask/scaffold.py", line 50, in wrapper_func
    return f(self, *args, **kwargs)
  File "/home/administrator/venv/lib/python3.14/site-packages/flask/app.py", line 1059, in add_url_rule
    raise AssertionError(
    ...<2 lines>...
    )
AssertionError: View function mapping is overwriting an existing endpoint function: api_playback_segments


======================================================================
CRASH at 2026-09-30T07:30:54.717143
======================================================================
Traceback (most recent call last):
  File "/home/administrator/cctv/app.py", line 3028, in <module>
    @app.route("/api/playback/segments")
     ~~~~~~~~~^^^^^^^^^^^^^^^^^^^^^^^^^^
  File "/home/administrator/venv/lib/python3.14/site-packages/flask/scaffold.py", line 435, in decorator
    self.add_url_rule(rule, endpoint, f, **options)
    ~~~~~~~~~~~~~~~~~^^^^^^^^^^^^^^^^^^^^^^^^^^^^^^
  File "/home/administrator/venv/lib/python3.14/site-packages/flask/scaffold.py", line 50, in wrapper_func
    return f(self, *args, **kwargs)
  File "/home/administrator/venv/lib/python3.14/site-packages/flask/app.py", line 1059, in add_url_rule
    raise AssertionError(
    ...<2 lines>...
    )
AssertionError: View function mapping is overwriting an existing endpoint function: api_playback_segments


======================================================================
CRASH at 2026-09-30T07:31:00.096553
======================================================================
Traceback (most recent call last):
  File "/home/administrator/cctv/app.py", line 3028, in <module>
    @app.route("/api/playback/segments")
     ~~~~~~~~~^^^^^^^^^^^^^^^^^^^^^^^^^^
  File "/home/administrator/venv/lib/python3.14/site-packages/flask/scaffold.py", line 435, in decorator
    self.add_url_rule(rule, endpoint, f, **options)
    ~~~~~~~~~~~~~~~~~^^^^^^^^^^^^^^^^^^^^^^^^^^^^^^
  File "/home/administrator/venv/lib/python3.14/site-packages/flask/scaffold.py", line 50, in wrapper_func
    return f(self, *args, **kwargs)
  File "/home/administrator/venv/lib/python3.14/site-packages/flask/app.py", line 1059, in add_url_rule
    raise AssertionError(
    ...<2 lines>...
    )
AssertionError: View function mapping is overwriting an existing endpoint function: api_playback_segments


======================================================================
CRASH at 2026-09-30T07:31:05.598937
======================================================================
Traceback (most recent call last):
  File "/home/administrator/cctv/app.py", line 3028, in <module>
    @app.route("/api/playback/segments")
     ~~~~~~~~~^^^^^^^^^^^^^^^^^^^^^^^^^^
  File "/home/administrator/venv/lib/python3.14/site-packages/flask/scaffold.py", line 435, in decorator
    self.add_url_rule(rule, endpoint, f, **options)
    ~~~~~~~~~~~~~~~~~^^^^^^^^^^^^^^^^^^^^^^^^^^^^^^
  File "/home/administrator/venv/lib/python3.14/site-packages/flask/scaffold.py", line 50, in wrapper_func
    return f(self, *args, **kwargs)
  File "/home/administrator/venv/lib/python3.14/site-packages/flask/app.py", line 1059, in add_url_rule
    raise AssertionError(
    ...<2 lines>...
    )
AssertionError: View function mapping is overwriting an existing endpoint function: api_playback_segments


======================================================================
CRASH at 2026-09-30T07:31:11.097776
======================================================================
Traceback (most recent call last):
  File "/home/administrator/cctv/app.py", line 3028, in <module>
    @app.route("/api/playback/segments")
     ~~~~~~~~~^^^^^^^^^^^^^^^^^^^^^^^^^^
  File "/home/administrator/venv/lib/python3.14/site-packages/flask/scaffold.py", line 435, in decorator
    self.add_url_rule(rule, endpoint, f, **options)
    ~~~~~~~~~~~~~~~~~^^^^^^^^^^^^^^^^^^^^^^^^^^^^^^
  File "/home/administrator/venv/lib/python3.14/site-packages/flask/scaffold.py", line 50, in wrapper_func
    return f(self, *args, **kwargs)
  File "/home/administrator/venv/lib/python3.14/site-packages/flask/app.py", line 1059, in add_url_rule
    raise AssertionError(
    ...<2 lines>...
    )
AssertionError: View function mapping is overwriting an existing endpoint function: api_playback_segments


======================================================================
CRASH at 2026-09-30T07:31:16.598641
======================================================================
Traceback (most recent call last):
  File "/home/administrator/cctv/app.py", line 3028, in <module>
    @app.route("/api/playback/segments")
     ~~~~~~~~~^^^^^^^^^^^^^^^^^^^^^^^^^^
  File "/home/administrator/venv/lib/python3.14/site-packages/flask/scaffold.py", line 435, in decorator
    self.add_url_rule(rule, endpoint, f, **options)
    ~~~~~~~~~~~~~~~~~^^^^^^^^^^^^^^^^^^^^^^^^^^^^^^
  File "/home/administrator/venv/lib/python3.14/site-packages/flask/scaffold.py", line 50, in wrapper_func
    return f(self, *args, **kwargs)
  File "/home/administrator/venv/lib/python3.14/site-packages/flask/app.py", line 1059, in add_url_rule
    raise AssertionError(
    ...<2 lines>...
    )
AssertionError: View function mapping is overwriting an existing endpoint function: api_playback_segments


======================================================================
CRASH at 2026-09-30T07:31:22.102567
======================================================================
Traceback (most recent call last):
  File "/home/administrator/cctv/app.py", line 3028, in <module>
    @app.route("/api/playback/segments")
     ~~~~~~~~~^^^^^^^^^^^^^^^^^^^^^^^^^^
  File "/home/administrator/venv/lib/python3.14/site-packages/flask/scaffold.py", line 435, in decorator
    self.add_url_rule(rule, endpoint, f, **options)
    ~~~~~~~~~~~~~~~~~^^^^^^^^^^^^^^^^^^^^^^^^^^^^^^
  File "/home/administrator/venv/lib/python3.14/site-packages/flask/scaffold.py", line 50, in wrapper_func
    return f(self, *args, **kwargs)
  File "/home/administrator/venv/lib/python3.14/site-packages/flask/app.py", line 1059, in add_url_rule
    raise AssertionError(
    ...<2 lines>...
    )
AssertionError: View function mapping is overwriting an existing endpoint function: api_playback_segments


======================================================================
CRASH at 2026-09-30T07:31:27.596944
======================================================================
Traceback (most recent call last):
  File "/home/administrator/cctv/app.py", line 3028, in <module>
    @app.route("/api/playback/segments")
     ~~~~~~~~~^^^^^^^^^^^^^^^^^^^^^^^^^^
  File "/home/administrator/venv/lib/python3.14/site-packages/flask/scaffold.py", line 435, in decorator
    self.add_url_rule(rule, endpoint, f, **options)
    ~~~~~~~~~~~~~~~~~^^^^^^^^^^^^^^^^^^^^^^^^^^^^^^
  File "/home/administrator/venv/lib/python3.14/site-packages/flask/scaffold.py", line 50, in wrapper_func
    return f(self, *args, **kwargs)
  File "/home/administrator/venv/lib/python3.14/site-packages/flask/app.py", line 1059, in add_url_rule
    raise AssertionError(
    ...<2 lines>...
    )
AssertionError: View function mapping is overwriting an existing endpoint function: api_playback_segments


======================================================================
CRASH at 2026-09-30T07:31:33.098263
======================================================================
Traceback (most recent call last):
  File "/home/administrator/cctv/app.py", line 3028, in <module>
    @app.route("/api/playback/segments")
     ~~~~~~~~~^^^^^^^^^^^^^^^^^^^^^^^^^^
  File "/home/administrator/venv/lib/python3.14/site-packages/flask/scaffold.py", line 435, in decorator
    self.add_url_rule(rule, endpoint, f, **options)
    ~~~~~~~~~~~~~~~~~^^^^^^^^^^^^^^^^^^^^^^^^^^^^^^
  File "/home/administrator/venv/lib/python3.14/site-packages/flask/scaffold.py", line 50, in wrapper_func
    return f(self, *args, **kwargs)
  File "/home/administrator/venv/lib/python3.14/site-packages/flask/app.py", line 1059, in add_url_rule
    raise AssertionError(
    ...<2 lines>...
    )
AssertionError: View function mapping is overwriting an existing endpoint function: api_playback_segments


======================================================================
CRASH at 2026-09-30T07:31:55.870577
======================================================================
Traceback (most recent call last):
  File "/home/administrator/cctv/app.py", line 3028, in <module>
    @app.route("/api/playback/segments")
     ~~~~~~~~~^^^^^^^^^^^^^^^^^^^^^^^^^^
  File "/home/administrator/venv/lib/python3.14/site-packages/flask/scaffold.py", line 435, in decorator
    self.add_url_rule(rule, endpoint, f, **options)
    ~~~~~~~~~~~~~~~~~^^^^^^^^^^^^^^^^^^^^^^^^^^^^^^
  File "/home/administrator/venv/lib/python3.14/site-packages/flask/scaffold.py", line 50, in wrapper_func
    return f(self, *args, **kwargs)
  File "/home/administrator/venv/lib/python3.14/site-packages/flask/app.py", line 1059, in add_url_rule
    raise AssertionError(
    ...<2 lines>...
    )
AssertionError: View function mapping is overwriting an existing endpoint function: api_playback_segments

