2026-09-24 05:54:25 [CRITICAL] [cctv_app:68] UNCAUGHT EXCEPTION
Traceback (most recent call last):
  File "/home/administrator/cctv/app.py", line 2722, in <module>
    logger.info(f"Python: {sys.version}")
                           ^^^
NameError: name 'sys' is not defined. Did you forget to import 'sys'?
2026-09-28 10:01:42 [CRITICAL] [cctv_app:2975] FATAL: Server gagal start: Unknown adjustment 'access_log'
Traceback (most recent call last):
  File "/home/administrator/cctv/app.py", line 2962, in <module>
    serve(
    ~~~~~^
        app,
        ^^^^
    ...<8 lines>...
        use_reloader=False,
        ^^^^^^^^^^^^^^^^^^^
    )
    ^
  File "/home/administrator/venv/lib/python3.14/site-packages/waitress/__init__.py", line 13, in serve
    server = _server(app, **kw)
  File "/home/administrator/venv/lib/python3.14/site-packages/waitress/server.py", line 49, in create_server
    adj = Adjustments(**kw)
  File "/home/administrator/venv/lib/python3.14/site-packages/waitress/adjustments.py", line 318, in __init__
    raise ValueError("Unknown adjustment %r" % k)
ValueError: Unknown adjustment 'access_log'
2026-09-28 10:01:42 [CRITICAL] [cctv_app:68] UNCAUGHT EXCEPTION
Traceback (most recent call last):
  File "/home/administrator/cctv/app.py", line 2962, in <module>
    serve(
    ~~~~~^
        app,
        ^^^^
    ...<8 lines>...
        use_reloader=False,
        ^^^^^^^^^^^^^^^^^^^
    )
    ^
  File "/home/administrator/venv/lib/python3.14/site-packages/waitress/__init__.py", line 13, in serve
    server = _server(app, **kw)
  File "/home/administrator/venv/lib/python3.14/site-packages/waitress/server.py", line 49, in create_server
    adj = Adjustments(**kw)
  File "/home/administrator/venv/lib/python3.14/site-packages/waitress/adjustments.py", line 318, in __init__
    raise ValueError("Unknown adjustment %r" % k)
ValueError: Unknown adjustment 'access_log'
2026-09-28 10:02:38 [CRITICAL] [cctv_app:2975] FATAL: Server gagal start: Unknown adjustment 'access_log'
Traceback (most recent call last):
  File "/home/administrator/cctv/app.py", line 2962, in <module>
    serve(
    ~~~~~^
        app,
        ^^^^
    ...<8 lines>...
        use_reloader=False,
        ^^^^^^^^^^^^^^^^^^^
    )
    ^
  File "/home/administrator/venv/lib/python3.14/site-packages/waitress/__init__.py", line 13, in serve
    server = _server(app, **kw)
  File "/home/administrator/venv/lib/python3.14/site-packages/waitress/server.py", line 49, in create_server
    adj = Adjustments(**kw)
  File "/home/administrator/venv/lib/python3.14/site-packages/waitress/adjustments.py", line 318, in __init__
    raise ValueError("Unknown adjustment %r" % k)
ValueError: Unknown adjustment 'access_log'
2026-09-28 10:02:38 [CRITICAL] [cctv_app:68] UNCAUGHT EXCEPTION
Traceback (most recent call last):
  File "/home/administrator/cctv/app.py", line 2962, in <module>
    serve(
    ~~~~~^
        app,
        ^^^^
    ...<8 lines>...
        use_reloader=False,
        ^^^^^^^^^^^^^^^^^^^
    )
    ^
  File "/home/administrator/venv/lib/python3.14/site-packages/waitress/__init__.py", line 13, in serve
    server = _server(app, **kw)
  File "/home/administrator/venv/lib/python3.14/site-packages/waitress/server.py", line 49, in create_server
    adj = Adjustments(**kw)
  File "/home/administrator/venv/lib/python3.14/site-packages/waitress/adjustments.py", line 318, in __init__
    raise ValueError("Unknown adjustment %r" % k)
ValueError: Unknown adjustment 'access_log'
2026-09-28 10:02:54 [CRITICAL] [cctv_app:2975] FATAL: Server gagal start: Unknown adjustment 'access_log'
Traceback (most recent call last):
  File "/home/administrator/cctv/app.py", line 2962, in <module>
    serve(
    ~~~~~^
        app,
        ^^^^
    ...<8 lines>...
        #use_reloader=False,
        ^^^^^^^^^^^^^^^^^^^^
    )
    ^
  File "/home/administrator/venv/lib/python3.14/site-packages/waitress/__init__.py", line 13, in serve
    server = _server(app, **kw)
  File "/home/administrator/venv/lib/python3.14/site-packages/waitress/server.py", line 49, in create_server
    adj = Adjustments(**kw)
  File "/home/administrator/venv/lib/python3.14/site-packages/waitress/adjustments.py", line 318, in __init__
    raise ValueError("Unknown adjustment %r" % k)
ValueError: Unknown adjustment 'access_log'
2026-09-28 10:02:54 [CRITICAL] [cctv_app:68] UNCAUGHT EXCEPTION
Traceback (most recent call last):
  File "/home/administrator/cctv/app.py", line 2962, in <module>
    serve(
    ~~~~~^
        app,
        ^^^^
    ...<8 lines>...
        #use_reloader=False,
        ^^^^^^^^^^^^^^^^^^^^
    )
    ^
  File "/home/administrator/venv/lib/python3.14/site-packages/waitress/__init__.py", line 13, in serve
    server = _server(app, **kw)
  File "/home/administrator/venv/lib/python3.14/site-packages/waitress/server.py", line 49, in create_server
    adj = Adjustments(**kw)
  File "/home/administrator/venv/lib/python3.14/site-packages/waitress/adjustments.py", line 318, in __init__
    raise ValueError("Unknown adjustment %r" % k)
ValueError: Unknown adjustment 'access_log'
2026-09-28 10:03:06 [CRITICAL] [cctv_app:2974] FATAL: Server gagal start: Unknown adjustment 'access_log'
Traceback (most recent call last):
  File "/home/administrator/cctv/app.py", line 2962, in <module>
    serve(
    ~~~~~^
        app,
        ^^^^
    ...<7 lines>...
        access_log=True,
        ^^^^^^^^^^^^^^^^
    )
    ^
  File "/home/administrator/venv/lib/python3.14/site-packages/waitress/__init__.py", line 13, in serve
    server = _server(app, **kw)
  File "/home/administrator/venv/lib/python3.14/site-packages/waitress/server.py", line 49, in create_server
    adj = Adjustments(**kw)
  File "/home/administrator/venv/lib/python3.14/site-packages/waitress/adjustments.py", line 318, in __init__
    raise ValueError("Unknown adjustment %r" % k)
ValueError: Unknown adjustment 'access_log'
2026-09-28 10:03:06 [CRITICAL] [cctv_app:68] UNCAUGHT EXCEPTION
Traceback (most recent call last):
  File "/home/administrator/cctv/app.py", line 2962, in <module>
    serve(
    ~~~~~^
        app,
        ^^^^
    ...<7 lines>...
        access_log=True,
        ^^^^^^^^^^^^^^^^
    )
    ^
  File "/home/administrator/venv/lib/python3.14/site-packages/waitress/__init__.py", line 13, in serve
    server = _server(app, **kw)
  File "/home/administrator/venv/lib/python3.14/site-packages/waitress/server.py", line 49, in create_server
    adj = Adjustments(**kw)
  File "/home/administrator/venv/lib/python3.14/site-packages/waitress/adjustments.py", line 318, in __init__
    raise ValueError("Unknown adjustment %r" % k)
ValueError: Unknown adjustment 'access_log'
2026-09-28 10:04:20 [ERROR   ] [cctv_app:2922] [DVR MONITOR] Loop error: (2003, "Can't connect to MySQL server on '127.0.0.1' ([Errno 111] Connection refused)")
Traceback (most recent call last):
  File "/home/administrator/venv/lib/python3.14/site-packages/pymysql/connections.py", line 681, in connect
    sock = socket.create_connection(
        (self.host, self.port), self.connect_timeout, **kwargs
    )
  File "/usr/lib/python3.14/socket.py", line 870, in create_connection
    raise exceptions[0]
  File "/usr/lib/python3.14/socket.py", line 855, in create_connection
    sock.connect(sa)
    ~~~~~~~~~~~~^^^^
ConnectionRefusedError: [Errno 111] Connection refused

During handling of the above exception, another exception occurred:

Traceback (most recent call last):
  File "/home/administrator/cctv/app.py", line 2852, in _dvr_monitor_loop
    dvrs = dbmod.fetch_all_dvr()
  File "/home/administrator/cctv/db.py", line 146, in fetch_all_dvr
    with get_cursor() as cur:
         ~~~~~~~~~~^^
  File "/usr/lib/python3.14/contextlib.py", line 141, in __enter__
    return next(self.gen)
  File "/home/administrator/cctv/db.py", line 34, in get_cursor
    conn = get_connection()
  File "/home/administrator/cctv/db.py", line 19, in get_connection
    return pymysql.connect(
           ~~~~~~~~~~~~~~~^
        host=Config.DB_HOST,
        ^^^^^^^^^^^^^^^^^^^^
    ...<6 lines>...
        autocommit=False,
        ^^^^^^^^^^^^^^^^^
    )
    ^
  File "/home/administrator/venv/lib/python3.14/site-packages/pymysql/connections.py", line 373, in __init__
    self.connect()
    ~~~~~~~~~~~~^^
  File "/home/administrator/venv/lib/python3.14/site-packages/pymysql/connections.py", line 744, in connect
    raise exc
pymysql.err.OperationalError: (2003, "Can't connect to MySQL server on '127.0.0.1' ([Errno 111] Connection refused)")
2026-09-28 10:04:20 [ERROR   ] [cctv_app:2179] [STARTUP] Sync gagal: (2003, "Can't connect to MySQL server on '127.0.0.1' ([Errno 111] Connection refused)")
Traceback (most recent call last):
  File "/home/administrator/venv/lib/python3.14/site-packages/pymysql/connections.py", line 681, in connect
    sock = socket.create_connection(
        (self.host, self.port), self.connect_timeout, **kwargs
    )
  File "/usr/lib/python3.14/socket.py", line 870, in create_connection
    raise exceptions[0]
  File "/usr/lib/python3.14/socket.py", line 855, in create_connection
    sock.connect(sa)
    ~~~~~~~~~~~~^^^^
ConnectionRefusedError: [Errno 111] Connection refused

During handling of the above exception, another exception occurred:

Traceback (most recent call last):
  File "/home/administrator/cctv/app.py", line 2160, in _startup_sync_cameras
    cameras = dbmod.fetch_all_cameras()
  File "/home/administrator/cctv/db.py", line 427, in fetch_all_cameras
    with get_cursor() as cur:
         ~~~~~~~~~~^^
  File "/usr/lib/python3.14/contextlib.py", line 141, in __enter__
    return next(self.gen)
  File "/home/administrator/cctv/db.py", line 34, in get_cursor
    conn = get_connection()
  File "/home/administrator/cctv/db.py", line 19, in get_connection
    return pymysql.connect(
           ~~~~~~~~~~~~~~~^
        host=Config.DB_HOST,
        ^^^^^^^^^^^^^^^^^^^^
    ...<6 lines>...
        autocommit=False,
        ^^^^^^^^^^^^^^^^^
    )
    ^
  File "/home/administrator/venv/lib/python3.14/site-packages/pymysql/connections.py", line 373, in __init__
    self.connect()
    ~~~~~~~~~~~~^^
  File "/home/administrator/venv/lib/python3.14/site-packages/pymysql/connections.py", line 744, in connect
    raise exc
pymysql.err.OperationalError: (2003, "Can't connect to MySQL server on '127.0.0.1' ([Errno 111] Connection refused)")
2026-09-28 10:04:20 [CRITICAL] [cctv_app:2974] FATAL: Server gagal start: Unknown adjustment 'access_log'
Traceback (most recent call last):
  File "/home/administrator/cctv/app.py", line 2962, in <module>
    serve(
    ~~~~~^
        app,
        ^^^^
    ...<7 lines>...
        access_log=True,
        ^^^^^^^^^^^^^^^^
    )
    ^
  File "/home/administrator/venv/lib/python3.14/site-packages/waitress/__init__.py", line 13, in serve
    server = _server(app, **kw)
  File "/home/administrator/venv/lib/python3.14/site-packages/waitress/server.py", line 49, in create_server
    adj = Adjustments(**kw)
  File "/home/administrator/venv/lib/python3.14/site-packages/waitress/adjustments.py", line 318, in __init__
    raise ValueError("Unknown adjustment %r" % k)
ValueError: Unknown adjustment 'access_log'
2026-09-28 10:04:20 [CRITICAL] [cctv_app:68] UNCAUGHT EXCEPTION
Traceback (most recent call last):
  File "/home/administrator/cctv/app.py", line 2962, in <module>
    serve(
    ~~~~~^
        app,
        ^^^^
    ...<7 lines>...
        access_log=True,
        ^^^^^^^^^^^^^^^^
    )
    ^
  File "/home/administrator/venv/lib/python3.14/site-packages/waitress/__init__.py", line 13, in serve
    server = _server(app, **kw)
  File "/home/administrator/venv/lib/python3.14/site-packages/waitress/server.py", line 49, in create_server
    adj = Adjustments(**kw)
  File "/home/administrator/venv/lib/python3.14/site-packages/waitress/adjustments.py", line 318, in __init__
    raise ValueError("Unknown adjustment %r" % k)
ValueError: Unknown adjustment 'access_log'
2026-09-28 10:04:26 [CRITICAL] [cctv_app:2974] FATAL: Server gagal start: Unknown adjustment 'access_log'
Traceback (most recent call last):
  File "/home/administrator/cctv/app.py", line 2962, in <module>
    serve(
    ~~~~~^
        app,
        ^^^^
    ...<7 lines>...
        access_log=True,
        ^^^^^^^^^^^^^^^^
    )
    ^
  File "/home/administrator/venv/lib/python3.14/site-packages/waitress/__init__.py", line 13, in serve
    server = _server(app, **kw)
  File "/home/administrator/venv/lib/python3.14/site-packages/waitress/server.py", line 49, in create_server
    adj = Adjustments(**kw)
  File "/home/administrator/venv/lib/python3.14/site-packages/waitress/adjustments.py", line 318, in __init__
    raise ValueError("Unknown adjustment %r" % k)
ValueError: Unknown adjustment 'access_log'
2026-09-28 10:04:26 [CRITICAL] [cctv_app:68] UNCAUGHT EXCEPTION
Traceback (most recent call last):
  File "/home/administrator/cctv/app.py", line 2962, in <module>
    serve(
    ~~~~~^
        app,
        ^^^^
    ...<7 lines>...
        access_log=True,
        ^^^^^^^^^^^^^^^^
    )
    ^
  File "/home/administrator/venv/lib/python3.14/site-packages/waitress/__init__.py", line 13, in serve
    server = _server(app, **kw)
  File "/home/administrator/venv/lib/python3.14/site-packages/waitress/server.py", line 49, in create_server
    adj = Adjustments(**kw)
  File "/home/administrator/venv/lib/python3.14/site-packages/waitress/adjustments.py", line 318, in __init__
    raise ValueError("Unknown adjustment %r" % k)
ValueError: Unknown adjustment 'access_log'
2026-09-28 10:04:31 [CRITICAL] [cctv_app:2974] FATAL: Server gagal start: Unknown adjustment 'access_log'
Traceback (most recent call last):
  File "/home/administrator/cctv/app.py", line 2962, in <module>
    serve(
    ~~~~~^
        app,
        ^^^^
    ...<7 lines>...
        access_log=True,
        ^^^^^^^^^^^^^^^^
    )
    ^
  File "/home/administrator/venv/lib/python3.14/site-packages/waitress/__init__.py", line 13, in serve
    server = _server(app, **kw)
  File "/home/administrator/venv/lib/python3.14/site-packages/waitress/server.py", line 49, in create_server
    adj = Adjustments(**kw)
  File "/home/administrator/venv/lib/python3.14/site-packages/waitress/adjustments.py", line 318, in __init__
    raise ValueError("Unknown adjustment %r" % k)
ValueError: Unknown adjustment 'access_log'
2026-09-28 10:04:31 [CRITICAL] [cctv_app:68] UNCAUGHT EXCEPTION
Traceback (most recent call last):
  File "/home/administrator/cctv/app.py", line 2962, in <module>
    serve(
    ~~~~~^
        app,
        ^^^^
    ...<7 lines>...
        access_log=True,
        ^^^^^^^^^^^^^^^^
    )
    ^
  File "/home/administrator/venv/lib/python3.14/site-packages/waitress/__init__.py", line 13, in serve
    server = _server(app, **kw)
  File "/home/administrator/venv/lib/python3.14/site-packages/waitress/server.py", line 49, in create_server
    adj = Adjustments(**kw)
  File "/home/administrator/venv/lib/python3.14/site-packages/waitress/adjustments.py", line 318, in __init__
    raise ValueError("Unknown adjustment %r" % k)
ValueError: Unknown adjustment 'access_log'
2026-09-28 10:04:44 [CRITICAL] [cctv_app:2974] FATAL: Server gagal start: Unknown adjustment 'access_log'
Traceback (most recent call last):
  File "/home/administrator/cctv/app.py", line 2962, in <module>
    serve(
    ~~~~~^
        app,
        ^^^^
    ...<7 lines>...
        access_log=True,
        ^^^^^^^^^^^^^^^^
    )
    ^
  File "/home/administrator/venv/lib/python3.14/site-packages/waitress/__init__.py", line 13, in serve
    server = _server(app, **kw)
  File "/home/administrator/venv/lib/python3.14/site-packages/waitress/server.py", line 49, in create_server
    adj = Adjustments(**kw)
  File "/home/administrator/venv/lib/python3.14/site-packages/waitress/adjustments.py", line 318, in __init__
    raise ValueError("Unknown adjustment %r" % k)
ValueError: Unknown adjustment 'access_log'
2026-09-28 10:04:44 [CRITICAL] [cctv_app:68] UNCAUGHT EXCEPTION
Traceback (most recent call last):
  File "/home/administrator/cctv/app.py", line 2962, in <module>
    serve(
    ~~~~~^
        app,
        ^^^^
    ...<7 lines>...
        access_log=True,
        ^^^^^^^^^^^^^^^^
    )
    ^
  File "/home/administrator/venv/lib/python3.14/site-packages/waitress/__init__.py", line 13, in serve
    server = _server(app, **kw)
  File "/home/administrator/venv/lib/python3.14/site-packages/waitress/server.py", line 49, in create_server
    adj = Adjustments(**kw)
  File "/home/administrator/venv/lib/python3.14/site-packages/waitress/adjustments.py", line 318, in __init__
    raise ValueError("Unknown adjustment %r" % k)
ValueError: Unknown adjustment 'access_log'
2026-09-28 10:04:50 [CRITICAL] [cctv_app:2974] FATAL: Server gagal start: Unknown adjustment 'access_log'
Traceback (most recent call last):
  File "/home/administrator/cctv/app.py", line 2962, in <module>
    serve(
    ~~~~~^
        app,
        ^^^^
    ...<7 lines>...
        access_log=True,
        ^^^^^^^^^^^^^^^^
    )
    ^
  File "/home/administrator/venv/lib/python3.14/site-packages/waitress/__init__.py", line 13, in serve
    server = _server(app, **kw)
  File "/home/administrator/venv/lib/python3.14/site-packages/waitress/server.py", line 49, in create_server
    adj = Adjustments(**kw)
  File "/home/administrator/venv/lib/python3.14/site-packages/waitress/adjustments.py", line 318, in __init__
    raise ValueError("Unknown adjustment %r" % k)
ValueError: Unknown adjustment 'access_log'
2026-09-28 10:04:50 [CRITICAL] [cctv_app:68] UNCAUGHT EXCEPTION
Traceback (most recent call last):
  File "/home/administrator/cctv/app.py", line 2962, in <module>
    serve(
    ~~~~~^
        app,
        ^^^^
    ...<7 lines>...
        access_log=True,
        ^^^^^^^^^^^^^^^^
    )
    ^
  File "/home/administrator/venv/lib/python3.14/site-packages/waitress/__init__.py", line 13, in serve
    server = _server(app, **kw)
  File "/home/administrator/venv/lib/python3.14/site-packages/waitress/server.py", line 49, in create_server
    adj = Adjustments(**kw)
  File "/home/administrator/venv/lib/python3.14/site-packages/waitress/adjustments.py", line 318, in __init__
    raise ValueError("Unknown adjustment %r" % k)
ValueError: Unknown adjustment 'access_log'
2026-09-28 10:06:01 [CRITICAL] [cctv_app:2974] FATAL: Server gagal start: Unknown adjustment 'access_log'
Traceback (most recent call last):
  File "/home/administrator/cctv/app.py", line 2962, in <module>
    serve(
    ~~~~~^
        app,
        ^^^^
    ...<7 lines>...
        access_log=True,
        ^^^^^^^^^^^^^^^^
    )
    ^
  File "/home/administrator/venv/lib/python3.14/site-packages/waitress/__init__.py", line 13, in serve
    server = _server(app, **kw)
  File "/home/administrator/venv/lib/python3.14/site-packages/waitress/server.py", line 49, in create_server
    adj = Adjustments(**kw)
  File "/home/administrator/venv/lib/python3.14/site-packages/waitress/adjustments.py", line 318, in __init__
    raise ValueError("Unknown adjustment %r" % k)
ValueError: Unknown adjustment 'access_log'
2026-09-28 10:06:01 [CRITICAL] [cctv_app:68] UNCAUGHT EXCEPTION
Traceback (most recent call last):
  File "/home/administrator/cctv/app.py", line 2962, in <module>
    serve(
    ~~~~~^
        app,
        ^^^^
    ...<7 lines>...
        access_log=True,
        ^^^^^^^^^^^^^^^^
    )
    ^
  File "/home/administrator/venv/lib/python3.14/site-packages/waitress/__init__.py", line 13, in serve
    server = _server(app, **kw)
  File "/home/administrator/venv/lib/python3.14/site-packages/waitress/server.py", line 49, in create_server
    adj = Adjustments(**kw)
  File "/home/administrator/venv/lib/python3.14/site-packages/waitress/adjustments.py", line 318, in __init__
    raise ValueError("Unknown adjustment %r" % k)
ValueError: Unknown adjustment 'access_log'
2026-09-28 10:06:07 [CRITICAL] [cctv_app:2974] FATAL: Server gagal start: Unknown adjustment 'access_log'
Traceback (most recent call last):
  File "/home/administrator/cctv/app.py", line 2962, in <module>
    serve(
    ~~~~~^
        app,
        ^^^^
    ...<7 lines>...
        access_log=True,
        ^^^^^^^^^^^^^^^^
    )
    ^
  File "/home/administrator/venv/lib/python3.14/site-packages/waitress/__init__.py", line 13, in serve
    server = _server(app, **kw)
  File "/home/administrator/venv/lib/python3.14/site-packages/waitress/server.py", line 49, in create_server
    adj = Adjustments(**kw)
  File "/home/administrator/venv/lib/python3.14/site-packages/waitress/adjustments.py", line 318, in __init__
    raise ValueError("Unknown adjustment %r" % k)
ValueError: Unknown adjustment 'access_log'
2026-09-28 10:06:07 [CRITICAL] [cctv_app:68] UNCAUGHT EXCEPTION
Traceback (most recent call last):
  File "/home/administrator/cctv/app.py", line 2962, in <module>
    serve(
    ~~~~~^
        app,
        ^^^^
    ...<7 lines>...
        access_log=True,
        ^^^^^^^^^^^^^^^^
    )
    ^
  File "/home/administrator/venv/lib/python3.14/site-packages/waitress/__init__.py", line 13, in serve
    server = _server(app, **kw)
  File "/home/administrator/venv/lib/python3.14/site-packages/waitress/server.py", line 49, in create_server
    adj = Adjustments(**kw)
  File "/home/administrator/venv/lib/python3.14/site-packages/waitress/adjustments.py", line 318, in __init__
    raise ValueError("Unknown adjustment %r" % k)
ValueError: Unknown adjustment 'access_log'
2026-09-28 10:07:13 [CRITICAL] [cctv_app:2974] FATAL: Server gagal start: Unknown adjustment 'access_log'
Traceback (most recent call last):
  File "/home/administrator/cctv/app.py", line 2962, in <module>
    serve(
    ~~~~~^
        app,
        ^^^^
    ...<7 lines>...
        access_log=True,
        ^^^^^^^^^^^^^^^^
    )
    ^
  File "/home/administrator/venv/lib/python3.14/site-packages/waitress/__init__.py", line 13, in serve
    server = _server(app, **kw)
  File "/home/administrator/venv/lib/python3.14/site-packages/waitress/server.py", line 49, in create_server
    adj = Adjustments(**kw)
  File "/home/administrator/venv/lib/python3.14/site-packages/waitress/adjustments.py", line 318, in __init__
    raise ValueError("Unknown adjustment %r" % k)
ValueError: Unknown adjustment 'access_log'
2026-09-28 10:07:13 [CRITICAL] [cctv_app:68] UNCAUGHT EXCEPTION
Traceback (most recent call last):
  File "/home/administrator/cctv/app.py", line 2962, in <module>
    serve(
    ~~~~~^
        app,
        ^^^^
    ...<7 lines>...
        access_log=True,
        ^^^^^^^^^^^^^^^^
    )
    ^
  File "/home/administrator/venv/lib/python3.14/site-packages/waitress/__init__.py", line 13, in serve
    server = _server(app, **kw)
  File "/home/administrator/venv/lib/python3.14/site-packages/waitress/server.py", line 49, in create_server
    adj = Adjustments(**kw)
  File "/home/administrator/venv/lib/python3.14/site-packages/waitress/adjustments.py", line 318, in __init__
    raise ValueError("Unknown adjustment %r" % k)
ValueError: Unknown adjustment 'access_log'
2026-09-28 10:07:19 [CRITICAL] [cctv_app:2974] FATAL: Server gagal start: Unknown adjustment 'access_log'
Traceback (most recent call last):
  File "/home/administrator/cctv/app.py", line 2962, in <module>
    serve(
    ~~~~~^
        app,
        ^^^^
    ...<7 lines>...
        access_log=True,
        ^^^^^^^^^^^^^^^^
    )
    ^
  File "/home/administrator/venv/lib/python3.14/site-packages/waitress/__init__.py", line 13, in serve
    server = _server(app, **kw)
  File "/home/administrator/venv/lib/python3.14/site-packages/waitress/server.py", line 49, in create_server
    adj = Adjustments(**kw)
  File "/home/administrator/venv/lib/python3.14/site-packages/waitress/adjustments.py", line 318, in __init__
    raise ValueError("Unknown adjustment %r" % k)
ValueError: Unknown adjustment 'access_log'
2026-09-28 10:07:19 [CRITICAL] [cctv_app:68] UNCAUGHT EXCEPTION
Traceback (most recent call last):
  File "/home/administrator/cctv/app.py", line 2962, in <module>
    serve(
    ~~~~~^
        app,
        ^^^^
    ...<7 lines>...
        access_log=True,
        ^^^^^^^^^^^^^^^^
    )
    ^
  File "/home/administrator/venv/lib/python3.14/site-packages/waitress/__init__.py", line 13, in serve
    server = _server(app, **kw)
  File "/home/administrator/venv/lib/python3.14/site-packages/waitress/server.py", line 49, in create_server
    adj = Adjustments(**kw)
  File "/home/administrator/venv/lib/python3.14/site-packages/waitress/adjustments.py", line 318, in __init__
    raise ValueError("Unknown adjustment %r" % k)
ValueError: Unknown adjustment 'access_log'
2026-09-28 10:08:29 [CRITICAL] [cctv_app:2974] FATAL: Server gagal start: Unknown adjustment 'access_log'
Traceback (most recent call last):
  File "/home/administrator/cctv/app.py", line 2962, in <module>
    serve(
    ~~~~~^
        app,
        ^^^^
    ...<7 lines>...
        access_log=True,
        ^^^^^^^^^^^^^^^^
    )
    ^
  File "/home/administrator/venv/lib/python3.14/site-packages/waitress/__init__.py", line 13, in serve
    server = _server(app, **kw)
  File "/home/administrator/venv/lib/python3.14/site-packages/waitress/server.py", line 49, in create_server
    adj = Adjustments(**kw)
  File "/home/administrator/venv/lib/python3.14/site-packages/waitress/adjustments.py", line 318, in __init__
    raise ValueError("Unknown adjustment %r" % k)
ValueError: Unknown adjustment 'access_log'
2026-09-28 10:08:29 [CRITICAL] [cctv_app:68] UNCAUGHT EXCEPTION
Traceback (most recent call last):
  File "/home/administrator/cctv/app.py", line 2962, in <module>
    serve(
    ~~~~~^
        app,
        ^^^^
    ...<7 lines>...
        access_log=True,
        ^^^^^^^^^^^^^^^^
    )
    ^
  File "/home/administrator/venv/lib/python3.14/site-packages/waitress/__init__.py", line 13, in serve
    server = _server(app, **kw)
  File "/home/administrator/venv/lib/python3.14/site-packages/waitress/server.py", line 49, in create_server
    adj = Adjustments(**kw)
  File "/home/administrator/venv/lib/python3.14/site-packages/waitress/adjustments.py", line 318, in __init__
    raise ValueError("Unknown adjustment %r" % k)
ValueError: Unknown adjustment 'access_log'
2026-09-28 10:08:41 [CRITICAL] [cctv_app:2974] FATAL: Server gagal start: Unknown adjustment 'access_log'
Traceback (most recent call last):
  File "/home/administrator/cctv/app.py", line 2962, in <module>
    serve(
    ~~~~~^
        app,
        ^^^^
    ...<7 lines>...
        access_log=True,
        ^^^^^^^^^^^^^^^^
    )
    ^
  File "/home/administrator/venv/lib/python3.14/site-packages/waitress/__init__.py", line 13, in serve
    server = _server(app, **kw)
  File "/home/administrator/venv/lib/python3.14/site-packages/waitress/server.py", line 49, in create_server
    adj = Adjustments(**kw)
  File "/home/administrator/venv/lib/python3.14/site-packages/waitress/adjustments.py", line 318, in __init__
    raise ValueError("Unknown adjustment %r" % k)
ValueError: Unknown adjustment 'access_log'
2026-09-28 10:08:41 [CRITICAL] [cctv_app:68] UNCAUGHT EXCEPTION
Traceback (most recent call last):
  File "/home/administrator/cctv/app.py", line 2962, in <module>
    serve(
    ~~~~~^
        app,
        ^^^^
    ...<7 lines>...
        access_log=True,
        ^^^^^^^^^^^^^^^^
    )
    ^
  File "/home/administrator/venv/lib/python3.14/site-packages/waitress/__init__.py", line 13, in serve
    server = _server(app, **kw)
  File "/home/administrator/venv/lib/python3.14/site-packages/waitress/server.py", line 49, in create_server
    adj = Adjustments(**kw)
  File "/home/administrator/venv/lib/python3.14/site-packages/waitress/adjustments.py", line 318, in __init__
    raise ValueError("Unknown adjustment %r" % k)
ValueError: Unknown adjustment 'access_log'
2026-09-28 10:09:52 [CRITICAL] [cctv_app:2974] FATAL: Server gagal start: Unknown adjustment 'access_log'
Traceback (most recent call last):
  File "/home/administrator/cctv/app.py", line 2962, in <module>
    serve(
    ~~~~~^
        app,
        ^^^^
    ...<7 lines>...
        access_log=True,
        ^^^^^^^^^^^^^^^^
    )
    ^
  File "/home/administrator/venv/lib/python3.14/site-packages/waitress/__init__.py", line 13, in serve
    server = _server(app, **kw)
  File "/home/administrator/venv/lib/python3.14/site-packages/waitress/server.py", line 49, in create_server
    adj = Adjustments(**kw)
  File "/home/administrator/venv/lib/python3.14/site-packages/waitress/adjustments.py", line 318, in __init__
    raise ValueError("Unknown adjustment %r" % k)
ValueError: Unknown adjustment 'access_log'
2026-09-28 10:09:52 [CRITICAL] [cctv_app:68] UNCAUGHT EXCEPTION
Traceback (most recent call last):
  File "/home/administrator/cctv/app.py", line 2962, in <module>
    serve(
    ~~~~~^
        app,
        ^^^^
    ...<7 lines>...
        access_log=True,
        ^^^^^^^^^^^^^^^^
    )
    ^
  File "/home/administrator/venv/lib/python3.14/site-packages/waitress/__init__.py", line 13, in serve
    server = _server(app, **kw)
  File "/home/administrator/venv/lib/python3.14/site-packages/waitress/server.py", line 49, in create_server
    adj = Adjustments(**kw)
  File "/home/administrator/venv/lib/python3.14/site-packages/waitress/adjustments.py", line 318, in __init__
    raise ValueError("Unknown adjustment %r" % k)
ValueError: Unknown adjustment 'access_log'
2026-09-28 10:10:03 [CRITICAL] [cctv_app:2974] FATAL: Server gagal start: Unknown adjustment 'access_log'
Traceback (most recent call last):
  File "/home/administrator/cctv/app.py", line 2962, in <module>
    serve(
    ~~~~~^
        app,
        ^^^^
    ...<7 lines>...
        access_log=True,
        ^^^^^^^^^^^^^^^^
    )
    ^
  File "/home/administrator/venv/lib/python3.14/site-packages/waitress/__init__.py", line 13, in serve
    server = _server(app, **kw)
  File "/home/administrator/venv/lib/python3.14/site-packages/waitress/server.py", line 49, in create_server
    adj = Adjustments(**kw)
  File "/home/administrator/venv/lib/python3.14/site-packages/waitress/adjustments.py", line 318, in __init__
    raise ValueError("Unknown adjustment %r" % k)
ValueError: Unknown adjustment 'access_log'
2026-09-28 10:10:03 [CRITICAL] [cctv_app:68] UNCAUGHT EXCEPTION
Traceback (most recent call last):
  File "/home/administrator/cctv/app.py", line 2962, in <module>
    serve(
    ~~~~~^
        app,
        ^^^^
    ...<7 lines>...
        access_log=True,
        ^^^^^^^^^^^^^^^^
    )
    ^
  File "/home/administrator/venv/lib/python3.14/site-packages/waitress/__init__.py", line 13, in serve
    server = _server(app, **kw)
  File "/home/administrator/venv/lib/python3.14/site-packages/waitress/server.py", line 49, in create_server
    adj = Adjustments(**kw)
  File "/home/administrator/venv/lib/python3.14/site-packages/waitress/adjustments.py", line 318, in __init__
    raise ValueError("Unknown adjustment %r" % k)
ValueError: Unknown adjustment 'access_log'
2026-09-28 10:10:08 [CRITICAL] [cctv_app:2974] FATAL: Server gagal start: Unknown adjustment 'access_log'
Traceback (most recent call last):
  File "/home/administrator/cctv/app.py", line 2962, in <module>
    serve(
    ~~~~~^
        app,
        ^^^^
    ...<7 lines>...
        access_log=True,
        ^^^^^^^^^^^^^^^^
    )
    ^
  File "/home/administrator/venv/lib/python3.14/site-packages/waitress/__init__.py", line 13, in serve
    server = _server(app, **kw)
  File "/home/administrator/venv/lib/python3.14/site-packages/waitress/server.py", line 49, in create_server
    adj = Adjustments(**kw)
  File "/home/administrator/venv/lib/python3.14/site-packages/waitress/adjustments.py", line 318, in __init__
    raise ValueError("Unknown adjustment %r" % k)
ValueError: Unknown adjustment 'access_log'
2026-09-28 10:10:08 [CRITICAL] [cctv_app:68] UNCAUGHT EXCEPTION
Traceback (most recent call last):
  File "/home/administrator/cctv/app.py", line 2962, in <module>
    serve(
    ~~~~~^
        app,
        ^^^^
    ...<7 lines>...
        access_log=True,
        ^^^^^^^^^^^^^^^^
    )
    ^
  File "/home/administrator/venv/lib/python3.14/site-packages/waitress/__init__.py", line 13, in serve
    server = _server(app, **kw)
  File "/home/administrator/venv/lib/python3.14/site-packages/waitress/server.py", line 49, in create_server
    adj = Adjustments(**kw)
  File "/home/administrator/venv/lib/python3.14/site-packages/waitress/adjustments.py", line 318, in __init__
    raise ValueError("Unknown adjustment %r" % k)
ValueError: Unknown adjustment 'access_log'
2026-09-28 10:11:20 [CRITICAL] [cctv_app:2974] FATAL: Server gagal start: Unknown adjustment 'access_log'
Traceback (most recent call last):
  File "/home/administrator/cctv/app.py", line 2962, in <module>
    serve(
    ~~~~~^
        app,
        ^^^^
    ...<7 lines>...
        access_log=True,
        ^^^^^^^^^^^^^^^^
    )
    ^
  File "/home/administrator/venv/lib/python3.14/site-packages/waitress/__init__.py", line 13, in serve
    server = _server(app, **kw)
  File "/home/administrator/venv/lib/python3.14/site-packages/waitress/server.py", line 49, in create_server
    adj = Adjustments(**kw)
  File "/home/administrator/venv/lib/python3.14/site-packages/waitress/adjustments.py", line 318, in __init__
    raise ValueError("Unknown adjustment %r" % k)
ValueError: Unknown adjustment 'access_log'
2026-09-28 10:11:20 [CRITICAL] [cctv_app:68] UNCAUGHT EXCEPTION
Traceback (most recent call last):
  File "/home/administrator/cctv/app.py", line 2962, in <module>
    serve(
    ~~~~~^
        app,
        ^^^^
    ...<7 lines>...
        access_log=True,
        ^^^^^^^^^^^^^^^^
    )
    ^
  File "/home/administrator/venv/lib/python3.14/site-packages/waitress/__init__.py", line 13, in serve
    server = _server(app, **kw)
  File "/home/administrator/venv/lib/python3.14/site-packages/waitress/server.py", line 49, in create_server
    adj = Adjustments(**kw)
  File "/home/administrator/venv/lib/python3.14/site-packages/waitress/adjustments.py", line 318, in __init__
    raise ValueError("Unknown adjustment %r" % k)
ValueError: Unknown adjustment 'access_log'
2026-09-28 10:11:30 [CRITICAL] [cctv_app:2974] FATAL: Server gagal start: Unknown adjustment 'access_log'
Traceback (most recent call last):
  File "/home/administrator/cctv/app.py", line 2962, in <module>
    serve(
    ~~~~~^
        app,
        ^^^^
    ...<7 lines>...
        access_log=True,
        ^^^^^^^^^^^^^^^^
    )
    ^
  File "/home/administrator/venv/lib/python3.14/site-packages/waitress/__init__.py", line 13, in serve
    server = _server(app, **kw)
  File "/home/administrator/venv/lib/python3.14/site-packages/waitress/server.py", line 49, in create_server
    adj = Adjustments(**kw)
  File "/home/administrator/venv/lib/python3.14/site-packages/waitress/adjustments.py", line 318, in __init__
    raise ValueError("Unknown adjustment %r" % k)
ValueError: Unknown adjustment 'access_log'
2026-09-28 10:11:30 [CRITICAL] [cctv_app:68] UNCAUGHT EXCEPTION
Traceback (most recent call last):
  File "/home/administrator/cctv/app.py", line 2962, in <module>
    serve(
    ~~~~~^
        app,
        ^^^^
    ...<7 lines>...
        access_log=True,
        ^^^^^^^^^^^^^^^^
    )
    ^
  File "/home/administrator/venv/lib/python3.14/site-packages/waitress/__init__.py", line 13, in serve
    server = _server(app, **kw)
  File "/home/administrator/venv/lib/python3.14/site-packages/waitress/server.py", line 49, in create_server
    adj = Adjustments(**kw)
  File "/home/administrator/venv/lib/python3.14/site-packages/waitress/adjustments.py", line 318, in __init__
    raise ValueError("Unknown adjustment %r" % k)
ValueError: Unknown adjustment 'access_log'
2026-09-28 10:12:41 [CRITICAL] [cctv_app:2974] FATAL: Server gagal start: Unknown adjustment 'access_log'
Traceback (most recent call last):
  File "/home/administrator/cctv/app.py", line 2962, in <module>
    serve(
    ~~~~~^
        app,
        ^^^^
    ...<7 lines>...
        access_log=True,
        ^^^^^^^^^^^^^^^^
    )
    ^
  File "/home/administrator/venv/lib/python3.14/site-packages/waitress/__init__.py", line 13, in serve
    server = _server(app, **kw)
  File "/home/administrator/venv/lib/python3.14/site-packages/waitress/server.py", line 49, in create_server
    adj = Adjustments(**kw)
  File "/home/administrator/venv/lib/python3.14/site-packages/waitress/adjustments.py", line 318, in __init__
    raise ValueError("Unknown adjustment %r" % k)
ValueError: Unknown adjustment 'access_log'
2026-09-28 10:12:41 [CRITICAL] [cctv_app:68] UNCAUGHT EXCEPTION
Traceback (most recent call last):
  File "/home/administrator/cctv/app.py", line 2962, in <module>
    serve(
    ~~~~~^
        app,
        ^^^^
    ...<7 lines>...
        access_log=True,
        ^^^^^^^^^^^^^^^^
    )
    ^
  File "/home/administrator/venv/lib/python3.14/site-packages/waitress/__init__.py", line 13, in serve
    server = _server(app, **kw)
  File "/home/administrator/venv/lib/python3.14/site-packages/waitress/server.py", line 49, in create_server
    adj = Adjustments(**kw)
  File "/home/administrator/venv/lib/python3.14/site-packages/waitress/adjustments.py", line 318, in __init__
    raise ValueError("Unknown adjustment %r" % k)
ValueError: Unknown adjustment 'access_log'
2026-09-28 10:12:52 [CRITICAL] [cctv_app:2974] FATAL: Server gagal start: Unknown adjustment 'access_log'
Traceback (most recent call last):
  File "/home/administrator/cctv/app.py", line 2962, in <module>
    serve(
    ~~~~~^
        app,
        ^^^^
    ...<7 lines>...
        access_log=True,
        ^^^^^^^^^^^^^^^^
    )
    ^
  File "/home/administrator/venv/lib/python3.14/site-packages/waitress/__init__.py", line 13, in serve
    server = _server(app, **kw)
  File "/home/administrator/venv/lib/python3.14/site-packages/waitress/server.py", line 49, in create_server
    adj = Adjustments(**kw)
  File "/home/administrator/venv/lib/python3.14/site-packages/waitress/adjustments.py", line 318, in __init__
    raise ValueError("Unknown adjustment %r" % k)
ValueError: Unknown adjustment 'access_log'
2026-09-28 10:12:52 [CRITICAL] [cctv_app:68] UNCAUGHT EXCEPTION
Traceback (most recent call last):
  File "/home/administrator/cctv/app.py", line 2962, in <module>
    serve(
    ~~~~~^
        app,
        ^^^^
    ...<7 lines>...
        access_log=True,
        ^^^^^^^^^^^^^^^^
    )
    ^
  File "/home/administrator/venv/lib/python3.14/site-packages/waitress/__init__.py", line 13, in serve
    server = _server(app, **kw)
  File "/home/administrator/venv/lib/python3.14/site-packages/waitress/server.py", line 49, in create_server
    adj = Adjustments(**kw)
  File "/home/administrator/venv/lib/python3.14/site-packages/waitress/adjustments.py", line 318, in __init__
    raise ValueError("Unknown adjustment %r" % k)
ValueError: Unknown adjustment 'access_log'
2026-09-28 10:14:05 [CRITICAL] [cctv_app:2974] FATAL: Server gagal start: Unknown adjustment 'access_log'
Traceback (most recent call last):
  File "/home/administrator/cctv/app.py", line 2962, in <module>
    serve(
    ~~~~~^
        app,
        ^^^^
    ...<7 lines>...
        access_log=True,
        ^^^^^^^^^^^^^^^^
    )
    ^
  File "/home/administrator/venv/lib/python3.14/site-packages/waitress/__init__.py", line 13, in serve
    server = _server(app, **kw)
  File "/home/administrator/venv/lib/python3.14/site-packages/waitress/server.py", line 49, in create_server
    adj = Adjustments(**kw)
  File "/home/administrator/venv/lib/python3.14/site-packages/waitress/adjustments.py", line 318, in __init__
    raise ValueError("Unknown adjustment %r" % k)
ValueError: Unknown adjustment 'access_log'
2026-09-28 10:14:05 [CRITICAL] [cctv_app:68] UNCAUGHT EXCEPTION
Traceback (most recent call last):
  File "/home/administrator/cctv/app.py", line 2962, in <module>
    serve(
    ~~~~~^
        app,
        ^^^^
    ...<7 lines>...
        access_log=True,
        ^^^^^^^^^^^^^^^^
    )
    ^
  File "/home/administrator/venv/lib/python3.14/site-packages/waitress/__init__.py", line 13, in serve
    server = _server(app, **kw)
  File "/home/administrator/venv/lib/python3.14/site-packages/waitress/server.py", line 49, in create_server
    adj = Adjustments(**kw)
  File "/home/administrator/venv/lib/python3.14/site-packages/waitress/adjustments.py", line 318, in __init__
    raise ValueError("Unknown adjustment %r" % k)
ValueError: Unknown adjustment 'access_log'
2026-09-28 10:15:15 [CRITICAL] [cctv_app:2974] FATAL: Server gagal start: Unknown adjustment 'access_log'
Traceback (most recent call last):
  File "/home/administrator/cctv/app.py", line 2962, in <module>
    serve(
    ~~~~~^
        app,
        ^^^^
    ...<7 lines>...
        access_log=True,
        ^^^^^^^^^^^^^^^^
    )
    ^
  File "/home/administrator/venv/lib/python3.14/site-packages/waitress/__init__.py", line 13, in serve
    server = _server(app, **kw)
  File "/home/administrator/venv/lib/python3.14/site-packages/waitress/server.py", line 49, in create_server
    adj = Adjustments(**kw)
  File "/home/administrator/venv/lib/python3.14/site-packages/waitress/adjustments.py", line 318, in __init__
    raise ValueError("Unknown adjustment %r" % k)
ValueError: Unknown adjustment 'access_log'
2026-09-28 10:15:15 [CRITICAL] [cctv_app:68] UNCAUGHT EXCEPTION
Traceback (most recent call last):
  File "/home/administrator/cctv/app.py", line 2962, in <module>
    serve(
    ~~~~~^
        app,
        ^^^^
    ...<7 lines>...
        access_log=True,
        ^^^^^^^^^^^^^^^^
    )
    ^
  File "/home/administrator/venv/lib/python3.14/site-packages/waitress/__init__.py", line 13, in serve
    server = _server(app, **kw)
  File "/home/administrator/venv/lib/python3.14/site-packages/waitress/server.py", line 49, in create_server
    adj = Adjustments(**kw)
  File "/home/administrator/venv/lib/python3.14/site-packages/waitress/adjustments.py", line 318, in __init__
    raise ValueError("Unknown adjustment %r" % k)
ValueError: Unknown adjustment 'access_log'
2026-09-28 10:16:28 [CRITICAL] [cctv_app:2974] FATAL: Server gagal start: Unknown adjustment 'access_log'
Traceback (most recent call last):
  File "/home/administrator/cctv/app.py", line 2962, in <module>
    serve(
    ~~~~~^
        app,
        ^^^^
    ...<7 lines>...
        access_log=True,
        ^^^^^^^^^^^^^^^^
    )
    ^
  File "/home/administrator/venv/lib/python3.14/site-packages/waitress/__init__.py", line 13, in serve
    server = _server(app, **kw)
  File "/home/administrator/venv/lib/python3.14/site-packages/waitress/server.py", line 49, in create_server
    adj = Adjustments(**kw)
  File "/home/administrator/venv/lib/python3.14/site-packages/waitress/adjustments.py", line 318, in __init__
    raise ValueError("Unknown adjustment %r" % k)
ValueError: Unknown adjustment 'access_log'
2026-09-28 10:16:28 [CRITICAL] [cctv_app:68] UNCAUGHT EXCEPTION
Traceback (most recent call last):
  File "/home/administrator/cctv/app.py", line 2962, in <module>
    serve(
    ~~~~~^
        app,
        ^^^^
    ...<7 lines>...
        access_log=True,
        ^^^^^^^^^^^^^^^^
    )
    ^
  File "/home/administrator/venv/lib/python3.14/site-packages/waitress/__init__.py", line 13, in serve
    server = _server(app, **kw)
  File "/home/administrator/venv/lib/python3.14/site-packages/waitress/server.py", line 49, in create_server
    adj = Adjustments(**kw)
  File "/home/administrator/venv/lib/python3.14/site-packages/waitress/adjustments.py", line 318, in __init__
    raise ValueError("Unknown adjustment %r" % k)
ValueError: Unknown adjustment 'access_log'
2026-09-28 10:16:33 [CRITICAL] [cctv_app:2974] FATAL: Server gagal start: Unknown adjustment 'access_log'
Traceback (most recent call last):
  File "/home/administrator/cctv/app.py", line 2962, in <module>
    serve(
    ~~~~~^
        app,
        ^^^^
    ...<7 lines>...
        access_log=True,
        ^^^^^^^^^^^^^^^^
    )
    ^
  File "/home/administrator/venv/lib/python3.14/site-packages/waitress/__init__.py", line 13, in serve
    server = _server(app, **kw)
  File "/home/administrator/venv/lib/python3.14/site-packages/waitress/server.py", line 49, in create_server
    adj = Adjustments(**kw)
  File "/home/administrator/venv/lib/python3.14/site-packages/waitress/adjustments.py", line 318, in __init__
    raise ValueError("Unknown adjustment %r" % k)
ValueError: Unknown adjustment 'access_log'
2026-09-28 10:16:33 [CRITICAL] [cctv_app:68] UNCAUGHT EXCEPTION
Traceback (most recent call last):
  File "/home/administrator/cctv/app.py", line 2962, in <module>
    serve(
    ~~~~~^
        app,
        ^^^^
    ...<7 lines>...
        access_log=True,
        ^^^^^^^^^^^^^^^^
    )
    ^
  File "/home/administrator/venv/lib/python3.14/site-packages/waitress/__init__.py", line 13, in serve
    server = _server(app, **kw)
  File "/home/administrator/venv/lib/python3.14/site-packages/waitress/server.py", line 49, in create_server
    adj = Adjustments(**kw)
  File "/home/administrator/venv/lib/python3.14/site-packages/waitress/adjustments.py", line 318, in __init__
    raise ValueError("Unknown adjustment %r" % k)
ValueError: Unknown adjustment 'access_log'
2026-09-28 10:16:44 [CRITICAL] [cctv_app:2974] FATAL: Server gagal start: Unknown adjustment 'access_log'
Traceback (most recent call last):
  File "/home/administrator/cctv/app.py", line 2962, in <module>
    serve(
    ~~~~~^
        app,
        ^^^^
    ...<7 lines>...
        access_log=True,
        ^^^^^^^^^^^^^^^^
    )
    ^
  File "/home/administrator/venv/lib/python3.14/site-packages/waitress/__init__.py", line 13, in serve
    server = _server(app, **kw)
  File "/home/administrator/venv/lib/python3.14/site-packages/waitress/server.py", line 49, in create_server
    adj = Adjustments(**kw)
  File "/home/administrator/venv/lib/python3.14/site-packages/waitress/adjustments.py", line 318, in __init__
    raise ValueError("Unknown adjustment %r" % k)
ValueError: Unknown adjustment 'access_log'
2026-09-28 10:16:44 [CRITICAL] [cctv_app:68] UNCAUGHT EXCEPTION
Traceback (most recent call last):
  File "/home/administrator/cctv/app.py", line 2962, in <module>
    serve(
    ~~~~~^
        app,
        ^^^^
    ...<7 lines>...
        access_log=True,
        ^^^^^^^^^^^^^^^^
    )
    ^
  File "/home/administrator/venv/lib/python3.14/site-packages/waitress/__init__.py", line 13, in serve
    server = _server(app, **kw)
  File "/home/administrator/venv/lib/python3.14/site-packages/waitress/server.py", line 49, in create_server
    adj = Adjustments(**kw)
  File "/home/administrator/venv/lib/python3.14/site-packages/waitress/adjustments.py", line 318, in __init__
    raise ValueError("Unknown adjustment %r" % k)
ValueError: Unknown adjustment 'access_log'
2026-09-28 10:17:54 [CRITICAL] [cctv_app:2974] FATAL: Server gagal start: Unknown adjustment 'access_log'
Traceback (most recent call last):
  File "/home/administrator/cctv/app.py", line 2962, in <module>
    serve(
    ~~~~~^
        app,
        ^^^^
    ...<7 lines>...
        access_log=True,
        ^^^^^^^^^^^^^^^^
    )
    ^
  File "/home/administrator/venv/lib/python3.14/site-packages/waitress/__init__.py", line 13, in serve
    server = _server(app, **kw)
  File "/home/administrator/venv/lib/python3.14/site-packages/waitress/server.py", line 49, in create_server
    adj = Adjustments(**kw)
  File "/home/administrator/venv/lib/python3.14/site-packages/waitress/adjustments.py", line 318, in __init__
    raise ValueError("Unknown adjustment %r" % k)
ValueError: Unknown adjustment 'access_log'
2026-09-28 10:17:54 [CRITICAL] [cctv_app:68] UNCAUGHT EXCEPTION
Traceback (most recent call last):
  File "/home/administrator/cctv/app.py", line 2962, in <module>
    serve(
    ~~~~~^
        app,
        ^^^^
    ...<7 lines>...
        access_log=True,
        ^^^^^^^^^^^^^^^^
    )
    ^
  File "/home/administrator/venv/lib/python3.14/site-packages/waitress/__init__.py", line 13, in serve
    server = _server(app, **kw)
  File "/home/administrator/venv/lib/python3.14/site-packages/waitress/server.py", line 49, in create_server
    adj = Adjustments(**kw)
  File "/home/administrator/venv/lib/python3.14/site-packages/waitress/adjustments.py", line 318, in __init__
    raise ValueError("Unknown adjustment %r" % k)
ValueError: Unknown adjustment 'access_log'
2026-09-28 10:19:06 [CRITICAL] [cctv_app:2974] FATAL: Server gagal start: Unknown adjustment 'access_log'
Traceback (most recent call last):
  File "/home/administrator/cctv/app.py", line 2962, in <module>
    serve(
    ~~~~~^
        app,
        ^^^^
    ...<7 lines>...
        access_log=True,
        ^^^^^^^^^^^^^^^^
    )
    ^
  File "/home/administrator/venv/lib/python3.14/site-packages/waitress/__init__.py", line 13, in serve
    server = _server(app, **kw)
  File "/home/administrator/venv/lib/python3.14/site-packages/waitress/server.py", line 49, in create_server
    adj = Adjustments(**kw)
  File "/home/administrator/venv/lib/python3.14/site-packages/waitress/adjustments.py", line 318, in __init__
    raise ValueError("Unknown adjustment %r" % k)
ValueError: Unknown adjustment 'access_log'
2026-09-28 10:19:06 [CRITICAL] [cctv_app:68] UNCAUGHT EXCEPTION
Traceback (most recent call last):
  File "/home/administrator/cctv/app.py", line 2962, in <module>
    serve(
    ~~~~~^
        app,
        ^^^^
    ...<7 lines>...
        access_log=True,
        ^^^^^^^^^^^^^^^^
    )
    ^
  File "/home/administrator/venv/lib/python3.14/site-packages/waitress/__init__.py", line 13, in serve
    server = _server(app, **kw)
  File "/home/administrator/venv/lib/python3.14/site-packages/waitress/server.py", line 49, in create_server
    adj = Adjustments(**kw)
  File "/home/administrator/venv/lib/python3.14/site-packages/waitress/adjustments.py", line 318, in __init__
    raise ValueError("Unknown adjustment %r" % k)
ValueError: Unknown adjustment 'access_log'
2026-09-28 10:20:19 [CRITICAL] [cctv_app:2974] FATAL: Server gagal start: Unknown adjustment 'access_log'
Traceback (most recent call last):
  File "/home/administrator/cctv/app.py", line 2962, in <module>
    serve(
    ~~~~~^
        app,
        ^^^^
    ...<7 lines>...
        access_log=True,
        ^^^^^^^^^^^^^^^^
    )
    ^
  File "/home/administrator/venv/lib/python3.14/site-packages/waitress/__init__.py", line 13, in serve
    server = _server(app, **kw)
  File "/home/administrator/venv/lib/python3.14/site-packages/waitress/server.py", line 49, in create_server
    adj = Adjustments(**kw)
  File "/home/administrator/venv/lib/python3.14/site-packages/waitress/adjustments.py", line 318, in __init__
    raise ValueError("Unknown adjustment %r" % k)
ValueError: Unknown adjustment 'access_log'
2026-09-28 10:20:19 [CRITICAL] [cctv_app:68] UNCAUGHT EXCEPTION
Traceback (most recent call last):
  File "/home/administrator/cctv/app.py", line 2962, in <module>
    serve(
    ~~~~~^
        app,
        ^^^^
    ...<7 lines>...
        access_log=True,
        ^^^^^^^^^^^^^^^^
    )
    ^
  File "/home/administrator/venv/lib/python3.14/site-packages/waitress/__init__.py", line 13, in serve
    server = _server(app, **kw)
  File "/home/administrator/venv/lib/python3.14/site-packages/waitress/server.py", line 49, in create_server
    adj = Adjustments(**kw)
  File "/home/administrator/venv/lib/python3.14/site-packages/waitress/adjustments.py", line 318, in __init__
    raise ValueError("Unknown adjustment %r" % k)
ValueError: Unknown adjustment 'access_log'
2026-09-28 10:20:29 [CRITICAL] [cctv_app:2974] FATAL: Server gagal start: Unknown adjustment 'access_log'
Traceback (most recent call last):
  File "/home/administrator/cctv/app.py", line 2962, in <module>
    serve(
    ~~~~~^
        app,
        ^^^^
    ...<7 lines>...
        access_log=True,
        ^^^^^^^^^^^^^^^^
    )
    ^
  File "/home/administrator/venv/lib/python3.14/site-packages/waitress/__init__.py", line 13, in serve
    server = _server(app, **kw)
  File "/home/administrator/venv/lib/python3.14/site-packages/waitress/server.py", line 49, in create_server
    adj = Adjustments(**kw)
  File "/home/administrator/venv/lib/python3.14/site-packages/waitress/adjustments.py", line 318, in __init__
    raise ValueError("Unknown adjustment %r" % k)
ValueError: Unknown adjustment 'access_log'
2026-09-28 10:20:29 [CRITICAL] [cctv_app:68] UNCAUGHT EXCEPTION
Traceback (most recent call last):
  File "/home/administrator/cctv/app.py", line 2962, in <module>
    serve(
    ~~~~~^
        app,
        ^^^^
    ...<7 lines>...
        access_log=True,
        ^^^^^^^^^^^^^^^^
    )
    ^
  File "/home/administrator/venv/lib/python3.14/site-packages/waitress/__init__.py", line 13, in serve
    server = _server(app, **kw)
  File "/home/administrator/venv/lib/python3.14/site-packages/waitress/server.py", line 49, in create_server
    adj = Adjustments(**kw)
  File "/home/administrator/venv/lib/python3.14/site-packages/waitress/adjustments.py", line 318, in __init__
    raise ValueError("Unknown adjustment %r" % k)
ValueError: Unknown adjustment 'access_log'
2026-09-28 10:51:24 [ERROR   ] [cctv_app:480] Unhandled exception di POST /api/playback/session: 'function' object has no attribute 'quote'
Traceback (most recent call last):
  File "/home/administrator/venv/lib/python3.14/site-packages/flask/app.py", line 1484, in full_dispatch_request
    rv = self.dispatch_request()
  File "/home/administrator/venv/lib/python3.14/site-packages/flask/app.py", line 1469, in dispatch_request
    return self.ensure_sync(self.view_functions[rule.endpoint])(**view_args)
           ~~~~~~~~~~~~~~~~~~~~~~~~~~~~~~~~~~~~~~~~~~~~~~~~~~~~^^^^^^^^^^^^^
  File "/home/administrator/cctv/app.py", line 154, in wrapper
    return f(*args, **kwargs)
  File "/home/administrator/cctv/app.py", line 3389, in api_playback_session
    loadfile_url = _dahua_loadfile_url(
        dvr_row, cam["channel"], start_dt, end_dt
    )
  File "/home/administrator/cctv/app.py", line 2946, in _dahua_loadfile_url
    start = urlparse.quote(fmt(start_dt))
            ^^^^^^^^^^^^^^
AttributeError: 'function' object has no attribute 'quote'
2026-09-28 10:51:28 [ERROR   ] [cctv_app:480] Unhandled exception di GET /api/playback/download: 'function' object has no attribute 'quote'
Traceback (most recent call last):
  File "/home/administrator/venv/lib/python3.14/site-packages/flask/app.py", line 1484, in full_dispatch_request
    rv = self.dispatch_request()
  File "/home/administrator/venv/lib/python3.14/site-packages/flask/app.py", line 1469, in dispatch_request
    return self.ensure_sync(self.view_functions[rule.endpoint])(**view_args)
           ~~~~~~~~~~~~~~~~~~~~~~~~~~~~~~~~~~~~~~~~~~~~~~~~~~~~^^^^^^^^^^^^^
  File "/home/administrator/cctv/app.py", line 154, in wrapper
    return f(*args, **kwargs)
  File "/home/administrator/cctv/app.py", line 3274, in api_playback_download
    url = _dahua_loadfile_url(dvr_row, cam["channel"], start_dt, end_dt)
  File "/home/administrator/cctv/app.py", line 2946, in _dahua_loadfile_url
    start = urlparse.quote(fmt(start_dt))
            ^^^^^^^^^^^^^^
AttributeError: 'function' object has no attribute 'quote'
2026-09-28 10:52:06 [ERROR   ] [cctv_app:480] Unhandled exception di GET /api/playback/download: 'function' object has no attribute 'quote'
Traceback (most recent call last):
  File "/home/administrator/venv/lib/python3.14/site-packages/flask/app.py", line 1484, in full_dispatch_request
    rv = self.dispatch_request()
  File "/home/administrator/venv/lib/python3.14/site-packages/flask/app.py", line 1469, in dispatch_request
    return self.ensure_sync(self.view_functions[rule.endpoint])(**view_args)
           ~~~~~~~~~~~~~~~~~~~~~~~~~~~~~~~~~~~~~~~~~~~~~~~~~~~~^^^^^^^^^^^^^
  File "/home/administrator/cctv/app.py", line 154, in wrapper
    return f(*args, **kwargs)
  File "/home/administrator/cctv/app.py", line 3274, in api_playback_download
    url = _dahua_loadfile_url(dvr_row, cam["channel"], start_dt, end_dt)
  File "/home/administrator/cctv/app.py", line 2946, in _dahua_loadfile_url
    start = urlparse.quote(fmt(start_dt))
            ^^^^^^^^^^^^^^
AttributeError: 'function' object has no attribute 'quote'
2026-09-28 11:04:39 [ERROR   ] [cctv_app:480] Unhandled exception di POST /api/playback/session: 'function' object has no attribute 'quote'
Traceback (most recent call last):
  File "/home/administrator/venv/lib/python3.14/site-packages/flask/app.py", line 1484, in full_dispatch_request
    rv = self.dispatch_request()
  File "/home/administrator/venv/lib/python3.14/site-packages/flask/app.py", line 1469, in dispatch_request
    return self.ensure_sync(self.view_functions[rule.endpoint])(**view_args)
           ~~~~~~~~~~~~~~~~~~~~~~~~~~~~~~~~~~~~~~~~~~~~~~~~~~~~^^^^^^^^^^^^^
  File "/home/administrator/cctv/app.py", line 154, in wrapper
    return f(*args, **kwargs)
  File "/home/administrator/cctv/app.py", line 3389, in api_playback_session
    loadfile_url = _dahua_loadfile_url(
        dvr_row, cam["channel"], start_dt, end_dt
    )
  File "/home/administrator/cctv/app.py", line 2946, in _dahua_loadfile_url
    start = urlparse.quote(fmt(start_dt))
            ^^^^^^^^^^^^^^
AttributeError: 'function' object has no attribute 'quote'
2026-09-28 11:04:46 [ERROR   ] [cctv_app:480] Unhandled exception di POST /api/playback/session: 'function' object has no attribute 'quote'
Traceback (most recent call last):
  File "/home/administrator/venv/lib/python3.14/site-packages/flask/app.py", line 1484, in full_dispatch_request
    rv = self.dispatch_request()
  File "/home/administrator/venv/lib/python3.14/site-packages/flask/app.py", line 1469, in dispatch_request
    return self.ensure_sync(self.view_functions[rule.endpoint])(**view_args)
           ~~~~~~~~~~~~~~~~~~~~~~~~~~~~~~~~~~~~~~~~~~~~~~~~~~~~^^^^^^^^^^^^^
  File "/home/administrator/cctv/app.py", line 154, in wrapper
    return f(*args, **kwargs)
  File "/home/administrator/cctv/app.py", line 3389, in api_playback_session
    loadfile_url = _dahua_loadfile_url(
        dvr_row, cam["channel"], start_dt, end_dt
    )
  File "/home/administrator/cctv/app.py", line 2946, in _dahua_loadfile_url
    start = urlparse.quote(fmt(start_dt))
            ^^^^^^^^^^^^^^
AttributeError: 'function' object has no attribute 'quote'
2026-09-28 11:05:10 [ERROR   ] [cctv_app:480] Unhandled exception di POST /api/playback/session: 'function' object has no attribute 'quote'
Traceback (most recent call last):
  File "/home/administrator/venv/lib/python3.14/site-packages/flask/app.py", line 1484, in full_dispatch_request
    rv = self.dispatch_request()
  File "/home/administrator/venv/lib/python3.14/site-packages/flask/app.py", line 1469, in dispatch_request
    return self.ensure_sync(self.view_functions[rule.endpoint])(**view_args)
           ~~~~~~~~~~~~~~~~~~~~~~~~~~~~~~~~~~~~~~~~~~~~~~~~~~~~^^^^^^^^^^^^^
  File "/home/administrator/cctv/app.py", line 154, in wrapper
    return f(*args, **kwargs)
  File "/home/administrator/cctv/app.py", line 3389, in api_playback_session
    loadfile_url = _dahua_loadfile_url(
        dvr_row, cam["channel"], start_dt, end_dt
    )
  File "/home/administrator/cctv/app.py", line 2946, in _dahua_loadfile_url
    start = urlparse.quote(fmt(start_dt))
            ^^^^^^^^^^^^^^
AttributeError: 'function' object has no attribute 'quote'
2026-09-28 13:09:40 [ERROR   ] [cctv_app:2926] [DVR MONITOR] Loop error: (2003, "Can't connect to MySQL server on '127.0.0.1' ([Errno 111] Connection refused)")
Traceback (most recent call last):
  File "/home/administrator/venv/lib/python3.14/site-packages/pymysql/connections.py", line 681, in connect
    sock = socket.create_connection(
        (self.host, self.port), self.connect_timeout, **kwargs
    )
  File "/usr/lib/python3.14/socket.py", line 870, in create_connection
    raise exceptions[0]
  File "/usr/lib/python3.14/socket.py", line 855, in create_connection
    sock.connect(sa)
    ~~~~~~~~~~~~^^^^
ConnectionRefusedError: [Errno 111] Connection refused

During handling of the above exception, another exception occurred:

Traceback (most recent call last):
  File "/home/administrator/cctv/app.py", line 2856, in _dvr_monitor_loop
    dvrs = dbmod.fetch_all_dvr()
  File "/home/administrator/cctv/db.py", line 146, in fetch_all_dvr
    with get_cursor() as cur:
         ~~~~~~~~~~^^
  File "/usr/lib/python3.14/contextlib.py", line 141, in __enter__
    return next(self.gen)
  File "/home/administrator/cctv/db.py", line 34, in get_cursor
    conn = get_connection()
  File "/home/administrator/cctv/db.py", line 19, in get_connection
    return pymysql.connect(
           ~~~~~~~~~~~~~~~^
        host=Config.DB_HOST,
        ^^^^^^^^^^^^^^^^^^^^
    ...<6 lines>...
        autocommit=False,
        ^^^^^^^^^^^^^^^^^
    )
    ^
  File "/home/administrator/venv/lib/python3.14/site-packages/pymysql/connections.py", line 373, in __init__
    self.connect()
    ~~~~~~~~~~~~^^
  File "/home/administrator/venv/lib/python3.14/site-packages/pymysql/connections.py", line 744, in connect
    raise exc
pymysql.err.OperationalError: (2003, "Can't connect to MySQL server on '127.0.0.1' ([Errno 111] Connection refused)")
2026-09-28 13:09:40 [ERROR   ] [cctv_app:2183] [STARTUP] Sync gagal: (2003, "Can't connect to MySQL server on '127.0.0.1' ([Errno 111] Connection refused)")
Traceback (most recent call last):
  File "/home/administrator/venv/lib/python3.14/site-packages/pymysql/connections.py", line 681, in connect
    sock = socket.create_connection(
        (self.host, self.port), self.connect_timeout, **kwargs
    )
  File "/usr/lib/python3.14/socket.py", line 870, in create_connection
    raise exceptions[0]
  File "/usr/lib/python3.14/socket.py", line 855, in create_connection
    sock.connect(sa)
    ~~~~~~~~~~~~^^^^
ConnectionRefusedError: [Errno 111] Connection refused

During handling of the above exception, another exception occurred:

Traceback (most recent call last):
  File "/home/administrator/cctv/app.py", line 2164, in _startup_sync_cameras
    cameras = dbmod.fetch_all_cameras()
  File "/home/administrator/cctv/db.py", line 427, in fetch_all_cameras
    with get_cursor() as cur:
         ~~~~~~~~~~^^
  File "/usr/lib/python3.14/contextlib.py", line 141, in __enter__
    return next(self.gen)
  File "/home/administrator/cctv/db.py", line 34, in get_cursor
    conn = get_connection()
  File "/home/administrator/cctv/db.py", line 19, in get_connection
    return pymysql.connect(
           ~~~~~~~~~~~~~~~^
        host=Config.DB_HOST,
        ^^^^^^^^^^^^^^^^^^^^
    ...<6 lines>...
        autocommit=False,
        ^^^^^^^^^^^^^^^^^
    )
    ^
  File "/home/administrator/venv/lib/python3.14/site-packages/pymysql/connections.py", line 373, in __init__
    self.connect()
    ~~~~~~~~~~~~^^
  File "/home/administrator/venv/lib/python3.14/site-packages/pymysql/connections.py", line 744, in connect
    raise exc
pymysql.err.OperationalError: (2003, "Can't connect to MySQL server on '127.0.0.1' ([Errno 111] Connection refused)")
2026-09-28 13:16:11 [ERROR   ] [cctv_app:2926] [DVR MONITOR] Loop error: (2003, "Can't connect to MySQL server on '127.0.0.1' ([Errno 111] Connection refused)")
Traceback (most recent call last):
  File "/home/administrator/venv/lib/python3.14/site-packages/pymysql/connections.py", line 681, in connect
    sock = socket.create_connection(
        (self.host, self.port), self.connect_timeout, **kwargs
    )
  File "/usr/lib/python3.14/socket.py", line 870, in create_connection
    raise exceptions[0]
  File "/usr/lib/python3.14/socket.py", line 855, in create_connection
    sock.connect(sa)
    ~~~~~~~~~~~~^^^^
ConnectionRefusedError: [Errno 111] Connection refused

During handling of the above exception, another exception occurred:

Traceback (most recent call last):
  File "/home/administrator/cctv/app.py", line 2856, in _dvr_monitor_loop
    dvrs = dbmod.fetch_all_dvr()
  File "/home/administrator/cctv/db.py", line 146, in fetch_all_dvr
    with get_cursor() as cur:
         ~~~~~~~~~~^^
  File "/usr/lib/python3.14/contextlib.py", line 141, in __enter__
    return next(self.gen)
  File "/home/administrator/cctv/db.py", line 34, in get_cursor
    conn = get_connection()
  File "/home/administrator/cctv/db.py", line 19, in get_connection
    return pymysql.connect(
           ~~~~~~~~~~~~~~~^
        host=Config.DB_HOST,
        ^^^^^^^^^^^^^^^^^^^^
    ...<6 lines>...
        autocommit=False,
        ^^^^^^^^^^^^^^^^^
    )
    ^
  File "/home/administrator/venv/lib/python3.14/site-packages/pymysql/connections.py", line 373, in __init__
    self.connect()
    ~~~~~~~~~~~~^^
  File "/home/administrator/venv/lib/python3.14/site-packages/pymysql/connections.py", line 744, in connect
    raise exc
pymysql.err.OperationalError: (2003, "Can't connect to MySQL server on '127.0.0.1' ([Errno 111] Connection refused)")
2026-09-28 13:16:12 [ERROR   ] [cctv_app:2183] [STARTUP] Sync gagal: (2003, "Can't connect to MySQL server on '127.0.0.1' ([Errno 111] Connection refused)")
Traceback (most recent call last):
  File "/home/administrator/venv/lib/python3.14/site-packages/pymysql/connections.py", line 681, in connect
    sock = socket.create_connection(
        (self.host, self.port), self.connect_timeout, **kwargs
    )
  File "/usr/lib/python3.14/socket.py", line 870, in create_connection
    raise exceptions[0]
  File "/usr/lib/python3.14/socket.py", line 855, in create_connection
    sock.connect(sa)
    ~~~~~~~~~~~~^^^^
ConnectionRefusedError: [Errno 111] Connection refused

During handling of the above exception, another exception occurred:

Traceback (most recent call last):
  File "/home/administrator/cctv/app.py", line 2164, in _startup_sync_cameras
    cameras = dbmod.fetch_all_cameras()
  File "/home/administrator/cctv/db.py", line 427, in fetch_all_cameras
    with get_cursor() as cur:
         ~~~~~~~~~~^^
  File "/usr/lib/python3.14/contextlib.py", line 141, in __enter__
    return next(self.gen)
  File "/home/administrator/cctv/db.py", line 34, in get_cursor
    conn = get_connection()
  File "/home/administrator/cctv/db.py", line 19, in get_connection
    return pymysql.connect(
           ~~~~~~~~~~~~~~~^
        host=Config.DB_HOST,
        ^^^^^^^^^^^^^^^^^^^^
    ...<6 lines>...
        autocommit=False,
        ^^^^^^^^^^^^^^^^^
    )
    ^
  File "/home/administrator/venv/lib/python3.14/site-packages/pymysql/connections.py", line 373, in __init__
    self.connect()
    ~~~~~~~~~~~~^^
  File "/home/administrator/venv/lib/python3.14/site-packages/pymysql/connections.py", line 744, in connect
    raise exc
pymysql.err.OperationalError: (2003, "Can't connect to MySQL server on '127.0.0.1' ([Errno 111] Connection refused)")
2026-09-28 14:23:31 [ERROR   ] [cctv_app:2926] [DVR MONITOR] Loop error: (2003, "Can't connect to MySQL server on '127.0.0.1' ([Errno 111] Connection refused)")
Traceback (most recent call last):
  File "/home/administrator/venv/lib/python3.14/site-packages/pymysql/connections.py", line 681, in connect
    sock = socket.create_connection(
        (self.host, self.port), self.connect_timeout, **kwargs
    )
  File "/usr/lib/python3.14/socket.py", line 870, in create_connection
    raise exceptions[0]
  File "/usr/lib/python3.14/socket.py", line 855, in create_connection
    sock.connect(sa)
    ~~~~~~~~~~~~^^^^
ConnectionRefusedError: [Errno 111] Connection refused

During handling of the above exception, another exception occurred:

Traceback (most recent call last):
  File "/home/administrator/cctv/app.py", line 2856, in _dvr_monitor_loop
    dvrs = dbmod.fetch_all_dvr()
  File "/home/administrator/cctv/db.py", line 146, in fetch_all_dvr
    with get_cursor() as cur:
         ~~~~~~~~~~^^
  File "/usr/lib/python3.14/contextlib.py", line 141, in __enter__
    return next(self.gen)
  File "/home/administrator/cctv/db.py", line 34, in get_cursor
    conn = get_connection()
  File "/home/administrator/cctv/db.py", line 19, in get_connection
    return pymysql.connect(
           ~~~~~~~~~~~~~~~^
        host=Config.DB_HOST,
        ^^^^^^^^^^^^^^^^^^^^
    ...<6 lines>...
        autocommit=False,
        ^^^^^^^^^^^^^^^^^
    )
    ^
  File "/home/administrator/venv/lib/python3.14/site-packages/pymysql/connections.py", line 373, in __init__
    self.connect()
    ~~~~~~~~~~~~^^
  File "/home/administrator/venv/lib/python3.14/site-packages/pymysql/connections.py", line 744, in connect
    raise exc
pymysql.err.OperationalError: (2003, "Can't connect to MySQL server on '127.0.0.1' ([Errno 111] Connection refused)")
2026-09-28 14:23:31 [ERROR   ] [cctv_app:2183] [STARTUP] Sync gagal: (2003, "Can't connect to MySQL server on '127.0.0.1' ([Errno 111] Connection refused)")
Traceback (most recent call last):
  File "/home/administrator/venv/lib/python3.14/site-packages/pymysql/connections.py", line 681, in connect
    sock = socket.create_connection(
        (self.host, self.port), self.connect_timeout, **kwargs
    )
  File "/usr/lib/python3.14/socket.py", line 870, in create_connection
    raise exceptions[0]
  File "/usr/lib/python3.14/socket.py", line 855, in create_connection
    sock.connect(sa)
    ~~~~~~~~~~~~^^^^
ConnectionRefusedError: [Errno 111] Connection refused

During handling of the above exception, another exception occurred:

Traceback (most recent call last):
  File "/home/administrator/cctv/app.py", line 2164, in _startup_sync_cameras
    cameras = dbmod.fetch_all_cameras()
  File "/home/administrator/cctv/db.py", line 427, in fetch_all_cameras
    with get_cursor() as cur:
         ~~~~~~~~~~^^
  File "/usr/lib/python3.14/contextlib.py", line 141, in __enter__
    return next(self.gen)
  File "/home/administrator/cctv/db.py", line 34, in get_cursor
    conn = get_connection()
  File "/home/administrator/cctv/db.py", line 19, in get_connection
    return pymysql.connect(
           ~~~~~~~~~~~~~~~^
        host=Config.DB_HOST,
        ^^^^^^^^^^^^^^^^^^^^
    ...<6 lines>...
        autocommit=False,
        ^^^^^^^^^^^^^^^^^
    )
    ^
  File "/home/administrator/venv/lib/python3.14/site-packages/pymysql/connections.py", line 373, in __init__
    self.connect()
    ~~~~~~~~~~~~^^
  File "/home/administrator/venv/lib/python3.14/site-packages/pymysql/connections.py", line 744, in connect
    raise exc
pymysql.err.OperationalError: (2003, "Can't connect to MySQL server on '127.0.0.1' ([Errno 111] Connection refused)")
2026-09-29 13:25:59 [ERROR   ] [cctv_app:2926] [DVR MONITOR] Loop error: (2003, "Can't connect to MySQL server on '127.0.0.1' ([Errno 111] Connection refused)")
Traceback (most recent call last):
  File "/home/administrator/venv/lib/python3.14/site-packages/pymysql/connections.py", line 681, in connect
    sock = socket.create_connection(
        (self.host, self.port), self.connect_timeout, **kwargs
    )
  File "/usr/lib/python3.14/socket.py", line 870, in create_connection
    raise exceptions[0]
  File "/usr/lib/python3.14/socket.py", line 855, in create_connection
    sock.connect(sa)
    ~~~~~~~~~~~~^^^^
ConnectionRefusedError: [Errno 111] Connection refused

During handling of the above exception, another exception occurred:

Traceback (most recent call last):
  File "/home/administrator/cctv/app.py", line 2856, in _dvr_monitor_loop
    dvrs = dbmod.fetch_all_dvr()
  File "/home/administrator/cctv/db.py", line 146, in fetch_all_dvr
    with get_cursor() as cur:
         ~~~~~~~~~~^^
  File "/usr/lib/python3.14/contextlib.py", line 141, in __enter__
    return next(self.gen)
  File "/home/administrator/cctv/db.py", line 34, in get_cursor
    conn = get_connection()
  File "/home/administrator/cctv/db.py", line 19, in get_connection
    return pymysql.connect(
           ~~~~~~~~~~~~~~~^
        host=Config.DB_HOST,
        ^^^^^^^^^^^^^^^^^^^^
    ...<6 lines>...
        autocommit=False,
        ^^^^^^^^^^^^^^^^^
    )
    ^
  File "/home/administrator/venv/lib/python3.14/site-packages/pymysql/connections.py", line 373, in __init__
    self.connect()
    ~~~~~~~~~~~~^^
  File "/home/administrator/venv/lib/python3.14/site-packages/pymysql/connections.py", line 744, in connect
    raise exc
pymysql.err.OperationalError: (2003, "Can't connect to MySQL server on '127.0.0.1' ([Errno 111] Connection refused)")
2026-09-29 13:25:59 [ERROR   ] [cctv_app:2183] [STARTUP] Sync gagal: (2003, "Can't connect to MySQL server on '127.0.0.1' ([Errno 111] Connection refused)")
Traceback (most recent call last):
  File "/home/administrator/venv/lib/python3.14/site-packages/pymysql/connections.py", line 681, in connect
    sock = socket.create_connection(
        (self.host, self.port), self.connect_timeout, **kwargs
    )
  File "/usr/lib/python3.14/socket.py", line 870, in create_connection
    raise exceptions[0]
  File "/usr/lib/python3.14/socket.py", line 855, in create_connection
    sock.connect(sa)
    ~~~~~~~~~~~~^^^^
ConnectionRefusedError: [Errno 111] Connection refused

During handling of the above exception, another exception occurred:

Traceback (most recent call last):
  File "/home/administrator/cctv/app.py", line 2164, in _startup_sync_cameras
    cameras = dbmod.fetch_all_cameras()
  File "/home/administrator/cctv/db.py", line 427, in fetch_all_cameras
    with get_cursor() as cur:
         ~~~~~~~~~~^^
  File "/usr/lib/python3.14/contextlib.py", line 141, in __enter__
    return next(self.gen)
  File "/home/administrator/cctv/db.py", line 34, in get_cursor
    conn = get_connection()
  File "/home/administrator/cctv/db.py", line 19, in get_connection
    return pymysql.connect(
           ~~~~~~~~~~~~~~~^
        host=Config.DB_HOST,
        ^^^^^^^^^^^^^^^^^^^^
    ...<6 lines>...
        autocommit=False,
        ^^^^^^^^^^^^^^^^^
    )
    ^
  File "/home/administrator/venv/lib/python3.14/site-packages/pymysql/connections.py", line 373, in __init__
    self.connect()
    ~~~~~~~~~~~~^^
  File "/home/administrator/venv/lib/python3.14/site-packages/pymysql/connections.py", line 744, in connect
    raise exc
pymysql.err.OperationalError: (2003, "Can't connect to MySQL server on '127.0.0.1' ([Errno 111] Connection refused)")
2026-07-28 03:44:21 [ERROR   ] [cctv_app:2926] [DVR MONITOR] Loop error: (2003, "Can't connect to MySQL server on '127.0.0.1' ([Errno 111] Connection refused)")
Traceback (most recent call last):
  File "/home/administrator/venv/lib/python3.14/site-packages/pymysql/connections.py", line 681, in connect
    sock = socket.create_connection(
        (self.host, self.port), self.connect_timeout, **kwargs
    )
  File "/usr/lib/python3.14/socket.py", line 870, in create_connection
    raise exceptions[0]
  File "/usr/lib/python3.14/socket.py", line 855, in create_connection
    sock.connect(sa)
    ~~~~~~~~~~~~^^^^
ConnectionRefusedError: [Errno 111] Connection refused

During handling of the above exception, another exception occurred:

Traceback (most recent call last):
  File "/home/administrator/cctv/app.py", line 2856, in _dvr_monitor_loop
    dvrs = dbmod.fetch_all_dvr()
  File "/home/administrator/cctv/db.py", line 146, in fetch_all_dvr
    with get_cursor() as cur:
         ~~~~~~~~~~^^
  File "/usr/lib/python3.14/contextlib.py", line 141, in __enter__
    return next(self.gen)
  File "/home/administrator/cctv/db.py", line 34, in get_cursor
    conn = get_connection()
  File "/home/administrator/cctv/db.py", line 19, in get_connection
    return pymysql.connect(
           ~~~~~~~~~~~~~~~^
        host=Config.DB_HOST,
        ^^^^^^^^^^^^^^^^^^^^
    ...<6 lines>...
        autocommit=False,
        ^^^^^^^^^^^^^^^^^
    )
    ^
  File "/home/administrator/venv/lib/python3.14/site-packages/pymysql/connections.py", line 373, in __init__
    self.connect()
    ~~~~~~~~~~~~^^
  File "/home/administrator/venv/lib/python3.14/site-packages/pymysql/connections.py", line 744, in connect
    raise exc
pymysql.err.OperationalError: (2003, "Can't connect to MySQL server on '127.0.0.1' ([Errno 111] Connection refused)")
2026-07-28 03:44:21 [ERROR   ] [cctv_app:2183] [STARTUP] Sync gagal: (2003, "Can't connect to MySQL server on '127.0.0.1' ([Errno 111] Connection refused)")
Traceback (most recent call last):
  File "/home/administrator/venv/lib/python3.14/site-packages/pymysql/connections.py", line 681, in connect
    sock = socket.create_connection(
        (self.host, self.port), self.connect_timeout, **kwargs
    )
  File "/usr/lib/python3.14/socket.py", line 870, in create_connection
    raise exceptions[0]
  File "/usr/lib/python3.14/socket.py", line 855, in create_connection
    sock.connect(sa)
    ~~~~~~~~~~~~^^^^
ConnectionRefusedError: [Errno 111] Connection refused

During handling of the above exception, another exception occurred:

Traceback (most recent call last):
  File "/home/administrator/cctv/app.py", line 2164, in _startup_sync_cameras
    cameras = dbmod.fetch_all_cameras()
  File "/home/administrator/cctv/db.py", line 427, in fetch_all_cameras
    with get_cursor() as cur:
         ~~~~~~~~~~^^
  File "/usr/lib/python3.14/contextlib.py", line 141, in __enter__
    return next(self.gen)
  File "/home/administrator/cctv/db.py", line 34, in get_cursor
    conn = get_connection()
  File "/home/administrator/cctv/db.py", line 19, in get_connection
    return pymysql.connect(
           ~~~~~~~~~~~~~~~^
        host=Config.DB_HOST,
        ^^^^^^^^^^^^^^^^^^^^
    ...<6 lines>...
        autocommit=False,
        ^^^^^^^^^^^^^^^^^
    )
    ^
  File "/home/administrator/venv/lib/python3.14/site-packages/pymysql/connections.py", line 373, in __init__
    self.connect()
    ~~~~~~~~~~~~^^
  File "/home/administrator/venv/lib/python3.14/site-packages/pymysql/connections.py", line 744, in connect
    raise exc
pymysql.err.OperationalError: (2003, "Can't connect to MySQL server on '127.0.0.1' ([Errno 111] Connection refused)")
2026-09-29 13:31:57 [ERROR   ] [cctv_app:2926] [DVR MONITOR] Loop error: (2003, "Can't connect to MySQL server on '127.0.0.1' ([Errno 111] Connection refused)")
Traceback (most recent call last):
  File "/home/administrator/venv/lib/python3.14/site-packages/pymysql/connections.py", line 681, in connect
    sock = socket.create_connection(
        (self.host, self.port), self.connect_timeout, **kwargs
    )
  File "/usr/lib/python3.14/socket.py", line 870, in create_connection
    raise exceptions[0]
  File "/usr/lib/python3.14/socket.py", line 855, in create_connection
    sock.connect(sa)
    ~~~~~~~~~~~~^^^^
ConnectionRefusedError: [Errno 111] Connection refused

During handling of the above exception, another exception occurred:

Traceback (most recent call last):
  File "/home/administrator/cctv/app.py", line 2856, in _dvr_monitor_loop
    dvrs = dbmod.fetch_all_dvr()
  File "/home/administrator/cctv/db.py", line 146, in fetch_all_dvr
    with get_cursor() as cur:
         ~~~~~~~~~~^^
  File "/usr/lib/python3.14/contextlib.py", line 141, in __enter__
    return next(self.gen)
  File "/home/administrator/cctv/db.py", line 34, in get_cursor
    conn = get_connection()
  File "/home/administrator/cctv/db.py", line 19, in get_connection
    return pymysql.connect(
           ~~~~~~~~~~~~~~~^
        host=Config.DB_HOST,
        ^^^^^^^^^^^^^^^^^^^^
    ...<6 lines>...
        autocommit=False,
        ^^^^^^^^^^^^^^^^^
    )
    ^
  File "/home/administrator/venv/lib/python3.14/site-packages/pymysql/connections.py", line 373, in __init__
    self.connect()
    ~~~~~~~~~~~~^^
  File "/home/administrator/venv/lib/python3.14/site-packages/pymysql/connections.py", line 744, in connect
    raise exc
pymysql.err.OperationalError: (2003, "Can't connect to MySQL server on '127.0.0.1' ([Errno 111] Connection refused)")
2026-09-29 13:31:57 [ERROR   ] [cctv_app:2183] [STARTUP] Sync gagal: (2003, "Can't connect to MySQL server on '127.0.0.1' ([Errno 111] Connection refused)")
Traceback (most recent call last):
  File "/home/administrator/venv/lib/python3.14/site-packages/pymysql/connections.py", line 681, in connect
    sock = socket.create_connection(
        (self.host, self.port), self.connect_timeout, **kwargs
    )
  File "/usr/lib/python3.14/socket.py", line 870, in create_connection
    raise exceptions[0]
  File "/usr/lib/python3.14/socket.py", line 855, in create_connection
    sock.connect(sa)
    ~~~~~~~~~~~~^^^^
ConnectionRefusedError: [Errno 111] Connection refused

During handling of the above exception, another exception occurred:

Traceback (most recent call last):
  File "/home/administrator/cctv/app.py", line 2164, in _startup_sync_cameras
    cameras = dbmod.fetch_all_cameras()
  File "/home/administrator/cctv/db.py", line 427, in fetch_all_cameras
    with get_cursor() as cur:
         ~~~~~~~~~~^^
  File "/usr/lib/python3.14/contextlib.py", line 141, in __enter__
    return next(self.gen)
  File "/home/administrator/cctv/db.py", line 34, in get_cursor
    conn = get_connection()
  File "/home/administrator/cctv/db.py", line 19, in get_connection
    return pymysql.connect(
           ~~~~~~~~~~~~~~~^
        host=Config.DB_HOST,
        ^^^^^^^^^^^^^^^^^^^^
    ...<6 lines>...
        autocommit=False,
        ^^^^^^^^^^^^^^^^^
    )
    ^
  File "/home/administrator/venv/lib/python3.14/site-packages/pymysql/connections.py", line 373, in __init__
    self.connect()
    ~~~~~~~~~~~~^^
  File "/home/administrator/venv/lib/python3.14/site-packages/pymysql/connections.py", line 744, in connect
    raise exc
pymysql.err.OperationalError: (2003, "Can't connect to MySQL server on '127.0.0.1' ([Errno 111] Connection refused)")
2026-09-29 13:45:38 [ERROR   ] [cctv_app:2926] [DVR MONITOR] Loop error: (2003, "Can't connect to MySQL server on '127.0.0.1' ([Errno 111] Connection refused)")
Traceback (most recent call last):
  File "/home/administrator/venv/lib/python3.14/site-packages/pymysql/connections.py", line 681, in connect
    sock = socket.create_connection(
        (self.host, self.port), self.connect_timeout, **kwargs
    )
  File "/usr/lib/python3.14/socket.py", line 870, in create_connection
    raise exceptions[0]
  File "/usr/lib/python3.14/socket.py", line 855, in create_connection
    sock.connect(sa)
    ~~~~~~~~~~~~^^^^
ConnectionRefusedError: [Errno 111] Connection refused

During handling of the above exception, another exception occurred:

Traceback (most recent call last):
  File "/home/administrator/cctv/app.py", line 2856, in _dvr_monitor_loop
    dvrs = dbmod.fetch_all_dvr()
  File "/home/administrator/cctv/db.py", line 146, in fetch_all_dvr
    with get_cursor() as cur:
         ~~~~~~~~~~^^
  File "/usr/lib/python3.14/contextlib.py", line 141, in __enter__
    return next(self.gen)
  File "/home/administrator/cctv/db.py", line 34, in get_cursor
    conn = get_connection()
  File "/home/administrator/cctv/db.py", line 19, in get_connection
    return pymysql.connect(
           ~~~~~~~~~~~~~~~^
        host=Config.DB_HOST,
        ^^^^^^^^^^^^^^^^^^^^
    ...<6 lines>...
        autocommit=False,
        ^^^^^^^^^^^^^^^^^
    )
    ^
  File "/home/administrator/venv/lib/python3.14/site-packages/pymysql/connections.py", line 373, in __init__
    self.connect()
    ~~~~~~~~~~~~^^
  File "/home/administrator/venv/lib/python3.14/site-packages/pymysql/connections.py", line 744, in connect
    raise exc
pymysql.err.OperationalError: (2003, "Can't connect to MySQL server on '127.0.0.1' ([Errno 111] Connection refused)")
2026-09-29 13:45:38 [ERROR   ] [cctv_app:2183] [STARTUP] Sync gagal: (2003, "Can't connect to MySQL server on '127.0.0.1' ([Errno 111] Connection refused)")
Traceback (most recent call last):
  File "/home/administrator/venv/lib/python3.14/site-packages/pymysql/connections.py", line 681, in connect
    sock = socket.create_connection(
        (self.host, self.port), self.connect_timeout, **kwargs
    )
  File "/usr/lib/python3.14/socket.py", line 870, in create_connection
    raise exceptions[0]
  File "/usr/lib/python3.14/socket.py", line 855, in create_connection
    sock.connect(sa)
    ~~~~~~~~~~~~^^^^
ConnectionRefusedError: [Errno 111] Connection refused

During handling of the above exception, another exception occurred:

Traceback (most recent call last):
  File "/home/administrator/cctv/app.py", line 2164, in _startup_sync_cameras
    cameras = dbmod.fetch_all_cameras()
  File "/home/administrator/cctv/db.py", line 427, in fetch_all_cameras
    with get_cursor() as cur:
         ~~~~~~~~~~^^
  File "/usr/lib/python3.14/contextlib.py", line 141, in __enter__
    return next(self.gen)
  File "/home/administrator/cctv/db.py", line 34, in get_cursor
    conn = get_connection()
  File "/home/administrator/cctv/db.py", line 19, in get_connection
    return pymysql.connect(
           ~~~~~~~~~~~~~~~^
        host=Config.DB_HOST,
        ^^^^^^^^^^^^^^^^^^^^
    ...<6 lines>...
        autocommit=False,
        ^^^^^^^^^^^^^^^^^
    )
    ^
  File "/home/administrator/venv/lib/python3.14/site-packages/pymysql/connections.py", line 373, in __init__
    self.connect()
    ~~~~~~~~~~~~^^
  File "/home/administrator/venv/lib/python3.14/site-packages/pymysql/connections.py", line 744, in connect
    raise exc
pymysql.err.OperationalError: (2003, "Can't connect to MySQL server on '127.0.0.1' ([Errno 111] Connection refused)")
2026-09-29 13:47:11 [ERROR   ] [cctv_app:2926] [DVR MONITOR] Loop error: (2003, "Can't connect to MySQL server on '127.0.0.1' ([Errno 111] Connection refused)")
Traceback (most recent call last):
  File "/home/administrator/venv/lib/python3.14/site-packages/pymysql/connections.py", line 681, in connect
    sock = socket.create_connection(
        (self.host, self.port), self.connect_timeout, **kwargs
    )
  File "/usr/lib/python3.14/socket.py", line 870, in create_connection
    raise exceptions[0]
  File "/usr/lib/python3.14/socket.py", line 855, in create_connection
    sock.connect(sa)
    ~~~~~~~~~~~~^^^^
ConnectionRefusedError: [Errno 111] Connection refused

During handling of the above exception, another exception occurred:

Traceback (most recent call last):
  File "/home/administrator/cctv/app.py", line 2856, in _dvr_monitor_loop
    dvrs = dbmod.fetch_all_dvr()
  File "/home/administrator/cctv/db.py", line 146, in fetch_all_dvr
    with get_cursor() as cur:
         ~~~~~~~~~~^^
  File "/usr/lib/python3.14/contextlib.py", line 141, in __enter__
    return next(self.gen)
  File "/home/administrator/cctv/db.py", line 34, in get_cursor
    conn = get_connection()
  File "/home/administrator/cctv/db.py", line 19, in get_connection
    return pymysql.connect(
           ~~~~~~~~~~~~~~~^
        host=Config.DB_HOST,
        ^^^^^^^^^^^^^^^^^^^^
    ...<6 lines>...
        autocommit=False,
        ^^^^^^^^^^^^^^^^^
    )
    ^
  File "/home/administrator/venv/lib/python3.14/site-packages/pymysql/connections.py", line 373, in __init__
    self.connect()
    ~~~~~~~~~~~~^^
  File "/home/administrator/venv/lib/python3.14/site-packages/pymysql/connections.py", line 744, in connect
    raise exc
pymysql.err.OperationalError: (2003, "Can't connect to MySQL server on '127.0.0.1' ([Errno 111] Connection refused)")
2026-09-29 13:47:11 [ERROR   ] [cctv_app:2183] [STARTUP] Sync gagal: (2003, "Can't connect to MySQL server on '127.0.0.1' ([Errno 111] Connection refused)")
Traceback (most recent call last):
  File "/home/administrator/venv/lib/python3.14/site-packages/pymysql/connections.py", line 681, in connect
    sock = socket.create_connection(
        (self.host, self.port), self.connect_timeout, **kwargs
    )
  File "/usr/lib/python3.14/socket.py", line 870, in create_connection
    raise exceptions[0]
  File "/usr/lib/python3.14/socket.py", line 855, in create_connection
    sock.connect(sa)
    ~~~~~~~~~~~~^^^^
ConnectionRefusedError: [Errno 111] Connection refused

During handling of the above exception, another exception occurred:

Traceback (most recent call last):
  File "/home/administrator/cctv/app.py", line 2164, in _startup_sync_cameras
    cameras = dbmod.fetch_all_cameras()
  File "/home/administrator/cctv/db.py", line 427, in fetch_all_cameras
    with get_cursor() as cur:
         ~~~~~~~~~~^^
  File "/usr/lib/python3.14/contextlib.py", line 141, in __enter__
    return next(self.gen)
  File "/home/administrator/cctv/db.py", line 34, in get_cursor
    conn = get_connection()
  File "/home/administrator/cctv/db.py", line 19, in get_connection
    return pymysql.connect(
           ~~~~~~~~~~~~~~~^
        host=Config.DB_HOST,
        ^^^^^^^^^^^^^^^^^^^^
    ...<6 lines>...
        autocommit=False,
        ^^^^^^^^^^^^^^^^^
    )
    ^
  File "/home/administrator/venv/lib/python3.14/site-packages/pymysql/connections.py", line 373, in __init__
    self.connect()
    ~~~~~~~~~~~~^^
  File "/home/administrator/venv/lib/python3.14/site-packages/pymysql/connections.py", line 744, in connect
    raise exc
pymysql.err.OperationalError: (2003, "Can't connect to MySQL server on '127.0.0.1' ([Errno 111] Connection refused)")
2026-09-30 06:24:00 [CRITICAL] [cctv_app:68] UNCAUGHT EXCEPTION
Traceback (most recent call last):
  File "/home/administrator/cctv/app.py", line 532, in <module>
    @app.route("/api/dvr/probe", methods=["POST"])
     ~~~~~~~~~^^^^^^^^^^^^^^^^^^^^^^^^^^^^^^^^^^^^
  File "/home/administrator/venv/lib/python3.14/site-packages/flask/scaffold.py", line 435, in decorator
    self.add_url_rule(rule, endpoint, f, **options)
    ~~~~~~~~~~~~~~~~~^^^^^^^^^^^^^^^^^^^^^^^^^^^^^^
  File "/home/administrator/venv/lib/python3.14/site-packages/flask/scaffold.py", line 50, in wrapper_func
    return f(self, *args, **kwargs)
  File "/home/administrator/venv/lib/python3.14/site-packages/flask/app.py", line 1059, in add_url_rule
    raise AssertionError(
    ...<2 lines>...
    )
AssertionError: View function mapping is overwriting an existing endpoint function: api_dvr_probe
2026-09-30 06:24:05 [CRITICAL] [cctv_app:68] UNCAUGHT EXCEPTION
Traceback (most recent call last):
  File "/home/administrator/cctv/app.py", line 532, in <module>
    @app.route("/api/dvr/probe", methods=["POST"])
     ~~~~~~~~~^^^^^^^^^^^^^^^^^^^^^^^^^^^^^^^^^^^^
  File "/home/administrator/venv/lib/python3.14/site-packages/flask/scaffold.py", line 435, in decorator
    self.add_url_rule(rule, endpoint, f, **options)
    ~~~~~~~~~~~~~~~~~^^^^^^^^^^^^^^^^^^^^^^^^^^^^^^
  File "/home/administrator/venv/lib/python3.14/site-packages/flask/scaffold.py", line 50, in wrapper_func
    return f(self, *args, **kwargs)
  File "/home/administrator/venv/lib/python3.14/site-packages/flask/app.py", line 1059, in add_url_rule
    raise AssertionError(
    ...<2 lines>...
    )
AssertionError: View function mapping is overwriting an existing endpoint function: api_dvr_probe
2026-09-30 06:24:11 [CRITICAL] [cctv_app:68] UNCAUGHT EXCEPTION
Traceback (most recent call last):
  File "/home/administrator/cctv/app.py", line 532, in <module>
    @app.route("/api/dvr/probe", methods=["POST"])
     ~~~~~~~~~^^^^^^^^^^^^^^^^^^^^^^^^^^^^^^^^^^^^
  File "/home/administrator/venv/lib/python3.14/site-packages/flask/scaffold.py", line 435, in decorator
    self.add_url_rule(rule, endpoint, f, **options)
    ~~~~~~~~~~~~~~~~~^^^^^^^^^^^^^^^^^^^^^^^^^^^^^^
  File "/home/administrator/venv/lib/python3.14/site-packages/flask/scaffold.py", line 50, in wrapper_func
    return f(self, *args, **kwargs)
  File "/home/administrator/venv/lib/python3.14/site-packages/flask/app.py", line 1059, in add_url_rule
    raise AssertionError(
    ...<2 lines>...
    )
AssertionError: View function mapping is overwriting an existing endpoint function: api_dvr_probe
2026-09-30 06:24:16 [CRITICAL] [cctv_app:68] UNCAUGHT EXCEPTION
Traceback (most recent call last):
  File "/home/administrator/cctv/app.py", line 532, in <module>
    @app.route("/api/dvr/probe", methods=["POST"])
     ~~~~~~~~~^^^^^^^^^^^^^^^^^^^^^^^^^^^^^^^^^^^^
  File "/home/administrator/venv/lib/python3.14/site-packages/flask/scaffold.py", line 435, in decorator
    self.add_url_rule(rule, endpoint, f, **options)
    ~~~~~~~~~~~~~~~~~^^^^^^^^^^^^^^^^^^^^^^^^^^^^^^
  File "/home/administrator/venv/lib/python3.14/site-packages/flask/scaffold.py", line 50, in wrapper_func
    return f(self, *args, **kwargs)
  File "/home/administrator/venv/lib/python3.14/site-packages/flask/app.py", line 1059, in add_url_rule
    raise AssertionError(
    ...<2 lines>...
    )
AssertionError: View function mapping is overwriting an existing endpoint function: api_dvr_probe
2026-09-30 06:24:22 [CRITICAL] [cctv_app:68] UNCAUGHT EXCEPTION
Traceback (most recent call last):
  File "/home/administrator/cctv/app.py", line 532, in <module>
    @app.route("/api/dvr/probe", methods=["POST"])
     ~~~~~~~~~^^^^^^^^^^^^^^^^^^^^^^^^^^^^^^^^^^^^
  File "/home/administrator/venv/lib/python3.14/site-packages/flask/scaffold.py", line 435, in decorator
    self.add_url_rule(rule, endpoint, f, **options)
    ~~~~~~~~~~~~~~~~~^^^^^^^^^^^^^^^^^^^^^^^^^^^^^^
  File "/home/administrator/venv/lib/python3.14/site-packages/flask/scaffold.py", line 50, in wrapper_func
    return f(self, *args, **kwargs)
  File "/home/administrator/venv/lib/python3.14/site-packages/flask/app.py", line 1059, in add_url_rule
    raise AssertionError(
    ...<2 lines>...
    )
AssertionError: View function mapping is overwriting an existing endpoint function: api_dvr_probe
2026-09-30 06:24:27 [CRITICAL] [cctv_app:68] UNCAUGHT EXCEPTION
Traceback (most recent call last):
  File "/home/administrator/cctv/app.py", line 532, in <module>
    @app.route("/api/dvr/probe", methods=["POST"])
     ~~~~~~~~~^^^^^^^^^^^^^^^^^^^^^^^^^^^^^^^^^^^^
  File "/home/administrator/venv/lib/python3.14/site-packages/flask/scaffold.py", line 435, in decorator
    self.add_url_rule(rule, endpoint, f, **options)
    ~~~~~~~~~~~~~~~~~^^^^^^^^^^^^^^^^^^^^^^^^^^^^^^
  File "/home/administrator/venv/lib/python3.14/site-packages/flask/scaffold.py", line 50, in wrapper_func
    return f(self, *args, **kwargs)
  File "/home/administrator/venv/lib/python3.14/site-packages/flask/app.py", line 1059, in add_url_rule
    raise AssertionError(
    ...<2 lines>...
    )
AssertionError: View function mapping is overwriting an existing endpoint function: api_dvr_probe
2026-09-30 06:24:33 [CRITICAL] [cctv_app:68] UNCAUGHT EXCEPTION
Traceback (most recent call last):
  File "/home/administrator/cctv/app.py", line 532, in <module>
    @app.route("/api/dvr/probe", methods=["POST"])
     ~~~~~~~~~^^^^^^^^^^^^^^^^^^^^^^^^^^^^^^^^^^^^
  File "/home/administrator/venv/lib/python3.14/site-packages/flask/scaffold.py", line 435, in decorator
    self.add_url_rule(rule, endpoint, f, **options)
    ~~~~~~~~~~~~~~~~~^^^^^^^^^^^^^^^^^^^^^^^^^^^^^^
  File "/home/administrator/venv/lib/python3.14/site-packages/flask/scaffold.py", line 50, in wrapper_func
    return f(self, *args, **kwargs)
  File "/home/administrator/venv/lib/python3.14/site-packages/flask/app.py", line 1059, in add_url_rule
    raise AssertionError(
    ...<2 lines>...
    )
AssertionError: View function mapping is overwriting an existing endpoint function: api_dvr_probe
2026-09-30 06:24:38 [CRITICAL] [cctv_app:68] UNCAUGHT EXCEPTION
Traceback (most recent call last):
  File "/home/administrator/cctv/app.py", line 532, in <module>
    @app.route("/api/dvr/probe", methods=["POST"])
     ~~~~~~~~~^^^^^^^^^^^^^^^^^^^^^^^^^^^^^^^^^^^^
  File "/home/administrator/venv/lib/python3.14/site-packages/flask/scaffold.py", line 435, in decorator
    self.add_url_rule(rule, endpoint, f, **options)
    ~~~~~~~~~~~~~~~~~^^^^^^^^^^^^^^^^^^^^^^^^^^^^^^
  File "/home/administrator/venv/lib/python3.14/site-packages/flask/scaffold.py", line 50, in wrapper_func
    return f(self, *args, **kwargs)
  File "/home/administrator/venv/lib/python3.14/site-packages/flask/app.py", line 1059, in add_url_rule
    raise AssertionError(
    ...<2 lines>...
    )
AssertionError: View function mapping is overwriting an existing endpoint function: api_dvr_probe
2026-09-30 06:24:44 [CRITICAL] [cctv_app:68] UNCAUGHT EXCEPTION
Traceback (most recent call last):
  File "/home/administrator/cctv/app.py", line 532, in <module>
    @app.route("/api/dvr/probe", methods=["POST"])
     ~~~~~~~~~^^^^^^^^^^^^^^^^^^^^^^^^^^^^^^^^^^^^
  File "/home/administrator/venv/lib/python3.14/site-packages/flask/scaffold.py", line 435, in decorator
    self.add_url_rule(rule, endpoint, f, **options)
    ~~~~~~~~~~~~~~~~~^^^^^^^^^^^^^^^^^^^^^^^^^^^^^^
  File "/home/administrator/venv/lib/python3.14/site-packages/flask/scaffold.py", line 50, in wrapper_func
    return f(self, *args, **kwargs)
  File "/home/administrator/venv/lib/python3.14/site-packages/flask/app.py", line 1059, in add_url_rule
    raise AssertionError(
    ...<2 lines>...
    )
AssertionError: View function mapping is overwriting an existing endpoint function: api_dvr_probe
2026-09-30 06:24:49 [CRITICAL] [cctv_app:68] UNCAUGHT EXCEPTION
Traceback (most recent call last):
  File "/home/administrator/cctv/app.py", line 532, in <module>
    @app.route("/api/dvr/probe", methods=["POST"])
     ~~~~~~~~~^^^^^^^^^^^^^^^^^^^^^^^^^^^^^^^^^^^^
  File "/home/administrator/venv/lib/python3.14/site-packages/flask/scaffold.py", line 435, in decorator
    self.add_url_rule(rule, endpoint, f, **options)
    ~~~~~~~~~~~~~~~~~^^^^^^^^^^^^^^^^^^^^^^^^^^^^^^
  File "/home/administrator/venv/lib/python3.14/site-packages/flask/scaffold.py", line 50, in wrapper_func
    return f(self, *args, **kwargs)
  File "/home/administrator/venv/lib/python3.14/site-packages/flask/app.py", line 1059, in add_url_rule
    raise AssertionError(
    ...<2 lines>...
    )
AssertionError: View function mapping is overwriting an existing endpoint function: api_dvr_probe
2026-09-30 06:24:55 [CRITICAL] [cctv_app:68] UNCAUGHT EXCEPTION
Traceback (most recent call last):
  File "/home/administrator/cctv/app.py", line 532, in <module>
    @app.route("/api/dvr/probe", methods=["POST"])
     ~~~~~~~~~^^^^^^^^^^^^^^^^^^^^^^^^^^^^^^^^^^^^
  File "/home/administrator/venv/lib/python3.14/site-packages/flask/scaffold.py", line 435, in decorator
    self.add_url_rule(rule, endpoint, f, **options)
    ~~~~~~~~~~~~~~~~~^^^^^^^^^^^^^^^^^^^^^^^^^^^^^^
  File "/home/administrator/venv/lib/python3.14/site-packages/flask/scaffold.py", line 50, in wrapper_func
    return f(self, *args, **kwargs)
  File "/home/administrator/venv/lib/python3.14/site-packages/flask/app.py", line 1059, in add_url_rule
    raise AssertionError(
    ...<2 lines>...
    )
AssertionError: View function mapping is overwriting an existing endpoint function: api_dvr_probe
2026-09-30 06:25:00 [CRITICAL] [cctv_app:68] UNCAUGHT EXCEPTION
Traceback (most recent call last):
  File "/home/administrator/cctv/app.py", line 532, in <module>
    @app.route("/api/dvr/probe", methods=["POST"])
     ~~~~~~~~~^^^^^^^^^^^^^^^^^^^^^^^^^^^^^^^^^^^^
  File "/home/administrator/venv/lib/python3.14/site-packages/flask/scaffold.py", line 435, in decorator
    self.add_url_rule(rule, endpoint, f, **options)
    ~~~~~~~~~~~~~~~~~^^^^^^^^^^^^^^^^^^^^^^^^^^^^^^
  File "/home/administrator/venv/lib/python3.14/site-packages/flask/scaffold.py", line 50, in wrapper_func
    return f(self, *args, **kwargs)
  File "/home/administrator/venv/lib/python3.14/site-packages/flask/app.py", line 1059, in add_url_rule
    raise AssertionError(
    ...<2 lines>...
    )
AssertionError: View function mapping is overwriting an existing endpoint function: api_dvr_probe
2026-09-30 06:25:06 [CRITICAL] [cctv_app:68] UNCAUGHT EXCEPTION
Traceback (most recent call last):
  File "/home/administrator/cctv/app.py", line 532, in <module>
    @app.route("/api/dvr/probe", methods=["POST"])
     ~~~~~~~~~^^^^^^^^^^^^^^^^^^^^^^^^^^^^^^^^^^^^
  File "/home/administrator/venv/lib/python3.14/site-packages/flask/scaffold.py", line 435, in decorator
    self.add_url_rule(rule, endpoint, f, **options)
    ~~~~~~~~~~~~~~~~~^^^^^^^^^^^^^^^^^^^^^^^^^^^^^^
  File "/home/administrator/venv/lib/python3.14/site-packages/flask/scaffold.py", line 50, in wrapper_func
    return f(self, *args, **kwargs)
  File "/home/administrator/venv/lib/python3.14/site-packages/flask/app.py", line 1059, in add_url_rule
    raise AssertionError(
    ...<2 lines>...
    )
AssertionError: View function mapping is overwriting an existing endpoint function: api_dvr_probe
2026-09-30 06:25:11 [CRITICAL] [cctv_app:68] UNCAUGHT EXCEPTION
Traceback (most recent call last):
  File "/home/administrator/cctv/app.py", line 532, in <module>
    @app.route("/api/dvr/probe", methods=["POST"])
     ~~~~~~~~~^^^^^^^^^^^^^^^^^^^^^^^^^^^^^^^^^^^^
  File "/home/administrator/venv/lib/python3.14/site-packages/flask/scaffold.py", line 435, in decorator
    self.add_url_rule(rule, endpoint, f, **options)
    ~~~~~~~~~~~~~~~~~^^^^^^^^^^^^^^^^^^^^^^^^^^^^^^
  File "/home/administrator/venv/lib/python3.14/site-packages/flask/scaffold.py", line 50, in wrapper_func
    return f(self, *args, **kwargs)
  File "/home/administrator/venv/lib/python3.14/site-packages/flask/app.py", line 1059, in add_url_rule
    raise AssertionError(
    ...<2 lines>...
    )
AssertionError: View function mapping is overwriting an existing endpoint function: api_dvr_probe
2026-09-30 06:25:17 [CRITICAL] [cctv_app:68] UNCAUGHT EXCEPTION
Traceback (most recent call last):
  File "/home/administrator/cctv/app.py", line 532, in <module>
    @app.route("/api/dvr/probe", methods=["POST"])
     ~~~~~~~~~^^^^^^^^^^^^^^^^^^^^^^^^^^^^^^^^^^^^
  File "/home/administrator/venv/lib/python3.14/site-packages/flask/scaffold.py", line 435, in decorator
    self.add_url_rule(rule, endpoint, f, **options)
    ~~~~~~~~~~~~~~~~~^^^^^^^^^^^^^^^^^^^^^^^^^^^^^^
  File "/home/administrator/venv/lib/python3.14/site-packages/flask/scaffold.py", line 50, in wrapper_func
    return f(self, *args, **kwargs)
  File "/home/administrator/venv/lib/python3.14/site-packages/flask/app.py", line 1059, in add_url_rule
    raise AssertionError(
    ...<2 lines>...
    )
AssertionError: View function mapping is overwriting an existing endpoint function: api_dvr_probe
2026-09-30 06:25:22 [CRITICAL] [cctv_app:68] UNCAUGHT EXCEPTION
Traceback (most recent call last):
  File "/home/administrator/cctv/app.py", line 532, in <module>
    @app.route("/api/dvr/probe", methods=["POST"])
     ~~~~~~~~~^^^^^^^^^^^^^^^^^^^^^^^^^^^^^^^^^^^^
  File "/home/administrator/venv/lib/python3.14/site-packages/flask/scaffold.py", line 435, in decorator
    self.add_url_rule(rule, endpoint, f, **options)
    ~~~~~~~~~~~~~~~~~^^^^^^^^^^^^^^^^^^^^^^^^^^^^^^
  File "/home/administrator/venv/lib/python3.14/site-packages/flask/scaffold.py", line 50, in wrapper_func
    return f(self, *args, **kwargs)
  File "/home/administrator/venv/lib/python3.14/site-packages/flask/app.py", line 1059, in add_url_rule
    raise AssertionError(
    ...<2 lines>...
    )
AssertionError: View function mapping is overwriting an existing endpoint function: api_dvr_probe
2026-09-30 06:25:28 [CRITICAL] [cctv_app:68] UNCAUGHT EXCEPTION
Traceback (most recent call last):
  File "/home/administrator/cctv/app.py", line 532, in <module>
    @app.route("/api/dvr/probe", methods=["POST"])
     ~~~~~~~~~^^^^^^^^^^^^^^^^^^^^^^^^^^^^^^^^^^^^
  File "/home/administrator/venv/lib/python3.14/site-packages/flask/scaffold.py", line 435, in decorator
    self.add_url_rule(rule, endpoint, f, **options)
    ~~~~~~~~~~~~~~~~~^^^^^^^^^^^^^^^^^^^^^^^^^^^^^^
  File "/home/administrator/venv/lib/python3.14/site-packages/flask/scaffold.py", line 50, in wrapper_func
    return f(self, *args, **kwargs)
  File "/home/administrator/venv/lib/python3.14/site-packages/flask/app.py", line 1059, in add_url_rule
    raise AssertionError(
    ...<2 lines>...
    )
AssertionError: View function mapping is overwriting an existing endpoint function: api_dvr_probe
2026-09-30 06:25:33 [CRITICAL] [cctv_app:68] UNCAUGHT EXCEPTION
Traceback (most recent call last):
  File "/home/administrator/cctv/app.py", line 532, in <module>
    @app.route("/api/dvr/probe", methods=["POST"])
     ~~~~~~~~~^^^^^^^^^^^^^^^^^^^^^^^^^^^^^^^^^^^^
  File "/home/administrator/venv/lib/python3.14/site-packages/flask/scaffold.py", line 435, in decorator
    self.add_url_rule(rule, endpoint, f, **options)
    ~~~~~~~~~~~~~~~~~^^^^^^^^^^^^^^^^^^^^^^^^^^^^^^
  File "/home/administrator/venv/lib/python3.14/site-packages/flask/scaffold.py", line 50, in wrapper_func
    return f(self, *args, **kwargs)
  File "/home/administrator/venv/lib/python3.14/site-packages/flask/app.py", line 1059, in add_url_rule
    raise AssertionError(
    ...<2 lines>...
    )
AssertionError: View function mapping is overwriting an existing endpoint function: api_dvr_probe
2026-09-30 06:25:39 [CRITICAL] [cctv_app:68] UNCAUGHT EXCEPTION
Traceback (most recent call last):
  File "/home/administrator/cctv/app.py", line 532, in <module>
    @app.route("/api/dvr/probe", methods=["POST"])
     ~~~~~~~~~^^^^^^^^^^^^^^^^^^^^^^^^^^^^^^^^^^^^
  File "/home/administrator/venv/lib/python3.14/site-packages/flask/scaffold.py", line 435, in decorator
    self.add_url_rule(rule, endpoint, f, **options)
    ~~~~~~~~~~~~~~~~~^^^^^^^^^^^^^^^^^^^^^^^^^^^^^^
  File "/home/administrator/venv/lib/python3.14/site-packages/flask/scaffold.py", line 50, in wrapper_func
    return f(self, *args, **kwargs)
  File "/home/administrator/venv/lib/python3.14/site-packages/flask/app.py", line 1059, in add_url_rule
    raise AssertionError(
    ...<2 lines>...
    )
AssertionError: View function mapping is overwriting an existing endpoint function: api_dvr_probe
2026-09-30 06:25:44 [CRITICAL] [cctv_app:68] UNCAUGHT EXCEPTION
Traceback (most recent call last):
  File "/home/administrator/cctv/app.py", line 532, in <module>
    @app.route("/api/dvr/probe", methods=["POST"])
     ~~~~~~~~~^^^^^^^^^^^^^^^^^^^^^^^^^^^^^^^^^^^^
  File "/home/administrator/venv/lib/python3.14/site-packages/flask/scaffold.py", line 435, in decorator
    self.add_url_rule(rule, endpoint, f, **options)
    ~~~~~~~~~~~~~~~~~^^^^^^^^^^^^^^^^^^^^^^^^^^^^^^
  File "/home/administrator/venv/lib/python3.14/site-packages/flask/scaffold.py", line 50, in wrapper_func
    return f(self, *args, **kwargs)
  File "/home/administrator/venv/lib/python3.14/site-packages/flask/app.py", line 1059, in add_url_rule
    raise AssertionError(
    ...<2 lines>...
    )
AssertionError: View function mapping is overwriting an existing endpoint function: api_dvr_probe
2026-09-30 06:25:50 [CRITICAL] [cctv_app:68] UNCAUGHT EXCEPTION
Traceback (most recent call last):
  File "/home/administrator/cctv/app.py", line 532, in <module>
    @app.route("/api/dvr/probe", methods=["POST"])
     ~~~~~~~~~^^^^^^^^^^^^^^^^^^^^^^^^^^^^^^^^^^^^
  File "/home/administrator/venv/lib/python3.14/site-packages/flask/scaffold.py", line 435, in decorator
    self.add_url_rule(rule, endpoint, f, **options)
    ~~~~~~~~~~~~~~~~~^^^^^^^^^^^^^^^^^^^^^^^^^^^^^^
  File "/home/administrator/venv/lib/python3.14/site-packages/flask/scaffold.py", line 50, in wrapper_func
    return f(self, *args, **kwargs)
  File "/home/administrator/venv/lib/python3.14/site-packages/flask/app.py", line 1059, in add_url_rule
    raise AssertionError(
    ...<2 lines>...
    )
AssertionError: View function mapping is overwriting an existing endpoint function: api_dvr_probe
2026-09-30 06:25:55 [CRITICAL] [cctv_app:68] UNCAUGHT EXCEPTION
Traceback (most recent call last):
  File "/home/administrator/cctv/app.py", line 532, in <module>
    @app.route("/api/dvr/probe", methods=["POST"])
     ~~~~~~~~~^^^^^^^^^^^^^^^^^^^^^^^^^^^^^^^^^^^^
  File "/home/administrator/venv/lib/python3.14/site-packages/flask/scaffold.py", line 435, in decorator
    self.add_url_rule(rule, endpoint, f, **options)
    ~~~~~~~~~~~~~~~~~^^^^^^^^^^^^^^^^^^^^^^^^^^^^^^
  File "/home/administrator/venv/lib/python3.14/site-packages/flask/scaffold.py", line 50, in wrapper_func
    return f(self, *args, **kwargs)
  File "/home/administrator/venv/lib/python3.14/site-packages/flask/app.py", line 1059, in add_url_rule
    raise AssertionError(
    ...<2 lines>...
    )
AssertionError: View function mapping is overwriting an existing endpoint function: api_dvr_probe
2026-09-30 06:26:01 [CRITICAL] [cctv_app:68] UNCAUGHT EXCEPTION
Traceback (most recent call last):
  File "/home/administrator/cctv/app.py", line 532, in <module>
    @app.route("/api/dvr/probe", methods=["POST"])
     ~~~~~~~~~^^^^^^^^^^^^^^^^^^^^^^^^^^^^^^^^^^^^
  File "/home/administrator/venv/lib/python3.14/site-packages/flask/scaffold.py", line 435, in decorator
    self.add_url_rule(rule, endpoint, f, **options)
    ~~~~~~~~~~~~~~~~~^^^^^^^^^^^^^^^^^^^^^^^^^^^^^^
  File "/home/administrator/venv/lib/python3.14/site-packages/flask/scaffold.py", line 50, in wrapper_func
    return f(self, *args, **kwargs)
  File "/home/administrator/venv/lib/python3.14/site-packages/flask/app.py", line 1059, in add_url_rule
    raise AssertionError(
    ...<2 lines>...
    )
AssertionError: View function mapping is overwriting an existing endpoint function: api_dvr_probe
2026-09-30 06:26:06 [CRITICAL] [cctv_app:68] UNCAUGHT EXCEPTION
Traceback (most recent call last):
  File "/home/administrator/cctv/app.py", line 532, in <module>
    @app.route("/api/dvr/probe", methods=["POST"])
     ~~~~~~~~~^^^^^^^^^^^^^^^^^^^^^^^^^^^^^^^^^^^^
  File "/home/administrator/venv/lib/python3.14/site-packages/flask/scaffold.py", line 435, in decorator
    self.add_url_rule(rule, endpoint, f, **options)
    ~~~~~~~~~~~~~~~~~^^^^^^^^^^^^^^^^^^^^^^^^^^^^^^
  File "/home/administrator/venv/lib/python3.14/site-packages/flask/scaffold.py", line 50, in wrapper_func
    return f(self, *args, **kwargs)
  File "/home/administrator/venv/lib/python3.14/site-packages/flask/app.py", line 1059, in add_url_rule
    raise AssertionError(
    ...<2 lines>...
    )
AssertionError: View function mapping is overwriting an existing endpoint function: api_dvr_probe
2026-09-30 06:26:12 [CRITICAL] [cctv_app:68] UNCAUGHT EXCEPTION
Traceback (most recent call last):
  File "/home/administrator/cctv/app.py", line 532, in <module>
    @app.route("/api/dvr/probe", methods=["POST"])
     ~~~~~~~~~^^^^^^^^^^^^^^^^^^^^^^^^^^^^^^^^^^^^
  File "/home/administrator/venv/lib/python3.14/site-packages/flask/scaffold.py", line 435, in decorator
    self.add_url_rule(rule, endpoint, f, **options)
    ~~~~~~~~~~~~~~~~~^^^^^^^^^^^^^^^^^^^^^^^^^^^^^^
  File "/home/administrator/venv/lib/python3.14/site-packages/flask/scaffold.py", line 50, in wrapper_func
    return f(self, *args, **kwargs)
  File "/home/administrator/venv/lib/python3.14/site-packages/flask/app.py", line 1059, in add_url_rule
    raise AssertionError(
    ...<2 lines>...
    )
AssertionError: View function mapping is overwriting an existing endpoint function: api_dvr_probe
2026-09-30 06:26:17 [CRITICAL] [cctv_app:68] UNCAUGHT EXCEPTION
Traceback (most recent call last):
  File "/home/administrator/cctv/app.py", line 532, in <module>
    @app.route("/api/dvr/probe", methods=["POST"])
     ~~~~~~~~~^^^^^^^^^^^^^^^^^^^^^^^^^^^^^^^^^^^^
  File "/home/administrator/venv/lib/python3.14/site-packages/flask/scaffold.py", line 435, in decorator
    self.add_url_rule(rule, endpoint, f, **options)
    ~~~~~~~~~~~~~~~~~^^^^^^^^^^^^^^^^^^^^^^^^^^^^^^
  File "/home/administrator/venv/lib/python3.14/site-packages/flask/scaffold.py", line 50, in wrapper_func
    return f(self, *args, **kwargs)
  File "/home/administrator/venv/lib/python3.14/site-packages/flask/app.py", line 1059, in add_url_rule
    raise AssertionError(
    ...<2 lines>...
    )
AssertionError: View function mapping is overwriting an existing endpoint function: api_dvr_probe
2026-09-30 06:26:23 [CRITICAL] [cctv_app:68] UNCAUGHT EXCEPTION
Traceback (most recent call last):
  File "/home/administrator/cctv/app.py", line 532, in <module>
    @app.route("/api/dvr/probe", methods=["POST"])
     ~~~~~~~~~^^^^^^^^^^^^^^^^^^^^^^^^^^^^^^^^^^^^
  File "/home/administrator/venv/lib/python3.14/site-packages/flask/scaffold.py", line 435, in decorator
    self.add_url_rule(rule, endpoint, f, **options)
    ~~~~~~~~~~~~~~~~~^^^^^^^^^^^^^^^^^^^^^^^^^^^^^^
  File "/home/administrator/venv/lib/python3.14/site-packages/flask/scaffold.py", line 50, in wrapper_func
    return f(self, *args, **kwargs)
  File "/home/administrator/venv/lib/python3.14/site-packages/flask/app.py", line 1059, in add_url_rule
    raise AssertionError(
    ...<2 lines>...
    )
AssertionError: View function mapping is overwriting an existing endpoint function: api_dvr_probe
2026-09-30 06:26:28 [CRITICAL] [cctv_app:68] UNCAUGHT EXCEPTION
Traceback (most recent call last):
  File "/home/administrator/cctv/app.py", line 532, in <module>
    @app.route("/api/dvr/probe", methods=["POST"])
     ~~~~~~~~~^^^^^^^^^^^^^^^^^^^^^^^^^^^^^^^^^^^^
  File "/home/administrator/venv/lib/python3.14/site-packages/flask/scaffold.py", line 435, in decorator
    self.add_url_rule(rule, endpoint, f, **options)
    ~~~~~~~~~~~~~~~~~^^^^^^^^^^^^^^^^^^^^^^^^^^^^^^
  File "/home/administrator/venv/lib/python3.14/site-packages/flask/scaffold.py", line 50, in wrapper_func
    return f(self, *args, **kwargs)
  File "/home/administrator/venv/lib/python3.14/site-packages/flask/app.py", line 1059, in add_url_rule
    raise AssertionError(
    ...<2 lines>...
    )
AssertionError: View function mapping is overwriting an existing endpoint function: api_dvr_probe
2026-09-30 06:26:34 [CRITICAL] [cctv_app:68] UNCAUGHT EXCEPTION
Traceback (most recent call last):
  File "/home/administrator/cctv/app.py", line 532, in <module>
    @app.route("/api/dvr/probe", methods=["POST"])
     ~~~~~~~~~^^^^^^^^^^^^^^^^^^^^^^^^^^^^^^^^^^^^
  File "/home/administrator/venv/lib/python3.14/site-packages/flask/scaffold.py", line 435, in decorator
    self.add_url_rule(rule, endpoint, f, **options)
    ~~~~~~~~~~~~~~~~~^^^^^^^^^^^^^^^^^^^^^^^^^^^^^^
  File "/home/administrator/venv/lib/python3.14/site-packages/flask/scaffold.py", line 50, in wrapper_func
    return f(self, *args, **kwargs)
  File "/home/administrator/venv/lib/python3.14/site-packages/flask/app.py", line 1059, in add_url_rule
    raise AssertionError(
    ...<2 lines>...
    )
AssertionError: View function mapping is overwriting an existing endpoint function: api_dvr_probe
2026-09-30 06:26:39 [CRITICAL] [cctv_app:68] UNCAUGHT EXCEPTION
Traceback (most recent call last):
  File "/home/administrator/cctv/app.py", line 532, in <module>
    @app.route("/api/dvr/probe", methods=["POST"])
     ~~~~~~~~~^^^^^^^^^^^^^^^^^^^^^^^^^^^^^^^^^^^^
  File "/home/administrator/venv/lib/python3.14/site-packages/flask/scaffold.py", line 435, in decorator
    self.add_url_rule(rule, endpoint, f, **options)
    ~~~~~~~~~~~~~~~~~^^^^^^^^^^^^^^^^^^^^^^^^^^^^^^
  File "/home/administrator/venv/lib/python3.14/site-packages/flask/scaffold.py", line 50, in wrapper_func
    return f(self, *args, **kwargs)
  File "/home/administrator/venv/lib/python3.14/site-packages/flask/app.py", line 1059, in add_url_rule
    raise AssertionError(
    ...<2 lines>...
    )
AssertionError: View function mapping is overwriting an existing endpoint function: api_dvr_probe
2026-09-30 06:26:45 [CRITICAL] [cctv_app:68] UNCAUGHT EXCEPTION
Traceback (most recent call last):
  File "/home/administrator/cctv/app.py", line 532, in <module>
    @app.route("/api/dvr/probe", methods=["POST"])
     ~~~~~~~~~^^^^^^^^^^^^^^^^^^^^^^^^^^^^^^^^^^^^
  File "/home/administrator/venv/lib/python3.14/site-packages/flask/scaffold.py", line 435, in decorator
    self.add_url_rule(rule, endpoint, f, **options)
    ~~~~~~~~~~~~~~~~~^^^^^^^^^^^^^^^^^^^^^^^^^^^^^^
  File "/home/administrator/venv/lib/python3.14/site-packages/flask/scaffold.py", line 50, in wrapper_func
    return f(self, *args, **kwargs)
  File "/home/administrator/venv/lib/python3.14/site-packages/flask/app.py", line 1059, in add_url_rule
    raise AssertionError(
    ...<2 lines>...
    )
AssertionError: View function mapping is overwriting an existing endpoint function: api_dvr_probe
2026-09-30 06:26:50 [CRITICAL] [cctv_app:68] UNCAUGHT EXCEPTION
Traceback (most recent call last):
  File "/home/administrator/cctv/app.py", line 532, in <module>
    @app.route("/api/dvr/probe", methods=["POST"])
     ~~~~~~~~~^^^^^^^^^^^^^^^^^^^^^^^^^^^^^^^^^^^^
  File "/home/administrator/venv/lib/python3.14/site-packages/flask/scaffold.py", line 435, in decorator
    self.add_url_rule(rule, endpoint, f, **options)
    ~~~~~~~~~~~~~~~~~^^^^^^^^^^^^^^^^^^^^^^^^^^^^^^
  File "/home/administrator/venv/lib/python3.14/site-packages/flask/scaffold.py", line 50, in wrapper_func
    return f(self, *args, **kwargs)
  File "/home/administrator/venv/lib/python3.14/site-packages/flask/app.py", line 1059, in add_url_rule
    raise AssertionError(
    ...<2 lines>...
    )
AssertionError: View function mapping is overwriting an existing endpoint function: api_dvr_probe
2026-09-30 06:26:56 [CRITICAL] [cctv_app:68] UNCAUGHT EXCEPTION
Traceback (most recent call last):
  File "/home/administrator/cctv/app.py", line 532, in <module>
    @app.route("/api/dvr/probe", methods=["POST"])
     ~~~~~~~~~^^^^^^^^^^^^^^^^^^^^^^^^^^^^^^^^^^^^
  File "/home/administrator/venv/lib/python3.14/site-packages/flask/scaffold.py", line 435, in decorator
    self.add_url_rule(rule, endpoint, f, **options)
    ~~~~~~~~~~~~~~~~~^^^^^^^^^^^^^^^^^^^^^^^^^^^^^^
  File "/home/administrator/venv/lib/python3.14/site-packages/flask/scaffold.py", line 50, in wrapper_func
    return f(self, *args, **kwargs)
  File "/home/administrator/venv/lib/python3.14/site-packages/flask/app.py", line 1059, in add_url_rule
    raise AssertionError(
    ...<2 lines>...
    )
AssertionError: View function mapping is overwriting an existing endpoint function: api_dvr_probe
2026-09-30 06:27:01 [CRITICAL] [cctv_app:68] UNCAUGHT EXCEPTION
Traceback (most recent call last):
  File "/home/administrator/cctv/app.py", line 532, in <module>
    @app.route("/api/dvr/probe", methods=["POST"])
     ~~~~~~~~~^^^^^^^^^^^^^^^^^^^^^^^^^^^^^^^^^^^^
  File "/home/administrator/venv/lib/python3.14/site-packages/flask/scaffold.py", line 435, in decorator
    self.add_url_rule(rule, endpoint, f, **options)
    ~~~~~~~~~~~~~~~~~^^^^^^^^^^^^^^^^^^^^^^^^^^^^^^
  File "/home/administrator/venv/lib/python3.14/site-packages/flask/scaffold.py", line 50, in wrapper_func
    return f(self, *args, **kwargs)
  File "/home/administrator/venv/lib/python3.14/site-packages/flask/app.py", line 1059, in add_url_rule
    raise AssertionError(
    ...<2 lines>...
    )
AssertionError: View function mapping is overwriting an existing endpoint function: api_dvr_probe
2026-09-30 06:27:07 [CRITICAL] [cctv_app:68] UNCAUGHT EXCEPTION
Traceback (most recent call last):
  File "/home/administrator/cctv/app.py", line 532, in <module>
    @app.route("/api/dvr/probe", methods=["POST"])
     ~~~~~~~~~^^^^^^^^^^^^^^^^^^^^^^^^^^^^^^^^^^^^
  File "/home/administrator/venv/lib/python3.14/site-packages/flask/scaffold.py", line 435, in decorator
    self.add_url_rule(rule, endpoint, f, **options)
    ~~~~~~~~~~~~~~~~~^^^^^^^^^^^^^^^^^^^^^^^^^^^^^^
  File "/home/administrator/venv/lib/python3.14/site-packages/flask/scaffold.py", line 50, in wrapper_func
    return f(self, *args, **kwargs)
  File "/home/administrator/venv/lib/python3.14/site-packages/flask/app.py", line 1059, in add_url_rule
    raise AssertionError(
    ...<2 lines>...
    )
AssertionError: View function mapping is overwriting an existing endpoint function: api_dvr_probe
2026-09-30 06:27:12 [CRITICAL] [cctv_app:68] UNCAUGHT EXCEPTION
Traceback (most recent call last):
  File "/home/administrator/cctv/app.py", line 532, in <module>
    @app.route("/api/dvr/probe", methods=["POST"])
     ~~~~~~~~~^^^^^^^^^^^^^^^^^^^^^^^^^^^^^^^^^^^^
  File "/home/administrator/venv/lib/python3.14/site-packages/flask/scaffold.py", line 435, in decorator
    self.add_url_rule(rule, endpoint, f, **options)
    ~~~~~~~~~~~~~~~~~^^^^^^^^^^^^^^^^^^^^^^^^^^^^^^
  File "/home/administrator/venv/lib/python3.14/site-packages/flask/scaffold.py", line 50, in wrapper_func
    return f(self, *args, **kwargs)
  File "/home/administrator/venv/lib/python3.14/site-packages/flask/app.py", line 1059, in add_url_rule
    raise AssertionError(
    ...<2 lines>...
    )
AssertionError: View function mapping is overwriting an existing endpoint function: api_dvr_probe
2026-09-30 06:27:18 [CRITICAL] [cctv_app:68] UNCAUGHT EXCEPTION
Traceback (most recent call last):
  File "/home/administrator/cctv/app.py", line 532, in <module>
    @app.route("/api/dvr/probe", methods=["POST"])
     ~~~~~~~~~^^^^^^^^^^^^^^^^^^^^^^^^^^^^^^^^^^^^
  File "/home/administrator/venv/lib/python3.14/site-packages/flask/scaffold.py", line 435, in decorator
    self.add_url_rule(rule, endpoint, f, **options)
    ~~~~~~~~~~~~~~~~~^^^^^^^^^^^^^^^^^^^^^^^^^^^^^^
  File "/home/administrator/venv/lib/python3.14/site-packages/flask/scaffold.py", line 50, in wrapper_func
    return f(self, *args, **kwargs)
  File "/home/administrator/venv/lib/python3.14/site-packages/flask/app.py", line 1059, in add_url_rule
    raise AssertionError(
    ...<2 lines>...
    )
AssertionError: View function mapping is overwriting an existing endpoint function: api_dvr_probe
2026-09-30 06:27:23 [CRITICAL] [cctv_app:68] UNCAUGHT EXCEPTION
Traceback (most recent call last):
  File "/home/administrator/cctv/app.py", line 532, in <module>
    @app.route("/api/dvr/probe", methods=["POST"])
     ~~~~~~~~~^^^^^^^^^^^^^^^^^^^^^^^^^^^^^^^^^^^^
  File "/home/administrator/venv/lib/python3.14/site-packages/flask/scaffold.py", line 435, in decorator
    self.add_url_rule(rule, endpoint, f, **options)
    ~~~~~~~~~~~~~~~~~^^^^^^^^^^^^^^^^^^^^^^^^^^^^^^
  File "/home/administrator/venv/lib/python3.14/site-packages/flask/scaffold.py", line 50, in wrapper_func
    return f(self, *args, **kwargs)
  File "/home/administrator/venv/lib/python3.14/site-packages/flask/app.py", line 1059, in add_url_rule
    raise AssertionError(
    ...<2 lines>...
    )
AssertionError: View function mapping is overwriting an existing endpoint function: api_dvr_probe
2026-09-30 06:27:29 [CRITICAL] [cctv_app:68] UNCAUGHT EXCEPTION
Traceback (most recent call last):
  File "/home/administrator/cctv/app.py", line 532, in <module>
    @app.route("/api/dvr/probe", methods=["POST"])
     ~~~~~~~~~^^^^^^^^^^^^^^^^^^^^^^^^^^^^^^^^^^^^
  File "/home/administrator/venv/lib/python3.14/site-packages/flask/scaffold.py", line 435, in decorator
    self.add_url_rule(rule, endpoint, f, **options)
    ~~~~~~~~~~~~~~~~~^^^^^^^^^^^^^^^^^^^^^^^^^^^^^^
  File "/home/administrator/venv/lib/python3.14/site-packages/flask/scaffold.py", line 50, in wrapper_func
    return f(self, *args, **kwargs)
  File "/home/administrator/venv/lib/python3.14/site-packages/flask/app.py", line 1059, in add_url_rule
    raise AssertionError(
    ...<2 lines>...
    )
AssertionError: View function mapping is overwriting an existing endpoint function: api_dvr_probe
2026-09-30 06:27:34 [CRITICAL] [cctv_app:68] UNCAUGHT EXCEPTION
Traceback (most recent call last):
  File "/home/administrator/cctv/app.py", line 532, in <module>
    @app.route("/api/dvr/probe", methods=["POST"])
     ~~~~~~~~~^^^^^^^^^^^^^^^^^^^^^^^^^^^^^^^^^^^^
  File "/home/administrator/venv/lib/python3.14/site-packages/flask/scaffold.py", line 435, in decorator
    self.add_url_rule(rule, endpoint, f, **options)
    ~~~~~~~~~~~~~~~~~^^^^^^^^^^^^^^^^^^^^^^^^^^^^^^
  File "/home/administrator/venv/lib/python3.14/site-packages/flask/scaffold.py", line 50, in wrapper_func
    return f(self, *args, **kwargs)
  File "/home/administrator/venv/lib/python3.14/site-packages/flask/app.py", line 1059, in add_url_rule
    raise AssertionError(
    ...<2 lines>...
    )
AssertionError: View function mapping is overwriting an existing endpoint function: api_dvr_probe
2026-09-30 06:27:40 [CRITICAL] [cctv_app:68] UNCAUGHT EXCEPTION
Traceback (most recent call last):
  File "/home/administrator/cctv/app.py", line 532, in <module>
    @app.route("/api/dvr/probe", methods=["POST"])
     ~~~~~~~~~^^^^^^^^^^^^^^^^^^^^^^^^^^^^^^^^^^^^
  File "/home/administrator/venv/lib/python3.14/site-packages/flask/scaffold.py", line 435, in decorator
    self.add_url_rule(rule, endpoint, f, **options)
    ~~~~~~~~~~~~~~~~~^^^^^^^^^^^^^^^^^^^^^^^^^^^^^^
  File "/home/administrator/venv/lib/python3.14/site-packages/flask/scaffold.py", line 50, in wrapper_func
    return f(self, *args, **kwargs)
  File "/home/administrator/venv/lib/python3.14/site-packages/flask/app.py", line 1059, in add_url_rule
    raise AssertionError(
    ...<2 lines>...
    )
AssertionError: View function mapping is overwriting an existing endpoint function: api_dvr_probe
2026-09-30 06:27:45 [CRITICAL] [cctv_app:68] UNCAUGHT EXCEPTION
Traceback (most recent call last):
  File "/home/administrator/cctv/app.py", line 532, in <module>
    @app.route("/api/dvr/probe", methods=["POST"])
     ~~~~~~~~~^^^^^^^^^^^^^^^^^^^^^^^^^^^^^^^^^^^^
  File "/home/administrator/venv/lib/python3.14/site-packages/flask/scaffold.py", line 435, in decorator
    self.add_url_rule(rule, endpoint, f, **options)
    ~~~~~~~~~~~~~~~~~^^^^^^^^^^^^^^^^^^^^^^^^^^^^^^
  File "/home/administrator/venv/lib/python3.14/site-packages/flask/scaffold.py", line 50, in wrapper_func
    return f(self, *args, **kwargs)
  File "/home/administrator/venv/lib/python3.14/site-packages/flask/app.py", line 1059, in add_url_rule
    raise AssertionError(
    ...<2 lines>...
    )
AssertionError: View function mapping is overwriting an existing endpoint function: api_dvr_probe
2026-09-30 06:27:51 [CRITICAL] [cctv_app:68] UNCAUGHT EXCEPTION
Traceback (most recent call last):
  File "/home/administrator/cctv/app.py", line 532, in <module>
    @app.route("/api/dvr/probe", methods=["POST"])
     ~~~~~~~~~^^^^^^^^^^^^^^^^^^^^^^^^^^^^^^^^^^^^
  File "/home/administrator/venv/lib/python3.14/site-packages/flask/scaffold.py", line 435, in decorator
    self.add_url_rule(rule, endpoint, f, **options)
    ~~~~~~~~~~~~~~~~~^^^^^^^^^^^^^^^^^^^^^^^^^^^^^^
  File "/home/administrator/venv/lib/python3.14/site-packages/flask/scaffold.py", line 50, in wrapper_func
    return f(self, *args, **kwargs)
  File "/home/administrator/venv/lib/python3.14/site-packages/flask/app.py", line 1059, in add_url_rule
    raise AssertionError(
    ...<2 lines>...
    )
AssertionError: View function mapping is overwriting an existing endpoint function: api_dvr_probe
2026-09-30 06:27:56 [CRITICAL] [cctv_app:68] UNCAUGHT EXCEPTION
Traceback (most recent call last):
  File "/home/administrator/cctv/app.py", line 532, in <module>
    @app.route("/api/dvr/probe", methods=["POST"])
     ~~~~~~~~~^^^^^^^^^^^^^^^^^^^^^^^^^^^^^^^^^^^^
  File "/home/administrator/venv/lib/python3.14/site-packages/flask/scaffold.py", line 435, in decorator
    self.add_url_rule(rule, endpoint, f, **options)
    ~~~~~~~~~~~~~~~~~^^^^^^^^^^^^^^^^^^^^^^^^^^^^^^
  File "/home/administrator/venv/lib/python3.14/site-packages/flask/scaffold.py", line 50, in wrapper_func
    return f(self, *args, **kwargs)
  File "/home/administrator/venv/lib/python3.14/site-packages/flask/app.py", line 1059, in add_url_rule
    raise AssertionError(
    ...<2 lines>...
    )
AssertionError: View function mapping is overwriting an existing endpoint function: api_dvr_probe
2026-09-30 06:28:02 [CRITICAL] [cctv_app:68] UNCAUGHT EXCEPTION
Traceback (most recent call last):
  File "/home/administrator/cctv/app.py", line 532, in <module>
    @app.route("/api/dvr/probe", methods=["POST"])
     ~~~~~~~~~^^^^^^^^^^^^^^^^^^^^^^^^^^^^^^^^^^^^
  File "/home/administrator/venv/lib/python3.14/site-packages/flask/scaffold.py", line 435, in decorator
    self.add_url_rule(rule, endpoint, f, **options)
    ~~~~~~~~~~~~~~~~~^^^^^^^^^^^^^^^^^^^^^^^^^^^^^^
  File "/home/administrator/venv/lib/python3.14/site-packages/flask/scaffold.py", line 50, in wrapper_func
    return f(self, *args, **kwargs)
  File "/home/administrator/venv/lib/python3.14/site-packages/flask/app.py", line 1059, in add_url_rule
    raise AssertionError(
    ...<2 lines>...
    )
AssertionError: View function mapping is overwriting an existing endpoint function: api_dvr_probe
2026-09-30 06:28:07 [CRITICAL] [cctv_app:68] UNCAUGHT EXCEPTION
Traceback (most recent call last):
  File "/home/administrator/cctv/app.py", line 532, in <module>
    @app.route("/api/dvr/probe", methods=["POST"])
     ~~~~~~~~~^^^^^^^^^^^^^^^^^^^^^^^^^^^^^^^^^^^^
  File "/home/administrator/venv/lib/python3.14/site-packages/flask/scaffold.py", line 435, in decorator
    self.add_url_rule(rule, endpoint, f, **options)
    ~~~~~~~~~~~~~~~~~^^^^^^^^^^^^^^^^^^^^^^^^^^^^^^
  File "/home/administrator/venv/lib/python3.14/site-packages/flask/scaffold.py", line 50, in wrapper_func
    return f(self, *args, **kwargs)
  File "/home/administrator/venv/lib/python3.14/site-packages/flask/app.py", line 1059, in add_url_rule
    raise AssertionError(
    ...<2 lines>...
    )
AssertionError: View function mapping is overwriting an existing endpoint function: api_dvr_probe
2026-09-30 06:28:13 [CRITICAL] [cctv_app:68] UNCAUGHT EXCEPTION
Traceback (most recent call last):
  File "/home/administrator/cctv/app.py", line 532, in <module>
    @app.route("/api/dvr/probe", methods=["POST"])
     ~~~~~~~~~^^^^^^^^^^^^^^^^^^^^^^^^^^^^^^^^^^^^
  File "/home/administrator/venv/lib/python3.14/site-packages/flask/scaffold.py", line 435, in decorator
    self.add_url_rule(rule, endpoint, f, **options)
    ~~~~~~~~~~~~~~~~~^^^^^^^^^^^^^^^^^^^^^^^^^^^^^^
  File "/home/administrator/venv/lib/python3.14/site-packages/flask/scaffold.py", line 50, in wrapper_func
    return f(self, *args, **kwargs)
  File "/home/administrator/venv/lib/python3.14/site-packages/flask/app.py", line 1059, in add_url_rule
    raise AssertionError(
    ...<2 lines>...
    )
AssertionError: View function mapping is overwriting an existing endpoint function: api_dvr_probe
2026-09-30 06:28:18 [CRITICAL] [cctv_app:68] UNCAUGHT EXCEPTION
Traceback (most recent call last):
  File "/home/administrator/cctv/app.py", line 532, in <module>
    @app.route("/api/dvr/probe", methods=["POST"])
     ~~~~~~~~~^^^^^^^^^^^^^^^^^^^^^^^^^^^^^^^^^^^^
  File "/home/administrator/venv/lib/python3.14/site-packages/flask/scaffold.py", line 435, in decorator
    self.add_url_rule(rule, endpoint, f, **options)
    ~~~~~~~~~~~~~~~~~^^^^^^^^^^^^^^^^^^^^^^^^^^^^^^
  File "/home/administrator/venv/lib/python3.14/site-packages/flask/scaffold.py", line 50, in wrapper_func
    return f(self, *args, **kwargs)
  File "/home/administrator/venv/lib/python3.14/site-packages/flask/app.py", line 1059, in add_url_rule
    raise AssertionError(
    ...<2 lines>...
    )
AssertionError: View function mapping is overwriting an existing endpoint function: api_dvr_probe
2026-09-30 06:28:24 [CRITICAL] [cctv_app:68] UNCAUGHT EXCEPTION
Traceback (most recent call last):
  File "/home/administrator/cctv/app.py", line 532, in <module>
    @app.route("/api/dvr/probe", methods=["POST"])
     ~~~~~~~~~^^^^^^^^^^^^^^^^^^^^^^^^^^^^^^^^^^^^
  File "/home/administrator/venv/lib/python3.14/site-packages/flask/scaffold.py", line 435, in decorator
    self.add_url_rule(rule, endpoint, f, **options)
    ~~~~~~~~~~~~~~~~~^^^^^^^^^^^^^^^^^^^^^^^^^^^^^^
  File "/home/administrator/venv/lib/python3.14/site-packages/flask/scaffold.py", line 50, in wrapper_func
    return f(self, *args, **kwargs)
  File "/home/administrator/venv/lib/python3.14/site-packages/flask/app.py", line 1059, in add_url_rule
    raise AssertionError(
    ...<2 lines>...
    )
AssertionError: View function mapping is overwriting an existing endpoint function: api_dvr_probe
2026-09-30 06:28:29 [CRITICAL] [cctv_app:68] UNCAUGHT EXCEPTION
Traceback (most recent call last):
  File "/home/administrator/cctv/app.py", line 532, in <module>
    @app.route("/api/dvr/probe", methods=["POST"])
     ~~~~~~~~~^^^^^^^^^^^^^^^^^^^^^^^^^^^^^^^^^^^^
  File "/home/administrator/venv/lib/python3.14/site-packages/flask/scaffold.py", line 435, in decorator
    self.add_url_rule(rule, endpoint, f, **options)
    ~~~~~~~~~~~~~~~~~^^^^^^^^^^^^^^^^^^^^^^^^^^^^^^
  File "/home/administrator/venv/lib/python3.14/site-packages/flask/scaffold.py", line 50, in wrapper_func
    return f(self, *args, **kwargs)
  File "/home/administrator/venv/lib/python3.14/site-packages/flask/app.py", line 1059, in add_url_rule
    raise AssertionError(
    ...<2 lines>...
    )
AssertionError: View function mapping is overwriting an existing endpoint function: api_dvr_probe
2026-09-30 06:28:35 [CRITICAL] [cctv_app:68] UNCAUGHT EXCEPTION
Traceback (most recent call last):
  File "/home/administrator/cctv/app.py", line 532, in <module>
    @app.route("/api/dvr/probe", methods=["POST"])
     ~~~~~~~~~^^^^^^^^^^^^^^^^^^^^^^^^^^^^^^^^^^^^
  File "/home/administrator/venv/lib/python3.14/site-packages/flask/scaffold.py", line 435, in decorator
    self.add_url_rule(rule, endpoint, f, **options)
    ~~~~~~~~~~~~~~~~~^^^^^^^^^^^^^^^^^^^^^^^^^^^^^^
  File "/home/administrator/venv/lib/python3.14/site-packages/flask/scaffold.py", line 50, in wrapper_func
    return f(self, *args, **kwargs)
  File "/home/administrator/venv/lib/python3.14/site-packages/flask/app.py", line 1059, in add_url_rule
    raise AssertionError(
    ...<2 lines>...
    )
AssertionError: View function mapping is overwriting an existing endpoint function: api_dvr_probe
2026-09-30 06:28:40 [CRITICAL] [cctv_app:68] UNCAUGHT EXCEPTION
Traceback (most recent call last):
  File "/home/administrator/cctv/app.py", line 532, in <module>
    @app.route("/api/dvr/probe", methods=["POST"])
     ~~~~~~~~~^^^^^^^^^^^^^^^^^^^^^^^^^^^^^^^^^^^^
  File "/home/administrator/venv/lib/python3.14/site-packages/flask/scaffold.py", line 435, in decorator
    self.add_url_rule(rule, endpoint, f, **options)
    ~~~~~~~~~~~~~~~~~^^^^^^^^^^^^^^^^^^^^^^^^^^^^^^
  File "/home/administrator/venv/lib/python3.14/site-packages/flask/scaffold.py", line 50, in wrapper_func
    return f(self, *args, **kwargs)
  File "/home/administrator/venv/lib/python3.14/site-packages/flask/app.py", line 1059, in add_url_rule
    raise AssertionError(
    ...<2 lines>...
    )
AssertionError: View function mapping is overwriting an existing endpoint function: api_dvr_probe
2026-09-30 06:28:46 [CRITICAL] [cctv_app:68] UNCAUGHT EXCEPTION
Traceback (most recent call last):
  File "/home/administrator/cctv/app.py", line 532, in <module>
    @app.route("/api/dvr/probe", methods=["POST"])
     ~~~~~~~~~^^^^^^^^^^^^^^^^^^^^^^^^^^^^^^^^^^^^
  File "/home/administrator/venv/lib/python3.14/site-packages/flask/scaffold.py", line 435, in decorator
    self.add_url_rule(rule, endpoint, f, **options)
    ~~~~~~~~~~~~~~~~~^^^^^^^^^^^^^^^^^^^^^^^^^^^^^^
  File "/home/administrator/venv/lib/python3.14/site-packages/flask/scaffold.py", line 50, in wrapper_func
    return f(self, *args, **kwargs)
  File "/home/administrator/venv/lib/python3.14/site-packages/flask/app.py", line 1059, in add_url_rule
    raise AssertionError(
    ...<2 lines>...
    )
AssertionError: View function mapping is overwriting an existing endpoint function: api_dvr_probe
2026-09-30 06:28:51 [CRITICAL] [cctv_app:68] UNCAUGHT EXCEPTION
Traceback (most recent call last):
  File "/home/administrator/cctv/app.py", line 532, in <module>
    @app.route("/api/dvr/probe", methods=["POST"])
     ~~~~~~~~~^^^^^^^^^^^^^^^^^^^^^^^^^^^^^^^^^^^^
  File "/home/administrator/venv/lib/python3.14/site-packages/flask/scaffold.py", line 435, in decorator
    self.add_url_rule(rule, endpoint, f, **options)
    ~~~~~~~~~~~~~~~~~^^^^^^^^^^^^^^^^^^^^^^^^^^^^^^
  File "/home/administrator/venv/lib/python3.14/site-packages/flask/scaffold.py", line 50, in wrapper_func
    return f(self, *args, **kwargs)
  File "/home/administrator/venv/lib/python3.14/site-packages/flask/app.py", line 1059, in add_url_rule
    raise AssertionError(
    ...<2 lines>...
    )
AssertionError: View function mapping is overwriting an existing endpoint function: api_dvr_probe
2026-09-30 06:28:57 [CRITICAL] [cctv_app:68] UNCAUGHT EXCEPTION
Traceback (most recent call last):
  File "/home/administrator/cctv/app.py", line 532, in <module>
    @app.route("/api/dvr/probe", methods=["POST"])
     ~~~~~~~~~^^^^^^^^^^^^^^^^^^^^^^^^^^^^^^^^^^^^
  File "/home/administrator/venv/lib/python3.14/site-packages/flask/scaffold.py", line 435, in decorator
    self.add_url_rule(rule, endpoint, f, **options)
    ~~~~~~~~~~~~~~~~~^^^^^^^^^^^^^^^^^^^^^^^^^^^^^^
  File "/home/administrator/venv/lib/python3.14/site-packages/flask/scaffold.py", line 50, in wrapper_func
    return f(self, *args, **kwargs)
  File "/home/administrator/venv/lib/python3.14/site-packages/flask/app.py", line 1059, in add_url_rule
    raise AssertionError(
    ...<2 lines>...
    )
AssertionError: View function mapping is overwriting an existing endpoint function: api_dvr_probe
2026-09-30 06:29:02 [CRITICAL] [cctv_app:68] UNCAUGHT EXCEPTION
Traceback (most recent call last):
  File "/home/administrator/cctv/app.py", line 532, in <module>
    @app.route("/api/dvr/probe", methods=["POST"])
     ~~~~~~~~~^^^^^^^^^^^^^^^^^^^^^^^^^^^^^^^^^^^^
  File "/home/administrator/venv/lib/python3.14/site-packages/flask/scaffold.py", line 435, in decorator
    self.add_url_rule(rule, endpoint, f, **options)
    ~~~~~~~~~~~~~~~~~^^^^^^^^^^^^^^^^^^^^^^^^^^^^^^
  File "/home/administrator/venv/lib/python3.14/site-packages/flask/scaffold.py", line 50, in wrapper_func
    return f(self, *args, **kwargs)
  File "/home/administrator/venv/lib/python3.14/site-packages/flask/app.py", line 1059, in add_url_rule
    raise AssertionError(
    ...<2 lines>...
    )
AssertionError: View function mapping is overwriting an existing endpoint function: api_dvr_probe
2026-09-30 06:29:08 [CRITICAL] [cctv_app:68] UNCAUGHT EXCEPTION
Traceback (most recent call last):
  File "/home/administrator/cctv/app.py", line 532, in <module>
    @app.route("/api/dvr/probe", methods=["POST"])
     ~~~~~~~~~^^^^^^^^^^^^^^^^^^^^^^^^^^^^^^^^^^^^
  File "/home/administrator/venv/lib/python3.14/site-packages/flask/scaffold.py", line 435, in decorator
    self.add_url_rule(rule, endpoint, f, **options)
    ~~~~~~~~~~~~~~~~~^^^^^^^^^^^^^^^^^^^^^^^^^^^^^^
  File "/home/administrator/venv/lib/python3.14/site-packages/flask/scaffold.py", line 50, in wrapper_func
    return f(self, *args, **kwargs)
  File "/home/administrator/venv/lib/python3.14/site-packages/flask/app.py", line 1059, in add_url_rule
    raise AssertionError(
    ...<2 lines>...
    )
AssertionError: View function mapping is overwriting an existing endpoint function: api_dvr_probe
2026-09-30 06:29:13 [CRITICAL] [cctv_app:68] UNCAUGHT EXCEPTION
Traceback (most recent call last):
  File "/home/administrator/cctv/app.py", line 532, in <module>
    @app.route("/api/dvr/probe", methods=["POST"])
     ~~~~~~~~~^^^^^^^^^^^^^^^^^^^^^^^^^^^^^^^^^^^^
  File "/home/administrator/venv/lib/python3.14/site-packages/flask/scaffold.py", line 435, in decorator
    self.add_url_rule(rule, endpoint, f, **options)
    ~~~~~~~~~~~~~~~~~^^^^^^^^^^^^^^^^^^^^^^^^^^^^^^
  File "/home/administrator/venv/lib/python3.14/site-packages/flask/scaffold.py", line 50, in wrapper_func
    return f(self, *args, **kwargs)
  File "/home/administrator/venv/lib/python3.14/site-packages/flask/app.py", line 1059, in add_url_rule
    raise AssertionError(
    ...<2 lines>...
    )
AssertionError: View function mapping is overwriting an existing endpoint function: api_dvr_probe
2026-09-30 06:29:19 [CRITICAL] [cctv_app:68] UNCAUGHT EXCEPTION
Traceback (most recent call last):
  File "/home/administrator/cctv/app.py", line 532, in <module>
    @app.route("/api/dvr/probe", methods=["POST"])
     ~~~~~~~~~^^^^^^^^^^^^^^^^^^^^^^^^^^^^^^^^^^^^
  File "/home/administrator/venv/lib/python3.14/site-packages/flask/scaffold.py", line 435, in decorator
    self.add_url_rule(rule, endpoint, f, **options)
    ~~~~~~~~~~~~~~~~~^^^^^^^^^^^^^^^^^^^^^^^^^^^^^^
  File "/home/administrator/venv/lib/python3.14/site-packages/flask/scaffold.py", line 50, in wrapper_func
    return f(self, *args, **kwargs)
  File "/home/administrator/venv/lib/python3.14/site-packages/flask/app.py", line 1059, in add_url_rule
    raise AssertionError(
    ...<2 lines>...
    )
AssertionError: View function mapping is overwriting an existing endpoint function: api_dvr_probe
2026-09-30 06:29:24 [CRITICAL] [cctv_app:68] UNCAUGHT EXCEPTION
Traceback (most recent call last):
  File "/home/administrator/cctv/app.py", line 532, in <module>
    @app.route("/api/dvr/probe", methods=["POST"])
     ~~~~~~~~~^^^^^^^^^^^^^^^^^^^^^^^^^^^^^^^^^^^^
  File "/home/administrator/venv/lib/python3.14/site-packages/flask/scaffold.py", line 435, in decorator
    self.add_url_rule(rule, endpoint, f, **options)
    ~~~~~~~~~~~~~~~~~^^^^^^^^^^^^^^^^^^^^^^^^^^^^^^
  File "/home/administrator/venv/lib/python3.14/site-packages/flask/scaffold.py", line 50, in wrapper_func
    return f(self, *args, **kwargs)
  File "/home/administrator/venv/lib/python3.14/site-packages/flask/app.py", line 1059, in add_url_rule
    raise AssertionError(
    ...<2 lines>...
    )
AssertionError: View function mapping is overwriting an existing endpoint function: api_dvr_probe
2026-09-30 06:29:30 [CRITICAL] [cctv_app:68] UNCAUGHT EXCEPTION
Traceback (most recent call last):
  File "/home/administrator/cctv/app.py", line 532, in <module>
    @app.route("/api/dvr/probe", methods=["POST"])
     ~~~~~~~~~^^^^^^^^^^^^^^^^^^^^^^^^^^^^^^^^^^^^
  File "/home/administrator/venv/lib/python3.14/site-packages/flask/scaffold.py", line 435, in decorator
    self.add_url_rule(rule, endpoint, f, **options)
    ~~~~~~~~~~~~~~~~~^^^^^^^^^^^^^^^^^^^^^^^^^^^^^^
  File "/home/administrator/venv/lib/python3.14/site-packages/flask/scaffold.py", line 50, in wrapper_func
    return f(self, *args, **kwargs)
  File "/home/administrator/venv/lib/python3.14/site-packages/flask/app.py", line 1059, in add_url_rule
    raise AssertionError(
    ...<2 lines>...
    )
AssertionError: View function mapping is overwriting an existing endpoint function: api_dvr_probe
2026-09-30 06:29:35 [CRITICAL] [cctv_app:68] UNCAUGHT EXCEPTION
Traceback (most recent call last):
  File "/home/administrator/cctv/app.py", line 532, in <module>
    @app.route("/api/dvr/probe", methods=["POST"])
     ~~~~~~~~~^^^^^^^^^^^^^^^^^^^^^^^^^^^^^^^^^^^^
  File "/home/administrator/venv/lib/python3.14/site-packages/flask/scaffold.py", line 435, in decorator
    self.add_url_rule(rule, endpoint, f, **options)
    ~~~~~~~~~~~~~~~~~^^^^^^^^^^^^^^^^^^^^^^^^^^^^^^
  File "/home/administrator/venv/lib/python3.14/site-packages/flask/scaffold.py", line 50, in wrapper_func
    return f(self, *args, **kwargs)
  File "/home/administrator/venv/lib/python3.14/site-packages/flask/app.py", line 1059, in add_url_rule
    raise AssertionError(
    ...<2 lines>...
    )
AssertionError: View function mapping is overwriting an existing endpoint function: api_dvr_probe
2026-09-30 06:29:41 [CRITICAL] [cctv_app:68] UNCAUGHT EXCEPTION
Traceback (most recent call last):
  File "/home/administrator/cctv/app.py", line 532, in <module>
    @app.route("/api/dvr/probe", methods=["POST"])
     ~~~~~~~~~^^^^^^^^^^^^^^^^^^^^^^^^^^^^^^^^^^^^
  File "/home/administrator/venv/lib/python3.14/site-packages/flask/scaffold.py", line 435, in decorator
    self.add_url_rule(rule, endpoint, f, **options)
    ~~~~~~~~~~~~~~~~~^^^^^^^^^^^^^^^^^^^^^^^^^^^^^^
  File "/home/administrator/venv/lib/python3.14/site-packages/flask/scaffold.py", line 50, in wrapper_func
    return f(self, *args, **kwargs)
  File "/home/administrator/venv/lib/python3.14/site-packages/flask/app.py", line 1059, in add_url_rule
    raise AssertionError(
    ...<2 lines>...
    )
AssertionError: View function mapping is overwriting an existing endpoint function: api_dvr_probe
2026-09-30 06:29:46 [CRITICAL] [cctv_app:68] UNCAUGHT EXCEPTION
Traceback (most recent call last):
  File "/home/administrator/cctv/app.py", line 532, in <module>
    @app.route("/api/dvr/probe", methods=["POST"])
     ~~~~~~~~~^^^^^^^^^^^^^^^^^^^^^^^^^^^^^^^^^^^^
  File "/home/administrator/venv/lib/python3.14/site-packages/flask/scaffold.py", line 435, in decorator
    self.add_url_rule(rule, endpoint, f, **options)
    ~~~~~~~~~~~~~~~~~^^^^^^^^^^^^^^^^^^^^^^^^^^^^^^
  File "/home/administrator/venv/lib/python3.14/site-packages/flask/scaffold.py", line 50, in wrapper_func
    return f(self, *args, **kwargs)
  File "/home/administrator/venv/lib/python3.14/site-packages/flask/app.py", line 1059, in add_url_rule
    raise AssertionError(
    ...<2 lines>...
    )
AssertionError: View function mapping is overwriting an existing endpoint function: api_dvr_probe
2026-09-30 06:29:51 [CRITICAL] [cctv_app:68] UNCAUGHT EXCEPTION
Traceback (most recent call last):
  File "/home/administrator/cctv/app.py", line 532, in <module>
    @app.route("/api/dvr/probe", methods=["POST"])
     ~~~~~~~~~^^^^^^^^^^^^^^^^^^^^^^^^^^^^^^^^^^^^
  File "/home/administrator/venv/lib/python3.14/site-packages/flask/scaffold.py", line 435, in decorator
    self.add_url_rule(rule, endpoint, f, **options)
    ~~~~~~~~~~~~~~~~~^^^^^^^^^^^^^^^^^^^^^^^^^^^^^^
  File "/home/administrator/venv/lib/python3.14/site-packages/flask/scaffold.py", line 50, in wrapper_func
    return f(self, *args, **kwargs)
  File "/home/administrator/venv/lib/python3.14/site-packages/flask/app.py", line 1059, in add_url_rule
    raise AssertionError(
    ...<2 lines>...
    )
AssertionError: View function mapping is overwriting an existing endpoint function: api_dvr_probe
2026-09-30 06:29:57 [CRITICAL] [cctv_app:68] UNCAUGHT EXCEPTION
Traceback (most recent call last):
  File "/home/administrator/cctv/app.py", line 532, in <module>
    @app.route("/api/dvr/probe", methods=["POST"])
     ~~~~~~~~~^^^^^^^^^^^^^^^^^^^^^^^^^^^^^^^^^^^^
  File "/home/administrator/venv/lib/python3.14/site-packages/flask/scaffold.py", line 435, in decorator
    self.add_url_rule(rule, endpoint, f, **options)
    ~~~~~~~~~~~~~~~~~^^^^^^^^^^^^^^^^^^^^^^^^^^^^^^
  File "/home/administrator/venv/lib/python3.14/site-packages/flask/scaffold.py", line 50, in wrapper_func
    return f(self, *args, **kwargs)
  File "/home/administrator/venv/lib/python3.14/site-packages/flask/app.py", line 1059, in add_url_rule
    raise AssertionError(
    ...<2 lines>...
    )
AssertionError: View function mapping is overwriting an existing endpoint function: api_dvr_probe
2026-09-30 06:30:02 [CRITICAL] [cctv_app:68] UNCAUGHT EXCEPTION
Traceback (most recent call last):
  File "/home/administrator/cctv/app.py", line 532, in <module>
    @app.route("/api/dvr/probe", methods=["POST"])
     ~~~~~~~~~^^^^^^^^^^^^^^^^^^^^^^^^^^^^^^^^^^^^
  File "/home/administrator/venv/lib/python3.14/site-packages/flask/scaffold.py", line 435, in decorator
    self.add_url_rule(rule, endpoint, f, **options)
    ~~~~~~~~~~~~~~~~~^^^^^^^^^^^^^^^^^^^^^^^^^^^^^^
  File "/home/administrator/venv/lib/python3.14/site-packages/flask/scaffold.py", line 50, in wrapper_func
    return f(self, *args, **kwargs)
  File "/home/administrator/venv/lib/python3.14/site-packages/flask/app.py", line 1059, in add_url_rule
    raise AssertionError(
    ...<2 lines>...
    )
AssertionError: View function mapping is overwriting an existing endpoint function: api_dvr_probe
2026-09-30 06:30:08 [CRITICAL] [cctv_app:68] UNCAUGHT EXCEPTION
Traceback (most recent call last):
  File "/home/administrator/cctv/app.py", line 532, in <module>
    @app.route("/api/dvr/probe", methods=["POST"])
     ~~~~~~~~~^^^^^^^^^^^^^^^^^^^^^^^^^^^^^^^^^^^^
  File "/home/administrator/venv/lib/python3.14/site-packages/flask/scaffold.py", line 435, in decorator
    self.add_url_rule(rule, endpoint, f, **options)
    ~~~~~~~~~~~~~~~~~^^^^^^^^^^^^^^^^^^^^^^^^^^^^^^
  File "/home/administrator/venv/lib/python3.14/site-packages/flask/scaffold.py", line 50, in wrapper_func
    return f(self, *args, **kwargs)
  File "/home/administrator/venv/lib/python3.14/site-packages/flask/app.py", line 1059, in add_url_rule
    raise AssertionError(
    ...<2 lines>...
    )
AssertionError: View function mapping is overwriting an existing endpoint function: api_dvr_probe
2026-09-30 06:30:13 [CRITICAL] [cctv_app:68] UNCAUGHT EXCEPTION
Traceback (most recent call last):
  File "/home/administrator/cctv/app.py", line 532, in <module>
    @app.route("/api/dvr/probe", methods=["POST"])
     ~~~~~~~~~^^^^^^^^^^^^^^^^^^^^^^^^^^^^^^^^^^^^
  File "/home/administrator/venv/lib/python3.14/site-packages/flask/scaffold.py", line 435, in decorator
    self.add_url_rule(rule, endpoint, f, **options)
    ~~~~~~~~~~~~~~~~~^^^^^^^^^^^^^^^^^^^^^^^^^^^^^^
  File "/home/administrator/venv/lib/python3.14/site-packages/flask/scaffold.py", line 50, in wrapper_func
    return f(self, *args, **kwargs)
  File "/home/administrator/venv/lib/python3.14/site-packages/flask/app.py", line 1059, in add_url_rule
    raise AssertionError(
    ...<2 lines>...
    )
AssertionError: View function mapping is overwriting an existing endpoint function: api_dvr_probe
2026-09-30 06:30:19 [CRITICAL] [cctv_app:68] UNCAUGHT EXCEPTION
Traceback (most recent call last):
  File "/home/administrator/cctv/app.py", line 532, in <module>
    @app.route("/api/dvr/probe", methods=["POST"])
     ~~~~~~~~~^^^^^^^^^^^^^^^^^^^^^^^^^^^^^^^^^^^^
  File "/home/administrator/venv/lib/python3.14/site-packages/flask/scaffold.py", line 435, in decorator
    self.add_url_rule(rule, endpoint, f, **options)
    ~~~~~~~~~~~~~~~~~^^^^^^^^^^^^^^^^^^^^^^^^^^^^^^
  File "/home/administrator/venv/lib/python3.14/site-packages/flask/scaffold.py", line 50, in wrapper_func
    return f(self, *args, **kwargs)
  File "/home/administrator/venv/lib/python3.14/site-packages/flask/app.py", line 1059, in add_url_rule
    raise AssertionError(
    ...<2 lines>...
    )
AssertionError: View function mapping is overwriting an existing endpoint function: api_dvr_probe
2026-09-30 06:30:24 [CRITICAL] [cctv_app:68] UNCAUGHT EXCEPTION
Traceback (most recent call last):
  File "/home/administrator/cctv/app.py", line 532, in <module>
    @app.route("/api/dvr/probe", methods=["POST"])
     ~~~~~~~~~^^^^^^^^^^^^^^^^^^^^^^^^^^^^^^^^^^^^
  File "/home/administrator/venv/lib/python3.14/site-packages/flask/scaffold.py", line 435, in decorator
    self.add_url_rule(rule, endpoint, f, **options)
    ~~~~~~~~~~~~~~~~~^^^^^^^^^^^^^^^^^^^^^^^^^^^^^^
  File "/home/administrator/venv/lib/python3.14/site-packages/flask/scaffold.py", line 50, in wrapper_func
    return f(self, *args, **kwargs)
  File "/home/administrator/venv/lib/python3.14/site-packages/flask/app.py", line 1059, in add_url_rule
    raise AssertionError(
    ...<2 lines>...
    )
AssertionError: View function mapping is overwriting an existing endpoint function: api_dvr_probe
2026-09-30 06:30:30 [CRITICAL] [cctv_app:68] UNCAUGHT EXCEPTION
Traceback (most recent call last):
  File "/home/administrator/cctv/app.py", line 532, in <module>
    @app.route("/api/dvr/probe", methods=["POST"])
     ~~~~~~~~~^^^^^^^^^^^^^^^^^^^^^^^^^^^^^^^^^^^^
  File "/home/administrator/venv/lib/python3.14/site-packages/flask/scaffold.py", line 435, in decorator
    self.add_url_rule(rule, endpoint, f, **options)
    ~~~~~~~~~~~~~~~~~^^^^^^^^^^^^^^^^^^^^^^^^^^^^^^
  File "/home/administrator/venv/lib/python3.14/site-packages/flask/scaffold.py", line 50, in wrapper_func
    return f(self, *args, **kwargs)
  File "/home/administrator/venv/lib/python3.14/site-packages/flask/app.py", line 1059, in add_url_rule
    raise AssertionError(
    ...<2 lines>...
    )
AssertionError: View function mapping is overwriting an existing endpoint function: api_dvr_probe
2026-09-30 06:30:35 [CRITICAL] [cctv_app:68] UNCAUGHT EXCEPTION
Traceback (most recent call last):
  File "/home/administrator/cctv/app.py", line 532, in <module>
    @app.route("/api/dvr/probe", methods=["POST"])
     ~~~~~~~~~^^^^^^^^^^^^^^^^^^^^^^^^^^^^^^^^^^^^
  File "/home/administrator/venv/lib/python3.14/site-packages/flask/scaffold.py", line 435, in decorator
    self.add_url_rule(rule, endpoint, f, **options)
    ~~~~~~~~~~~~~~~~~^^^^^^^^^^^^^^^^^^^^^^^^^^^^^^
  File "/home/administrator/venv/lib/python3.14/site-packages/flask/scaffold.py", line 50, in wrapper_func
    return f(self, *args, **kwargs)
  File "/home/administrator/venv/lib/python3.14/site-packages/flask/app.py", line 1059, in add_url_rule
    raise AssertionError(
    ...<2 lines>...
    )
AssertionError: View function mapping is overwriting an existing endpoint function: api_dvr_probe
2026-09-30 06:30:41 [CRITICAL] [cctv_app:68] UNCAUGHT EXCEPTION
Traceback (most recent call last):
  File "/home/administrator/cctv/app.py", line 532, in <module>
    @app.route("/api/dvr/probe", methods=["POST"])
     ~~~~~~~~~^^^^^^^^^^^^^^^^^^^^^^^^^^^^^^^^^^^^
  File "/home/administrator/venv/lib/python3.14/site-packages/flask/scaffold.py", line 435, in decorator
    self.add_url_rule(rule, endpoint, f, **options)
    ~~~~~~~~~~~~~~~~~^^^^^^^^^^^^^^^^^^^^^^^^^^^^^^
  File "/home/administrator/venv/lib/python3.14/site-packages/flask/scaffold.py", line 50, in wrapper_func
    return f(self, *args, **kwargs)
  File "/home/administrator/venv/lib/python3.14/site-packages/flask/app.py", line 1059, in add_url_rule
    raise AssertionError(
    ...<2 lines>...
    )
AssertionError: View function mapping is overwriting an existing endpoint function: api_dvr_probe
2026-09-30 06:30:46 [CRITICAL] [cctv_app:68] UNCAUGHT EXCEPTION
Traceback (most recent call last):
  File "/home/administrator/cctv/app.py", line 532, in <module>
    @app.route("/api/dvr/probe", methods=["POST"])
     ~~~~~~~~~^^^^^^^^^^^^^^^^^^^^^^^^^^^^^^^^^^^^
  File "/home/administrator/venv/lib/python3.14/site-packages/flask/scaffold.py", line 435, in decorator
    self.add_url_rule(rule, endpoint, f, **options)
    ~~~~~~~~~~~~~~~~~^^^^^^^^^^^^^^^^^^^^^^^^^^^^^^
  File "/home/administrator/venv/lib/python3.14/site-packages/flask/scaffold.py", line 50, in wrapper_func
    return f(self, *args, **kwargs)
  File "/home/administrator/venv/lib/python3.14/site-packages/flask/app.py", line 1059, in add_url_rule
    raise AssertionError(
    ...<2 lines>...
    )
AssertionError: View function mapping is overwriting an existing endpoint function: api_dvr_probe
2026-09-30 06:30:52 [CRITICAL] [cctv_app:68] UNCAUGHT EXCEPTION
Traceback (most recent call last):
  File "/home/administrator/cctv/app.py", line 532, in <module>
    @app.route("/api/dvr/probe", methods=["POST"])
     ~~~~~~~~~^^^^^^^^^^^^^^^^^^^^^^^^^^^^^^^^^^^^
  File "/home/administrator/venv/lib/python3.14/site-packages/flask/scaffold.py", line 435, in decorator
    self.add_url_rule(rule, endpoint, f, **options)
    ~~~~~~~~~~~~~~~~~^^^^^^^^^^^^^^^^^^^^^^^^^^^^^^
  File "/home/administrator/venv/lib/python3.14/site-packages/flask/scaffold.py", line 50, in wrapper_func
    return f(self, *args, **kwargs)
  File "/home/administrator/venv/lib/python3.14/site-packages/flask/app.py", line 1059, in add_url_rule
    raise AssertionError(
    ...<2 lines>...
    )
AssertionError: View function mapping is overwriting an existing endpoint function: api_dvr_probe
2026-09-30 06:30:57 [CRITICAL] [cctv_app:68] UNCAUGHT EXCEPTION
Traceback (most recent call last):
  File "/home/administrator/cctv/app.py", line 532, in <module>
    @app.route("/api/dvr/probe", methods=["POST"])
     ~~~~~~~~~^^^^^^^^^^^^^^^^^^^^^^^^^^^^^^^^^^^^
  File "/home/administrator/venv/lib/python3.14/site-packages/flask/scaffold.py", line 435, in decorator
    self.add_url_rule(rule, endpoint, f, **options)
    ~~~~~~~~~~~~~~~~~^^^^^^^^^^^^^^^^^^^^^^^^^^^^^^
  File "/home/administrator/venv/lib/python3.14/site-packages/flask/scaffold.py", line 50, in wrapper_func
    return f(self, *args, **kwargs)
  File "/home/administrator/venv/lib/python3.14/site-packages/flask/app.py", line 1059, in add_url_rule
    raise AssertionError(
    ...<2 lines>...
    )
AssertionError: View function mapping is overwriting an existing endpoint function: api_dvr_probe
2026-09-30 06:31:03 [CRITICAL] [cctv_app:68] UNCAUGHT EXCEPTION
Traceback (most recent call last):
  File "/home/administrator/cctv/app.py", line 532, in <module>
    @app.route("/api/dvr/probe", methods=["POST"])
     ~~~~~~~~~^^^^^^^^^^^^^^^^^^^^^^^^^^^^^^^^^^^^
  File "/home/administrator/venv/lib/python3.14/site-packages/flask/scaffold.py", line 435, in decorator
    self.add_url_rule(rule, endpoint, f, **options)
    ~~~~~~~~~~~~~~~~~^^^^^^^^^^^^^^^^^^^^^^^^^^^^^^
  File "/home/administrator/venv/lib/python3.14/site-packages/flask/scaffold.py", line 50, in wrapper_func
    return f(self, *args, **kwargs)
  File "/home/administrator/venv/lib/python3.14/site-packages/flask/app.py", line 1059, in add_url_rule
    raise AssertionError(
    ...<2 lines>...
    )
AssertionError: View function mapping is overwriting an existing endpoint function: api_dvr_probe
2026-09-30 06:31:08 [CRITICAL] [cctv_app:68] UNCAUGHT EXCEPTION
Traceback (most recent call last):
  File "/home/administrator/cctv/app.py", line 532, in <module>
    @app.route("/api/dvr/probe", methods=["POST"])
     ~~~~~~~~~^^^^^^^^^^^^^^^^^^^^^^^^^^^^^^^^^^^^
  File "/home/administrator/venv/lib/python3.14/site-packages/flask/scaffold.py", line 435, in decorator
    self.add_url_rule(rule, endpoint, f, **options)
    ~~~~~~~~~~~~~~~~~^^^^^^^^^^^^^^^^^^^^^^^^^^^^^^
  File "/home/administrator/venv/lib/python3.14/site-packages/flask/scaffold.py", line 50, in wrapper_func
    return f(self, *args, **kwargs)
  File "/home/administrator/venv/lib/python3.14/site-packages/flask/app.py", line 1059, in add_url_rule
    raise AssertionError(
    ...<2 lines>...
    )
AssertionError: View function mapping is overwriting an existing endpoint function: api_dvr_probe
2026-09-30 06:31:14 [CRITICAL] [cctv_app:68] UNCAUGHT EXCEPTION
Traceback (most recent call last):
  File "/home/administrator/cctv/app.py", line 532, in <module>
    @app.route("/api/dvr/probe", methods=["POST"])
     ~~~~~~~~~^^^^^^^^^^^^^^^^^^^^^^^^^^^^^^^^^^^^
  File "/home/administrator/venv/lib/python3.14/site-packages/flask/scaffold.py", line 435, in decorator
    self.add_url_rule(rule, endpoint, f, **options)
    ~~~~~~~~~~~~~~~~~^^^^^^^^^^^^^^^^^^^^^^^^^^^^^^
  File "/home/administrator/venv/lib/python3.14/site-packages/flask/scaffold.py", line 50, in wrapper_func
    return f(self, *args, **kwargs)
  File "/home/administrator/venv/lib/python3.14/site-packages/flask/app.py", line 1059, in add_url_rule
    raise AssertionError(
    ...<2 lines>...
    )
AssertionError: View function mapping is overwriting an existing endpoint function: api_dvr_probe
2026-09-30 06:31:19 [CRITICAL] [cctv_app:68] UNCAUGHT EXCEPTION
Traceback (most recent call last):
  File "/home/administrator/cctv/app.py", line 532, in <module>
    @app.route("/api/dvr/probe", methods=["POST"])
     ~~~~~~~~~^^^^^^^^^^^^^^^^^^^^^^^^^^^^^^^^^^^^
  File "/home/administrator/venv/lib/python3.14/site-packages/flask/scaffold.py", line 435, in decorator
    self.add_url_rule(rule, endpoint, f, **options)
    ~~~~~~~~~~~~~~~~~^^^^^^^^^^^^^^^^^^^^^^^^^^^^^^
  File "/home/administrator/venv/lib/python3.14/site-packages/flask/scaffold.py", line 50, in wrapper_func
    return f(self, *args, **kwargs)
  File "/home/administrator/venv/lib/python3.14/site-packages/flask/app.py", line 1059, in add_url_rule
    raise AssertionError(
    ...<2 lines>...
    )
AssertionError: View function mapping is overwriting an existing endpoint function: api_dvr_probe
2026-09-30 06:31:25 [CRITICAL] [cctv_app:68] UNCAUGHT EXCEPTION
Traceback (most recent call last):
  File "/home/administrator/cctv/app.py", line 532, in <module>
    @app.route("/api/dvr/probe", methods=["POST"])
     ~~~~~~~~~^^^^^^^^^^^^^^^^^^^^^^^^^^^^^^^^^^^^
  File "/home/administrator/venv/lib/python3.14/site-packages/flask/scaffold.py", line 435, in decorator
    self.add_url_rule(rule, endpoint, f, **options)
    ~~~~~~~~~~~~~~~~~^^^^^^^^^^^^^^^^^^^^^^^^^^^^^^
  File "/home/administrator/venv/lib/python3.14/site-packages/flask/scaffold.py", line 50, in wrapper_func
    return f(self, *args, **kwargs)
  File "/home/administrator/venv/lib/python3.14/site-packages/flask/app.py", line 1059, in add_url_rule
    raise AssertionError(
    ...<2 lines>...
    )
AssertionError: View function mapping is overwriting an existing endpoint function: api_dvr_probe
2026-09-30 06:31:30 [CRITICAL] [cctv_app:68] UNCAUGHT EXCEPTION
Traceback (most recent call last):
  File "/home/administrator/cctv/app.py", line 532, in <module>
    @app.route("/api/dvr/probe", methods=["POST"])
     ~~~~~~~~~^^^^^^^^^^^^^^^^^^^^^^^^^^^^^^^^^^^^
  File "/home/administrator/venv/lib/python3.14/site-packages/flask/scaffold.py", line 435, in decorator
    self.add_url_rule(rule, endpoint, f, **options)
    ~~~~~~~~~~~~~~~~~^^^^^^^^^^^^^^^^^^^^^^^^^^^^^^
  File "/home/administrator/venv/lib/python3.14/site-packages/flask/scaffold.py", line 50, in wrapper_func
    return f(self, *args, **kwargs)
  File "/home/administrator/venv/lib/python3.14/site-packages/flask/app.py", line 1059, in add_url_rule
    raise AssertionError(
    ...<2 lines>...
    )
AssertionError: View function mapping is overwriting an existing endpoint function: api_dvr_probe
2026-09-30 06:31:36 [CRITICAL] [cctv_app:68] UNCAUGHT EXCEPTION
Traceback (most recent call last):
  File "/home/administrator/cctv/app.py", line 532, in <module>
    @app.route("/api/dvr/probe", methods=["POST"])
     ~~~~~~~~~^^^^^^^^^^^^^^^^^^^^^^^^^^^^^^^^^^^^
  File "/home/administrator/venv/lib/python3.14/site-packages/flask/scaffold.py", line 435, in decorator
    self.add_url_rule(rule, endpoint, f, **options)
    ~~~~~~~~~~~~~~~~~^^^^^^^^^^^^^^^^^^^^^^^^^^^^^^
  File "/home/administrator/venv/lib/python3.14/site-packages/flask/scaffold.py", line 50, in wrapper_func
    return f(self, *args, **kwargs)
  File "/home/administrator/venv/lib/python3.14/site-packages/flask/app.py", line 1059, in add_url_rule
    raise AssertionError(
    ...<2 lines>...
    )
AssertionError: View function mapping is overwriting an existing endpoint function: api_dvr_probe
2026-09-30 06:31:41 [CRITICAL] [cctv_app:68] UNCAUGHT EXCEPTION
Traceback (most recent call last):
  File "/home/administrator/cctv/app.py", line 532, in <module>
    @app.route("/api/dvr/probe", methods=["POST"])
     ~~~~~~~~~^^^^^^^^^^^^^^^^^^^^^^^^^^^^^^^^^^^^
  File "/home/administrator/venv/lib/python3.14/site-packages/flask/scaffold.py", line 435, in decorator
    self.add_url_rule(rule, endpoint, f, **options)
    ~~~~~~~~~~~~~~~~~^^^^^^^^^^^^^^^^^^^^^^^^^^^^^^
  File "/home/administrator/venv/lib/python3.14/site-packages/flask/scaffold.py", line 50, in wrapper_func
    return f(self, *args, **kwargs)
  File "/home/administrator/venv/lib/python3.14/site-packages/flask/app.py", line 1059, in add_url_rule
    raise AssertionError(
    ...<2 lines>...
    )
AssertionError: View function mapping is overwriting an existing endpoint function: api_dvr_probe
2026-09-30 06:31:47 [CRITICAL] [cctv_app:68] UNCAUGHT EXCEPTION
Traceback (most recent call last):
  File "/home/administrator/cctv/app.py", line 532, in <module>
    @app.route("/api/dvr/probe", methods=["POST"])
     ~~~~~~~~~^^^^^^^^^^^^^^^^^^^^^^^^^^^^^^^^^^^^
  File "/home/administrator/venv/lib/python3.14/site-packages/flask/scaffold.py", line 435, in decorator
    self.add_url_rule(rule, endpoint, f, **options)
    ~~~~~~~~~~~~~~~~~^^^^^^^^^^^^^^^^^^^^^^^^^^^^^^
  File "/home/administrator/venv/lib/python3.14/site-packages/flask/scaffold.py", line 50, in wrapper_func
    return f(self, *args, **kwargs)
  File "/home/administrator/venv/lib/python3.14/site-packages/flask/app.py", line 1059, in add_url_rule
    raise AssertionError(
    ...<2 lines>...
    )
AssertionError: View function mapping is overwriting an existing endpoint function: api_dvr_probe
2026-09-30 06:31:52 [CRITICAL] [cctv_app:68] UNCAUGHT EXCEPTION
Traceback (most recent call last):
  File "/home/administrator/cctv/app.py", line 532, in <module>
    @app.route("/api/dvr/probe", methods=["POST"])
     ~~~~~~~~~^^^^^^^^^^^^^^^^^^^^^^^^^^^^^^^^^^^^
  File "/home/administrator/venv/lib/python3.14/site-packages/flask/scaffold.py", line 435, in decorator
    self.add_url_rule(rule, endpoint, f, **options)
    ~~~~~~~~~~~~~~~~~^^^^^^^^^^^^^^^^^^^^^^^^^^^^^^
  File "/home/administrator/venv/lib/python3.14/site-packages/flask/scaffold.py", line 50, in wrapper_func
    return f(self, *args, **kwargs)
  File "/home/administrator/venv/lib/python3.14/site-packages/flask/app.py", line 1059, in add_url_rule
    raise AssertionError(
    ...<2 lines>...
    )
AssertionError: View function mapping is overwriting an existing endpoint function: api_dvr_probe
2026-09-30 06:31:58 [CRITICAL] [cctv_app:68] UNCAUGHT EXCEPTION
Traceback (most recent call last):
  File "/home/administrator/cctv/app.py", line 532, in <module>
    @app.route("/api/dvr/probe", methods=["POST"])
     ~~~~~~~~~^^^^^^^^^^^^^^^^^^^^^^^^^^^^^^^^^^^^
  File "/home/administrator/venv/lib/python3.14/site-packages/flask/scaffold.py", line 435, in decorator
    self.add_url_rule(rule, endpoint, f, **options)
    ~~~~~~~~~~~~~~~~~^^^^^^^^^^^^^^^^^^^^^^^^^^^^^^
  File "/home/administrator/venv/lib/python3.14/site-packages/flask/scaffold.py", line 50, in wrapper_func
    return f(self, *args, **kwargs)
  File "/home/administrator/venv/lib/python3.14/site-packages/flask/app.py", line 1059, in add_url_rule
    raise AssertionError(
    ...<2 lines>...
    )
AssertionError: View function mapping is overwriting an existing endpoint function: api_dvr_probe
2026-09-30 06:32:03 [CRITICAL] [cctv_app:68] UNCAUGHT EXCEPTION
Traceback (most recent call last):
  File "/home/administrator/cctv/app.py", line 532, in <module>
    @app.route("/api/dvr/probe", methods=["POST"])
     ~~~~~~~~~^^^^^^^^^^^^^^^^^^^^^^^^^^^^^^^^^^^^
  File "/home/administrator/venv/lib/python3.14/site-packages/flask/scaffold.py", line 435, in decorator
    self.add_url_rule(rule, endpoint, f, **options)
    ~~~~~~~~~~~~~~~~~^^^^^^^^^^^^^^^^^^^^^^^^^^^^^^
  File "/home/administrator/venv/lib/python3.14/site-packages/flask/scaffold.py", line 50, in wrapper_func
    return f(self, *args, **kwargs)
  File "/home/administrator/venv/lib/python3.14/site-packages/flask/app.py", line 1059, in add_url_rule
    raise AssertionError(
    ...<2 lines>...
    )
AssertionError: View function mapping is overwriting an existing endpoint function: api_dvr_probe
2026-09-30 06:32:09 [CRITICAL] [cctv_app:68] UNCAUGHT EXCEPTION
Traceback (most recent call last):
  File "/home/administrator/cctv/app.py", line 532, in <module>
    @app.route("/api/dvr/probe", methods=["POST"])
     ~~~~~~~~~^^^^^^^^^^^^^^^^^^^^^^^^^^^^^^^^^^^^
  File "/home/administrator/venv/lib/python3.14/site-packages/flask/scaffold.py", line 435, in decorator
    self.add_url_rule(rule, endpoint, f, **options)
    ~~~~~~~~~~~~~~~~~^^^^^^^^^^^^^^^^^^^^^^^^^^^^^^
  File "/home/administrator/venv/lib/python3.14/site-packages/flask/scaffold.py", line 50, in wrapper_func
    return f(self, *args, **kwargs)
  File "/home/administrator/venv/lib/python3.14/site-packages/flask/app.py", line 1059, in add_url_rule
    raise AssertionError(
    ...<2 lines>...
    )
AssertionError: View function mapping is overwriting an existing endpoint function: api_dvr_probe
2026-09-30 06:32:14 [CRITICAL] [cctv_app:68] UNCAUGHT EXCEPTION
Traceback (most recent call last):
  File "/home/administrator/cctv/app.py", line 532, in <module>
    @app.route("/api/dvr/probe", methods=["POST"])
     ~~~~~~~~~^^^^^^^^^^^^^^^^^^^^^^^^^^^^^^^^^^^^
  File "/home/administrator/venv/lib/python3.14/site-packages/flask/scaffold.py", line 435, in decorator
    self.add_url_rule(rule, endpoint, f, **options)
    ~~~~~~~~~~~~~~~~~^^^^^^^^^^^^^^^^^^^^^^^^^^^^^^
  File "/home/administrator/venv/lib/python3.14/site-packages/flask/scaffold.py", line 50, in wrapper_func
    return f(self, *args, **kwargs)
  File "/home/administrator/venv/lib/python3.14/site-packages/flask/app.py", line 1059, in add_url_rule
    raise AssertionError(
    ...<2 lines>...
    )
AssertionError: View function mapping is overwriting an existing endpoint function: api_dvr_probe
2026-09-30 06:32:20 [CRITICAL] [cctv_app:68] UNCAUGHT EXCEPTION
Traceback (most recent call last):
  File "/home/administrator/cctv/app.py", line 532, in <module>
    @app.route("/api/dvr/probe", methods=["POST"])
     ~~~~~~~~~^^^^^^^^^^^^^^^^^^^^^^^^^^^^^^^^^^^^
  File "/home/administrator/venv/lib/python3.14/site-packages/flask/scaffold.py", line 435, in decorator
    self.add_url_rule(rule, endpoint, f, **options)
    ~~~~~~~~~~~~~~~~~^^^^^^^^^^^^^^^^^^^^^^^^^^^^^^
  File "/home/administrator/venv/lib/python3.14/site-packages/flask/scaffold.py", line 50, in wrapper_func
    return f(self, *args, **kwargs)
  File "/home/administrator/venv/lib/python3.14/site-packages/flask/app.py", line 1059, in add_url_rule
    raise AssertionError(
    ...<2 lines>...
    )
AssertionError: View function mapping is overwriting an existing endpoint function: api_dvr_probe
2026-09-30 06:32:25 [CRITICAL] [cctv_app:68] UNCAUGHT EXCEPTION
Traceback (most recent call last):
  File "/home/administrator/cctv/app.py", line 532, in <module>
    @app.route("/api/dvr/probe", methods=["POST"])
     ~~~~~~~~~^^^^^^^^^^^^^^^^^^^^^^^^^^^^^^^^^^^^
  File "/home/administrator/venv/lib/python3.14/site-packages/flask/scaffold.py", line 435, in decorator
    self.add_url_rule(rule, endpoint, f, **options)
    ~~~~~~~~~~~~~~~~~^^^^^^^^^^^^^^^^^^^^^^^^^^^^^^
  File "/home/administrator/venv/lib/python3.14/site-packages/flask/scaffold.py", line 50, in wrapper_func
    return f(self, *args, **kwargs)
  File "/home/administrator/venv/lib/python3.14/site-packages/flask/app.py", line 1059, in add_url_rule
    raise AssertionError(
    ...<2 lines>...
    )
AssertionError: View function mapping is overwriting an existing endpoint function: api_dvr_probe
2026-09-30 06:32:31 [CRITICAL] [cctv_app:68] UNCAUGHT EXCEPTION
Traceback (most recent call last):
  File "/home/administrator/cctv/app.py", line 532, in <module>
    @app.route("/api/dvr/probe", methods=["POST"])
     ~~~~~~~~~^^^^^^^^^^^^^^^^^^^^^^^^^^^^^^^^^^^^
  File "/home/administrator/venv/lib/python3.14/site-packages/flask/scaffold.py", line 435, in decorator
    self.add_url_rule(rule, endpoint, f, **options)
    ~~~~~~~~~~~~~~~~~^^^^^^^^^^^^^^^^^^^^^^^^^^^^^^
  File "/home/administrator/venv/lib/python3.14/site-packages/flask/scaffold.py", line 50, in wrapper_func
    return f(self, *args, **kwargs)
  File "/home/administrator/venv/lib/python3.14/site-packages/flask/app.py", line 1059, in add_url_rule
    raise AssertionError(
    ...<2 lines>...
    )
AssertionError: View function mapping is overwriting an existing endpoint function: api_dvr_probe
2026-09-30 06:32:36 [CRITICAL] [cctv_app:68] UNCAUGHT EXCEPTION
Traceback (most recent call last):
  File "/home/administrator/cctv/app.py", line 532, in <module>
    @app.route("/api/dvr/probe", methods=["POST"])
     ~~~~~~~~~^^^^^^^^^^^^^^^^^^^^^^^^^^^^^^^^^^^^
  File "/home/administrator/venv/lib/python3.14/site-packages/flask/scaffold.py", line 435, in decorator
    self.add_url_rule(rule, endpoint, f, **options)
    ~~~~~~~~~~~~~~~~~^^^^^^^^^^^^^^^^^^^^^^^^^^^^^^
  File "/home/administrator/venv/lib/python3.14/site-packages/flask/scaffold.py", line 50, in wrapper_func
    return f(self, *args, **kwargs)
  File "/home/administrator/venv/lib/python3.14/site-packages/flask/app.py", line 1059, in add_url_rule
    raise AssertionError(
    ...<2 lines>...
    )
AssertionError: View function mapping is overwriting an existing endpoint function: api_dvr_probe
2026-09-30 06:32:42 [CRITICAL] [cctv_app:68] UNCAUGHT EXCEPTION
Traceback (most recent call last):
  File "/home/administrator/cctv/app.py", line 532, in <module>
    @app.route("/api/dvr/probe", methods=["POST"])
     ~~~~~~~~~^^^^^^^^^^^^^^^^^^^^^^^^^^^^^^^^^^^^
  File "/home/administrator/venv/lib/python3.14/site-packages/flask/scaffold.py", line 435, in decorator
    self.add_url_rule(rule, endpoint, f, **options)
    ~~~~~~~~~~~~~~~~~^^^^^^^^^^^^^^^^^^^^^^^^^^^^^^
  File "/home/administrator/venv/lib/python3.14/site-packages/flask/scaffold.py", line 50, in wrapper_func
    return f(self, *args, **kwargs)
  File "/home/administrator/venv/lib/python3.14/site-packages/flask/app.py", line 1059, in add_url_rule
    raise AssertionError(
    ...<2 lines>...
    )
AssertionError: View function mapping is overwriting an existing endpoint function: api_dvr_probe
2026-09-30 06:32:47 [CRITICAL] [cctv_app:68] UNCAUGHT EXCEPTION
Traceback (most recent call last):
  File "/home/administrator/cctv/app.py", line 532, in <module>
    @app.route("/api/dvr/probe", methods=["POST"])
     ~~~~~~~~~^^^^^^^^^^^^^^^^^^^^^^^^^^^^^^^^^^^^
  File "/home/administrator/venv/lib/python3.14/site-packages/flask/scaffold.py", line 435, in decorator
    self.add_url_rule(rule, endpoint, f, **options)
    ~~~~~~~~~~~~~~~~~^^^^^^^^^^^^^^^^^^^^^^^^^^^^^^
  File "/home/administrator/venv/lib/python3.14/site-packages/flask/scaffold.py", line 50, in wrapper_func
    return f(self, *args, **kwargs)
  File "/home/administrator/venv/lib/python3.14/site-packages/flask/app.py", line 1059, in add_url_rule
    raise AssertionError(
    ...<2 lines>...
    )
AssertionError: View function mapping is overwriting an existing endpoint function: api_dvr_probe
2026-09-30 06:32:53 [CRITICAL] [cctv_app:68] UNCAUGHT EXCEPTION
Traceback (most recent call last):
  File "/home/administrator/cctv/app.py", line 532, in <module>
    @app.route("/api/dvr/probe", methods=["POST"])
     ~~~~~~~~~^^^^^^^^^^^^^^^^^^^^^^^^^^^^^^^^^^^^
  File "/home/administrator/venv/lib/python3.14/site-packages/flask/scaffold.py", line 435, in decorator
    self.add_url_rule(rule, endpoint, f, **options)
    ~~~~~~~~~~~~~~~~~^^^^^^^^^^^^^^^^^^^^^^^^^^^^^^
  File "/home/administrator/venv/lib/python3.14/site-packages/flask/scaffold.py", line 50, in wrapper_func
    return f(self, *args, **kwargs)
  File "/home/administrator/venv/lib/python3.14/site-packages/flask/app.py", line 1059, in add_url_rule
    raise AssertionError(
    ...<2 lines>...
    )
AssertionError: View function mapping is overwriting an existing endpoint function: api_dvr_probe
2026-09-30 06:32:58 [CRITICAL] [cctv_app:68] UNCAUGHT EXCEPTION
Traceback (most recent call last):
  File "/home/administrator/cctv/app.py", line 532, in <module>
    @app.route("/api/dvr/probe", methods=["POST"])
     ~~~~~~~~~^^^^^^^^^^^^^^^^^^^^^^^^^^^^^^^^^^^^
  File "/home/administrator/venv/lib/python3.14/site-packages/flask/scaffold.py", line 435, in decorator
    self.add_url_rule(rule, endpoint, f, **options)
    ~~~~~~~~~~~~~~~~~^^^^^^^^^^^^^^^^^^^^^^^^^^^^^^
  File "/home/administrator/venv/lib/python3.14/site-packages/flask/scaffold.py", line 50, in wrapper_func
    return f(self, *args, **kwargs)
  File "/home/administrator/venv/lib/python3.14/site-packages/flask/app.py", line 1059, in add_url_rule
    raise AssertionError(
    ...<2 lines>...
    )
AssertionError: View function mapping is overwriting an existing endpoint function: api_dvr_probe
2026-09-30 06:33:04 [CRITICAL] [cctv_app:68] UNCAUGHT EXCEPTION
Traceback (most recent call last):
  File "/home/administrator/cctv/app.py", line 532, in <module>
    @app.route("/api/dvr/probe", methods=["POST"])
     ~~~~~~~~~^^^^^^^^^^^^^^^^^^^^^^^^^^^^^^^^^^^^
  File "/home/administrator/venv/lib/python3.14/site-packages/flask/scaffold.py", line 435, in decorator
    self.add_url_rule(rule, endpoint, f, **options)
    ~~~~~~~~~~~~~~~~~^^^^^^^^^^^^^^^^^^^^^^^^^^^^^^
  File "/home/administrator/venv/lib/python3.14/site-packages/flask/scaffold.py", line 50, in wrapper_func
    return f(self, *args, **kwargs)
  File "/home/administrator/venv/lib/python3.14/site-packages/flask/app.py", line 1059, in add_url_rule
    raise AssertionError(
    ...<2 lines>...
    )
AssertionError: View function mapping is overwriting an existing endpoint function: api_dvr_probe
2026-09-30 06:33:09 [CRITICAL] [cctv_app:68] UNCAUGHT EXCEPTION
Traceback (most recent call last):
  File "/home/administrator/cctv/app.py", line 532, in <module>
    @app.route("/api/dvr/probe", methods=["POST"])
     ~~~~~~~~~^^^^^^^^^^^^^^^^^^^^^^^^^^^^^^^^^^^^
  File "/home/administrator/venv/lib/python3.14/site-packages/flask/scaffold.py", line 435, in decorator
    self.add_url_rule(rule, endpoint, f, **options)
    ~~~~~~~~~~~~~~~~~^^^^^^^^^^^^^^^^^^^^^^^^^^^^^^
  File "/home/administrator/venv/lib/python3.14/site-packages/flask/scaffold.py", line 50, in wrapper_func
    return f(self, *args, **kwargs)
  File "/home/administrator/venv/lib/python3.14/site-packages/flask/app.py", line 1059, in add_url_rule
    raise AssertionError(
    ...<2 lines>...
    )
AssertionError: View function mapping is overwriting an existing endpoint function: api_dvr_probe
2026-09-30 06:33:15 [CRITICAL] [cctv_app:68] UNCAUGHT EXCEPTION
Traceback (most recent call last):
  File "/home/administrator/cctv/app.py", line 532, in <module>
    @app.route("/api/dvr/probe", methods=["POST"])
     ~~~~~~~~~^^^^^^^^^^^^^^^^^^^^^^^^^^^^^^^^^^^^
  File "/home/administrator/venv/lib/python3.14/site-packages/flask/scaffold.py", line 435, in decorator
    self.add_url_rule(rule, endpoint, f, **options)
    ~~~~~~~~~~~~~~~~~^^^^^^^^^^^^^^^^^^^^^^^^^^^^^^
  File "/home/administrator/venv/lib/python3.14/site-packages/flask/scaffold.py", line 50, in wrapper_func
    return f(self, *args, **kwargs)
  File "/home/administrator/venv/lib/python3.14/site-packages/flask/app.py", line 1059, in add_url_rule
    raise AssertionError(
    ...<2 lines>...
    )
AssertionError: View function mapping is overwriting an existing endpoint function: api_dvr_probe
2026-09-30 06:33:20 [CRITICAL] [cctv_app:68] UNCAUGHT EXCEPTION
Traceback (most recent call last):
  File "/home/administrator/cctv/app.py", line 532, in <module>
    @app.route("/api/dvr/probe", methods=["POST"])
     ~~~~~~~~~^^^^^^^^^^^^^^^^^^^^^^^^^^^^^^^^^^^^
  File "/home/administrator/venv/lib/python3.14/site-packages/flask/scaffold.py", line 435, in decorator
    self.add_url_rule(rule, endpoint, f, **options)
    ~~~~~~~~~~~~~~~~~^^^^^^^^^^^^^^^^^^^^^^^^^^^^^^
  File "/home/administrator/venv/lib/python3.14/site-packages/flask/scaffold.py", line 50, in wrapper_func
    return f(self, *args, **kwargs)
  File "/home/administrator/venv/lib/python3.14/site-packages/flask/app.py", line 1059, in add_url_rule
    raise AssertionError(
    ...<2 lines>...
    )
AssertionError: View function mapping is overwriting an existing endpoint function: api_dvr_probe
2026-09-30 06:33:26 [CRITICAL] [cctv_app:68] UNCAUGHT EXCEPTION
Traceback (most recent call last):
  File "/home/administrator/cctv/app.py", line 532, in <module>
    @app.route("/api/dvr/probe", methods=["POST"])
     ~~~~~~~~~^^^^^^^^^^^^^^^^^^^^^^^^^^^^^^^^^^^^
  File "/home/administrator/venv/lib/python3.14/site-packages/flask/scaffold.py", line 435, in decorator
    self.add_url_rule(rule, endpoint, f, **options)
    ~~~~~~~~~~~~~~~~~^^^^^^^^^^^^^^^^^^^^^^^^^^^^^^
  File "/home/administrator/venv/lib/python3.14/site-packages/flask/scaffold.py", line 50, in wrapper_func
    return f(self, *args, **kwargs)
  File "/home/administrator/venv/lib/python3.14/site-packages/flask/app.py", line 1059, in add_url_rule
    raise AssertionError(
    ...<2 lines>...
    )
AssertionError: View function mapping is overwriting an existing endpoint function: api_dvr_probe
2026-09-30 06:33:31 [CRITICAL] [cctv_app:68] UNCAUGHT EXCEPTION
Traceback (most recent call last):
  File "/home/administrator/cctv/app.py", line 532, in <module>
    @app.route("/api/dvr/probe", methods=["POST"])
     ~~~~~~~~~^^^^^^^^^^^^^^^^^^^^^^^^^^^^^^^^^^^^
  File "/home/administrator/venv/lib/python3.14/site-packages/flask/scaffold.py", line 435, in decorator
    self.add_url_rule(rule, endpoint, f, **options)
    ~~~~~~~~~~~~~~~~~^^^^^^^^^^^^^^^^^^^^^^^^^^^^^^
  File "/home/administrator/venv/lib/python3.14/site-packages/flask/scaffold.py", line 50, in wrapper_func
    return f(self, *args, **kwargs)
  File "/home/administrator/venv/lib/python3.14/site-packages/flask/app.py", line 1059, in add_url_rule
    raise AssertionError(
    ...<2 lines>...
    )
AssertionError: View function mapping is overwriting an existing endpoint function: api_dvr_probe
2026-09-30 06:33:37 [CRITICAL] [cctv_app:68] UNCAUGHT EXCEPTION
Traceback (most recent call last):
  File "/home/administrator/cctv/app.py", line 532, in <module>
    @app.route("/api/dvr/probe", methods=["POST"])
     ~~~~~~~~~^^^^^^^^^^^^^^^^^^^^^^^^^^^^^^^^^^^^
  File "/home/administrator/venv/lib/python3.14/site-packages/flask/scaffold.py", line 435, in decorator
    self.add_url_rule(rule, endpoint, f, **options)
    ~~~~~~~~~~~~~~~~~^^^^^^^^^^^^^^^^^^^^^^^^^^^^^^
  File "/home/administrator/venv/lib/python3.14/site-packages/flask/scaffold.py", line 50, in wrapper_func
    return f(self, *args, **kwargs)
  File "/home/administrator/venv/lib/python3.14/site-packages/flask/app.py", line 1059, in add_url_rule
    raise AssertionError(
    ...<2 lines>...
    )
AssertionError: View function mapping is overwriting an existing endpoint function: api_dvr_probe
2026-09-30 06:33:42 [CRITICAL] [cctv_app:68] UNCAUGHT EXCEPTION
Traceback (most recent call last):
  File "/home/administrator/cctv/app.py", line 532, in <module>
    @app.route("/api/dvr/probe", methods=["POST"])
     ~~~~~~~~~^^^^^^^^^^^^^^^^^^^^^^^^^^^^^^^^^^^^
  File "/home/administrator/venv/lib/python3.14/site-packages/flask/scaffold.py", line 435, in decorator
    self.add_url_rule(rule, endpoint, f, **options)
    ~~~~~~~~~~~~~~~~~^^^^^^^^^^^^^^^^^^^^^^^^^^^^^^
  File "/home/administrator/venv/lib/python3.14/site-packages/flask/scaffold.py", line 50, in wrapper_func
    return f(self, *args, **kwargs)
  File "/home/administrator/venv/lib/python3.14/site-packages/flask/app.py", line 1059, in add_url_rule
    raise AssertionError(
    ...<2 lines>...
    )
AssertionError: View function mapping is overwriting an existing endpoint function: api_dvr_probe
2026-09-30 06:33:48 [CRITICAL] [cctv_app:68] UNCAUGHT EXCEPTION
Traceback (most recent call last):
  File "/home/administrator/cctv/app.py", line 532, in <module>
    @app.route("/api/dvr/probe", methods=["POST"])
     ~~~~~~~~~^^^^^^^^^^^^^^^^^^^^^^^^^^^^^^^^^^^^
  File "/home/administrator/venv/lib/python3.14/site-packages/flask/scaffold.py", line 435, in decorator
    self.add_url_rule(rule, endpoint, f, **options)
    ~~~~~~~~~~~~~~~~~^^^^^^^^^^^^^^^^^^^^^^^^^^^^^^
  File "/home/administrator/venv/lib/python3.14/site-packages/flask/scaffold.py", line 50, in wrapper_func
    return f(self, *args, **kwargs)
  File "/home/administrator/venv/lib/python3.14/site-packages/flask/app.py", line 1059, in add_url_rule
    raise AssertionError(
    ...<2 lines>...
    )
AssertionError: View function mapping is overwriting an existing endpoint function: api_dvr_probe
2026-09-30 06:33:53 [CRITICAL] [cctv_app:68] UNCAUGHT EXCEPTION
Traceback (most recent call last):
  File "/home/administrator/cctv/app.py", line 532, in <module>
    @app.route("/api/dvr/probe", methods=["POST"])
     ~~~~~~~~~^^^^^^^^^^^^^^^^^^^^^^^^^^^^^^^^^^^^
  File "/home/administrator/venv/lib/python3.14/site-packages/flask/scaffold.py", line 435, in decorator
    self.add_url_rule(rule, endpoint, f, **options)
    ~~~~~~~~~~~~~~~~~^^^^^^^^^^^^^^^^^^^^^^^^^^^^^^
  File "/home/administrator/venv/lib/python3.14/site-packages/flask/scaffold.py", line 50, in wrapper_func
    return f(self, *args, **kwargs)
  File "/home/administrator/venv/lib/python3.14/site-packages/flask/app.py", line 1059, in add_url_rule
    raise AssertionError(
    ...<2 lines>...
    )
AssertionError: View function mapping is overwriting an existing endpoint function: api_dvr_probe
2026-09-30 06:33:59 [CRITICAL] [cctv_app:68] UNCAUGHT EXCEPTION
Traceback (most recent call last):
  File "/home/administrator/cctv/app.py", line 532, in <module>
    @app.route("/api/dvr/probe", methods=["POST"])
     ~~~~~~~~~^^^^^^^^^^^^^^^^^^^^^^^^^^^^^^^^^^^^
  File "/home/administrator/venv/lib/python3.14/site-packages/flask/scaffold.py", line 435, in decorator
    self.add_url_rule(rule, endpoint, f, **options)
    ~~~~~~~~~~~~~~~~~^^^^^^^^^^^^^^^^^^^^^^^^^^^^^^
  File "/home/administrator/venv/lib/python3.14/site-packages/flask/scaffold.py", line 50, in wrapper_func
    return f(self, *args, **kwargs)
  File "/home/administrator/venv/lib/python3.14/site-packages/flask/app.py", line 1059, in add_url_rule
    raise AssertionError(
    ...<2 lines>...
    )
AssertionError: View function mapping is overwriting an existing endpoint function: api_dvr_probe
2026-09-30 06:34:04 [CRITICAL] [cctv_app:68] UNCAUGHT EXCEPTION
Traceback (most recent call last):
  File "/home/administrator/cctv/app.py", line 532, in <module>
    @app.route("/api/dvr/probe", methods=["POST"])
     ~~~~~~~~~^^^^^^^^^^^^^^^^^^^^^^^^^^^^^^^^^^^^
  File "/home/administrator/venv/lib/python3.14/site-packages/flask/scaffold.py", line 435, in decorator
    self.add_url_rule(rule, endpoint, f, **options)
    ~~~~~~~~~~~~~~~~~^^^^^^^^^^^^^^^^^^^^^^^^^^^^^^
  File "/home/administrator/venv/lib/python3.14/site-packages/flask/scaffold.py", line 50, in wrapper_func
    return f(self, *args, **kwargs)
  File "/home/administrator/venv/lib/python3.14/site-packages/flask/app.py", line 1059, in add_url_rule
    raise AssertionError(
    ...<2 lines>...
    )
AssertionError: View function mapping is overwriting an existing endpoint function: api_dvr_probe
2026-09-30 06:34:10 [CRITICAL] [cctv_app:68] UNCAUGHT EXCEPTION
Traceback (most recent call last):
  File "/home/administrator/cctv/app.py", line 532, in <module>
    @app.route("/api/dvr/probe", methods=["POST"])
     ~~~~~~~~~^^^^^^^^^^^^^^^^^^^^^^^^^^^^^^^^^^^^
  File "/home/administrator/venv/lib/python3.14/site-packages/flask/scaffold.py", line 435, in decorator
    self.add_url_rule(rule, endpoint, f, **options)
    ~~~~~~~~~~~~~~~~~^^^^^^^^^^^^^^^^^^^^^^^^^^^^^^
  File "/home/administrator/venv/lib/python3.14/site-packages/flask/scaffold.py", line 50, in wrapper_func
    return f(self, *args, **kwargs)
  File "/home/administrator/venv/lib/python3.14/site-packages/flask/app.py", line 1059, in add_url_rule
    raise AssertionError(
    ...<2 lines>...
    )
AssertionError: View function mapping is overwriting an existing endpoint function: api_dvr_probe
2026-09-30 06:34:15 [CRITICAL] [cctv_app:68] UNCAUGHT EXCEPTION
Traceback (most recent call last):
  File "/home/administrator/cctv/app.py", line 532, in <module>
    @app.route("/api/dvr/probe", methods=["POST"])
     ~~~~~~~~~^^^^^^^^^^^^^^^^^^^^^^^^^^^^^^^^^^^^
  File "/home/administrator/venv/lib/python3.14/site-packages/flask/scaffold.py", line 435, in decorator
    self.add_url_rule(rule, endpoint, f, **options)
    ~~~~~~~~~~~~~~~~~^^^^^^^^^^^^^^^^^^^^^^^^^^^^^^
  File "/home/administrator/venv/lib/python3.14/site-packages/flask/scaffold.py", line 50, in wrapper_func
    return f(self, *args, **kwargs)
  File "/home/administrator/venv/lib/python3.14/site-packages/flask/app.py", line 1059, in add_url_rule
    raise AssertionError(
    ...<2 lines>...
    )
AssertionError: View function mapping is overwriting an existing endpoint function: api_dvr_probe
2026-09-30 06:34:21 [CRITICAL] [cctv_app:68] UNCAUGHT EXCEPTION
Traceback (most recent call last):
  File "/home/administrator/cctv/app.py", line 532, in <module>
    @app.route("/api/dvr/probe", methods=["POST"])
     ~~~~~~~~~^^^^^^^^^^^^^^^^^^^^^^^^^^^^^^^^^^^^
  File "/home/administrator/venv/lib/python3.14/site-packages/flask/scaffold.py", line 435, in decorator
    self.add_url_rule(rule, endpoint, f, **options)
    ~~~~~~~~~~~~~~~~~^^^^^^^^^^^^^^^^^^^^^^^^^^^^^^
  File "/home/administrator/venv/lib/python3.14/site-packages/flask/scaffold.py", line 50, in wrapper_func
    return f(self, *args, **kwargs)
  File "/home/administrator/venv/lib/python3.14/site-packages/flask/app.py", line 1059, in add_url_rule
    raise AssertionError(
    ...<2 lines>...
    )
AssertionError: View function mapping is overwriting an existing endpoint function: api_dvr_probe
2026-09-30 06:34:26 [CRITICAL] [cctv_app:68] UNCAUGHT EXCEPTION
Traceback (most recent call last):
  File "/home/administrator/cctv/app.py", line 532, in <module>
    @app.route("/api/dvr/probe", methods=["POST"])
     ~~~~~~~~~^^^^^^^^^^^^^^^^^^^^^^^^^^^^^^^^^^^^
  File "/home/administrator/venv/lib/python3.14/site-packages/flask/scaffold.py", line 435, in decorator
    self.add_url_rule(rule, endpoint, f, **options)
    ~~~~~~~~~~~~~~~~~^^^^^^^^^^^^^^^^^^^^^^^^^^^^^^
  File "/home/administrator/venv/lib/python3.14/site-packages/flask/scaffold.py", line 50, in wrapper_func
    return f(self, *args, **kwargs)
  File "/home/administrator/venv/lib/python3.14/site-packages/flask/app.py", line 1059, in add_url_rule
    raise AssertionError(
    ...<2 lines>...
    )
AssertionError: View function mapping is overwriting an existing endpoint function: api_dvr_probe
2026-09-30 06:34:32 [CRITICAL] [cctv_app:68] UNCAUGHT EXCEPTION
Traceback (most recent call last):
  File "/home/administrator/cctv/app.py", line 532, in <module>
    @app.route("/api/dvr/probe", methods=["POST"])
     ~~~~~~~~~^^^^^^^^^^^^^^^^^^^^^^^^^^^^^^^^^^^^
  File "/home/administrator/venv/lib/python3.14/site-packages/flask/scaffold.py", line 435, in decorator
    self.add_url_rule(rule, endpoint, f, **options)
    ~~~~~~~~~~~~~~~~~^^^^^^^^^^^^^^^^^^^^^^^^^^^^^^
  File "/home/administrator/venv/lib/python3.14/site-packages/flask/scaffold.py", line 50, in wrapper_func
    return f(self, *args, **kwargs)
  File "/home/administrator/venv/lib/python3.14/site-packages/flask/app.py", line 1059, in add_url_rule
    raise AssertionError(
    ...<2 lines>...
    )
AssertionError: View function mapping is overwriting an existing endpoint function: api_dvr_probe
2026-09-30 06:34:37 [CRITICAL] [cctv_app:68] UNCAUGHT EXCEPTION
Traceback (most recent call last):
  File "/home/administrator/cctv/app.py", line 532, in <module>
    @app.route("/api/dvr/probe", methods=["POST"])
     ~~~~~~~~~^^^^^^^^^^^^^^^^^^^^^^^^^^^^^^^^^^^^
  File "/home/administrator/venv/lib/python3.14/site-packages/flask/scaffold.py", line 435, in decorator
    self.add_url_rule(rule, endpoint, f, **options)
    ~~~~~~~~~~~~~~~~~^^^^^^^^^^^^^^^^^^^^^^^^^^^^^^
  File "/home/administrator/venv/lib/python3.14/site-packages/flask/scaffold.py", line 50, in wrapper_func
    return f(self, *args, **kwargs)
  File "/home/administrator/venv/lib/python3.14/site-packages/flask/app.py", line 1059, in add_url_rule
    raise AssertionError(
    ...<2 lines>...
    )
AssertionError: View function mapping is overwriting an existing endpoint function: api_dvr_probe
2026-09-30 06:34:43 [CRITICAL] [cctv_app:68] UNCAUGHT EXCEPTION
Traceback (most recent call last):
  File "/home/administrator/cctv/app.py", line 532, in <module>
    @app.route("/api/dvr/probe", methods=["POST"])
     ~~~~~~~~~^^^^^^^^^^^^^^^^^^^^^^^^^^^^^^^^^^^^
  File "/home/administrator/venv/lib/python3.14/site-packages/flask/scaffold.py", line 435, in decorator
    self.add_url_rule(rule, endpoint, f, **options)
    ~~~~~~~~~~~~~~~~~^^^^^^^^^^^^^^^^^^^^^^^^^^^^^^
  File "/home/administrator/venv/lib/python3.14/site-packages/flask/scaffold.py", line 50, in wrapper_func
    return f(self, *args, **kwargs)
  File "/home/administrator/venv/lib/python3.14/site-packages/flask/app.py", line 1059, in add_url_rule
    raise AssertionError(
    ...<2 lines>...
    )
AssertionError: View function mapping is overwriting an existing endpoint function: api_dvr_probe
2026-09-30 06:34:48 [CRITICAL] [cctv_app:68] UNCAUGHT EXCEPTION
Traceback (most recent call last):
  File "/home/administrator/cctv/app.py", line 532, in <module>
    @app.route("/api/dvr/probe", methods=["POST"])
     ~~~~~~~~~^^^^^^^^^^^^^^^^^^^^^^^^^^^^^^^^^^^^
  File "/home/administrator/venv/lib/python3.14/site-packages/flask/scaffold.py", line 435, in decorator
    self.add_url_rule(rule, endpoint, f, **options)
    ~~~~~~~~~~~~~~~~~^^^^^^^^^^^^^^^^^^^^^^^^^^^^^^
  File "/home/administrator/venv/lib/python3.14/site-packages/flask/scaffold.py", line 50, in wrapper_func
    return f(self, *args, **kwargs)
  File "/home/administrator/venv/lib/python3.14/site-packages/flask/app.py", line 1059, in add_url_rule
    raise AssertionError(
    ...<2 lines>...
    )
AssertionError: View function mapping is overwriting an existing endpoint function: api_dvr_probe
2026-09-30 06:34:54 [CRITICAL] [cctv_app:68] UNCAUGHT EXCEPTION
Traceback (most recent call last):
  File "/home/administrator/cctv/app.py", line 532, in <module>
    @app.route("/api/dvr/probe", methods=["POST"])
     ~~~~~~~~~^^^^^^^^^^^^^^^^^^^^^^^^^^^^^^^^^^^^
  File "/home/administrator/venv/lib/python3.14/site-packages/flask/scaffold.py", line 435, in decorator
    self.add_url_rule(rule, endpoint, f, **options)
    ~~~~~~~~~~~~~~~~~^^^^^^^^^^^^^^^^^^^^^^^^^^^^^^
  File "/home/administrator/venv/lib/python3.14/site-packages/flask/scaffold.py", line 50, in wrapper_func
    return f(self, *args, **kwargs)
  File "/home/administrator/venv/lib/python3.14/site-packages/flask/app.py", line 1059, in add_url_rule
    raise AssertionError(
    ...<2 lines>...
    )
AssertionError: View function mapping is overwriting an existing endpoint function: api_dvr_probe
2026-09-30 06:34:59 [CRITICAL] [cctv_app:68] UNCAUGHT EXCEPTION
Traceback (most recent call last):
  File "/home/administrator/cctv/app.py", line 532, in <module>
    @app.route("/api/dvr/probe", methods=["POST"])
     ~~~~~~~~~^^^^^^^^^^^^^^^^^^^^^^^^^^^^^^^^^^^^
  File "/home/administrator/venv/lib/python3.14/site-packages/flask/scaffold.py", line 435, in decorator
    self.add_url_rule(rule, endpoint, f, **options)
    ~~~~~~~~~~~~~~~~~^^^^^^^^^^^^^^^^^^^^^^^^^^^^^^
  File "/home/administrator/venv/lib/python3.14/site-packages/flask/scaffold.py", line 50, in wrapper_func
    return f(self, *args, **kwargs)
  File "/home/administrator/venv/lib/python3.14/site-packages/flask/app.py", line 1059, in add_url_rule
    raise AssertionError(
    ...<2 lines>...
    )
AssertionError: View function mapping is overwriting an existing endpoint function: api_dvr_probe
2026-09-30 06:35:05 [CRITICAL] [cctv_app:68] UNCAUGHT EXCEPTION
Traceback (most recent call last):
  File "/home/administrator/cctv/app.py", line 532, in <module>
    @app.route("/api/dvr/probe", methods=["POST"])
     ~~~~~~~~~^^^^^^^^^^^^^^^^^^^^^^^^^^^^^^^^^^^^
  File "/home/administrator/venv/lib/python3.14/site-packages/flask/scaffold.py", line 435, in decorator
    self.add_url_rule(rule, endpoint, f, **options)
    ~~~~~~~~~~~~~~~~~^^^^^^^^^^^^^^^^^^^^^^^^^^^^^^
  File "/home/administrator/venv/lib/python3.14/site-packages/flask/scaffold.py", line 50, in wrapper_func
    return f(self, *args, **kwargs)
  File "/home/administrator/venv/lib/python3.14/site-packages/flask/app.py", line 1059, in add_url_rule
    raise AssertionError(
    ...<2 lines>...
    )
AssertionError: View function mapping is overwriting an existing endpoint function: api_dvr_probe
2026-09-30 06:35:10 [CRITICAL] [cctv_app:68] UNCAUGHT EXCEPTION
Traceback (most recent call last):
  File "/home/administrator/cctv/app.py", line 532, in <module>
    @app.route("/api/dvr/probe", methods=["POST"])
     ~~~~~~~~~^^^^^^^^^^^^^^^^^^^^^^^^^^^^^^^^^^^^
  File "/home/administrator/venv/lib/python3.14/site-packages/flask/scaffold.py", line 435, in decorator
    self.add_url_rule(rule, endpoint, f, **options)
    ~~~~~~~~~~~~~~~~~^^^^^^^^^^^^^^^^^^^^^^^^^^^^^^
  File "/home/administrator/venv/lib/python3.14/site-packages/flask/scaffold.py", line 50, in wrapper_func
    return f(self, *args, **kwargs)
  File "/home/administrator/venv/lib/python3.14/site-packages/flask/app.py", line 1059, in add_url_rule
    raise AssertionError(
    ...<2 lines>...
    )
AssertionError: View function mapping is overwriting an existing endpoint function: api_dvr_probe
2026-09-30 06:35:16 [CRITICAL] [cctv_app:68] UNCAUGHT EXCEPTION
Traceback (most recent call last):
  File "/home/administrator/cctv/app.py", line 532, in <module>
    @app.route("/api/dvr/probe", methods=["POST"])
     ~~~~~~~~~^^^^^^^^^^^^^^^^^^^^^^^^^^^^^^^^^^^^
  File "/home/administrator/venv/lib/python3.14/site-packages/flask/scaffold.py", line 435, in decorator
    self.add_url_rule(rule, endpoint, f, **options)
    ~~~~~~~~~~~~~~~~~^^^^^^^^^^^^^^^^^^^^^^^^^^^^^^
  File "/home/administrator/venv/lib/python3.14/site-packages/flask/scaffold.py", line 50, in wrapper_func
    return f(self, *args, **kwargs)
  File "/home/administrator/venv/lib/python3.14/site-packages/flask/app.py", line 1059, in add_url_rule
    raise AssertionError(
    ...<2 lines>...
    )
AssertionError: View function mapping is overwriting an existing endpoint function: api_dvr_probe
2026-09-30 06:35:21 [CRITICAL] [cctv_app:68] UNCAUGHT EXCEPTION
Traceback (most recent call last):
  File "/home/administrator/cctv/app.py", line 532, in <module>
    @app.route("/api/dvr/probe", methods=["POST"])
     ~~~~~~~~~^^^^^^^^^^^^^^^^^^^^^^^^^^^^^^^^^^^^
  File "/home/administrator/venv/lib/python3.14/site-packages/flask/scaffold.py", line 435, in decorator
    self.add_url_rule(rule, endpoint, f, **options)
    ~~~~~~~~~~~~~~~~~^^^^^^^^^^^^^^^^^^^^^^^^^^^^^^
  File "/home/administrator/venv/lib/python3.14/site-packages/flask/scaffold.py", line 50, in wrapper_func
    return f(self, *args, **kwargs)
  File "/home/administrator/venv/lib/python3.14/site-packages/flask/app.py", line 1059, in add_url_rule
    raise AssertionError(
    ...<2 lines>...
    )
AssertionError: View function mapping is overwriting an existing endpoint function: api_dvr_probe
2026-09-30 06:35:27 [CRITICAL] [cctv_app:68] UNCAUGHT EXCEPTION
Traceback (most recent call last):
  File "/home/administrator/cctv/app.py", line 532, in <module>
    @app.route("/api/dvr/probe", methods=["POST"])
     ~~~~~~~~~^^^^^^^^^^^^^^^^^^^^^^^^^^^^^^^^^^^^
  File "/home/administrator/venv/lib/python3.14/site-packages/flask/scaffold.py", line 435, in decorator
    self.add_url_rule(rule, endpoint, f, **options)
    ~~~~~~~~~~~~~~~~~^^^^^^^^^^^^^^^^^^^^^^^^^^^^^^
  File "/home/administrator/venv/lib/python3.14/site-packages/flask/scaffold.py", line 50, in wrapper_func
    return f(self, *args, **kwargs)
  File "/home/administrator/venv/lib/python3.14/site-packages/flask/app.py", line 1059, in add_url_rule
    raise AssertionError(
    ...<2 lines>...
    )
AssertionError: View function mapping is overwriting an existing endpoint function: api_dvr_probe
2026-09-30 06:35:32 [CRITICAL] [cctv_app:68] UNCAUGHT EXCEPTION
Traceback (most recent call last):
  File "/home/administrator/cctv/app.py", line 532, in <module>
    @app.route("/api/dvr/probe", methods=["POST"])
     ~~~~~~~~~^^^^^^^^^^^^^^^^^^^^^^^^^^^^^^^^^^^^
  File "/home/administrator/venv/lib/python3.14/site-packages/flask/scaffold.py", line 435, in decorator
    self.add_url_rule(rule, endpoint, f, **options)
    ~~~~~~~~~~~~~~~~~^^^^^^^^^^^^^^^^^^^^^^^^^^^^^^
  File "/home/administrator/venv/lib/python3.14/site-packages/flask/scaffold.py", line 50, in wrapper_func
    return f(self, *args, **kwargs)
  File "/home/administrator/venv/lib/python3.14/site-packages/flask/app.py", line 1059, in add_url_rule
    raise AssertionError(
    ...<2 lines>...
    )
AssertionError: View function mapping is overwriting an existing endpoint function: api_dvr_probe
2026-09-30 06:35:38 [CRITICAL] [cctv_app:68] UNCAUGHT EXCEPTION
Traceback (most recent call last):
  File "/home/administrator/cctv/app.py", line 532, in <module>
    @app.route("/api/dvr/probe", methods=["POST"])
     ~~~~~~~~~^^^^^^^^^^^^^^^^^^^^^^^^^^^^^^^^^^^^
  File "/home/administrator/venv/lib/python3.14/site-packages/flask/scaffold.py", line 435, in decorator
    self.add_url_rule(rule, endpoint, f, **options)
    ~~~~~~~~~~~~~~~~~^^^^^^^^^^^^^^^^^^^^^^^^^^^^^^
  File "/home/administrator/venv/lib/python3.14/site-packages/flask/scaffold.py", line 50, in wrapper_func
    return f(self, *args, **kwargs)
  File "/home/administrator/venv/lib/python3.14/site-packages/flask/app.py", line 1059, in add_url_rule
    raise AssertionError(
    ...<2 lines>...
    )
AssertionError: View function mapping is overwriting an existing endpoint function: api_dvr_probe
2026-09-30 06:35:43 [CRITICAL] [cctv_app:68] UNCAUGHT EXCEPTION
Traceback (most recent call last):
  File "/home/administrator/cctv/app.py", line 532, in <module>
    @app.route("/api/dvr/probe", methods=["POST"])
     ~~~~~~~~~^^^^^^^^^^^^^^^^^^^^^^^^^^^^^^^^^^^^
  File "/home/administrator/venv/lib/python3.14/site-packages/flask/scaffold.py", line 435, in decorator
    self.add_url_rule(rule, endpoint, f, **options)
    ~~~~~~~~~~~~~~~~~^^^^^^^^^^^^^^^^^^^^^^^^^^^^^^
  File "/home/administrator/venv/lib/python3.14/site-packages/flask/scaffold.py", line 50, in wrapper_func
    return f(self, *args, **kwargs)
  File "/home/administrator/venv/lib/python3.14/site-packages/flask/app.py", line 1059, in add_url_rule
    raise AssertionError(
    ...<2 lines>...
    )
AssertionError: View function mapping is overwriting an existing endpoint function: api_dvr_probe
2026-09-30 06:35:49 [CRITICAL] [cctv_app:68] UNCAUGHT EXCEPTION
Traceback (most recent call last):
  File "/home/administrator/cctv/app.py", line 532, in <module>
    @app.route("/api/dvr/probe", methods=["POST"])
     ~~~~~~~~~^^^^^^^^^^^^^^^^^^^^^^^^^^^^^^^^^^^^
  File "/home/administrator/venv/lib/python3.14/site-packages/flask/scaffold.py", line 435, in decorator
    self.add_url_rule(rule, endpoint, f, **options)
    ~~~~~~~~~~~~~~~~~^^^^^^^^^^^^^^^^^^^^^^^^^^^^^^
  File "/home/administrator/venv/lib/python3.14/site-packages/flask/scaffold.py", line 50, in wrapper_func
    return f(self, *args, **kwargs)
  File "/home/administrator/venv/lib/python3.14/site-packages/flask/app.py", line 1059, in add_url_rule
    raise AssertionError(
    ...<2 lines>...
    )
AssertionError: View function mapping is overwriting an existing endpoint function: api_dvr_probe
2026-09-30 06:35:54 [CRITICAL] [cctv_app:68] UNCAUGHT EXCEPTION
Traceback (most recent call last):
  File "/home/administrator/cctv/app.py", line 532, in <module>
    @app.route("/api/dvr/probe", methods=["POST"])
     ~~~~~~~~~^^^^^^^^^^^^^^^^^^^^^^^^^^^^^^^^^^^^
  File "/home/administrator/venv/lib/python3.14/site-packages/flask/scaffold.py", line 435, in decorator
    self.add_url_rule(rule, endpoint, f, **options)
    ~~~~~~~~~~~~~~~~~^^^^^^^^^^^^^^^^^^^^^^^^^^^^^^
  File "/home/administrator/venv/lib/python3.14/site-packages/flask/scaffold.py", line 50, in wrapper_func
    return f(self, *args, **kwargs)
  File "/home/administrator/venv/lib/python3.14/site-packages/flask/app.py", line 1059, in add_url_rule
    raise AssertionError(
    ...<2 lines>...
    )
AssertionError: View function mapping is overwriting an existing endpoint function: api_dvr_probe
2026-09-30 06:36:00 [CRITICAL] [cctv_app:68] UNCAUGHT EXCEPTION
Traceback (most recent call last):
  File "/home/administrator/cctv/app.py", line 532, in <module>
    @app.route("/api/dvr/probe", methods=["POST"])
     ~~~~~~~~~^^^^^^^^^^^^^^^^^^^^^^^^^^^^^^^^^^^^
  File "/home/administrator/venv/lib/python3.14/site-packages/flask/scaffold.py", line 435, in decorator
    self.add_url_rule(rule, endpoint, f, **options)
    ~~~~~~~~~~~~~~~~~^^^^^^^^^^^^^^^^^^^^^^^^^^^^^^
  File "/home/administrator/venv/lib/python3.14/site-packages/flask/scaffold.py", line 50, in wrapper_func
    return f(self, *args, **kwargs)
  File "/home/administrator/venv/lib/python3.14/site-packages/flask/app.py", line 1059, in add_url_rule
    raise AssertionError(
    ...<2 lines>...
    )
AssertionError: View function mapping is overwriting an existing endpoint function: api_dvr_probe
2026-09-30 06:36:05 [CRITICAL] [cctv_app:68] UNCAUGHT EXCEPTION
Traceback (most recent call last):
  File "/home/administrator/cctv/app.py", line 532, in <module>
    @app.route("/api/dvr/probe", methods=["POST"])
     ~~~~~~~~~^^^^^^^^^^^^^^^^^^^^^^^^^^^^^^^^^^^^
  File "/home/administrator/venv/lib/python3.14/site-packages/flask/scaffold.py", line 435, in decorator
    self.add_url_rule(rule, endpoint, f, **options)
    ~~~~~~~~~~~~~~~~~^^^^^^^^^^^^^^^^^^^^^^^^^^^^^^
  File "/home/administrator/venv/lib/python3.14/site-packages/flask/scaffold.py", line 50, in wrapper_func
    return f(self, *args, **kwargs)
  File "/home/administrator/venv/lib/python3.14/site-packages/flask/app.py", line 1059, in add_url_rule
    raise AssertionError(
    ...<2 lines>...
    )
AssertionError: View function mapping is overwriting an existing endpoint function: api_dvr_probe
2026-09-30 06:36:11 [CRITICAL] [cctv_app:68] UNCAUGHT EXCEPTION
Traceback (most recent call last):
  File "/home/administrator/cctv/app.py", line 532, in <module>
    @app.route("/api/dvr/probe", methods=["POST"])
     ~~~~~~~~~^^^^^^^^^^^^^^^^^^^^^^^^^^^^^^^^^^^^
  File "/home/administrator/venv/lib/python3.14/site-packages/flask/scaffold.py", line 435, in decorator
    self.add_url_rule(rule, endpoint, f, **options)
    ~~~~~~~~~~~~~~~~~^^^^^^^^^^^^^^^^^^^^^^^^^^^^^^
  File "/home/administrator/venv/lib/python3.14/site-packages/flask/scaffold.py", line 50, in wrapper_func
    return f(self, *args, **kwargs)
  File "/home/administrator/venv/lib/python3.14/site-packages/flask/app.py", line 1059, in add_url_rule
    raise AssertionError(
    ...<2 lines>...
    )
AssertionError: View function mapping is overwriting an existing endpoint function: api_dvr_probe
2026-09-30 06:36:16 [CRITICAL] [cctv_app:68] UNCAUGHT EXCEPTION
Traceback (most recent call last):
  File "/home/administrator/cctv/app.py", line 532, in <module>
    @app.route("/api/dvr/probe", methods=["POST"])
     ~~~~~~~~~^^^^^^^^^^^^^^^^^^^^^^^^^^^^^^^^^^^^
  File "/home/administrator/venv/lib/python3.14/site-packages/flask/scaffold.py", line 435, in decorator
    self.add_url_rule(rule, endpoint, f, **options)
    ~~~~~~~~~~~~~~~~~^^^^^^^^^^^^^^^^^^^^^^^^^^^^^^
  File "/home/administrator/venv/lib/python3.14/site-packages/flask/scaffold.py", line 50, in wrapper_func
    return f(self, *args, **kwargs)
  File "/home/administrator/venv/lib/python3.14/site-packages/flask/app.py", line 1059, in add_url_rule
    raise AssertionError(
    ...<2 lines>...
    )
AssertionError: View function mapping is overwriting an existing endpoint function: api_dvr_probe
2026-09-30 06:36:22 [CRITICAL] [cctv_app:68] UNCAUGHT EXCEPTION
Traceback (most recent call last):
  File "/home/administrator/cctv/app.py", line 532, in <module>
    @app.route("/api/dvr/probe", methods=["POST"])
     ~~~~~~~~~^^^^^^^^^^^^^^^^^^^^^^^^^^^^^^^^^^^^
  File "/home/administrator/venv/lib/python3.14/site-packages/flask/scaffold.py", line 435, in decorator
    self.add_url_rule(rule, endpoint, f, **options)
    ~~~~~~~~~~~~~~~~~^^^^^^^^^^^^^^^^^^^^^^^^^^^^^^
  File "/home/administrator/venv/lib/python3.14/site-packages/flask/scaffold.py", line 50, in wrapper_func
    return f(self, *args, **kwargs)
  File "/home/administrator/venv/lib/python3.14/site-packages/flask/app.py", line 1059, in add_url_rule
    raise AssertionError(
    ...<2 lines>...
    )
AssertionError: View function mapping is overwriting an existing endpoint function: api_dvr_probe
2026-09-30 06:36:27 [CRITICAL] [cctv_app:68] UNCAUGHT EXCEPTION
Traceback (most recent call last):
  File "/home/administrator/cctv/app.py", line 532, in <module>
    @app.route("/api/dvr/probe", methods=["POST"])
     ~~~~~~~~~^^^^^^^^^^^^^^^^^^^^^^^^^^^^^^^^^^^^
  File "/home/administrator/venv/lib/python3.14/site-packages/flask/scaffold.py", line 435, in decorator
    self.add_url_rule(rule, endpoint, f, **options)
    ~~~~~~~~~~~~~~~~~^^^^^^^^^^^^^^^^^^^^^^^^^^^^^^
  File "/home/administrator/venv/lib/python3.14/site-packages/flask/scaffold.py", line 50, in wrapper_func
    return f(self, *args, **kwargs)
  File "/home/administrator/venv/lib/python3.14/site-packages/flask/app.py", line 1059, in add_url_rule
    raise AssertionError(
    ...<2 lines>...
    )
AssertionError: View function mapping is overwriting an existing endpoint function: api_dvr_probe
2026-09-30 06:36:33 [CRITICAL] [cctv_app:68] UNCAUGHT EXCEPTION
Traceback (most recent call last):
  File "/home/administrator/cctv/app.py", line 532, in <module>
    @app.route("/api/dvr/probe", methods=["POST"])
     ~~~~~~~~~^^^^^^^^^^^^^^^^^^^^^^^^^^^^^^^^^^^^
  File "/home/administrator/venv/lib/python3.14/site-packages/flask/scaffold.py", line 435, in decorator
    self.add_url_rule(rule, endpoint, f, **options)
    ~~~~~~~~~~~~~~~~~^^^^^^^^^^^^^^^^^^^^^^^^^^^^^^
  File "/home/administrator/venv/lib/python3.14/site-packages/flask/scaffold.py", line 50, in wrapper_func
    return f(self, *args, **kwargs)
  File "/home/administrator/venv/lib/python3.14/site-packages/flask/app.py", line 1059, in add_url_rule
    raise AssertionError(
    ...<2 lines>...
    )
AssertionError: View function mapping is overwriting an existing endpoint function: api_dvr_probe
2026-09-30 06:36:38 [CRITICAL] [cctv_app:68] UNCAUGHT EXCEPTION
Traceback (most recent call last):
  File "/home/administrator/cctv/app.py", line 532, in <module>
    @app.route("/api/dvr/probe", methods=["POST"])
     ~~~~~~~~~^^^^^^^^^^^^^^^^^^^^^^^^^^^^^^^^^^^^
  File "/home/administrator/venv/lib/python3.14/site-packages/flask/scaffold.py", line 435, in decorator
    self.add_url_rule(rule, endpoint, f, **options)
    ~~~~~~~~~~~~~~~~~^^^^^^^^^^^^^^^^^^^^^^^^^^^^^^
  File "/home/administrator/venv/lib/python3.14/site-packages/flask/scaffold.py", line 50, in wrapper_func
    return f(self, *args, **kwargs)
  File "/home/administrator/venv/lib/python3.14/site-packages/flask/app.py", line 1059, in add_url_rule
    raise AssertionError(
    ...<2 lines>...
    )
AssertionError: View function mapping is overwriting an existing endpoint function: api_dvr_probe
2026-09-30 06:36:44 [CRITICAL] [cctv_app:68] UNCAUGHT EXCEPTION
Traceback (most recent call last):
  File "/home/administrator/cctv/app.py", line 532, in <module>
    @app.route("/api/dvr/probe", methods=["POST"])
     ~~~~~~~~~^^^^^^^^^^^^^^^^^^^^^^^^^^^^^^^^^^^^
  File "/home/administrator/venv/lib/python3.14/site-packages/flask/scaffold.py", line 435, in decorator
    self.add_url_rule(rule, endpoint, f, **options)
    ~~~~~~~~~~~~~~~~~^^^^^^^^^^^^^^^^^^^^^^^^^^^^^^
  File "/home/administrator/venv/lib/python3.14/site-packages/flask/scaffold.py", line 50, in wrapper_func
    return f(self, *args, **kwargs)
  File "/home/administrator/venv/lib/python3.14/site-packages/flask/app.py", line 1059, in add_url_rule
    raise AssertionError(
    ...<2 lines>...
    )
AssertionError: View function mapping is overwriting an existing endpoint function: api_dvr_probe
2026-09-30 06:36:49 [CRITICAL] [cctv_app:68] UNCAUGHT EXCEPTION
Traceback (most recent call last):
  File "/home/administrator/cctv/app.py", line 532, in <module>
    @app.route("/api/dvr/probe", methods=["POST"])
     ~~~~~~~~~^^^^^^^^^^^^^^^^^^^^^^^^^^^^^^^^^^^^
  File "/home/administrator/venv/lib/python3.14/site-packages/flask/scaffold.py", line 435, in decorator
    self.add_url_rule(rule, endpoint, f, **options)
    ~~~~~~~~~~~~~~~~~^^^^^^^^^^^^^^^^^^^^^^^^^^^^^^
  File "/home/administrator/venv/lib/python3.14/site-packages/flask/scaffold.py", line 50, in wrapper_func
    return f(self, *args, **kwargs)
  File "/home/administrator/venv/lib/python3.14/site-packages/flask/app.py", line 1059, in add_url_rule
    raise AssertionError(
    ...<2 lines>...
    )
AssertionError: View function mapping is overwriting an existing endpoint function: api_dvr_probe
2026-09-30 06:36:55 [CRITICAL] [cctv_app:68] UNCAUGHT EXCEPTION
Traceback (most recent call last):
  File "/home/administrator/cctv/app.py", line 532, in <module>
    @app.route("/api/dvr/probe", methods=["POST"])
     ~~~~~~~~~^^^^^^^^^^^^^^^^^^^^^^^^^^^^^^^^^^^^
  File "/home/administrator/venv/lib/python3.14/site-packages/flask/scaffold.py", line 435, in decorator
    self.add_url_rule(rule, endpoint, f, **options)
    ~~~~~~~~~~~~~~~~~^^^^^^^^^^^^^^^^^^^^^^^^^^^^^^
  File "/home/administrator/venv/lib/python3.14/site-packages/flask/scaffold.py", line 50, in wrapper_func
    return f(self, *args, **kwargs)
  File "/home/administrator/venv/lib/python3.14/site-packages/flask/app.py", line 1059, in add_url_rule
    raise AssertionError(
    ...<2 lines>...
    )
AssertionError: View function mapping is overwriting an existing endpoint function: api_dvr_probe
2026-09-30 06:37:00 [CRITICAL] [cctv_app:68] UNCAUGHT EXCEPTION
Traceback (most recent call last):
  File "/home/administrator/cctv/app.py", line 532, in <module>
    @app.route("/api/dvr/probe", methods=["POST"])
     ~~~~~~~~~^^^^^^^^^^^^^^^^^^^^^^^^^^^^^^^^^^^^
  File "/home/administrator/venv/lib/python3.14/site-packages/flask/scaffold.py", line 435, in decorator
    self.add_url_rule(rule, endpoint, f, **options)
    ~~~~~~~~~~~~~~~~~^^^^^^^^^^^^^^^^^^^^^^^^^^^^^^
  File "/home/administrator/venv/lib/python3.14/site-packages/flask/scaffold.py", line 50, in wrapper_func
    return f(self, *args, **kwargs)
  File "/home/administrator/venv/lib/python3.14/site-packages/flask/app.py", line 1059, in add_url_rule
    raise AssertionError(
    ...<2 lines>...
    )
AssertionError: View function mapping is overwriting an existing endpoint function: api_dvr_probe
2026-09-30 06:37:06 [CRITICAL] [cctv_app:68] UNCAUGHT EXCEPTION
Traceback (most recent call last):
  File "/home/administrator/cctv/app.py", line 532, in <module>
    @app.route("/api/dvr/probe", methods=["POST"])
     ~~~~~~~~~^^^^^^^^^^^^^^^^^^^^^^^^^^^^^^^^^^^^
  File "/home/administrator/venv/lib/python3.14/site-packages/flask/scaffold.py", line 435, in decorator
    self.add_url_rule(rule, endpoint, f, **options)
    ~~~~~~~~~~~~~~~~~^^^^^^^^^^^^^^^^^^^^^^^^^^^^^^
  File "/home/administrator/venv/lib/python3.14/site-packages/flask/scaffold.py", line 50, in wrapper_func
    return f(self, *args, **kwargs)
  File "/home/administrator/venv/lib/python3.14/site-packages/flask/app.py", line 1059, in add_url_rule
    raise AssertionError(
    ...<2 lines>...
    )
AssertionError: View function mapping is overwriting an existing endpoint function: api_dvr_probe
2026-09-30 06:37:11 [CRITICAL] [cctv_app:68] UNCAUGHT EXCEPTION
Traceback (most recent call last):
  File "/home/administrator/cctv/app.py", line 532, in <module>
    @app.route("/api/dvr/probe", methods=["POST"])
     ~~~~~~~~~^^^^^^^^^^^^^^^^^^^^^^^^^^^^^^^^^^^^
  File "/home/administrator/venv/lib/python3.14/site-packages/flask/scaffold.py", line 435, in decorator
    self.add_url_rule(rule, endpoint, f, **options)
    ~~~~~~~~~~~~~~~~~^^^^^^^^^^^^^^^^^^^^^^^^^^^^^^
  File "/home/administrator/venv/lib/python3.14/site-packages/flask/scaffold.py", line 50, in wrapper_func
    return f(self, *args, **kwargs)
  File "/home/administrator/venv/lib/python3.14/site-packages/flask/app.py", line 1059, in add_url_rule
    raise AssertionError(
    ...<2 lines>...
    )
AssertionError: View function mapping is overwriting an existing endpoint function: api_dvr_probe
2026-09-30 06:37:17 [CRITICAL] [cctv_app:68] UNCAUGHT EXCEPTION
Traceback (most recent call last):
  File "/home/administrator/cctv/app.py", line 532, in <module>
    @app.route("/api/dvr/probe", methods=["POST"])
     ~~~~~~~~~^^^^^^^^^^^^^^^^^^^^^^^^^^^^^^^^^^^^
  File "/home/administrator/venv/lib/python3.14/site-packages/flask/scaffold.py", line 435, in decorator
    self.add_url_rule(rule, endpoint, f, **options)
    ~~~~~~~~~~~~~~~~~^^^^^^^^^^^^^^^^^^^^^^^^^^^^^^
  File "/home/administrator/venv/lib/python3.14/site-packages/flask/scaffold.py", line 50, in wrapper_func
    return f(self, *args, **kwargs)
  File "/home/administrator/venv/lib/python3.14/site-packages/flask/app.py", line 1059, in add_url_rule
    raise AssertionError(
    ...<2 lines>...
    )
AssertionError: View function mapping is overwriting an existing endpoint function: api_dvr_probe
2026-09-30 06:37:22 [CRITICAL] [cctv_app:68] UNCAUGHT EXCEPTION
Traceback (most recent call last):
  File "/home/administrator/cctv/app.py", line 532, in <module>
    @app.route("/api/dvr/probe", methods=["POST"])
     ~~~~~~~~~^^^^^^^^^^^^^^^^^^^^^^^^^^^^^^^^^^^^
  File "/home/administrator/venv/lib/python3.14/site-packages/flask/scaffold.py", line 435, in decorator
    self.add_url_rule(rule, endpoint, f, **options)
    ~~~~~~~~~~~~~~~~~^^^^^^^^^^^^^^^^^^^^^^^^^^^^^^
  File "/home/administrator/venv/lib/python3.14/site-packages/flask/scaffold.py", line 50, in wrapper_func
    return f(self, *args, **kwargs)
  File "/home/administrator/venv/lib/python3.14/site-packages/flask/app.py", line 1059, in add_url_rule
    raise AssertionError(
    ...<2 lines>...
    )
AssertionError: View function mapping is overwriting an existing endpoint function: api_dvr_probe
2026-09-30 06:37:28 [CRITICAL] [cctv_app:68] UNCAUGHT EXCEPTION
Traceback (most recent call last):
  File "/home/administrator/cctv/app.py", line 532, in <module>
    @app.route("/api/dvr/probe", methods=["POST"])
     ~~~~~~~~~^^^^^^^^^^^^^^^^^^^^^^^^^^^^^^^^^^^^
  File "/home/administrator/venv/lib/python3.14/site-packages/flask/scaffold.py", line 435, in decorator
    self.add_url_rule(rule, endpoint, f, **options)
    ~~~~~~~~~~~~~~~~~^^^^^^^^^^^^^^^^^^^^^^^^^^^^^^
  File "/home/administrator/venv/lib/python3.14/site-packages/flask/scaffold.py", line 50, in wrapper_func
    return f(self, *args, **kwargs)
  File "/home/administrator/venv/lib/python3.14/site-packages/flask/app.py", line 1059, in add_url_rule
    raise AssertionError(
    ...<2 lines>...
    )
AssertionError: View function mapping is overwriting an existing endpoint function: api_dvr_probe
2026-09-30 06:37:33 [CRITICAL] [cctv_app:68] UNCAUGHT EXCEPTION
Traceback (most recent call last):
  File "/home/administrator/cctv/app.py", line 532, in <module>
    @app.route("/api/dvr/probe", methods=["POST"])
     ~~~~~~~~~^^^^^^^^^^^^^^^^^^^^^^^^^^^^^^^^^^^^
  File "/home/administrator/venv/lib/python3.14/site-packages/flask/scaffold.py", line 435, in decorator
    self.add_url_rule(rule, endpoint, f, **options)
    ~~~~~~~~~~~~~~~~~^^^^^^^^^^^^^^^^^^^^^^^^^^^^^^
  File "/home/administrator/venv/lib/python3.14/site-packages/flask/scaffold.py", line 50, in wrapper_func
    return f(self, *args, **kwargs)
  File "/home/administrator/venv/lib/python3.14/site-packages/flask/app.py", line 1059, in add_url_rule
    raise AssertionError(
    ...<2 lines>...
    )
AssertionError: View function mapping is overwriting an existing endpoint function: api_dvr_probe
2026-09-30 06:37:39 [CRITICAL] [cctv_app:68] UNCAUGHT EXCEPTION
Traceback (most recent call last):
  File "/home/administrator/cctv/app.py", line 532, in <module>
    @app.route("/api/dvr/probe", methods=["POST"])
     ~~~~~~~~~^^^^^^^^^^^^^^^^^^^^^^^^^^^^^^^^^^^^
  File "/home/administrator/venv/lib/python3.14/site-packages/flask/scaffold.py", line 435, in decorator
    self.add_url_rule(rule, endpoint, f, **options)
    ~~~~~~~~~~~~~~~~~^^^^^^^^^^^^^^^^^^^^^^^^^^^^^^
  File "/home/administrator/venv/lib/python3.14/site-packages/flask/scaffold.py", line 50, in wrapper_func
    return f(self, *args, **kwargs)
  File "/home/administrator/venv/lib/python3.14/site-packages/flask/app.py", line 1059, in add_url_rule
    raise AssertionError(
    ...<2 lines>...
    )
AssertionError: View function mapping is overwriting an existing endpoint function: api_dvr_probe
2026-09-30 06:37:44 [CRITICAL] [cctv_app:68] UNCAUGHT EXCEPTION
Traceback (most recent call last):
  File "/home/administrator/cctv/app.py", line 532, in <module>
    @app.route("/api/dvr/probe", methods=["POST"])
     ~~~~~~~~~^^^^^^^^^^^^^^^^^^^^^^^^^^^^^^^^^^^^
  File "/home/administrator/venv/lib/python3.14/site-packages/flask/scaffold.py", line 435, in decorator
    self.add_url_rule(rule, endpoint, f, **options)
    ~~~~~~~~~~~~~~~~~^^^^^^^^^^^^^^^^^^^^^^^^^^^^^^
  File "/home/administrator/venv/lib/python3.14/site-packages/flask/scaffold.py", line 50, in wrapper_func
    return f(self, *args, **kwargs)
  File "/home/administrator/venv/lib/python3.14/site-packages/flask/app.py", line 1059, in add_url_rule
    raise AssertionError(
    ...<2 lines>...
    )
AssertionError: View function mapping is overwriting an existing endpoint function: api_dvr_probe
2026-09-30 06:37:50 [CRITICAL] [cctv_app:68] UNCAUGHT EXCEPTION
Traceback (most recent call last):
  File "/home/administrator/cctv/app.py", line 532, in <module>
    @app.route("/api/dvr/probe", methods=["POST"])
     ~~~~~~~~~^^^^^^^^^^^^^^^^^^^^^^^^^^^^^^^^^^^^
  File "/home/administrator/venv/lib/python3.14/site-packages/flask/scaffold.py", line 435, in decorator
    self.add_url_rule(rule, endpoint, f, **options)
    ~~~~~~~~~~~~~~~~~^^^^^^^^^^^^^^^^^^^^^^^^^^^^^^
  File "/home/administrator/venv/lib/python3.14/site-packages/flask/scaffold.py", line 50, in wrapper_func
    return f(self, *args, **kwargs)
  File "/home/administrator/venv/lib/python3.14/site-packages/flask/app.py", line 1059, in add_url_rule
    raise AssertionError(
    ...<2 lines>...
    )
AssertionError: View function mapping is overwriting an existing endpoint function: api_dvr_probe
2026-09-30 06:37:55 [CRITICAL] [cctv_app:68] UNCAUGHT EXCEPTION
Traceback (most recent call last):
  File "/home/administrator/cctv/app.py", line 532, in <module>
    @app.route("/api/dvr/probe", methods=["POST"])
     ~~~~~~~~~^^^^^^^^^^^^^^^^^^^^^^^^^^^^^^^^^^^^
  File "/home/administrator/venv/lib/python3.14/site-packages/flask/scaffold.py", line 435, in decorator
    self.add_url_rule(rule, endpoint, f, **options)
    ~~~~~~~~~~~~~~~~~^^^^^^^^^^^^^^^^^^^^^^^^^^^^^^
  File "/home/administrator/venv/lib/python3.14/site-packages/flask/scaffold.py", line 50, in wrapper_func
    return f(self, *args, **kwargs)
  File "/home/administrator/venv/lib/python3.14/site-packages/flask/app.py", line 1059, in add_url_rule
    raise AssertionError(
    ...<2 lines>...
    )
AssertionError: View function mapping is overwriting an existing endpoint function: api_dvr_probe
2026-09-30 06:38:01 [CRITICAL] [cctv_app:68] UNCAUGHT EXCEPTION
Traceback (most recent call last):
  File "/home/administrator/cctv/app.py", line 532, in <module>
    @app.route("/api/dvr/probe", methods=["POST"])
     ~~~~~~~~~^^^^^^^^^^^^^^^^^^^^^^^^^^^^^^^^^^^^
  File "/home/administrator/venv/lib/python3.14/site-packages/flask/scaffold.py", line 435, in decorator
    self.add_url_rule(rule, endpoint, f, **options)
    ~~~~~~~~~~~~~~~~~^^^^^^^^^^^^^^^^^^^^^^^^^^^^^^
  File "/home/administrator/venv/lib/python3.14/site-packages/flask/scaffold.py", line 50, in wrapper_func
    return f(self, *args, **kwargs)
  File "/home/administrator/venv/lib/python3.14/site-packages/flask/app.py", line 1059, in add_url_rule
    raise AssertionError(
    ...<2 lines>...
    )
AssertionError: View function mapping is overwriting an existing endpoint function: api_dvr_probe
2026-09-30 06:38:06 [CRITICAL] [cctv_app:68] UNCAUGHT EXCEPTION
Traceback (most recent call last):
  File "/home/administrator/cctv/app.py", line 532, in <module>
    @app.route("/api/dvr/probe", methods=["POST"])
     ~~~~~~~~~^^^^^^^^^^^^^^^^^^^^^^^^^^^^^^^^^^^^
  File "/home/administrator/venv/lib/python3.14/site-packages/flask/scaffold.py", line 435, in decorator
    self.add_url_rule(rule, endpoint, f, **options)
    ~~~~~~~~~~~~~~~~~^^^^^^^^^^^^^^^^^^^^^^^^^^^^^^
  File "/home/administrator/venv/lib/python3.14/site-packages/flask/scaffold.py", line 50, in wrapper_func
    return f(self, *args, **kwargs)
  File "/home/administrator/venv/lib/python3.14/site-packages/flask/app.py", line 1059, in add_url_rule
    raise AssertionError(
    ...<2 lines>...
    )
AssertionError: View function mapping is overwriting an existing endpoint function: api_dvr_probe
2026-09-30 06:38:12 [CRITICAL] [cctv_app:68] UNCAUGHT EXCEPTION
Traceback (most recent call last):
  File "/home/administrator/cctv/app.py", line 532, in <module>
    @app.route("/api/dvr/probe", methods=["POST"])
     ~~~~~~~~~^^^^^^^^^^^^^^^^^^^^^^^^^^^^^^^^^^^^
  File "/home/administrator/venv/lib/python3.14/site-packages/flask/scaffold.py", line 435, in decorator
    self.add_url_rule(rule, endpoint, f, **options)
    ~~~~~~~~~~~~~~~~~^^^^^^^^^^^^^^^^^^^^^^^^^^^^^^
  File "/home/administrator/venv/lib/python3.14/site-packages/flask/scaffold.py", line 50, in wrapper_func
    return f(self, *args, **kwargs)
  File "/home/administrator/venv/lib/python3.14/site-packages/flask/app.py", line 1059, in add_url_rule
    raise AssertionError(
    ...<2 lines>...
    )
AssertionError: View function mapping is overwriting an existing endpoint function: api_dvr_probe
2026-09-30 06:38:17 [CRITICAL] [cctv_app:68] UNCAUGHT EXCEPTION
Traceback (most recent call last):
  File "/home/administrator/cctv/app.py", line 532, in <module>
    @app.route("/api/dvr/probe", methods=["POST"])
     ~~~~~~~~~^^^^^^^^^^^^^^^^^^^^^^^^^^^^^^^^^^^^
  File "/home/administrator/venv/lib/python3.14/site-packages/flask/scaffold.py", line 435, in decorator
    self.add_url_rule(rule, endpoint, f, **options)
    ~~~~~~~~~~~~~~~~~^^^^^^^^^^^^^^^^^^^^^^^^^^^^^^
  File "/home/administrator/venv/lib/python3.14/site-packages/flask/scaffold.py", line 50, in wrapper_func
    return f(self, *args, **kwargs)
  File "/home/administrator/venv/lib/python3.14/site-packages/flask/app.py", line 1059, in add_url_rule
    raise AssertionError(
    ...<2 lines>...
    )
AssertionError: View function mapping is overwriting an existing endpoint function: api_dvr_probe
2026-09-30 06:38:23 [CRITICAL] [cctv_app:68] UNCAUGHT EXCEPTION
Traceback (most recent call last):
  File "/home/administrator/cctv/app.py", line 532, in <module>
    @app.route("/api/dvr/probe", methods=["POST"])
     ~~~~~~~~~^^^^^^^^^^^^^^^^^^^^^^^^^^^^^^^^^^^^
  File "/home/administrator/venv/lib/python3.14/site-packages/flask/scaffold.py", line 435, in decorator
    self.add_url_rule(rule, endpoint, f, **options)
    ~~~~~~~~~~~~~~~~~^^^^^^^^^^^^^^^^^^^^^^^^^^^^^^
  File "/home/administrator/venv/lib/python3.14/site-packages/flask/scaffold.py", line 50, in wrapper_func
    return f(self, *args, **kwargs)
  File "/home/administrator/venv/lib/python3.14/site-packages/flask/app.py", line 1059, in add_url_rule
    raise AssertionError(
    ...<2 lines>...
    )
AssertionError: View function mapping is overwriting an existing endpoint function: api_dvr_probe
2026-09-30 06:38:28 [CRITICAL] [cctv_app:68] UNCAUGHT EXCEPTION
Traceback (most recent call last):
  File "/home/administrator/cctv/app.py", line 532, in <module>
    @app.route("/api/dvr/probe", methods=["POST"])
     ~~~~~~~~~^^^^^^^^^^^^^^^^^^^^^^^^^^^^^^^^^^^^
  File "/home/administrator/venv/lib/python3.14/site-packages/flask/scaffold.py", line 435, in decorator
    self.add_url_rule(rule, endpoint, f, **options)
    ~~~~~~~~~~~~~~~~~^^^^^^^^^^^^^^^^^^^^^^^^^^^^^^
  File "/home/administrator/venv/lib/python3.14/site-packages/flask/scaffold.py", line 50, in wrapper_func
    return f(self, *args, **kwargs)
  File "/home/administrator/venv/lib/python3.14/site-packages/flask/app.py", line 1059, in add_url_rule
    raise AssertionError(
    ...<2 lines>...
    )
AssertionError: View function mapping is overwriting an existing endpoint function: api_dvr_probe
2026-09-30 06:38:34 [CRITICAL] [cctv_app:68] UNCAUGHT EXCEPTION
Traceback (most recent call last):
  File "/home/administrator/cctv/app.py", line 532, in <module>
    @app.route("/api/dvr/probe", methods=["POST"])
     ~~~~~~~~~^^^^^^^^^^^^^^^^^^^^^^^^^^^^^^^^^^^^
  File "/home/administrator/venv/lib/python3.14/site-packages/flask/scaffold.py", line 435, in decorator
    self.add_url_rule(rule, endpoint, f, **options)
    ~~~~~~~~~~~~~~~~~^^^^^^^^^^^^^^^^^^^^^^^^^^^^^^
  File "/home/administrator/venv/lib/python3.14/site-packages/flask/scaffold.py", line 50, in wrapper_func
    return f(self, *args, **kwargs)
  File "/home/administrator/venv/lib/python3.14/site-packages/flask/app.py", line 1059, in add_url_rule
    raise AssertionError(
    ...<2 lines>...
    )
AssertionError: View function mapping is overwriting an existing endpoint function: api_dvr_probe
2026-09-30 06:38:39 [CRITICAL] [cctv_app:68] UNCAUGHT EXCEPTION
Traceback (most recent call last):
  File "/home/administrator/cctv/app.py", line 532, in <module>
    @app.route("/api/dvr/probe", methods=["POST"])
     ~~~~~~~~~^^^^^^^^^^^^^^^^^^^^^^^^^^^^^^^^^^^^
  File "/home/administrator/venv/lib/python3.14/site-packages/flask/scaffold.py", line 435, in decorator
    self.add_url_rule(rule, endpoint, f, **options)
    ~~~~~~~~~~~~~~~~~^^^^^^^^^^^^^^^^^^^^^^^^^^^^^^
  File "/home/administrator/venv/lib/python3.14/site-packages/flask/scaffold.py", line 50, in wrapper_func
    return f(self, *args, **kwargs)
  File "/home/administrator/venv/lib/python3.14/site-packages/flask/app.py", line 1059, in add_url_rule
    raise AssertionError(
    ...<2 lines>...
    )
AssertionError: View function mapping is overwriting an existing endpoint function: api_dvr_probe
2026-09-30 06:38:45 [CRITICAL] [cctv_app:68] UNCAUGHT EXCEPTION
Traceback (most recent call last):
  File "/home/administrator/cctv/app.py", line 532, in <module>
    @app.route("/api/dvr/probe", methods=["POST"])
     ~~~~~~~~~^^^^^^^^^^^^^^^^^^^^^^^^^^^^^^^^^^^^
  File "/home/administrator/venv/lib/python3.14/site-packages/flask/scaffold.py", line 435, in decorator
    self.add_url_rule(rule, endpoint, f, **options)
    ~~~~~~~~~~~~~~~~~^^^^^^^^^^^^^^^^^^^^^^^^^^^^^^
  File "/home/administrator/venv/lib/python3.14/site-packages/flask/scaffold.py", line 50, in wrapper_func
    return f(self, *args, **kwargs)
  File "/home/administrator/venv/lib/python3.14/site-packages/flask/app.py", line 1059, in add_url_rule
    raise AssertionError(
    ...<2 lines>...
    )
AssertionError: View function mapping is overwriting an existing endpoint function: api_dvr_probe
2026-09-30 06:38:50 [CRITICAL] [cctv_app:68] UNCAUGHT EXCEPTION
Traceback (most recent call last):
  File "/home/administrator/cctv/app.py", line 532, in <module>
    @app.route("/api/dvr/probe", methods=["POST"])
     ~~~~~~~~~^^^^^^^^^^^^^^^^^^^^^^^^^^^^^^^^^^^^
  File "/home/administrator/venv/lib/python3.14/site-packages/flask/scaffold.py", line 435, in decorator
    self.add_url_rule(rule, endpoint, f, **options)
    ~~~~~~~~~~~~~~~~~^^^^^^^^^^^^^^^^^^^^^^^^^^^^^^
  File "/home/administrator/venv/lib/python3.14/site-packages/flask/scaffold.py", line 50, in wrapper_func
    return f(self, *args, **kwargs)
  File "/home/administrator/venv/lib/python3.14/site-packages/flask/app.py", line 1059, in add_url_rule
    raise AssertionError(
    ...<2 lines>...
    )
AssertionError: View function mapping is overwriting an existing endpoint function: api_dvr_probe
2026-09-30 06:38:56 [CRITICAL] [cctv_app:68] UNCAUGHT EXCEPTION
Traceback (most recent call last):
  File "/home/administrator/cctv/app.py", line 532, in <module>
    @app.route("/api/dvr/probe", methods=["POST"])
     ~~~~~~~~~^^^^^^^^^^^^^^^^^^^^^^^^^^^^^^^^^^^^
  File "/home/administrator/venv/lib/python3.14/site-packages/flask/scaffold.py", line 435, in decorator
    self.add_url_rule(rule, endpoint, f, **options)
    ~~~~~~~~~~~~~~~~~^^^^^^^^^^^^^^^^^^^^^^^^^^^^^^
  File "/home/administrator/venv/lib/python3.14/site-packages/flask/scaffold.py", line 50, in wrapper_func
    return f(self, *args, **kwargs)
  File "/home/administrator/venv/lib/python3.14/site-packages/flask/app.py", line 1059, in add_url_rule
    raise AssertionError(
    ...<2 lines>...
    )
AssertionError: View function mapping is overwriting an existing endpoint function: api_dvr_probe
2026-09-30 06:39:01 [CRITICAL] [cctv_app:68] UNCAUGHT EXCEPTION
Traceback (most recent call last):
  File "/home/administrator/cctv/app.py", line 532, in <module>
    @app.route("/api/dvr/probe", methods=["POST"])
     ~~~~~~~~~^^^^^^^^^^^^^^^^^^^^^^^^^^^^^^^^^^^^
  File "/home/administrator/venv/lib/python3.14/site-packages/flask/scaffold.py", line 435, in decorator
    self.add_url_rule(rule, endpoint, f, **options)
    ~~~~~~~~~~~~~~~~~^^^^^^^^^^^^^^^^^^^^^^^^^^^^^^
  File "/home/administrator/venv/lib/python3.14/site-packages/flask/scaffold.py", line 50, in wrapper_func
    return f(self, *args, **kwargs)
  File "/home/administrator/venv/lib/python3.14/site-packages/flask/app.py", line 1059, in add_url_rule
    raise AssertionError(
    ...<2 lines>...
    )
AssertionError: View function mapping is overwriting an existing endpoint function: api_dvr_probe
2026-09-30 06:39:07 [CRITICAL] [cctv_app:68] UNCAUGHT EXCEPTION
Traceback (most recent call last):
  File "/home/administrator/cctv/app.py", line 532, in <module>
    @app.route("/api/dvr/probe", methods=["POST"])
     ~~~~~~~~~^^^^^^^^^^^^^^^^^^^^^^^^^^^^^^^^^^^^
  File "/home/administrator/venv/lib/python3.14/site-packages/flask/scaffold.py", line 435, in decorator
    self.add_url_rule(rule, endpoint, f, **options)
    ~~~~~~~~~~~~~~~~~^^^^^^^^^^^^^^^^^^^^^^^^^^^^^^
  File "/home/administrator/venv/lib/python3.14/site-packages/flask/scaffold.py", line 50, in wrapper_func
    return f(self, *args, **kwargs)
  File "/home/administrator/venv/lib/python3.14/site-packages/flask/app.py", line 1059, in add_url_rule
    raise AssertionError(
    ...<2 lines>...
    )
AssertionError: View function mapping is overwriting an existing endpoint function: api_dvr_probe
2026-09-30 06:39:12 [CRITICAL] [cctv_app:68] UNCAUGHT EXCEPTION
Traceback (most recent call last):
  File "/home/administrator/cctv/app.py", line 532, in <module>
    @app.route("/api/dvr/probe", methods=["POST"])
     ~~~~~~~~~^^^^^^^^^^^^^^^^^^^^^^^^^^^^^^^^^^^^
  File "/home/administrator/venv/lib/python3.14/site-packages/flask/scaffold.py", line 435, in decorator
    self.add_url_rule(rule, endpoint, f, **options)
    ~~~~~~~~~~~~~~~~~^^^^^^^^^^^^^^^^^^^^^^^^^^^^^^
  File "/home/administrator/venv/lib/python3.14/site-packages/flask/scaffold.py", line 50, in wrapper_func
    return f(self, *args, **kwargs)
  File "/home/administrator/venv/lib/python3.14/site-packages/flask/app.py", line 1059, in add_url_rule
    raise AssertionError(
    ...<2 lines>...
    )
AssertionError: View function mapping is overwriting an existing endpoint function: api_dvr_probe
2026-09-30 06:39:18 [CRITICAL] [cctv_app:68] UNCAUGHT EXCEPTION
Traceback (most recent call last):
  File "/home/administrator/cctv/app.py", line 532, in <module>
    @app.route("/api/dvr/probe", methods=["POST"])
     ~~~~~~~~~^^^^^^^^^^^^^^^^^^^^^^^^^^^^^^^^^^^^
  File "/home/administrator/venv/lib/python3.14/site-packages/flask/scaffold.py", line 435, in decorator
    self.add_url_rule(rule, endpoint, f, **options)
    ~~~~~~~~~~~~~~~~~^^^^^^^^^^^^^^^^^^^^^^^^^^^^^^
  File "/home/administrator/venv/lib/python3.14/site-packages/flask/scaffold.py", line 50, in wrapper_func
    return f(self, *args, **kwargs)
  File "/home/administrator/venv/lib/python3.14/site-packages/flask/app.py", line 1059, in add_url_rule
    raise AssertionError(
    ...<2 lines>...
    )
AssertionError: View function mapping is overwriting an existing endpoint function: api_dvr_probe
2026-09-30 06:39:23 [CRITICAL] [cctv_app:68] UNCAUGHT EXCEPTION
Traceback (most recent call last):
  File "/home/administrator/cctv/app.py", line 532, in <module>
    @app.route("/api/dvr/probe", methods=["POST"])
     ~~~~~~~~~^^^^^^^^^^^^^^^^^^^^^^^^^^^^^^^^^^^^
  File "/home/administrator/venv/lib/python3.14/site-packages/flask/scaffold.py", line 435, in decorator
    self.add_url_rule(rule, endpoint, f, **options)
    ~~~~~~~~~~~~~~~~~^^^^^^^^^^^^^^^^^^^^^^^^^^^^^^
  File "/home/administrator/venv/lib/python3.14/site-packages/flask/scaffold.py", line 50, in wrapper_func
    return f(self, *args, **kwargs)
  File "/home/administrator/venv/lib/python3.14/site-packages/flask/app.py", line 1059, in add_url_rule
    raise AssertionError(
    ...<2 lines>...
    )
AssertionError: View function mapping is overwriting an existing endpoint function: api_dvr_probe
2026-09-30 06:39:29 [CRITICAL] [cctv_app:68] UNCAUGHT EXCEPTION
Traceback (most recent call last):
  File "/home/administrator/cctv/app.py", line 532, in <module>
    @app.route("/api/dvr/probe", methods=["POST"])
     ~~~~~~~~~^^^^^^^^^^^^^^^^^^^^^^^^^^^^^^^^^^^^
  File "/home/administrator/venv/lib/python3.14/site-packages/flask/scaffold.py", line 435, in decorator
    self.add_url_rule(rule, endpoint, f, **options)
    ~~~~~~~~~~~~~~~~~^^^^^^^^^^^^^^^^^^^^^^^^^^^^^^
  File "/home/administrator/venv/lib/python3.14/site-packages/flask/scaffold.py", line 50, in wrapper_func
    return f(self, *args, **kwargs)
  File "/home/administrator/venv/lib/python3.14/site-packages/flask/app.py", line 1059, in add_url_rule
    raise AssertionError(
    ...<2 lines>...
    )
AssertionError: View function mapping is overwriting an existing endpoint function: api_dvr_probe
2026-09-30 06:39:34 [CRITICAL] [cctv_app:68] UNCAUGHT EXCEPTION
Traceback (most recent call last):
  File "/home/administrator/cctv/app.py", line 532, in <module>
    @app.route("/api/dvr/probe", methods=["POST"])
     ~~~~~~~~~^^^^^^^^^^^^^^^^^^^^^^^^^^^^^^^^^^^^
  File "/home/administrator/venv/lib/python3.14/site-packages/flask/scaffold.py", line 435, in decorator
    self.add_url_rule(rule, endpoint, f, **options)
    ~~~~~~~~~~~~~~~~~^^^^^^^^^^^^^^^^^^^^^^^^^^^^^^
  File "/home/administrator/venv/lib/python3.14/site-packages/flask/scaffold.py", line 50, in wrapper_func
    return f(self, *args, **kwargs)
  File "/home/administrator/venv/lib/python3.14/site-packages/flask/app.py", line 1059, in add_url_rule
    raise AssertionError(
    ...<2 lines>...
    )
AssertionError: View function mapping is overwriting an existing endpoint function: api_dvr_probe
2026-09-30 06:39:40 [CRITICAL] [cctv_app:68] UNCAUGHT EXCEPTION
Traceback (most recent call last):
  File "/home/administrator/cctv/app.py", line 532, in <module>
    @app.route("/api/dvr/probe", methods=["POST"])
     ~~~~~~~~~^^^^^^^^^^^^^^^^^^^^^^^^^^^^^^^^^^^^
  File "/home/administrator/venv/lib/python3.14/site-packages/flask/scaffold.py", line 435, in decorator
    self.add_url_rule(rule, endpoint, f, **options)
    ~~~~~~~~~~~~~~~~~^^^^^^^^^^^^^^^^^^^^^^^^^^^^^^
  File "/home/administrator/venv/lib/python3.14/site-packages/flask/scaffold.py", line 50, in wrapper_func
    return f(self, *args, **kwargs)
  File "/home/administrator/venv/lib/python3.14/site-packages/flask/app.py", line 1059, in add_url_rule
    raise AssertionError(
    ...<2 lines>...
    )
AssertionError: View function mapping is overwriting an existing endpoint function: api_dvr_probe
2026-09-30 06:39:45 [CRITICAL] [cctv_app:68] UNCAUGHT EXCEPTION
Traceback (most recent call last):
  File "/home/administrator/cctv/app.py", line 532, in <module>
    @app.route("/api/dvr/probe", methods=["POST"])
     ~~~~~~~~~^^^^^^^^^^^^^^^^^^^^^^^^^^^^^^^^^^^^
  File "/home/administrator/venv/lib/python3.14/site-packages/flask/scaffold.py", line 435, in decorator
    self.add_url_rule(rule, endpoint, f, **options)
    ~~~~~~~~~~~~~~~~~^^^^^^^^^^^^^^^^^^^^^^^^^^^^^^
  File "/home/administrator/venv/lib/python3.14/site-packages/flask/scaffold.py", line 50, in wrapper_func
    return f(self, *args, **kwargs)
  File "/home/administrator/venv/lib/python3.14/site-packages/flask/app.py", line 1059, in add_url_rule
    raise AssertionError(
    ...<2 lines>...
    )
AssertionError: View function mapping is overwriting an existing endpoint function: api_dvr_probe
2026-09-30 06:39:51 [CRITICAL] [cctv_app:68] UNCAUGHT EXCEPTION
Traceback (most recent call last):
  File "/home/administrator/cctv/app.py", line 532, in <module>
    @app.route("/api/dvr/probe", methods=["POST"])
     ~~~~~~~~~^^^^^^^^^^^^^^^^^^^^^^^^^^^^^^^^^^^^
  File "/home/administrator/venv/lib/python3.14/site-packages/flask/scaffold.py", line 435, in decorator
    self.add_url_rule(rule, endpoint, f, **options)
    ~~~~~~~~~~~~~~~~~^^^^^^^^^^^^^^^^^^^^^^^^^^^^^^
  File "/home/administrator/venv/lib/python3.14/site-packages/flask/scaffold.py", line 50, in wrapper_func
    return f(self, *args, **kwargs)
  File "/home/administrator/venv/lib/python3.14/site-packages/flask/app.py", line 1059, in add_url_rule
    raise AssertionError(
    ...<2 lines>...
    )
AssertionError: View function mapping is overwriting an existing endpoint function: api_dvr_probe
2026-09-30 06:39:56 [CRITICAL] [cctv_app:68] UNCAUGHT EXCEPTION
Traceback (most recent call last):
  File "/home/administrator/cctv/app.py", line 532, in <module>
    @app.route("/api/dvr/probe", methods=["POST"])
     ~~~~~~~~~^^^^^^^^^^^^^^^^^^^^^^^^^^^^^^^^^^^^
  File "/home/administrator/venv/lib/python3.14/site-packages/flask/scaffold.py", line 435, in decorator
    self.add_url_rule(rule, endpoint, f, **options)
    ~~~~~~~~~~~~~~~~~^^^^^^^^^^^^^^^^^^^^^^^^^^^^^^
  File "/home/administrator/venv/lib/python3.14/site-packages/flask/scaffold.py", line 50, in wrapper_func
    return f(self, *args, **kwargs)
  File "/home/administrator/venv/lib/python3.14/site-packages/flask/app.py", line 1059, in add_url_rule
    raise AssertionError(
    ...<2 lines>...
    )
AssertionError: View function mapping is overwriting an existing endpoint function: api_dvr_probe
2026-09-30 06:40:02 [CRITICAL] [cctv_app:68] UNCAUGHT EXCEPTION
Traceback (most recent call last):
  File "/home/administrator/cctv/app.py", line 532, in <module>
    @app.route("/api/dvr/probe", methods=["POST"])
     ~~~~~~~~~^^^^^^^^^^^^^^^^^^^^^^^^^^^^^^^^^^^^
  File "/home/administrator/venv/lib/python3.14/site-packages/flask/scaffold.py", line 435, in decorator
    self.add_url_rule(rule, endpoint, f, **options)
    ~~~~~~~~~~~~~~~~~^^^^^^^^^^^^^^^^^^^^^^^^^^^^^^
  File "/home/administrator/venv/lib/python3.14/site-packages/flask/scaffold.py", line 50, in wrapper_func
    return f(self, *args, **kwargs)
  File "/home/administrator/venv/lib/python3.14/site-packages/flask/app.py", line 1059, in add_url_rule
    raise AssertionError(
    ...<2 lines>...
    )
AssertionError: View function mapping is overwriting an existing endpoint function: api_dvr_probe
2026-09-30 06:40:07 [CRITICAL] [cctv_app:68] UNCAUGHT EXCEPTION
Traceback (most recent call last):
  File "/home/administrator/cctv/app.py", line 532, in <module>
    @app.route("/api/dvr/probe", methods=["POST"])
     ~~~~~~~~~^^^^^^^^^^^^^^^^^^^^^^^^^^^^^^^^^^^^
  File "/home/administrator/venv/lib/python3.14/site-packages/flask/scaffold.py", line 435, in decorator
    self.add_url_rule(rule, endpoint, f, **options)
    ~~~~~~~~~~~~~~~~~^^^^^^^^^^^^^^^^^^^^^^^^^^^^^^
  File "/home/administrator/venv/lib/python3.14/site-packages/flask/scaffold.py", line 50, in wrapper_func
    return f(self, *args, **kwargs)
  File "/home/administrator/venv/lib/python3.14/site-packages/flask/app.py", line 1059, in add_url_rule
    raise AssertionError(
    ...<2 lines>...
    )
AssertionError: View function mapping is overwriting an existing endpoint function: api_dvr_probe
2026-09-30 06:40:13 [CRITICAL] [cctv_app:68] UNCAUGHT EXCEPTION
Traceback (most recent call last):
  File "/home/administrator/cctv/app.py", line 532, in <module>
    @app.route("/api/dvr/probe", methods=["POST"])
     ~~~~~~~~~^^^^^^^^^^^^^^^^^^^^^^^^^^^^^^^^^^^^
  File "/home/administrator/venv/lib/python3.14/site-packages/flask/scaffold.py", line 435, in decorator
    self.add_url_rule(rule, endpoint, f, **options)
    ~~~~~~~~~~~~~~~~~^^^^^^^^^^^^^^^^^^^^^^^^^^^^^^
  File "/home/administrator/venv/lib/python3.14/site-packages/flask/scaffold.py", line 50, in wrapper_func
    return f(self, *args, **kwargs)
  File "/home/administrator/venv/lib/python3.14/site-packages/flask/app.py", line 1059, in add_url_rule
    raise AssertionError(
    ...<2 lines>...
    )
AssertionError: View function mapping is overwriting an existing endpoint function: api_dvr_probe
2026-09-30 06:40:18 [CRITICAL] [cctv_app:68] UNCAUGHT EXCEPTION
Traceback (most recent call last):
  File "/home/administrator/cctv/app.py", line 532, in <module>
    @app.route("/api/dvr/probe", methods=["POST"])
     ~~~~~~~~~^^^^^^^^^^^^^^^^^^^^^^^^^^^^^^^^^^^^
  File "/home/administrator/venv/lib/python3.14/site-packages/flask/scaffold.py", line 435, in decorator
    self.add_url_rule(rule, endpoint, f, **options)
    ~~~~~~~~~~~~~~~~~^^^^^^^^^^^^^^^^^^^^^^^^^^^^^^
  File "/home/administrator/venv/lib/python3.14/site-packages/flask/scaffold.py", line 50, in wrapper_func
    return f(self, *args, **kwargs)
  File "/home/administrator/venv/lib/python3.14/site-packages/flask/app.py", line 1059, in add_url_rule
    raise AssertionError(
    ...<2 lines>...
    )
AssertionError: View function mapping is overwriting an existing endpoint function: api_dvr_probe
2026-09-30 06:40:24 [CRITICAL] [cctv_app:68] UNCAUGHT EXCEPTION
Traceback (most recent call last):
  File "/home/administrator/cctv/app.py", line 532, in <module>
    @app.route("/api/dvr/probe", methods=["POST"])
     ~~~~~~~~~^^^^^^^^^^^^^^^^^^^^^^^^^^^^^^^^^^^^
  File "/home/administrator/venv/lib/python3.14/site-packages/flask/scaffold.py", line 435, in decorator
    self.add_url_rule(rule, endpoint, f, **options)
    ~~~~~~~~~~~~~~~~~^^^^^^^^^^^^^^^^^^^^^^^^^^^^^^
  File "/home/administrator/venv/lib/python3.14/site-packages/flask/scaffold.py", line 50, in wrapper_func
    return f(self, *args, **kwargs)
  File "/home/administrator/venv/lib/python3.14/site-packages/flask/app.py", line 1059, in add_url_rule
    raise AssertionError(
    ...<2 lines>...
    )
AssertionError: View function mapping is overwriting an existing endpoint function: api_dvr_probe
2026-09-30 06:40:29 [CRITICAL] [cctv_app:68] UNCAUGHT EXCEPTION
Traceback (most recent call last):
  File "/home/administrator/cctv/app.py", line 532, in <module>
    @app.route("/api/dvr/probe", methods=["POST"])
     ~~~~~~~~~^^^^^^^^^^^^^^^^^^^^^^^^^^^^^^^^^^^^
  File "/home/administrator/venv/lib/python3.14/site-packages/flask/scaffold.py", line 435, in decorator
    self.add_url_rule(rule, endpoint, f, **options)
    ~~~~~~~~~~~~~~~~~^^^^^^^^^^^^^^^^^^^^^^^^^^^^^^
  File "/home/administrator/venv/lib/python3.14/site-packages/flask/scaffold.py", line 50, in wrapper_func
    return f(self, *args, **kwargs)
  File "/home/administrator/venv/lib/python3.14/site-packages/flask/app.py", line 1059, in add_url_rule
    raise AssertionError(
    ...<2 lines>...
    )
AssertionError: View function mapping is overwriting an existing endpoint function: api_dvr_probe
2026-09-30 06:40:35 [CRITICAL] [cctv_app:68] UNCAUGHT EXCEPTION
Traceback (most recent call last):
  File "/home/administrator/cctv/app.py", line 532, in <module>
    @app.route("/api/dvr/probe", methods=["POST"])
     ~~~~~~~~~^^^^^^^^^^^^^^^^^^^^^^^^^^^^^^^^^^^^
  File "/home/administrator/venv/lib/python3.14/site-packages/flask/scaffold.py", line 435, in decorator
    self.add_url_rule(rule, endpoint, f, **options)
    ~~~~~~~~~~~~~~~~~^^^^^^^^^^^^^^^^^^^^^^^^^^^^^^
  File "/home/administrator/venv/lib/python3.14/site-packages/flask/scaffold.py", line 50, in wrapper_func
    return f(self, *args, **kwargs)
  File "/home/administrator/venv/lib/python3.14/site-packages/flask/app.py", line 1059, in add_url_rule
    raise AssertionError(
    ...<2 lines>...
    )
AssertionError: View function mapping is overwriting an existing endpoint function: api_dvr_probe
2026-09-30 06:40:40 [CRITICAL] [cctv_app:68] UNCAUGHT EXCEPTION
Traceback (most recent call last):
  File "/home/administrator/cctv/app.py", line 532, in <module>
    @app.route("/api/dvr/probe", methods=["POST"])
     ~~~~~~~~~^^^^^^^^^^^^^^^^^^^^^^^^^^^^^^^^^^^^
  File "/home/administrator/venv/lib/python3.14/site-packages/flask/scaffold.py", line 435, in decorator
    self.add_url_rule(rule, endpoint, f, **options)
    ~~~~~~~~~~~~~~~~~^^^^^^^^^^^^^^^^^^^^^^^^^^^^^^
  File "/home/administrator/venv/lib/python3.14/site-packages/flask/scaffold.py", line 50, in wrapper_func
    return f(self, *args, **kwargs)
  File "/home/administrator/venv/lib/python3.14/site-packages/flask/app.py", line 1059, in add_url_rule
    raise AssertionError(
    ...<2 lines>...
    )
AssertionError: View function mapping is overwriting an existing endpoint function: api_dvr_probe
2026-09-30 06:40:46 [CRITICAL] [cctv_app:68] UNCAUGHT EXCEPTION
Traceback (most recent call last):
  File "/home/administrator/cctv/app.py", line 532, in <module>
    @app.route("/api/dvr/probe", methods=["POST"])
     ~~~~~~~~~^^^^^^^^^^^^^^^^^^^^^^^^^^^^^^^^^^^^
  File "/home/administrator/venv/lib/python3.14/site-packages/flask/scaffold.py", line 435, in decorator
    self.add_url_rule(rule, endpoint, f, **options)
    ~~~~~~~~~~~~~~~~~^^^^^^^^^^^^^^^^^^^^^^^^^^^^^^
  File "/home/administrator/venv/lib/python3.14/site-packages/flask/scaffold.py", line 50, in wrapper_func
    return f(self, *args, **kwargs)
  File "/home/administrator/venv/lib/python3.14/site-packages/flask/app.py", line 1059, in add_url_rule
    raise AssertionError(
    ...<2 lines>...
    )
AssertionError: View function mapping is overwriting an existing endpoint function: api_dvr_probe
2026-09-30 06:40:51 [CRITICAL] [cctv_app:68] UNCAUGHT EXCEPTION
Traceback (most recent call last):
  File "/home/administrator/cctv/app.py", line 532, in <module>
    @app.route("/api/dvr/probe", methods=["POST"])
     ~~~~~~~~~^^^^^^^^^^^^^^^^^^^^^^^^^^^^^^^^^^^^
  File "/home/administrator/venv/lib/python3.14/site-packages/flask/scaffold.py", line 435, in decorator
    self.add_url_rule(rule, endpoint, f, **options)
    ~~~~~~~~~~~~~~~~~^^^^^^^^^^^^^^^^^^^^^^^^^^^^^^
  File "/home/administrator/venv/lib/python3.14/site-packages/flask/scaffold.py", line 50, in wrapper_func
    return f(self, *args, **kwargs)
  File "/home/administrator/venv/lib/python3.14/site-packages/flask/app.py", line 1059, in add_url_rule
    raise AssertionError(
    ...<2 lines>...
    )
AssertionError: View function mapping is overwriting an existing endpoint function: api_dvr_probe
2026-09-30 06:40:57 [CRITICAL] [cctv_app:68] UNCAUGHT EXCEPTION
Traceback (most recent call last):
  File "/home/administrator/cctv/app.py", line 532, in <module>
    @app.route("/api/dvr/probe", methods=["POST"])
     ~~~~~~~~~^^^^^^^^^^^^^^^^^^^^^^^^^^^^^^^^^^^^
  File "/home/administrator/venv/lib/python3.14/site-packages/flask/scaffold.py", line 435, in decorator
    self.add_url_rule(rule, endpoint, f, **options)
    ~~~~~~~~~~~~~~~~~^^^^^^^^^^^^^^^^^^^^^^^^^^^^^^
  File "/home/administrator/venv/lib/python3.14/site-packages/flask/scaffold.py", line 50, in wrapper_func
    return f(self, *args, **kwargs)
  File "/home/administrator/venv/lib/python3.14/site-packages/flask/app.py", line 1059, in add_url_rule
    raise AssertionError(
    ...<2 lines>...
    )
AssertionError: View function mapping is overwriting an existing endpoint function: api_dvr_probe
2026-09-30 06:41:02 [CRITICAL] [cctv_app:68] UNCAUGHT EXCEPTION
Traceback (most recent call last):
  File "/home/administrator/cctv/app.py", line 532, in <module>
    @app.route("/api/dvr/probe", methods=["POST"])
     ~~~~~~~~~^^^^^^^^^^^^^^^^^^^^^^^^^^^^^^^^^^^^
  File "/home/administrator/venv/lib/python3.14/site-packages/flask/scaffold.py", line 435, in decorator
    self.add_url_rule(rule, endpoint, f, **options)
    ~~~~~~~~~~~~~~~~~^^^^^^^^^^^^^^^^^^^^^^^^^^^^^^
  File "/home/administrator/venv/lib/python3.14/site-packages/flask/scaffold.py", line 50, in wrapper_func
    return f(self, *args, **kwargs)
  File "/home/administrator/venv/lib/python3.14/site-packages/flask/app.py", line 1059, in add_url_rule
    raise AssertionError(
    ...<2 lines>...
    )
AssertionError: View function mapping is overwriting an existing endpoint function: api_dvr_probe
2026-09-30 06:41:08 [CRITICAL] [cctv_app:68] UNCAUGHT EXCEPTION
Traceback (most recent call last):
  File "/home/administrator/cctv/app.py", line 532, in <module>
    @app.route("/api/dvr/probe", methods=["POST"])
     ~~~~~~~~~^^^^^^^^^^^^^^^^^^^^^^^^^^^^^^^^^^^^
  File "/home/administrator/venv/lib/python3.14/site-packages/flask/scaffold.py", line 435, in decorator
    self.add_url_rule(rule, endpoint, f, **options)
    ~~~~~~~~~~~~~~~~~^^^^^^^^^^^^^^^^^^^^^^^^^^^^^^
  File "/home/administrator/venv/lib/python3.14/site-packages/flask/scaffold.py", line 50, in wrapper_func
    return f(self, *args, **kwargs)
  File "/home/administrator/venv/lib/python3.14/site-packages/flask/app.py", line 1059, in add_url_rule
    raise AssertionError(
    ...<2 lines>...
    )
AssertionError: View function mapping is overwriting an existing endpoint function: api_dvr_probe
2026-09-30 06:41:13 [CRITICAL] [cctv_app:68] UNCAUGHT EXCEPTION
Traceback (most recent call last):
  File "/home/administrator/cctv/app.py", line 532, in <module>
    @app.route("/api/dvr/probe", methods=["POST"])
     ~~~~~~~~~^^^^^^^^^^^^^^^^^^^^^^^^^^^^^^^^^^^^
  File "/home/administrator/venv/lib/python3.14/site-packages/flask/scaffold.py", line 435, in decorator
    self.add_url_rule(rule, endpoint, f, **options)
    ~~~~~~~~~~~~~~~~~^^^^^^^^^^^^^^^^^^^^^^^^^^^^^^
  File "/home/administrator/venv/lib/python3.14/site-packages/flask/scaffold.py", line 50, in wrapper_func
    return f(self, *args, **kwargs)
  File "/home/administrator/venv/lib/python3.14/site-packages/flask/app.py", line 1059, in add_url_rule
    raise AssertionError(
    ...<2 lines>...
    )
AssertionError: View function mapping is overwriting an existing endpoint function: api_dvr_probe
2026-09-30 06:41:19 [CRITICAL] [cctv_app:68] UNCAUGHT EXCEPTION
Traceback (most recent call last):
  File "/home/administrator/cctv/app.py", line 532, in <module>
    @app.route("/api/dvr/probe", methods=["POST"])
     ~~~~~~~~~^^^^^^^^^^^^^^^^^^^^^^^^^^^^^^^^^^^^
  File "/home/administrator/venv/lib/python3.14/site-packages/flask/scaffold.py", line 435, in decorator
    self.add_url_rule(rule, endpoint, f, **options)
    ~~~~~~~~~~~~~~~~~^^^^^^^^^^^^^^^^^^^^^^^^^^^^^^
  File "/home/administrator/venv/lib/python3.14/site-packages/flask/scaffold.py", line 50, in wrapper_func
    return f(self, *args, **kwargs)
  File "/home/administrator/venv/lib/python3.14/site-packages/flask/app.py", line 1059, in add_url_rule
    raise AssertionError(
    ...<2 lines>...
    )
AssertionError: View function mapping is overwriting an existing endpoint function: api_dvr_probe
2026-09-30 06:41:24 [CRITICAL] [cctv_app:68] UNCAUGHT EXCEPTION
Traceback (most recent call last):
  File "/home/administrator/cctv/app.py", line 532, in <module>
    @app.route("/api/dvr/probe", methods=["POST"])
     ~~~~~~~~~^^^^^^^^^^^^^^^^^^^^^^^^^^^^^^^^^^^^
  File "/home/administrator/venv/lib/python3.14/site-packages/flask/scaffold.py", line 435, in decorator
    self.add_url_rule(rule, endpoint, f, **options)
    ~~~~~~~~~~~~~~~~~^^^^^^^^^^^^^^^^^^^^^^^^^^^^^^
  File "/home/administrator/venv/lib/python3.14/site-packages/flask/scaffold.py", line 50, in wrapper_func
    return f(self, *args, **kwargs)
  File "/home/administrator/venv/lib/python3.14/site-packages/flask/app.py", line 1059, in add_url_rule
    raise AssertionError(
    ...<2 lines>...
    )
AssertionError: View function mapping is overwriting an existing endpoint function: api_dvr_probe
2026-09-30 06:41:30 [CRITICAL] [cctv_app:68] UNCAUGHT EXCEPTION
Traceback (most recent call last):
  File "/home/administrator/cctv/app.py", line 532, in <module>
    @app.route("/api/dvr/probe", methods=["POST"])
     ~~~~~~~~~^^^^^^^^^^^^^^^^^^^^^^^^^^^^^^^^^^^^
  File "/home/administrator/venv/lib/python3.14/site-packages/flask/scaffold.py", line 435, in decorator
    self.add_url_rule(rule, endpoint, f, **options)
    ~~~~~~~~~~~~~~~~~^^^^^^^^^^^^^^^^^^^^^^^^^^^^^^
  File "/home/administrator/venv/lib/python3.14/site-packages/flask/scaffold.py", line 50, in wrapper_func
    return f(self, *args, **kwargs)
  File "/home/administrator/venv/lib/python3.14/site-packages/flask/app.py", line 1059, in add_url_rule
    raise AssertionError(
    ...<2 lines>...
    )
AssertionError: View function mapping is overwriting an existing endpoint function: api_dvr_probe
2026-09-30 06:41:35 [CRITICAL] [cctv_app:68] UNCAUGHT EXCEPTION
Traceback (most recent call last):
  File "/home/administrator/cctv/app.py", line 532, in <module>
    @app.route("/api/dvr/probe", methods=["POST"])
     ~~~~~~~~~^^^^^^^^^^^^^^^^^^^^^^^^^^^^^^^^^^^^
  File "/home/administrator/venv/lib/python3.14/site-packages/flask/scaffold.py", line 435, in decorator
    self.add_url_rule(rule, endpoint, f, **options)
    ~~~~~~~~~~~~~~~~~^^^^^^^^^^^^^^^^^^^^^^^^^^^^^^
  File "/home/administrator/venv/lib/python3.14/site-packages/flask/scaffold.py", line 50, in wrapper_func
    return f(self, *args, **kwargs)
  File "/home/administrator/venv/lib/python3.14/site-packages/flask/app.py", line 1059, in add_url_rule
    raise AssertionError(
    ...<2 lines>...
    )
AssertionError: View function mapping is overwriting an existing endpoint function: api_dvr_probe
2026-09-30 06:41:41 [CRITICAL] [cctv_app:68] UNCAUGHT EXCEPTION
Traceback (most recent call last):
  File "/home/administrator/cctv/app.py", line 532, in <module>
    @app.route("/api/dvr/probe", methods=["POST"])
     ~~~~~~~~~^^^^^^^^^^^^^^^^^^^^^^^^^^^^^^^^^^^^
  File "/home/administrator/venv/lib/python3.14/site-packages/flask/scaffold.py", line 435, in decorator
    self.add_url_rule(rule, endpoint, f, **options)
    ~~~~~~~~~~~~~~~~~^^^^^^^^^^^^^^^^^^^^^^^^^^^^^^
  File "/home/administrator/venv/lib/python3.14/site-packages/flask/scaffold.py", line 50, in wrapper_func
    return f(self, *args, **kwargs)
  File "/home/administrator/venv/lib/python3.14/site-packages/flask/app.py", line 1059, in add_url_rule
    raise AssertionError(
    ...<2 lines>...
    )
AssertionError: View function mapping is overwriting an existing endpoint function: api_dvr_probe
2026-09-30 06:41:46 [CRITICAL] [cctv_app:68] UNCAUGHT EXCEPTION
Traceback (most recent call last):
  File "/home/administrator/cctv/app.py", line 532, in <module>
    @app.route("/api/dvr/probe", methods=["POST"])
     ~~~~~~~~~^^^^^^^^^^^^^^^^^^^^^^^^^^^^^^^^^^^^
  File "/home/administrator/venv/lib/python3.14/site-packages/flask/scaffold.py", line 435, in decorator
    self.add_url_rule(rule, endpoint, f, **options)
    ~~~~~~~~~~~~~~~~~^^^^^^^^^^^^^^^^^^^^^^^^^^^^^^
  File "/home/administrator/venv/lib/python3.14/site-packages/flask/scaffold.py", line 50, in wrapper_func
    return f(self, *args, **kwargs)
  File "/home/administrator/venv/lib/python3.14/site-packages/flask/app.py", line 1059, in add_url_rule
    raise AssertionError(
    ...<2 lines>...
    )
AssertionError: View function mapping is overwriting an existing endpoint function: api_dvr_probe
2026-09-30 06:41:52 [CRITICAL] [cctv_app:68] UNCAUGHT EXCEPTION
Traceback (most recent call last):
  File "/home/administrator/cctv/app.py", line 532, in <module>
    @app.route("/api/dvr/probe", methods=["POST"])
     ~~~~~~~~~^^^^^^^^^^^^^^^^^^^^^^^^^^^^^^^^^^^^
  File "/home/administrator/venv/lib/python3.14/site-packages/flask/scaffold.py", line 435, in decorator
    self.add_url_rule(rule, endpoint, f, **options)
    ~~~~~~~~~~~~~~~~~^^^^^^^^^^^^^^^^^^^^^^^^^^^^^^
  File "/home/administrator/venv/lib/python3.14/site-packages/flask/scaffold.py", line 50, in wrapper_func
    return f(self, *args, **kwargs)
  File "/home/administrator/venv/lib/python3.14/site-packages/flask/app.py", line 1059, in add_url_rule
    raise AssertionError(
    ...<2 lines>...
    )
AssertionError: View function mapping is overwriting an existing endpoint function: api_dvr_probe
2026-09-30 06:41:57 [CRITICAL] [cctv_app:68] UNCAUGHT EXCEPTION
Traceback (most recent call last):
  File "/home/administrator/cctv/app.py", line 532, in <module>
    @app.route("/api/dvr/probe", methods=["POST"])
     ~~~~~~~~~^^^^^^^^^^^^^^^^^^^^^^^^^^^^^^^^^^^^
  File "/home/administrator/venv/lib/python3.14/site-packages/flask/scaffold.py", line 435, in decorator
    self.add_url_rule(rule, endpoint, f, **options)
    ~~~~~~~~~~~~~~~~~^^^^^^^^^^^^^^^^^^^^^^^^^^^^^^
  File "/home/administrator/venv/lib/python3.14/site-packages/flask/scaffold.py", line 50, in wrapper_func
    return f(self, *args, **kwargs)
  File "/home/administrator/venv/lib/python3.14/site-packages/flask/app.py", line 1059, in add_url_rule
    raise AssertionError(
    ...<2 lines>...
    )
AssertionError: View function mapping is overwriting an existing endpoint function: api_dvr_probe
2026-09-30 06:42:03 [CRITICAL] [cctv_app:68] UNCAUGHT EXCEPTION
Traceback (most recent call last):
  File "/home/administrator/cctv/app.py", line 532, in <module>
    @app.route("/api/dvr/probe", methods=["POST"])
     ~~~~~~~~~^^^^^^^^^^^^^^^^^^^^^^^^^^^^^^^^^^^^
  File "/home/administrator/venv/lib/python3.14/site-packages/flask/scaffold.py", line 435, in decorator
    self.add_url_rule(rule, endpoint, f, **options)
    ~~~~~~~~~~~~~~~~~^^^^^^^^^^^^^^^^^^^^^^^^^^^^^^
  File "/home/administrator/venv/lib/python3.14/site-packages/flask/scaffold.py", line 50, in wrapper_func
    return f(self, *args, **kwargs)
  File "/home/administrator/venv/lib/python3.14/site-packages/flask/app.py", line 1059, in add_url_rule
    raise AssertionError(
    ...<2 lines>...
    )
AssertionError: View function mapping is overwriting an existing endpoint function: api_dvr_probe
2026-09-30 06:42:08 [CRITICAL] [cctv_app:68] UNCAUGHT EXCEPTION
Traceback (most recent call last):
  File "/home/administrator/cctv/app.py", line 532, in <module>
    @app.route("/api/dvr/probe", methods=["POST"])
     ~~~~~~~~~^^^^^^^^^^^^^^^^^^^^^^^^^^^^^^^^^^^^
  File "/home/administrator/venv/lib/python3.14/site-packages/flask/scaffold.py", line 435, in decorator
    self.add_url_rule(rule, endpoint, f, **options)
    ~~~~~~~~~~~~~~~~~^^^^^^^^^^^^^^^^^^^^^^^^^^^^^^
  File "/home/administrator/venv/lib/python3.14/site-packages/flask/scaffold.py", line 50, in wrapper_func
    return f(self, *args, **kwargs)
  File "/home/administrator/venv/lib/python3.14/site-packages/flask/app.py", line 1059, in add_url_rule
    raise AssertionError(
    ...<2 lines>...
    )
AssertionError: View function mapping is overwriting an existing endpoint function: api_dvr_probe
2026-09-30 06:42:14 [CRITICAL] [cctv_app:68] UNCAUGHT EXCEPTION
Traceback (most recent call last):
  File "/home/administrator/cctv/app.py", line 532, in <module>
    @app.route("/api/dvr/probe", methods=["POST"])
     ~~~~~~~~~^^^^^^^^^^^^^^^^^^^^^^^^^^^^^^^^^^^^
  File "/home/administrator/venv/lib/python3.14/site-packages/flask/scaffold.py", line 435, in decorator
    self.add_url_rule(rule, endpoint, f, **options)
    ~~~~~~~~~~~~~~~~~^^^^^^^^^^^^^^^^^^^^^^^^^^^^^^
  File "/home/administrator/venv/lib/python3.14/site-packages/flask/scaffold.py", line 50, in wrapper_func
    return f(self, *args, **kwargs)
  File "/home/administrator/venv/lib/python3.14/site-packages/flask/app.py", line 1059, in add_url_rule
    raise AssertionError(
    ...<2 lines>...
    )
AssertionError: View function mapping is overwriting an existing endpoint function: api_dvr_probe
2026-09-30 06:42:19 [CRITICAL] [cctv_app:68] UNCAUGHT EXCEPTION
Traceback (most recent call last):
  File "/home/administrator/cctv/app.py", line 532, in <module>
    @app.route("/api/dvr/probe", methods=["POST"])
     ~~~~~~~~~^^^^^^^^^^^^^^^^^^^^^^^^^^^^^^^^^^^^
  File "/home/administrator/venv/lib/python3.14/site-packages/flask/scaffold.py", line 435, in decorator
    self.add_url_rule(rule, endpoint, f, **options)
    ~~~~~~~~~~~~~~~~~^^^^^^^^^^^^^^^^^^^^^^^^^^^^^^
  File "/home/administrator/venv/lib/python3.14/site-packages/flask/scaffold.py", line 50, in wrapper_func
    return f(self, *args, **kwargs)
  File "/home/administrator/venv/lib/python3.14/site-packages/flask/app.py", line 1059, in add_url_rule
    raise AssertionError(
    ...<2 lines>...
    )
AssertionError: View function mapping is overwriting an existing endpoint function: api_dvr_probe
2026-09-30 06:42:25 [CRITICAL] [cctv_app:68] UNCAUGHT EXCEPTION
Traceback (most recent call last):
  File "/home/administrator/cctv/app.py", line 532, in <module>
    @app.route("/api/dvr/probe", methods=["POST"])
     ~~~~~~~~~^^^^^^^^^^^^^^^^^^^^^^^^^^^^^^^^^^^^
  File "/home/administrator/venv/lib/python3.14/site-packages/flask/scaffold.py", line 435, in decorator
    self.add_url_rule(rule, endpoint, f, **options)
    ~~~~~~~~~~~~~~~~~^^^^^^^^^^^^^^^^^^^^^^^^^^^^^^
  File "/home/administrator/venv/lib/python3.14/site-packages/flask/scaffold.py", line 50, in wrapper_func
    return f(self, *args, **kwargs)
  File "/home/administrator/venv/lib/python3.14/site-packages/flask/app.py", line 1059, in add_url_rule
    raise AssertionError(
    ...<2 lines>...
    )
AssertionError: View function mapping is overwriting an existing endpoint function: api_dvr_probe
2026-09-30 06:42:30 [CRITICAL] [cctv_app:68] UNCAUGHT EXCEPTION
Traceback (most recent call last):
  File "/home/administrator/cctv/app.py", line 532, in <module>
    @app.route("/api/dvr/probe", methods=["POST"])
     ~~~~~~~~~^^^^^^^^^^^^^^^^^^^^^^^^^^^^^^^^^^^^
  File "/home/administrator/venv/lib/python3.14/site-packages/flask/scaffold.py", line 435, in decorator
    self.add_url_rule(rule, endpoint, f, **options)
    ~~~~~~~~~~~~~~~~~^^^^^^^^^^^^^^^^^^^^^^^^^^^^^^
  File "/home/administrator/venv/lib/python3.14/site-packages/flask/scaffold.py", line 50, in wrapper_func
    return f(self, *args, **kwargs)
  File "/home/administrator/venv/lib/python3.14/site-packages/flask/app.py", line 1059, in add_url_rule
    raise AssertionError(
    ...<2 lines>...
    )
AssertionError: View function mapping is overwriting an existing endpoint function: api_dvr_probe
2026-09-30 06:42:36 [CRITICAL] [cctv_app:68] UNCAUGHT EXCEPTION
Traceback (most recent call last):
  File "/home/administrator/cctv/app.py", line 532, in <module>
    @app.route("/api/dvr/probe", methods=["POST"])
     ~~~~~~~~~^^^^^^^^^^^^^^^^^^^^^^^^^^^^^^^^^^^^
  File "/home/administrator/venv/lib/python3.14/site-packages/flask/scaffold.py", line 435, in decorator
    self.add_url_rule(rule, endpoint, f, **options)
    ~~~~~~~~~~~~~~~~~^^^^^^^^^^^^^^^^^^^^^^^^^^^^^^
  File "/home/administrator/venv/lib/python3.14/site-packages/flask/scaffold.py", line 50, in wrapper_func
    return f(self, *args, **kwargs)
  File "/home/administrator/venv/lib/python3.14/site-packages/flask/app.py", line 1059, in add_url_rule
    raise AssertionError(
    ...<2 lines>...
    )
AssertionError: View function mapping is overwriting an existing endpoint function: api_dvr_probe
2026-09-30 06:42:41 [CRITICAL] [cctv_app:68] UNCAUGHT EXCEPTION
Traceback (most recent call last):
  File "/home/administrator/cctv/app.py", line 532, in <module>
    @app.route("/api/dvr/probe", methods=["POST"])
     ~~~~~~~~~^^^^^^^^^^^^^^^^^^^^^^^^^^^^^^^^^^^^
  File "/home/administrator/venv/lib/python3.14/site-packages/flask/scaffold.py", line 435, in decorator
    self.add_url_rule(rule, endpoint, f, **options)
    ~~~~~~~~~~~~~~~~~^^^^^^^^^^^^^^^^^^^^^^^^^^^^^^
  File "/home/administrator/venv/lib/python3.14/site-packages/flask/scaffold.py", line 50, in wrapper_func
    return f(self, *args, **kwargs)
  File "/home/administrator/venv/lib/python3.14/site-packages/flask/app.py", line 1059, in add_url_rule
    raise AssertionError(
    ...<2 lines>...
    )
AssertionError: View function mapping is overwriting an existing endpoint function: api_dvr_probe
2026-09-30 06:42:47 [CRITICAL] [cctv_app:68] UNCAUGHT EXCEPTION
Traceback (most recent call last):
  File "/home/administrator/cctv/app.py", line 532, in <module>
    @app.route("/api/dvr/probe", methods=["POST"])
     ~~~~~~~~~^^^^^^^^^^^^^^^^^^^^^^^^^^^^^^^^^^^^
  File "/home/administrator/venv/lib/python3.14/site-packages/flask/scaffold.py", line 435, in decorator
    self.add_url_rule(rule, endpoint, f, **options)
    ~~~~~~~~~~~~~~~~~^^^^^^^^^^^^^^^^^^^^^^^^^^^^^^
  File "/home/administrator/venv/lib/python3.14/site-packages/flask/scaffold.py", line 50, in wrapper_func
    return f(self, *args, **kwargs)
  File "/home/administrator/venv/lib/python3.14/site-packages/flask/app.py", line 1059, in add_url_rule
    raise AssertionError(
    ...<2 lines>...
    )
AssertionError: View function mapping is overwriting an existing endpoint function: api_dvr_probe
2026-09-30 06:42:52 [CRITICAL] [cctv_app:68] UNCAUGHT EXCEPTION
Traceback (most recent call last):
  File "/home/administrator/cctv/app.py", line 532, in <module>
    @app.route("/api/dvr/probe", methods=["POST"])
     ~~~~~~~~~^^^^^^^^^^^^^^^^^^^^^^^^^^^^^^^^^^^^
  File "/home/administrator/venv/lib/python3.14/site-packages/flask/scaffold.py", line 435, in decorator
    self.add_url_rule(rule, endpoint, f, **options)
    ~~~~~~~~~~~~~~~~~^^^^^^^^^^^^^^^^^^^^^^^^^^^^^^
  File "/home/administrator/venv/lib/python3.14/site-packages/flask/scaffold.py", line 50, in wrapper_func
    return f(self, *args, **kwargs)
  File "/home/administrator/venv/lib/python3.14/site-packages/flask/app.py", line 1059, in add_url_rule
    raise AssertionError(
    ...<2 lines>...
    )
AssertionError: View function mapping is overwriting an existing endpoint function: api_dvr_probe
2026-09-30 06:42:58 [CRITICAL] [cctv_app:68] UNCAUGHT EXCEPTION
Traceback (most recent call last):
  File "/home/administrator/cctv/app.py", line 532, in <module>
    @app.route("/api/dvr/probe", methods=["POST"])
     ~~~~~~~~~^^^^^^^^^^^^^^^^^^^^^^^^^^^^^^^^^^^^
  File "/home/administrator/venv/lib/python3.14/site-packages/flask/scaffold.py", line 435, in decorator
    self.add_url_rule(rule, endpoint, f, **options)
    ~~~~~~~~~~~~~~~~~^^^^^^^^^^^^^^^^^^^^^^^^^^^^^^
  File "/home/administrator/venv/lib/python3.14/site-packages/flask/scaffold.py", line 50, in wrapper_func
    return f(self, *args, **kwargs)
  File "/home/administrator/venv/lib/python3.14/site-packages/flask/app.py", line 1059, in add_url_rule
    raise AssertionError(
    ...<2 lines>...
    )
AssertionError: View function mapping is overwriting an existing endpoint function: api_dvr_probe
2026-09-30 06:43:03 [CRITICAL] [cctv_app:68] UNCAUGHT EXCEPTION
Traceback (most recent call last):
  File "/home/administrator/cctv/app.py", line 532, in <module>
    @app.route("/api/dvr/probe", methods=["POST"])
     ~~~~~~~~~^^^^^^^^^^^^^^^^^^^^^^^^^^^^^^^^^^^^
  File "/home/administrator/venv/lib/python3.14/site-packages/flask/scaffold.py", line 435, in decorator
    self.add_url_rule(rule, endpoint, f, **options)
    ~~~~~~~~~~~~~~~~~^^^^^^^^^^^^^^^^^^^^^^^^^^^^^^
  File "/home/administrator/venv/lib/python3.14/site-packages/flask/scaffold.py", line 50, in wrapper_func
    return f(self, *args, **kwargs)
  File "/home/administrator/venv/lib/python3.14/site-packages/flask/app.py", line 1059, in add_url_rule
    raise AssertionError(
    ...<2 lines>...
    )
AssertionError: View function mapping is overwriting an existing endpoint function: api_dvr_probe
2026-09-30 06:43:09 [CRITICAL] [cctv_app:68] UNCAUGHT EXCEPTION
Traceback (most recent call last):
  File "/home/administrator/cctv/app.py", line 532, in <module>
    @app.route("/api/dvr/probe", methods=["POST"])
     ~~~~~~~~~^^^^^^^^^^^^^^^^^^^^^^^^^^^^^^^^^^^^
  File "/home/administrator/venv/lib/python3.14/site-packages/flask/scaffold.py", line 435, in decorator
    self.add_url_rule(rule, endpoint, f, **options)
    ~~~~~~~~~~~~~~~~~^^^^^^^^^^^^^^^^^^^^^^^^^^^^^^
  File "/home/administrator/venv/lib/python3.14/site-packages/flask/scaffold.py", line 50, in wrapper_func
    return f(self, *args, **kwargs)
  File "/home/administrator/venv/lib/python3.14/site-packages/flask/app.py", line 1059, in add_url_rule
    raise AssertionError(
    ...<2 lines>...
    )
AssertionError: View function mapping is overwriting an existing endpoint function: api_dvr_probe
2026-09-30 06:43:14 [CRITICAL] [cctv_app:68] UNCAUGHT EXCEPTION
Traceback (most recent call last):
  File "/home/administrator/cctv/app.py", line 532, in <module>
    @app.route("/api/dvr/probe", methods=["POST"])
     ~~~~~~~~~^^^^^^^^^^^^^^^^^^^^^^^^^^^^^^^^^^^^
  File "/home/administrator/venv/lib/python3.14/site-packages/flask/scaffold.py", line 435, in decorator
    self.add_url_rule(rule, endpoint, f, **options)
    ~~~~~~~~~~~~~~~~~^^^^^^^^^^^^^^^^^^^^^^^^^^^^^^
  File "/home/administrator/venv/lib/python3.14/site-packages/flask/scaffold.py", line 50, in wrapper_func
    return f(self, *args, **kwargs)
  File "/home/administrator/venv/lib/python3.14/site-packages/flask/app.py", line 1059, in add_url_rule
    raise AssertionError(
    ...<2 lines>...
    )
AssertionError: View function mapping is overwriting an existing endpoint function: api_dvr_probe
2026-09-30 06:43:20 [CRITICAL] [cctv_app:68] UNCAUGHT EXCEPTION
Traceback (most recent call last):
  File "/home/administrator/cctv/app.py", line 532, in <module>
    @app.route("/api/dvr/probe", methods=["POST"])
     ~~~~~~~~~^^^^^^^^^^^^^^^^^^^^^^^^^^^^^^^^^^^^
  File "/home/administrator/venv/lib/python3.14/site-packages/flask/scaffold.py", line 435, in decorator
    self.add_url_rule(rule, endpoint, f, **options)
    ~~~~~~~~~~~~~~~~~^^^^^^^^^^^^^^^^^^^^^^^^^^^^^^
  File "/home/administrator/venv/lib/python3.14/site-packages/flask/scaffold.py", line 50, in wrapper_func
    return f(self, *args, **kwargs)
  File "/home/administrator/venv/lib/python3.14/site-packages/flask/app.py", line 1059, in add_url_rule
    raise AssertionError(
    ...<2 lines>...
    )
AssertionError: View function mapping is overwriting an existing endpoint function: api_dvr_probe
2026-09-30 06:43:25 [CRITICAL] [cctv_app:68] UNCAUGHT EXCEPTION
Traceback (most recent call last):
  File "/home/administrator/cctv/app.py", line 532, in <module>
    @app.route("/api/dvr/probe", methods=["POST"])
     ~~~~~~~~~^^^^^^^^^^^^^^^^^^^^^^^^^^^^^^^^^^^^
  File "/home/administrator/venv/lib/python3.14/site-packages/flask/scaffold.py", line 435, in decorator
    self.add_url_rule(rule, endpoint, f, **options)
    ~~~~~~~~~~~~~~~~~^^^^^^^^^^^^^^^^^^^^^^^^^^^^^^
  File "/home/administrator/venv/lib/python3.14/site-packages/flask/scaffold.py", line 50, in wrapper_func
    return f(self, *args, **kwargs)
  File "/home/administrator/venv/lib/python3.14/site-packages/flask/app.py", line 1059, in add_url_rule
    raise AssertionError(
    ...<2 lines>...
    )
AssertionError: View function mapping is overwriting an existing endpoint function: api_dvr_probe
2026-09-30 06:43:31 [CRITICAL] [cctv_app:68] UNCAUGHT EXCEPTION
Traceback (most recent call last):
  File "/home/administrator/cctv/app.py", line 532, in <module>
    @app.route("/api/dvr/probe", methods=["POST"])
     ~~~~~~~~~^^^^^^^^^^^^^^^^^^^^^^^^^^^^^^^^^^^^
  File "/home/administrator/venv/lib/python3.14/site-packages/flask/scaffold.py", line 435, in decorator
    self.add_url_rule(rule, endpoint, f, **options)
    ~~~~~~~~~~~~~~~~~^^^^^^^^^^^^^^^^^^^^^^^^^^^^^^
  File "/home/administrator/venv/lib/python3.14/site-packages/flask/scaffold.py", line 50, in wrapper_func
    return f(self, *args, **kwargs)
  File "/home/administrator/venv/lib/python3.14/site-packages/flask/app.py", line 1059, in add_url_rule
    raise AssertionError(
    ...<2 lines>...
    )
AssertionError: View function mapping is overwriting an existing endpoint function: api_dvr_probe
2026-09-30 06:43:36 [CRITICAL] [cctv_app:68] UNCAUGHT EXCEPTION
Traceback (most recent call last):
  File "/home/administrator/cctv/app.py", line 532, in <module>
    @app.route("/api/dvr/probe", methods=["POST"])
     ~~~~~~~~~^^^^^^^^^^^^^^^^^^^^^^^^^^^^^^^^^^^^
  File "/home/administrator/venv/lib/python3.14/site-packages/flask/scaffold.py", line 435, in decorator
    self.add_url_rule(rule, endpoint, f, **options)
    ~~~~~~~~~~~~~~~~~^^^^^^^^^^^^^^^^^^^^^^^^^^^^^^
  File "/home/administrator/venv/lib/python3.14/site-packages/flask/scaffold.py", line 50, in wrapper_func
    return f(self, *args, **kwargs)
  File "/home/administrator/venv/lib/python3.14/site-packages/flask/app.py", line 1059, in add_url_rule
    raise AssertionError(
    ...<2 lines>...
    )
AssertionError: View function mapping is overwriting an existing endpoint function: api_dvr_probe
2026-09-30 06:43:42 [CRITICAL] [cctv_app:68] UNCAUGHT EXCEPTION
Traceback (most recent call last):
  File "/home/administrator/cctv/app.py", line 532, in <module>
    @app.route("/api/dvr/probe", methods=["POST"])
     ~~~~~~~~~^^^^^^^^^^^^^^^^^^^^^^^^^^^^^^^^^^^^
  File "/home/administrator/venv/lib/python3.14/site-packages/flask/scaffold.py", line 435, in decorator
    self.add_url_rule(rule, endpoint, f, **options)
    ~~~~~~~~~~~~~~~~~^^^^^^^^^^^^^^^^^^^^^^^^^^^^^^
  File "/home/administrator/venv/lib/python3.14/site-packages/flask/scaffold.py", line 50, in wrapper_func
    return f(self, *args, **kwargs)
  File "/home/administrator/venv/lib/python3.14/site-packages/flask/app.py", line 1059, in add_url_rule
    raise AssertionError(
    ...<2 lines>...
    )
AssertionError: View function mapping is overwriting an existing endpoint function: api_dvr_probe
2026-09-30 06:43:47 [CRITICAL] [cctv_app:68] UNCAUGHT EXCEPTION
Traceback (most recent call last):
  File "/home/administrator/cctv/app.py", line 532, in <module>
    @app.route("/api/dvr/probe", methods=["POST"])
     ~~~~~~~~~^^^^^^^^^^^^^^^^^^^^^^^^^^^^^^^^^^^^
  File "/home/administrator/venv/lib/python3.14/site-packages/flask/scaffold.py", line 435, in decorator
    self.add_url_rule(rule, endpoint, f, **options)
    ~~~~~~~~~~~~~~~~~^^^^^^^^^^^^^^^^^^^^^^^^^^^^^^
  File "/home/administrator/venv/lib/python3.14/site-packages/flask/scaffold.py", line 50, in wrapper_func
    return f(self, *args, **kwargs)
  File "/home/administrator/venv/lib/python3.14/site-packages/flask/app.py", line 1059, in add_url_rule
    raise AssertionError(
    ...<2 lines>...
    )
AssertionError: View function mapping is overwriting an existing endpoint function: api_dvr_probe
2026-09-30 06:43:53 [CRITICAL] [cctv_app:68] UNCAUGHT EXCEPTION
Traceback (most recent call last):
  File "/home/administrator/cctv/app.py", line 532, in <module>
    @app.route("/api/dvr/probe", methods=["POST"])
     ~~~~~~~~~^^^^^^^^^^^^^^^^^^^^^^^^^^^^^^^^^^^^
  File "/home/administrator/venv/lib/python3.14/site-packages/flask/scaffold.py", line 435, in decorator
    self.add_url_rule(rule, endpoint, f, **options)
    ~~~~~~~~~~~~~~~~~^^^^^^^^^^^^^^^^^^^^^^^^^^^^^^
  File "/home/administrator/venv/lib/python3.14/site-packages/flask/scaffold.py", line 50, in wrapper_func
    return f(self, *args, **kwargs)
  File "/home/administrator/venv/lib/python3.14/site-packages/flask/app.py", line 1059, in add_url_rule
    raise AssertionError(
    ...<2 lines>...
    )
AssertionError: View function mapping is overwriting an existing endpoint function: api_dvr_probe
2026-09-30 06:43:58 [CRITICAL] [cctv_app:68] UNCAUGHT EXCEPTION
Traceback (most recent call last):
  File "/home/administrator/cctv/app.py", line 532, in <module>
    @app.route("/api/dvr/probe", methods=["POST"])
     ~~~~~~~~~^^^^^^^^^^^^^^^^^^^^^^^^^^^^^^^^^^^^
  File "/home/administrator/venv/lib/python3.14/site-packages/flask/scaffold.py", line 435, in decorator
    self.add_url_rule(rule, endpoint, f, **options)
    ~~~~~~~~~~~~~~~~~^^^^^^^^^^^^^^^^^^^^^^^^^^^^^^
  File "/home/administrator/venv/lib/python3.14/site-packages/flask/scaffold.py", line 50, in wrapper_func
    return f(self, *args, **kwargs)
  File "/home/administrator/venv/lib/python3.14/site-packages/flask/app.py", line 1059, in add_url_rule
    raise AssertionError(
    ...<2 lines>...
    )
AssertionError: View function mapping is overwriting an existing endpoint function: api_dvr_probe
2026-09-30 06:44:04 [CRITICAL] [cctv_app:68] UNCAUGHT EXCEPTION
Traceback (most recent call last):
  File "/home/administrator/cctv/app.py", line 532, in <module>
    @app.route("/api/dvr/probe", methods=["POST"])
     ~~~~~~~~~^^^^^^^^^^^^^^^^^^^^^^^^^^^^^^^^^^^^
  File "/home/administrator/venv/lib/python3.14/site-packages/flask/scaffold.py", line 435, in decorator
    self.add_url_rule(rule, endpoint, f, **options)
    ~~~~~~~~~~~~~~~~~^^^^^^^^^^^^^^^^^^^^^^^^^^^^^^
  File "/home/administrator/venv/lib/python3.14/site-packages/flask/scaffold.py", line 50, in wrapper_func
    return f(self, *args, **kwargs)
  File "/home/administrator/venv/lib/python3.14/site-packages/flask/app.py", line 1059, in add_url_rule
    raise AssertionError(
    ...<2 lines>...
    )
AssertionError: View function mapping is overwriting an existing endpoint function: api_dvr_probe
2026-09-30 06:44:09 [CRITICAL] [cctv_app:68] UNCAUGHT EXCEPTION
Traceback (most recent call last):
  File "/home/administrator/cctv/app.py", line 532, in <module>
    @app.route("/api/dvr/probe", methods=["POST"])
     ~~~~~~~~~^^^^^^^^^^^^^^^^^^^^^^^^^^^^^^^^^^^^
  File "/home/administrator/venv/lib/python3.14/site-packages/flask/scaffold.py", line 435, in decorator
    self.add_url_rule(rule, endpoint, f, **options)
    ~~~~~~~~~~~~~~~~~^^^^^^^^^^^^^^^^^^^^^^^^^^^^^^
  File "/home/administrator/venv/lib/python3.14/site-packages/flask/scaffold.py", line 50, in wrapper_func
    return f(self, *args, **kwargs)
  File "/home/administrator/venv/lib/python3.14/site-packages/flask/app.py", line 1059, in add_url_rule
    raise AssertionError(
    ...<2 lines>...
    )
AssertionError: View function mapping is overwriting an existing endpoint function: api_dvr_probe
2026-09-30 06:44:15 [CRITICAL] [cctv_app:68] UNCAUGHT EXCEPTION
Traceback (most recent call last):
  File "/home/administrator/cctv/app.py", line 532, in <module>
    @app.route("/api/dvr/probe", methods=["POST"])
     ~~~~~~~~~^^^^^^^^^^^^^^^^^^^^^^^^^^^^^^^^^^^^
  File "/home/administrator/venv/lib/python3.14/site-packages/flask/scaffold.py", line 435, in decorator
    self.add_url_rule(rule, endpoint, f, **options)
    ~~~~~~~~~~~~~~~~~^^^^^^^^^^^^^^^^^^^^^^^^^^^^^^
  File "/home/administrator/venv/lib/python3.14/site-packages/flask/scaffold.py", line 50, in wrapper_func
    return f(self, *args, **kwargs)
  File "/home/administrator/venv/lib/python3.14/site-packages/flask/app.py", line 1059, in add_url_rule
    raise AssertionError(
    ...<2 lines>...
    )
AssertionError: View function mapping is overwriting an existing endpoint function: api_dvr_probe
2026-09-30 06:44:20 [CRITICAL] [cctv_app:68] UNCAUGHT EXCEPTION
Traceback (most recent call last):
  File "/home/administrator/cctv/app.py", line 532, in <module>
    @app.route("/api/dvr/probe", methods=["POST"])
     ~~~~~~~~~^^^^^^^^^^^^^^^^^^^^^^^^^^^^^^^^^^^^
  File "/home/administrator/venv/lib/python3.14/site-packages/flask/scaffold.py", line 435, in decorator
    self.add_url_rule(rule, endpoint, f, **options)
    ~~~~~~~~~~~~~~~~~^^^^^^^^^^^^^^^^^^^^^^^^^^^^^^
  File "/home/administrator/venv/lib/python3.14/site-packages/flask/scaffold.py", line 50, in wrapper_func
    return f(self, *args, **kwargs)
  File "/home/administrator/venv/lib/python3.14/site-packages/flask/app.py", line 1059, in add_url_rule
    raise AssertionError(
    ...<2 lines>...
    )
AssertionError: View function mapping is overwriting an existing endpoint function: api_dvr_probe
2026-09-30 06:44:26 [CRITICAL] [cctv_app:68] UNCAUGHT EXCEPTION
Traceback (most recent call last):
  File "/home/administrator/cctv/app.py", line 532, in <module>
    @app.route("/api/dvr/probe", methods=["POST"])
     ~~~~~~~~~^^^^^^^^^^^^^^^^^^^^^^^^^^^^^^^^^^^^
  File "/home/administrator/venv/lib/python3.14/site-packages/flask/scaffold.py", line 435, in decorator
    self.add_url_rule(rule, endpoint, f, **options)
    ~~~~~~~~~~~~~~~~~^^^^^^^^^^^^^^^^^^^^^^^^^^^^^^
  File "/home/administrator/venv/lib/python3.14/site-packages/flask/scaffold.py", line 50, in wrapper_func
    return f(self, *args, **kwargs)
  File "/home/administrator/venv/lib/python3.14/site-packages/flask/app.py", line 1059, in add_url_rule
    raise AssertionError(
    ...<2 lines>...
    )
AssertionError: View function mapping is overwriting an existing endpoint function: api_dvr_probe
2026-09-30 06:44:31 [CRITICAL] [cctv_app:68] UNCAUGHT EXCEPTION
Traceback (most recent call last):
  File "/home/administrator/cctv/app.py", line 532, in <module>
    @app.route("/api/dvr/probe", methods=["POST"])
     ~~~~~~~~~^^^^^^^^^^^^^^^^^^^^^^^^^^^^^^^^^^^^
  File "/home/administrator/venv/lib/python3.14/site-packages/flask/scaffold.py", line 435, in decorator
    self.add_url_rule(rule, endpoint, f, **options)
    ~~~~~~~~~~~~~~~~~^^^^^^^^^^^^^^^^^^^^^^^^^^^^^^
  File "/home/administrator/venv/lib/python3.14/site-packages/flask/scaffold.py", line 50, in wrapper_func
    return f(self, *args, **kwargs)
  File "/home/administrator/venv/lib/python3.14/site-packages/flask/app.py", line 1059, in add_url_rule
    raise AssertionError(
    ...<2 lines>...
    )
AssertionError: View function mapping is overwriting an existing endpoint function: api_dvr_probe
2026-09-30 06:44:37 [CRITICAL] [cctv_app:68] UNCAUGHT EXCEPTION
Traceback (most recent call last):
  File "/home/administrator/cctv/app.py", line 532, in <module>
    @app.route("/api/dvr/probe", methods=["POST"])
     ~~~~~~~~~^^^^^^^^^^^^^^^^^^^^^^^^^^^^^^^^^^^^
  File "/home/administrator/venv/lib/python3.14/site-packages/flask/scaffold.py", line 435, in decorator
    self.add_url_rule(rule, endpoint, f, **options)
    ~~~~~~~~~~~~~~~~~^^^^^^^^^^^^^^^^^^^^^^^^^^^^^^
  File "/home/administrator/venv/lib/python3.14/site-packages/flask/scaffold.py", line 50, in wrapper_func
    return f(self, *args, **kwargs)
  File "/home/administrator/venv/lib/python3.14/site-packages/flask/app.py", line 1059, in add_url_rule
    raise AssertionError(
    ...<2 lines>...
    )
AssertionError: View function mapping is overwriting an existing endpoint function: api_dvr_probe
2026-09-30 06:44:42 [CRITICAL] [cctv_app:68] UNCAUGHT EXCEPTION
Traceback (most recent call last):
  File "/home/administrator/cctv/app.py", line 532, in <module>
    @app.route("/api/dvr/probe", methods=["POST"])
     ~~~~~~~~~^^^^^^^^^^^^^^^^^^^^^^^^^^^^^^^^^^^^
  File "/home/administrator/venv/lib/python3.14/site-packages/flask/scaffold.py", line 435, in decorator
    self.add_url_rule(rule, endpoint, f, **options)
    ~~~~~~~~~~~~~~~~~^^^^^^^^^^^^^^^^^^^^^^^^^^^^^^
  File "/home/administrator/venv/lib/python3.14/site-packages/flask/scaffold.py", line 50, in wrapper_func
    return f(self, *args, **kwargs)
  File "/home/administrator/venv/lib/python3.14/site-packages/flask/app.py", line 1059, in add_url_rule
    raise AssertionError(
    ...<2 lines>...
    )
AssertionError: View function mapping is overwriting an existing endpoint function: api_dvr_probe
2026-09-30 06:44:48 [CRITICAL] [cctv_app:68] UNCAUGHT EXCEPTION
Traceback (most recent call last):
  File "/home/administrator/cctv/app.py", line 532, in <module>
    @app.route("/api/dvr/probe", methods=["POST"])
     ~~~~~~~~~^^^^^^^^^^^^^^^^^^^^^^^^^^^^^^^^^^^^
  File "/home/administrator/venv/lib/python3.14/site-packages/flask/scaffold.py", line 435, in decorator
    self.add_url_rule(rule, endpoint, f, **options)
    ~~~~~~~~~~~~~~~~~^^^^^^^^^^^^^^^^^^^^^^^^^^^^^^
  File "/home/administrator/venv/lib/python3.14/site-packages/flask/scaffold.py", line 50, in wrapper_func
    return f(self, *args, **kwargs)
  File "/home/administrator/venv/lib/python3.14/site-packages/flask/app.py", line 1059, in add_url_rule
    raise AssertionError(
    ...<2 lines>...
    )
AssertionError: View function mapping is overwriting an existing endpoint function: api_dvr_probe
2026-09-30 06:44:53 [CRITICAL] [cctv_app:68] UNCAUGHT EXCEPTION
Traceback (most recent call last):
  File "/home/administrator/cctv/app.py", line 532, in <module>
    @app.route("/api/dvr/probe", methods=["POST"])
     ~~~~~~~~~^^^^^^^^^^^^^^^^^^^^^^^^^^^^^^^^^^^^
  File "/home/administrator/venv/lib/python3.14/site-packages/flask/scaffold.py", line 435, in decorator
    self.add_url_rule(rule, endpoint, f, **options)
    ~~~~~~~~~~~~~~~~~^^^^^^^^^^^^^^^^^^^^^^^^^^^^^^
  File "/home/administrator/venv/lib/python3.14/site-packages/flask/scaffold.py", line 50, in wrapper_func
    return f(self, *args, **kwargs)
  File "/home/administrator/venv/lib/python3.14/site-packages/flask/app.py", line 1059, in add_url_rule
    raise AssertionError(
    ...<2 lines>...
    )
AssertionError: View function mapping is overwriting an existing endpoint function: api_dvr_probe
2026-09-30 06:44:59 [CRITICAL] [cctv_app:68] UNCAUGHT EXCEPTION
Traceback (most recent call last):
  File "/home/administrator/cctv/app.py", line 532, in <module>
    @app.route("/api/dvr/probe", methods=["POST"])
     ~~~~~~~~~^^^^^^^^^^^^^^^^^^^^^^^^^^^^^^^^^^^^
  File "/home/administrator/venv/lib/python3.14/site-packages/flask/scaffold.py", line 435, in decorator
    self.add_url_rule(rule, endpoint, f, **options)
    ~~~~~~~~~~~~~~~~~^^^^^^^^^^^^^^^^^^^^^^^^^^^^^^
  File "/home/administrator/venv/lib/python3.14/site-packages/flask/scaffold.py", line 50, in wrapper_func
    return f(self, *args, **kwargs)
  File "/home/administrator/venv/lib/python3.14/site-packages/flask/app.py", line 1059, in add_url_rule
    raise AssertionError(
    ...<2 lines>...
    )
AssertionError: View function mapping is overwriting an existing endpoint function: api_dvr_probe
2026-09-30 06:45:04 [CRITICAL] [cctv_app:68] UNCAUGHT EXCEPTION
Traceback (most recent call last):
  File "/home/administrator/cctv/app.py", line 532, in <module>
    @app.route("/api/dvr/probe", methods=["POST"])
     ~~~~~~~~~^^^^^^^^^^^^^^^^^^^^^^^^^^^^^^^^^^^^
  File "/home/administrator/venv/lib/python3.14/site-packages/flask/scaffold.py", line 435, in decorator
    self.add_url_rule(rule, endpoint, f, **options)
    ~~~~~~~~~~~~~~~~~^^^^^^^^^^^^^^^^^^^^^^^^^^^^^^
  File "/home/administrator/venv/lib/python3.14/site-packages/flask/scaffold.py", line 50, in wrapper_func
    return f(self, *args, **kwargs)
  File "/home/administrator/venv/lib/python3.14/site-packages/flask/app.py", line 1059, in add_url_rule
    raise AssertionError(
    ...<2 lines>...
    )
AssertionError: View function mapping is overwriting an existing endpoint function: api_dvr_probe
2026-09-30 06:45:10 [CRITICAL] [cctv_app:68] UNCAUGHT EXCEPTION
Traceback (most recent call last):
  File "/home/administrator/cctv/app.py", line 532, in <module>
    @app.route("/api/dvr/probe", methods=["POST"])
     ~~~~~~~~~^^^^^^^^^^^^^^^^^^^^^^^^^^^^^^^^^^^^
  File "/home/administrator/venv/lib/python3.14/site-packages/flask/scaffold.py", line 435, in decorator
    self.add_url_rule(rule, endpoint, f, **options)
    ~~~~~~~~~~~~~~~~~^^^^^^^^^^^^^^^^^^^^^^^^^^^^^^
  File "/home/administrator/venv/lib/python3.14/site-packages/flask/scaffold.py", line 50, in wrapper_func
    return f(self, *args, **kwargs)
  File "/home/administrator/venv/lib/python3.14/site-packages/flask/app.py", line 1059, in add_url_rule
    raise AssertionError(
    ...<2 lines>...
    )
AssertionError: View function mapping is overwriting an existing endpoint function: api_dvr_probe
2026-09-30 06:45:15 [CRITICAL] [cctv_app:68] UNCAUGHT EXCEPTION
Traceback (most recent call last):
  File "/home/administrator/cctv/app.py", line 532, in <module>
    @app.route("/api/dvr/probe", methods=["POST"])
     ~~~~~~~~~^^^^^^^^^^^^^^^^^^^^^^^^^^^^^^^^^^^^
  File "/home/administrator/venv/lib/python3.14/site-packages/flask/scaffold.py", line 435, in decorator
    self.add_url_rule(rule, endpoint, f, **options)
    ~~~~~~~~~~~~~~~~~^^^^^^^^^^^^^^^^^^^^^^^^^^^^^^
  File "/home/administrator/venv/lib/python3.14/site-packages/flask/scaffold.py", line 50, in wrapper_func
    return f(self, *args, **kwargs)
  File "/home/administrator/venv/lib/python3.14/site-packages/flask/app.py", line 1059, in add_url_rule
    raise AssertionError(
    ...<2 lines>...
    )
AssertionError: View function mapping is overwriting an existing endpoint function: api_dvr_probe
2026-09-30 06:45:21 [CRITICAL] [cctv_app:68] UNCAUGHT EXCEPTION
Traceback (most recent call last):
  File "/home/administrator/cctv/app.py", line 532, in <module>
    @app.route("/api/dvr/probe", methods=["POST"])
     ~~~~~~~~~^^^^^^^^^^^^^^^^^^^^^^^^^^^^^^^^^^^^
  File "/home/administrator/venv/lib/python3.14/site-packages/flask/scaffold.py", line 435, in decorator
    self.add_url_rule(rule, endpoint, f, **options)
    ~~~~~~~~~~~~~~~~~^^^^^^^^^^^^^^^^^^^^^^^^^^^^^^
  File "/home/administrator/venv/lib/python3.14/site-packages/flask/scaffold.py", line 50, in wrapper_func
    return f(self, *args, **kwargs)
  File "/home/administrator/venv/lib/python3.14/site-packages/flask/app.py", line 1059, in add_url_rule
    raise AssertionError(
    ...<2 lines>...
    )
AssertionError: View function mapping is overwriting an existing endpoint function: api_dvr_probe
2026-09-30 06:45:26 [CRITICAL] [cctv_app:68] UNCAUGHT EXCEPTION
Traceback (most recent call last):
  File "/home/administrator/cctv/app.py", line 532, in <module>
    @app.route("/api/dvr/probe", methods=["POST"])
     ~~~~~~~~~^^^^^^^^^^^^^^^^^^^^^^^^^^^^^^^^^^^^
  File "/home/administrator/venv/lib/python3.14/site-packages/flask/scaffold.py", line 435, in decorator
    self.add_url_rule(rule, endpoint, f, **options)
    ~~~~~~~~~~~~~~~~~^^^^^^^^^^^^^^^^^^^^^^^^^^^^^^
  File "/home/administrator/venv/lib/python3.14/site-packages/flask/scaffold.py", line 50, in wrapper_func
    return f(self, *args, **kwargs)
  File "/home/administrator/venv/lib/python3.14/site-packages/flask/app.py", line 1059, in add_url_rule
    raise AssertionError(
    ...<2 lines>...
    )
AssertionError: View function mapping is overwriting an existing endpoint function: api_dvr_probe
2026-09-30 06:45:32 [CRITICAL] [cctv_app:68] UNCAUGHT EXCEPTION
Traceback (most recent call last):
  File "/home/administrator/cctv/app.py", line 532, in <module>
    @app.route("/api/dvr/probe", methods=["POST"])
     ~~~~~~~~~^^^^^^^^^^^^^^^^^^^^^^^^^^^^^^^^^^^^
  File "/home/administrator/venv/lib/python3.14/site-packages/flask/scaffold.py", line 435, in decorator
    self.add_url_rule(rule, endpoint, f, **options)
    ~~~~~~~~~~~~~~~~~^^^^^^^^^^^^^^^^^^^^^^^^^^^^^^
  File "/home/administrator/venv/lib/python3.14/site-packages/flask/scaffold.py", line 50, in wrapper_func
    return f(self, *args, **kwargs)
  File "/home/administrator/venv/lib/python3.14/site-packages/flask/app.py", line 1059, in add_url_rule
    raise AssertionError(
    ...<2 lines>...
    )
AssertionError: View function mapping is overwriting an existing endpoint function: api_dvr_probe
2026-09-30 06:45:37 [CRITICAL] [cctv_app:68] UNCAUGHT EXCEPTION
Traceback (most recent call last):
  File "/home/administrator/cctv/app.py", line 532, in <module>
    @app.route("/api/dvr/probe", methods=["POST"])
     ~~~~~~~~~^^^^^^^^^^^^^^^^^^^^^^^^^^^^^^^^^^^^
  File "/home/administrator/venv/lib/python3.14/site-packages/flask/scaffold.py", line 435, in decorator
    self.add_url_rule(rule, endpoint, f, **options)
    ~~~~~~~~~~~~~~~~~^^^^^^^^^^^^^^^^^^^^^^^^^^^^^^
  File "/home/administrator/venv/lib/python3.14/site-packages/flask/scaffold.py", line 50, in wrapper_func
    return f(self, *args, **kwargs)
  File "/home/administrator/venv/lib/python3.14/site-packages/flask/app.py", line 1059, in add_url_rule
    raise AssertionError(
    ...<2 lines>...
    )
AssertionError: View function mapping is overwriting an existing endpoint function: api_dvr_probe
2026-09-30 06:45:43 [CRITICAL] [cctv_app:68] UNCAUGHT EXCEPTION
Traceback (most recent call last):
  File "/home/administrator/cctv/app.py", line 532, in <module>
    @app.route("/api/dvr/probe", methods=["POST"])
     ~~~~~~~~~^^^^^^^^^^^^^^^^^^^^^^^^^^^^^^^^^^^^
  File "/home/administrator/venv/lib/python3.14/site-packages/flask/scaffold.py", line 435, in decorator
    self.add_url_rule(rule, endpoint, f, **options)
    ~~~~~~~~~~~~~~~~~^^^^^^^^^^^^^^^^^^^^^^^^^^^^^^
  File "/home/administrator/venv/lib/python3.14/site-packages/flask/scaffold.py", line 50, in wrapper_func
    return f(self, *args, **kwargs)
  File "/home/administrator/venv/lib/python3.14/site-packages/flask/app.py", line 1059, in add_url_rule
    raise AssertionError(
    ...<2 lines>...
    )
AssertionError: View function mapping is overwriting an existing endpoint function: api_dvr_probe
2026-09-30 06:45:48 [CRITICAL] [cctv_app:68] UNCAUGHT EXCEPTION
Traceback (most recent call last):
  File "/home/administrator/cctv/app.py", line 532, in <module>
    @app.route("/api/dvr/probe", methods=["POST"])
     ~~~~~~~~~^^^^^^^^^^^^^^^^^^^^^^^^^^^^^^^^^^^^
  File "/home/administrator/venv/lib/python3.14/site-packages/flask/scaffold.py", line 435, in decorator
    self.add_url_rule(rule, endpoint, f, **options)
    ~~~~~~~~~~~~~~~~~^^^^^^^^^^^^^^^^^^^^^^^^^^^^^^
  File "/home/administrator/venv/lib/python3.14/site-packages/flask/scaffold.py", line 50, in wrapper_func
    return f(self, *args, **kwargs)
  File "/home/administrator/venv/lib/python3.14/site-packages/flask/app.py", line 1059, in add_url_rule
    raise AssertionError(
    ...<2 lines>...
    )
AssertionError: View function mapping is overwriting an existing endpoint function: api_dvr_probe
2026-09-30 06:45:54 [CRITICAL] [cctv_app:68] UNCAUGHT EXCEPTION
Traceback (most recent call last):
  File "/home/administrator/cctv/app.py", line 532, in <module>
    @app.route("/api/dvr/probe", methods=["POST"])
     ~~~~~~~~~^^^^^^^^^^^^^^^^^^^^^^^^^^^^^^^^^^^^
  File "/home/administrator/venv/lib/python3.14/site-packages/flask/scaffold.py", line 435, in decorator
    self.add_url_rule(rule, endpoint, f, **options)
    ~~~~~~~~~~~~~~~~~^^^^^^^^^^^^^^^^^^^^^^^^^^^^^^
  File "/home/administrator/venv/lib/python3.14/site-packages/flask/scaffold.py", line 50, in wrapper_func
    return f(self, *args, **kwargs)
  File "/home/administrator/venv/lib/python3.14/site-packages/flask/app.py", line 1059, in add_url_rule
    raise AssertionError(
    ...<2 lines>...
    )
AssertionError: View function mapping is overwriting an existing endpoint function: api_dvr_probe
2026-09-30 06:45:59 [CRITICAL] [cctv_app:68] UNCAUGHT EXCEPTION
Traceback (most recent call last):
  File "/home/administrator/cctv/app.py", line 532, in <module>
    @app.route("/api/dvr/probe", methods=["POST"])
     ~~~~~~~~~^^^^^^^^^^^^^^^^^^^^^^^^^^^^^^^^^^^^
  File "/home/administrator/venv/lib/python3.14/site-packages/flask/scaffold.py", line 435, in decorator
    self.add_url_rule(rule, endpoint, f, **options)
    ~~~~~~~~~~~~~~~~~^^^^^^^^^^^^^^^^^^^^^^^^^^^^^^
  File "/home/administrator/venv/lib/python3.14/site-packages/flask/scaffold.py", line 50, in wrapper_func
    return f(self, *args, **kwargs)
  File "/home/administrator/venv/lib/python3.14/site-packages/flask/app.py", line 1059, in add_url_rule
    raise AssertionError(
    ...<2 lines>...
    )
AssertionError: View function mapping is overwriting an existing endpoint function: api_dvr_probe
2026-09-30 06:46:05 [CRITICAL] [cctv_app:68] UNCAUGHT EXCEPTION
Traceback (most recent call last):
  File "/home/administrator/cctv/app.py", line 532, in <module>
    @app.route("/api/dvr/probe", methods=["POST"])
     ~~~~~~~~~^^^^^^^^^^^^^^^^^^^^^^^^^^^^^^^^^^^^
  File "/home/administrator/venv/lib/python3.14/site-packages/flask/scaffold.py", line 435, in decorator
    self.add_url_rule(rule, endpoint, f, **options)
    ~~~~~~~~~~~~~~~~~^^^^^^^^^^^^^^^^^^^^^^^^^^^^^^
  File "/home/administrator/venv/lib/python3.14/site-packages/flask/scaffold.py", line 50, in wrapper_func
    return f(self, *args, **kwargs)
  File "/home/administrator/venv/lib/python3.14/site-packages/flask/app.py", line 1059, in add_url_rule
    raise AssertionError(
    ...<2 lines>...
    )
AssertionError: View function mapping is overwriting an existing endpoint function: api_dvr_probe
2026-09-30 06:46:10 [CRITICAL] [cctv_app:68] UNCAUGHT EXCEPTION
Traceback (most recent call last):
  File "/home/administrator/cctv/app.py", line 532, in <module>
    @app.route("/api/dvr/probe", methods=["POST"])
     ~~~~~~~~~^^^^^^^^^^^^^^^^^^^^^^^^^^^^^^^^^^^^
  File "/home/administrator/venv/lib/python3.14/site-packages/flask/scaffold.py", line 435, in decorator
    self.add_url_rule(rule, endpoint, f, **options)
    ~~~~~~~~~~~~~~~~~^^^^^^^^^^^^^^^^^^^^^^^^^^^^^^
  File "/home/administrator/venv/lib/python3.14/site-packages/flask/scaffold.py", line 50, in wrapper_func
    return f(self, *args, **kwargs)
  File "/home/administrator/venv/lib/python3.14/site-packages/flask/app.py", line 1059, in add_url_rule
    raise AssertionError(
    ...<2 lines>...
    )
AssertionError: View function mapping is overwriting an existing endpoint function: api_dvr_probe
2026-09-30 06:46:16 [CRITICAL] [cctv_app:68] UNCAUGHT EXCEPTION
Traceback (most recent call last):
  File "/home/administrator/cctv/app.py", line 532, in <module>
    @app.route("/api/dvr/probe", methods=["POST"])
     ~~~~~~~~~^^^^^^^^^^^^^^^^^^^^^^^^^^^^^^^^^^^^
  File "/home/administrator/venv/lib/python3.14/site-packages/flask/scaffold.py", line 435, in decorator
    self.add_url_rule(rule, endpoint, f, **options)
    ~~~~~~~~~~~~~~~~~^^^^^^^^^^^^^^^^^^^^^^^^^^^^^^
  File "/home/administrator/venv/lib/python3.14/site-packages/flask/scaffold.py", line 50, in wrapper_func
    return f(self, *args, **kwargs)
  File "/home/administrator/venv/lib/python3.14/site-packages/flask/app.py", line 1059, in add_url_rule
    raise AssertionError(
    ...<2 lines>...
    )
AssertionError: View function mapping is overwriting an existing endpoint function: api_dvr_probe
2026-09-30 06:46:21 [CRITICAL] [cctv_app:68] UNCAUGHT EXCEPTION
Traceback (most recent call last):
  File "/home/administrator/cctv/app.py", line 532, in <module>
    @app.route("/api/dvr/probe", methods=["POST"])
     ~~~~~~~~~^^^^^^^^^^^^^^^^^^^^^^^^^^^^^^^^^^^^
  File "/home/administrator/venv/lib/python3.14/site-packages/flask/scaffold.py", line 435, in decorator
    self.add_url_rule(rule, endpoint, f, **options)
    ~~~~~~~~~~~~~~~~~^^^^^^^^^^^^^^^^^^^^^^^^^^^^^^
  File "/home/administrator/venv/lib/python3.14/site-packages/flask/scaffold.py", line 50, in wrapper_func
    return f(self, *args, **kwargs)
  File "/home/administrator/venv/lib/python3.14/site-packages/flask/app.py", line 1059, in add_url_rule
    raise AssertionError(
    ...<2 lines>...
    )
AssertionError: View function mapping is overwriting an existing endpoint function: api_dvr_probe
2026-09-30 06:46:27 [CRITICAL] [cctv_app:68] UNCAUGHT EXCEPTION
Traceback (most recent call last):
  File "/home/administrator/cctv/app.py", line 532, in <module>
    @app.route("/api/dvr/probe", methods=["POST"])
     ~~~~~~~~~^^^^^^^^^^^^^^^^^^^^^^^^^^^^^^^^^^^^
  File "/home/administrator/venv/lib/python3.14/site-packages/flask/scaffold.py", line 435, in decorator
    self.add_url_rule(rule, endpoint, f, **options)
    ~~~~~~~~~~~~~~~~~^^^^^^^^^^^^^^^^^^^^^^^^^^^^^^
  File "/home/administrator/venv/lib/python3.14/site-packages/flask/scaffold.py", line 50, in wrapper_func
    return f(self, *args, **kwargs)
  File "/home/administrator/venv/lib/python3.14/site-packages/flask/app.py", line 1059, in add_url_rule
    raise AssertionError(
    ...<2 lines>...
    )
AssertionError: View function mapping is overwriting an existing endpoint function: api_dvr_probe
2026-09-30 06:46:32 [CRITICAL] [cctv_app:68] UNCAUGHT EXCEPTION
Traceback (most recent call last):
  File "/home/administrator/cctv/app.py", line 532, in <module>
    @app.route("/api/dvr/probe", methods=["POST"])
     ~~~~~~~~~^^^^^^^^^^^^^^^^^^^^^^^^^^^^^^^^^^^^
  File "/home/administrator/venv/lib/python3.14/site-packages/flask/scaffold.py", line 435, in decorator
    self.add_url_rule(rule, endpoint, f, **options)
    ~~~~~~~~~~~~~~~~~^^^^^^^^^^^^^^^^^^^^^^^^^^^^^^
  File "/home/administrator/venv/lib/python3.14/site-packages/flask/scaffold.py", line 50, in wrapper_func
    return f(self, *args, **kwargs)
  File "/home/administrator/venv/lib/python3.14/site-packages/flask/app.py", line 1059, in add_url_rule
    raise AssertionError(
    ...<2 lines>...
    )
AssertionError: View function mapping is overwriting an existing endpoint function: api_dvr_probe
2026-09-30 06:46:38 [CRITICAL] [cctv_app:68] UNCAUGHT EXCEPTION
Traceback (most recent call last):
  File "/home/administrator/cctv/app.py", line 532, in <module>
    @app.route("/api/dvr/probe", methods=["POST"])
     ~~~~~~~~~^^^^^^^^^^^^^^^^^^^^^^^^^^^^^^^^^^^^
  File "/home/administrator/venv/lib/python3.14/site-packages/flask/scaffold.py", line 435, in decorator
    self.add_url_rule(rule, endpoint, f, **options)
    ~~~~~~~~~~~~~~~~~^^^^^^^^^^^^^^^^^^^^^^^^^^^^^^
  File "/home/administrator/venv/lib/python3.14/site-packages/flask/scaffold.py", line 50, in wrapper_func
    return f(self, *args, **kwargs)
  File "/home/administrator/venv/lib/python3.14/site-packages/flask/app.py", line 1059, in add_url_rule
    raise AssertionError(
    ...<2 lines>...
    )
AssertionError: View function mapping is overwriting an existing endpoint function: api_dvr_probe
2026-09-30 06:46:43 [CRITICAL] [cctv_app:68] UNCAUGHT EXCEPTION
Traceback (most recent call last):
  File "/home/administrator/cctv/app.py", line 532, in <module>
    @app.route("/api/dvr/probe", methods=["POST"])
     ~~~~~~~~~^^^^^^^^^^^^^^^^^^^^^^^^^^^^^^^^^^^^
  File "/home/administrator/venv/lib/python3.14/site-packages/flask/scaffold.py", line 435, in decorator
    self.add_url_rule(rule, endpoint, f, **options)
    ~~~~~~~~~~~~~~~~~^^^^^^^^^^^^^^^^^^^^^^^^^^^^^^
  File "/home/administrator/venv/lib/python3.14/site-packages/flask/scaffold.py", line 50, in wrapper_func
    return f(self, *args, **kwargs)
  File "/home/administrator/venv/lib/python3.14/site-packages/flask/app.py", line 1059, in add_url_rule
    raise AssertionError(
    ...<2 lines>...
    )
AssertionError: View function mapping is overwriting an existing endpoint function: api_dvr_probe
2026-09-30 06:46:49 [CRITICAL] [cctv_app:68] UNCAUGHT EXCEPTION
Traceback (most recent call last):
  File "/home/administrator/cctv/app.py", line 532, in <module>
    @app.route("/api/dvr/probe", methods=["POST"])
     ~~~~~~~~~^^^^^^^^^^^^^^^^^^^^^^^^^^^^^^^^^^^^
  File "/home/administrator/venv/lib/python3.14/site-packages/flask/scaffold.py", line 435, in decorator
    self.add_url_rule(rule, endpoint, f, **options)
    ~~~~~~~~~~~~~~~~~^^^^^^^^^^^^^^^^^^^^^^^^^^^^^^
  File "/home/administrator/venv/lib/python3.14/site-packages/flask/scaffold.py", line 50, in wrapper_func
    return f(self, *args, **kwargs)
  File "/home/administrator/venv/lib/python3.14/site-packages/flask/app.py", line 1059, in add_url_rule
    raise AssertionError(
    ...<2 lines>...
    )
AssertionError: View function mapping is overwriting an existing endpoint function: api_dvr_probe
2026-09-30 06:46:54 [CRITICAL] [cctv_app:68] UNCAUGHT EXCEPTION
Traceback (most recent call last):
  File "/home/administrator/cctv/app.py", line 532, in <module>
    @app.route("/api/dvr/probe", methods=["POST"])
     ~~~~~~~~~^^^^^^^^^^^^^^^^^^^^^^^^^^^^^^^^^^^^
  File "/home/administrator/venv/lib/python3.14/site-packages/flask/scaffold.py", line 435, in decorator
    self.add_url_rule(rule, endpoint, f, **options)
    ~~~~~~~~~~~~~~~~~^^^^^^^^^^^^^^^^^^^^^^^^^^^^^^
  File "/home/administrator/venv/lib/python3.14/site-packages/flask/scaffold.py", line 50, in wrapper_func
    return f(self, *args, **kwargs)
  File "/home/administrator/venv/lib/python3.14/site-packages/flask/app.py", line 1059, in add_url_rule
    raise AssertionError(
    ...<2 lines>...
    )
AssertionError: View function mapping is overwriting an existing endpoint function: api_dvr_probe
2026-09-30 06:47:00 [CRITICAL] [cctv_app:68] UNCAUGHT EXCEPTION
Traceback (most recent call last):
  File "/home/administrator/cctv/app.py", line 532, in <module>
    @app.route("/api/dvr/probe", methods=["POST"])
     ~~~~~~~~~^^^^^^^^^^^^^^^^^^^^^^^^^^^^^^^^^^^^
  File "/home/administrator/venv/lib/python3.14/site-packages/flask/scaffold.py", line 435, in decorator
    self.add_url_rule(rule, endpoint, f, **options)
    ~~~~~~~~~~~~~~~~~^^^^^^^^^^^^^^^^^^^^^^^^^^^^^^
  File "/home/administrator/venv/lib/python3.14/site-packages/flask/scaffold.py", line 50, in wrapper_func
    return f(self, *args, **kwargs)
  File "/home/administrator/venv/lib/python3.14/site-packages/flask/app.py", line 1059, in add_url_rule
    raise AssertionError(
    ...<2 lines>...
    )
AssertionError: View function mapping is overwriting an existing endpoint function: api_dvr_probe
2026-09-30 06:47:05 [CRITICAL] [cctv_app:68] UNCAUGHT EXCEPTION
Traceback (most recent call last):
  File "/home/administrator/cctv/app.py", line 532, in <module>
    @app.route("/api/dvr/probe", methods=["POST"])
     ~~~~~~~~~^^^^^^^^^^^^^^^^^^^^^^^^^^^^^^^^^^^^
  File "/home/administrator/venv/lib/python3.14/site-packages/flask/scaffold.py", line 435, in decorator
    self.add_url_rule(rule, endpoint, f, **options)
    ~~~~~~~~~~~~~~~~~^^^^^^^^^^^^^^^^^^^^^^^^^^^^^^
  File "/home/administrator/venv/lib/python3.14/site-packages/flask/scaffold.py", line 50, in wrapper_func
    return f(self, *args, **kwargs)
  File "/home/administrator/venv/lib/python3.14/site-packages/flask/app.py", line 1059, in add_url_rule
    raise AssertionError(
    ...<2 lines>...
    )
AssertionError: View function mapping is overwriting an existing endpoint function: api_dvr_probe
2026-09-30 06:47:11 [CRITICAL] [cctv_app:68] UNCAUGHT EXCEPTION
Traceback (most recent call last):
  File "/home/administrator/cctv/app.py", line 532, in <module>
    @app.route("/api/dvr/probe", methods=["POST"])
     ~~~~~~~~~^^^^^^^^^^^^^^^^^^^^^^^^^^^^^^^^^^^^
  File "/home/administrator/venv/lib/python3.14/site-packages/flask/scaffold.py", line 435, in decorator
    self.add_url_rule(rule, endpoint, f, **options)
    ~~~~~~~~~~~~~~~~~^^^^^^^^^^^^^^^^^^^^^^^^^^^^^^
  File "/home/administrator/venv/lib/python3.14/site-packages/flask/scaffold.py", line 50, in wrapper_func
    return f(self, *args, **kwargs)
  File "/home/administrator/venv/lib/python3.14/site-packages/flask/app.py", line 1059, in add_url_rule
    raise AssertionError(
    ...<2 lines>...
    )
AssertionError: View function mapping is overwriting an existing endpoint function: api_dvr_probe
2026-09-30 06:47:16 [CRITICAL] [cctv_app:68] UNCAUGHT EXCEPTION
Traceback (most recent call last):
  File "/home/administrator/cctv/app.py", line 532, in <module>
    @app.route("/api/dvr/probe", methods=["POST"])
     ~~~~~~~~~^^^^^^^^^^^^^^^^^^^^^^^^^^^^^^^^^^^^
  File "/home/administrator/venv/lib/python3.14/site-packages/flask/scaffold.py", line 435, in decorator
    self.add_url_rule(rule, endpoint, f, **options)
    ~~~~~~~~~~~~~~~~~^^^^^^^^^^^^^^^^^^^^^^^^^^^^^^
  File "/home/administrator/venv/lib/python3.14/site-packages/flask/scaffold.py", line 50, in wrapper_func
    return f(self, *args, **kwargs)
  File "/home/administrator/venv/lib/python3.14/site-packages/flask/app.py", line 1059, in add_url_rule
    raise AssertionError(
    ...<2 lines>...
    )
AssertionError: View function mapping is overwriting an existing endpoint function: api_dvr_probe
2026-09-30 06:47:22 [CRITICAL] [cctv_app:68] UNCAUGHT EXCEPTION
Traceback (most recent call last):
  File "/home/administrator/cctv/app.py", line 532, in <module>
    @app.route("/api/dvr/probe", methods=["POST"])
     ~~~~~~~~~^^^^^^^^^^^^^^^^^^^^^^^^^^^^^^^^^^^^
  File "/home/administrator/venv/lib/python3.14/site-packages/flask/scaffold.py", line 435, in decorator
    self.add_url_rule(rule, endpoint, f, **options)
    ~~~~~~~~~~~~~~~~~^^^^^^^^^^^^^^^^^^^^^^^^^^^^^^
  File "/home/administrator/venv/lib/python3.14/site-packages/flask/scaffold.py", line 50, in wrapper_func
    return f(self, *args, **kwargs)
  File "/home/administrator/venv/lib/python3.14/site-packages/flask/app.py", line 1059, in add_url_rule
    raise AssertionError(
    ...<2 lines>...
    )
AssertionError: View function mapping is overwriting an existing endpoint function: api_dvr_probe
2026-09-30 06:47:27 [CRITICAL] [cctv_app:68] UNCAUGHT EXCEPTION
Traceback (most recent call last):
  File "/home/administrator/cctv/app.py", line 532, in <module>
    @app.route("/api/dvr/probe", methods=["POST"])
     ~~~~~~~~~^^^^^^^^^^^^^^^^^^^^^^^^^^^^^^^^^^^^
  File "/home/administrator/venv/lib/python3.14/site-packages/flask/scaffold.py", line 435, in decorator
    self.add_url_rule(rule, endpoint, f, **options)
    ~~~~~~~~~~~~~~~~~^^^^^^^^^^^^^^^^^^^^^^^^^^^^^^
  File "/home/administrator/venv/lib/python3.14/site-packages/flask/scaffold.py", line 50, in wrapper_func
    return f(self, *args, **kwargs)
  File "/home/administrator/venv/lib/python3.14/site-packages/flask/app.py", line 1059, in add_url_rule
    raise AssertionError(
    ...<2 lines>...
    )
AssertionError: View function mapping is overwriting an existing endpoint function: api_dvr_probe
2026-09-30 06:47:33 [CRITICAL] [cctv_app:68] UNCAUGHT EXCEPTION
Traceback (most recent call last):
  File "/home/administrator/cctv/app.py", line 532, in <module>
    @app.route("/api/dvr/probe", methods=["POST"])
     ~~~~~~~~~^^^^^^^^^^^^^^^^^^^^^^^^^^^^^^^^^^^^
  File "/home/administrator/venv/lib/python3.14/site-packages/flask/scaffold.py", line 435, in decorator
    self.add_url_rule(rule, endpoint, f, **options)
    ~~~~~~~~~~~~~~~~~^^^^^^^^^^^^^^^^^^^^^^^^^^^^^^
  File "/home/administrator/venv/lib/python3.14/site-packages/flask/scaffold.py", line 50, in wrapper_func
    return f(self, *args, **kwargs)
  File "/home/administrator/venv/lib/python3.14/site-packages/flask/app.py", line 1059, in add_url_rule
    raise AssertionError(
    ...<2 lines>...
    )
AssertionError: View function mapping is overwriting an existing endpoint function: api_dvr_probe
2026-09-30 06:47:38 [CRITICAL] [cctv_app:68] UNCAUGHT EXCEPTION
Traceback (most recent call last):
  File "/home/administrator/cctv/app.py", line 532, in <module>
    @app.route("/api/dvr/probe", methods=["POST"])
     ~~~~~~~~~^^^^^^^^^^^^^^^^^^^^^^^^^^^^^^^^^^^^
  File "/home/administrator/venv/lib/python3.14/site-packages/flask/scaffold.py", line 435, in decorator
    self.add_url_rule(rule, endpoint, f, **options)
    ~~~~~~~~~~~~~~~~~^^^^^^^^^^^^^^^^^^^^^^^^^^^^^^
  File "/home/administrator/venv/lib/python3.14/site-packages/flask/scaffold.py", line 50, in wrapper_func
    return f(self, *args, **kwargs)
  File "/home/administrator/venv/lib/python3.14/site-packages/flask/app.py", line 1059, in add_url_rule
    raise AssertionError(
    ...<2 lines>...
    )
AssertionError: View function mapping is overwriting an existing endpoint function: api_dvr_probe
2026-09-30 06:47:44 [CRITICAL] [cctv_app:68] UNCAUGHT EXCEPTION
Traceback (most recent call last):
  File "/home/administrator/cctv/app.py", line 532, in <module>
    @app.route("/api/dvr/probe", methods=["POST"])
     ~~~~~~~~~^^^^^^^^^^^^^^^^^^^^^^^^^^^^^^^^^^^^
  File "/home/administrator/venv/lib/python3.14/site-packages/flask/scaffold.py", line 435, in decorator
    self.add_url_rule(rule, endpoint, f, **options)
    ~~~~~~~~~~~~~~~~~^^^^^^^^^^^^^^^^^^^^^^^^^^^^^^
  File "/home/administrator/venv/lib/python3.14/site-packages/flask/scaffold.py", line 50, in wrapper_func
    return f(self, *args, **kwargs)
  File "/home/administrator/venv/lib/python3.14/site-packages/flask/app.py", line 1059, in add_url_rule
    raise AssertionError(
    ...<2 lines>...
    )
AssertionError: View function mapping is overwriting an existing endpoint function: api_dvr_probe
2026-09-30 06:47:49 [CRITICAL] [cctv_app:68] UNCAUGHT EXCEPTION
Traceback (most recent call last):
  File "/home/administrator/cctv/app.py", line 532, in <module>
    @app.route("/api/dvr/probe", methods=["POST"])
     ~~~~~~~~~^^^^^^^^^^^^^^^^^^^^^^^^^^^^^^^^^^^^
  File "/home/administrator/venv/lib/python3.14/site-packages/flask/scaffold.py", line 435, in decorator
    self.add_url_rule(rule, endpoint, f, **options)
    ~~~~~~~~~~~~~~~~~^^^^^^^^^^^^^^^^^^^^^^^^^^^^^^
  File "/home/administrator/venv/lib/python3.14/site-packages/flask/scaffold.py", line 50, in wrapper_func
    return f(self, *args, **kwargs)
  File "/home/administrator/venv/lib/python3.14/site-packages/flask/app.py", line 1059, in add_url_rule
    raise AssertionError(
    ...<2 lines>...
    )
AssertionError: View function mapping is overwriting an existing endpoint function: api_dvr_probe
2026-09-30 06:47:55 [CRITICAL] [cctv_app:68] UNCAUGHT EXCEPTION
Traceback (most recent call last):
  File "/home/administrator/cctv/app.py", line 532, in <module>
    @app.route("/api/dvr/probe", methods=["POST"])
     ~~~~~~~~~^^^^^^^^^^^^^^^^^^^^^^^^^^^^^^^^^^^^
  File "/home/administrator/venv/lib/python3.14/site-packages/flask/scaffold.py", line 435, in decorator
    self.add_url_rule(rule, endpoint, f, **options)
    ~~~~~~~~~~~~~~~~~^^^^^^^^^^^^^^^^^^^^^^^^^^^^^^
  File "/home/administrator/venv/lib/python3.14/site-packages/flask/scaffold.py", line 50, in wrapper_func
    return f(self, *args, **kwargs)
  File "/home/administrator/venv/lib/python3.14/site-packages/flask/app.py", line 1059, in add_url_rule
    raise AssertionError(
    ...<2 lines>...
    )
AssertionError: View function mapping is overwriting an existing endpoint function: api_dvr_probe
2026-09-30 06:48:00 [CRITICAL] [cctv_app:68] UNCAUGHT EXCEPTION
Traceback (most recent call last):
  File "/home/administrator/cctv/app.py", line 532, in <module>
    @app.route("/api/dvr/probe", methods=["POST"])
     ~~~~~~~~~^^^^^^^^^^^^^^^^^^^^^^^^^^^^^^^^^^^^
  File "/home/administrator/venv/lib/python3.14/site-packages/flask/scaffold.py", line 435, in decorator
    self.add_url_rule(rule, endpoint, f, **options)
    ~~~~~~~~~~~~~~~~~^^^^^^^^^^^^^^^^^^^^^^^^^^^^^^
  File "/home/administrator/venv/lib/python3.14/site-packages/flask/scaffold.py", line 50, in wrapper_func
    return f(self, *args, **kwargs)
  File "/home/administrator/venv/lib/python3.14/site-packages/flask/app.py", line 1059, in add_url_rule
    raise AssertionError(
    ...<2 lines>...
    )
AssertionError: View function mapping is overwriting an existing endpoint function: api_dvr_probe
2026-09-30 06:48:06 [CRITICAL] [cctv_app:68] UNCAUGHT EXCEPTION
Traceback (most recent call last):
  File "/home/administrator/cctv/app.py", line 532, in <module>
    @app.route("/api/dvr/probe", methods=["POST"])
     ~~~~~~~~~^^^^^^^^^^^^^^^^^^^^^^^^^^^^^^^^^^^^
  File "/home/administrator/venv/lib/python3.14/site-packages/flask/scaffold.py", line 435, in decorator
    self.add_url_rule(rule, endpoint, f, **options)
    ~~~~~~~~~~~~~~~~~^^^^^^^^^^^^^^^^^^^^^^^^^^^^^^
  File "/home/administrator/venv/lib/python3.14/site-packages/flask/scaffold.py", line 50, in wrapper_func
    return f(self, *args, **kwargs)
  File "/home/administrator/venv/lib/python3.14/site-packages/flask/app.py", line 1059, in add_url_rule
    raise AssertionError(
    ...<2 lines>...
    )
AssertionError: View function mapping is overwriting an existing endpoint function: api_dvr_probe
2026-09-30 06:48:11 [CRITICAL] [cctv_app:68] UNCAUGHT EXCEPTION
Traceback (most recent call last):
  File "/home/administrator/cctv/app.py", line 532, in <module>
    @app.route("/api/dvr/probe", methods=["POST"])
     ~~~~~~~~~^^^^^^^^^^^^^^^^^^^^^^^^^^^^^^^^^^^^
  File "/home/administrator/venv/lib/python3.14/site-packages/flask/scaffold.py", line 435, in decorator
    self.add_url_rule(rule, endpoint, f, **options)
    ~~~~~~~~~~~~~~~~~^^^^^^^^^^^^^^^^^^^^^^^^^^^^^^
  File "/home/administrator/venv/lib/python3.14/site-packages/flask/scaffold.py", line 50, in wrapper_func
    return f(self, *args, **kwargs)
  File "/home/administrator/venv/lib/python3.14/site-packages/flask/app.py", line 1059, in add_url_rule
    raise AssertionError(
    ...<2 lines>...
    )
AssertionError: View function mapping is overwriting an existing endpoint function: api_dvr_probe
2026-09-30 06:48:17 [CRITICAL] [cctv_app:68] UNCAUGHT EXCEPTION
Traceback (most recent call last):
  File "/home/administrator/cctv/app.py", line 532, in <module>
    @app.route("/api/dvr/probe", methods=["POST"])
     ~~~~~~~~~^^^^^^^^^^^^^^^^^^^^^^^^^^^^^^^^^^^^
  File "/home/administrator/venv/lib/python3.14/site-packages/flask/scaffold.py", line 435, in decorator
    self.add_url_rule(rule, endpoint, f, **options)
    ~~~~~~~~~~~~~~~~~^^^^^^^^^^^^^^^^^^^^^^^^^^^^^^
  File "/home/administrator/venv/lib/python3.14/site-packages/flask/scaffold.py", line 50, in wrapper_func
    return f(self, *args, **kwargs)
  File "/home/administrator/venv/lib/python3.14/site-packages/flask/app.py", line 1059, in add_url_rule
    raise AssertionError(
    ...<2 lines>...
    )
AssertionError: View function mapping is overwriting an existing endpoint function: api_dvr_probe
2026-09-30 06:48:22 [CRITICAL] [cctv_app:68] UNCAUGHT EXCEPTION
Traceback (most recent call last):
  File "/home/administrator/cctv/app.py", line 532, in <module>
    @app.route("/api/dvr/probe", methods=["POST"])
     ~~~~~~~~~^^^^^^^^^^^^^^^^^^^^^^^^^^^^^^^^^^^^
  File "/home/administrator/venv/lib/python3.14/site-packages/flask/scaffold.py", line 435, in decorator
    self.add_url_rule(rule, endpoint, f, **options)
    ~~~~~~~~~~~~~~~~~^^^^^^^^^^^^^^^^^^^^^^^^^^^^^^
  File "/home/administrator/venv/lib/python3.14/site-packages/flask/scaffold.py", line 50, in wrapper_func
    return f(self, *args, **kwargs)
  File "/home/administrator/venv/lib/python3.14/site-packages/flask/app.py", line 1059, in add_url_rule
    raise AssertionError(
    ...<2 lines>...
    )
AssertionError: View function mapping is overwriting an existing endpoint function: api_dvr_probe
2026-09-30 06:48:28 [CRITICAL] [cctv_app:68] UNCAUGHT EXCEPTION
Traceback (most recent call last):
  File "/home/administrator/cctv/app.py", line 532, in <module>
    @app.route("/api/dvr/probe", methods=["POST"])
     ~~~~~~~~~^^^^^^^^^^^^^^^^^^^^^^^^^^^^^^^^^^^^
  File "/home/administrator/venv/lib/python3.14/site-packages/flask/scaffold.py", line 435, in decorator
    self.add_url_rule(rule, endpoint, f, **options)
    ~~~~~~~~~~~~~~~~~^^^^^^^^^^^^^^^^^^^^^^^^^^^^^^
  File "/home/administrator/venv/lib/python3.14/site-packages/flask/scaffold.py", line 50, in wrapper_func
    return f(self, *args, **kwargs)
  File "/home/administrator/venv/lib/python3.14/site-packages/flask/app.py", line 1059, in add_url_rule
    raise AssertionError(
    ...<2 lines>...
    )
AssertionError: View function mapping is overwriting an existing endpoint function: api_dvr_probe
2026-09-30 06:48:33 [CRITICAL] [cctv_app:68] UNCAUGHT EXCEPTION
Traceback (most recent call last):
  File "/home/administrator/cctv/app.py", line 532, in <module>
    @app.route("/api/dvr/probe", methods=["POST"])
     ~~~~~~~~~^^^^^^^^^^^^^^^^^^^^^^^^^^^^^^^^^^^^
  File "/home/administrator/venv/lib/python3.14/site-packages/flask/scaffold.py", line 435, in decorator
    self.add_url_rule(rule, endpoint, f, **options)
    ~~~~~~~~~~~~~~~~~^^^^^^^^^^^^^^^^^^^^^^^^^^^^^^
  File "/home/administrator/venv/lib/python3.14/site-packages/flask/scaffold.py", line 50, in wrapper_func
    return f(self, *args, **kwargs)
  File "/home/administrator/venv/lib/python3.14/site-packages/flask/app.py", line 1059, in add_url_rule
    raise AssertionError(
    ...<2 lines>...
    )
AssertionError: View function mapping is overwriting an existing endpoint function: api_dvr_probe
2026-09-30 06:48:39 [CRITICAL] [cctv_app:68] UNCAUGHT EXCEPTION
Traceback (most recent call last):
  File "/home/administrator/cctv/app.py", line 532, in <module>
    @app.route("/api/dvr/probe", methods=["POST"])
     ~~~~~~~~~^^^^^^^^^^^^^^^^^^^^^^^^^^^^^^^^^^^^
  File "/home/administrator/venv/lib/python3.14/site-packages/flask/scaffold.py", line 435, in decorator
    self.add_url_rule(rule, endpoint, f, **options)
    ~~~~~~~~~~~~~~~~~^^^^^^^^^^^^^^^^^^^^^^^^^^^^^^
  File "/home/administrator/venv/lib/python3.14/site-packages/flask/scaffold.py", line 50, in wrapper_func
    return f(self, *args, **kwargs)
  File "/home/administrator/venv/lib/python3.14/site-packages/flask/app.py", line 1059, in add_url_rule
    raise AssertionError(
    ...<2 lines>...
    )
AssertionError: View function mapping is overwriting an existing endpoint function: api_dvr_probe
2026-09-30 06:48:44 [CRITICAL] [cctv_app:68] UNCAUGHT EXCEPTION
Traceback (most recent call last):
  File "/home/administrator/cctv/app.py", line 532, in <module>
    @app.route("/api/dvr/probe", methods=["POST"])
     ~~~~~~~~~^^^^^^^^^^^^^^^^^^^^^^^^^^^^^^^^^^^^
  File "/home/administrator/venv/lib/python3.14/site-packages/flask/scaffold.py", line 435, in decorator
    self.add_url_rule(rule, endpoint, f, **options)
    ~~~~~~~~~~~~~~~~~^^^^^^^^^^^^^^^^^^^^^^^^^^^^^^
  File "/home/administrator/venv/lib/python3.14/site-packages/flask/scaffold.py", line 50, in wrapper_func
    return f(self, *args, **kwargs)
  File "/home/administrator/venv/lib/python3.14/site-packages/flask/app.py", line 1059, in add_url_rule
    raise AssertionError(
    ...<2 lines>...
    )
AssertionError: View function mapping is overwriting an existing endpoint function: api_dvr_probe
2026-09-30 06:48:50 [CRITICAL] [cctv_app:68] UNCAUGHT EXCEPTION
Traceback (most recent call last):
  File "/home/administrator/cctv/app.py", line 532, in <module>
    @app.route("/api/dvr/probe", methods=["POST"])
     ~~~~~~~~~^^^^^^^^^^^^^^^^^^^^^^^^^^^^^^^^^^^^
  File "/home/administrator/venv/lib/python3.14/site-packages/flask/scaffold.py", line 435, in decorator
    self.add_url_rule(rule, endpoint, f, **options)
    ~~~~~~~~~~~~~~~~~^^^^^^^^^^^^^^^^^^^^^^^^^^^^^^
  File "/home/administrator/venv/lib/python3.14/site-packages/flask/scaffold.py", line 50, in wrapper_func
    return f(self, *args, **kwargs)
  File "/home/administrator/venv/lib/python3.14/site-packages/flask/app.py", line 1059, in add_url_rule
    raise AssertionError(
    ...<2 lines>...
    )
AssertionError: View function mapping is overwriting an existing endpoint function: api_dvr_probe
2026-09-30 06:48:55 [CRITICAL] [cctv_app:68] UNCAUGHT EXCEPTION
Traceback (most recent call last):
  File "/home/administrator/cctv/app.py", line 532, in <module>
    @app.route("/api/dvr/probe", methods=["POST"])
     ~~~~~~~~~^^^^^^^^^^^^^^^^^^^^^^^^^^^^^^^^^^^^
  File "/home/administrator/venv/lib/python3.14/site-packages/flask/scaffold.py", line 435, in decorator
    self.add_url_rule(rule, endpoint, f, **options)
    ~~~~~~~~~~~~~~~~~^^^^^^^^^^^^^^^^^^^^^^^^^^^^^^
  File "/home/administrator/venv/lib/python3.14/site-packages/flask/scaffold.py", line 50, in wrapper_func
    return f(self, *args, **kwargs)
  File "/home/administrator/venv/lib/python3.14/site-packages/flask/app.py", line 1059, in add_url_rule
    raise AssertionError(
    ...<2 lines>...
    )
AssertionError: View function mapping is overwriting an existing endpoint function: api_dvr_probe
2026-09-30 06:49:01 [CRITICAL] [cctv_app:68] UNCAUGHT EXCEPTION
Traceback (most recent call last):
  File "/home/administrator/cctv/app.py", line 532, in <module>
    @app.route("/api/dvr/probe", methods=["POST"])
     ~~~~~~~~~^^^^^^^^^^^^^^^^^^^^^^^^^^^^^^^^^^^^
  File "/home/administrator/venv/lib/python3.14/site-packages/flask/scaffold.py", line 435, in decorator
    self.add_url_rule(rule, endpoint, f, **options)
    ~~~~~~~~~~~~~~~~~^^^^^^^^^^^^^^^^^^^^^^^^^^^^^^
  File "/home/administrator/venv/lib/python3.14/site-packages/flask/scaffold.py", line 50, in wrapper_func
    return f(self, *args, **kwargs)
  File "/home/administrator/venv/lib/python3.14/site-packages/flask/app.py", line 1059, in add_url_rule
    raise AssertionError(
    ...<2 lines>...
    )
AssertionError: View function mapping is overwriting an existing endpoint function: api_dvr_probe
2026-09-30 06:49:06 [CRITICAL] [cctv_app:68] UNCAUGHT EXCEPTION
Traceback (most recent call last):
  File "/home/administrator/cctv/app.py", line 532, in <module>
    @app.route("/api/dvr/probe", methods=["POST"])
     ~~~~~~~~~^^^^^^^^^^^^^^^^^^^^^^^^^^^^^^^^^^^^
  File "/home/administrator/venv/lib/python3.14/site-packages/flask/scaffold.py", line 435, in decorator
    self.add_url_rule(rule, endpoint, f, **options)
    ~~~~~~~~~~~~~~~~~^^^^^^^^^^^^^^^^^^^^^^^^^^^^^^
  File "/home/administrator/venv/lib/python3.14/site-packages/flask/scaffold.py", line 50, in wrapper_func
    return f(self, *args, **kwargs)
  File "/home/administrator/venv/lib/python3.14/site-packages/flask/app.py", line 1059, in add_url_rule
    raise AssertionError(
    ...<2 lines>...
    )
AssertionError: View function mapping is overwriting an existing endpoint function: api_dvr_probe
2026-09-30 06:49:12 [CRITICAL] [cctv_app:68] UNCAUGHT EXCEPTION
Traceback (most recent call last):
  File "/home/administrator/cctv/app.py", line 532, in <module>
    @app.route("/api/dvr/probe", methods=["POST"])
     ~~~~~~~~~^^^^^^^^^^^^^^^^^^^^^^^^^^^^^^^^^^^^
  File "/home/administrator/venv/lib/python3.14/site-packages/flask/scaffold.py", line 435, in decorator
    self.add_url_rule(rule, endpoint, f, **options)
    ~~~~~~~~~~~~~~~~~^^^^^^^^^^^^^^^^^^^^^^^^^^^^^^
  File "/home/administrator/venv/lib/python3.14/site-packages/flask/scaffold.py", line 50, in wrapper_func
    return f(self, *args, **kwargs)
  File "/home/administrator/venv/lib/python3.14/site-packages/flask/app.py", line 1059, in add_url_rule
    raise AssertionError(
    ...<2 lines>...
    )
AssertionError: View function mapping is overwriting an existing endpoint function: api_dvr_probe
2026-09-30 06:49:17 [CRITICAL] [cctv_app:68] UNCAUGHT EXCEPTION
Traceback (most recent call last):
  File "/home/administrator/cctv/app.py", line 532, in <module>
    @app.route("/api/dvr/probe", methods=["POST"])
     ~~~~~~~~~^^^^^^^^^^^^^^^^^^^^^^^^^^^^^^^^^^^^
  File "/home/administrator/venv/lib/python3.14/site-packages/flask/scaffold.py", line 435, in decorator
    self.add_url_rule(rule, endpoint, f, **options)
    ~~~~~~~~~~~~~~~~~^^^^^^^^^^^^^^^^^^^^^^^^^^^^^^
  File "/home/administrator/venv/lib/python3.14/site-packages/flask/scaffold.py", line 50, in wrapper_func
    return f(self, *args, **kwargs)
  File "/home/administrator/venv/lib/python3.14/site-packages/flask/app.py", line 1059, in add_url_rule
    raise AssertionError(
    ...<2 lines>...
    )
AssertionError: View function mapping is overwriting an existing endpoint function: api_dvr_probe
2026-09-30 06:49:23 [CRITICAL] [cctv_app:68] UNCAUGHT EXCEPTION
Traceback (most recent call last):
  File "/home/administrator/cctv/app.py", line 532, in <module>
    @app.route("/api/dvr/probe", methods=["POST"])
     ~~~~~~~~~^^^^^^^^^^^^^^^^^^^^^^^^^^^^^^^^^^^^
  File "/home/administrator/venv/lib/python3.14/site-packages/flask/scaffold.py", line 435, in decorator
    self.add_url_rule(rule, endpoint, f, **options)
    ~~~~~~~~~~~~~~~~~^^^^^^^^^^^^^^^^^^^^^^^^^^^^^^
  File "/home/administrator/venv/lib/python3.14/site-packages/flask/scaffold.py", line 50, in wrapper_func
    return f(self, *args, **kwargs)
  File "/home/administrator/venv/lib/python3.14/site-packages/flask/app.py", line 1059, in add_url_rule
    raise AssertionError(
    ...<2 lines>...
    )
AssertionError: View function mapping is overwriting an existing endpoint function: api_dvr_probe
2026-09-30 06:49:28 [CRITICAL] [cctv_app:68] UNCAUGHT EXCEPTION
Traceback (most recent call last):
  File "/home/administrator/cctv/app.py", line 532, in <module>
    @app.route("/api/dvr/probe", methods=["POST"])
     ~~~~~~~~~^^^^^^^^^^^^^^^^^^^^^^^^^^^^^^^^^^^^
  File "/home/administrator/venv/lib/python3.14/site-packages/flask/scaffold.py", line 435, in decorator
    self.add_url_rule(rule, endpoint, f, **options)
    ~~~~~~~~~~~~~~~~~^^^^^^^^^^^^^^^^^^^^^^^^^^^^^^
  File "/home/administrator/venv/lib/python3.14/site-packages/flask/scaffold.py", line 50, in wrapper_func
    return f(self, *args, **kwargs)
  File "/home/administrator/venv/lib/python3.14/site-packages/flask/app.py", line 1059, in add_url_rule
    raise AssertionError(
    ...<2 lines>...
    )
AssertionError: View function mapping is overwriting an existing endpoint function: api_dvr_probe
2026-09-30 06:49:34 [CRITICAL] [cctv_app:68] UNCAUGHT EXCEPTION
Traceback (most recent call last):
  File "/home/administrator/cctv/app.py", line 532, in <module>
    @app.route("/api/dvr/probe", methods=["POST"])
     ~~~~~~~~~^^^^^^^^^^^^^^^^^^^^^^^^^^^^^^^^^^^^
  File "/home/administrator/venv/lib/python3.14/site-packages/flask/scaffold.py", line 435, in decorator
    self.add_url_rule(rule, endpoint, f, **options)
    ~~~~~~~~~~~~~~~~~^^^^^^^^^^^^^^^^^^^^^^^^^^^^^^
  File "/home/administrator/venv/lib/python3.14/site-packages/flask/scaffold.py", line 50, in wrapper_func
    return f(self, *args, **kwargs)
  File "/home/administrator/venv/lib/python3.14/site-packages/flask/app.py", line 1059, in add_url_rule
    raise AssertionError(
    ...<2 lines>...
    )
AssertionError: View function mapping is overwriting an existing endpoint function: api_dvr_probe
2026-09-30 06:49:39 [CRITICAL] [cctv_app:68] UNCAUGHT EXCEPTION
Traceback (most recent call last):
  File "/home/administrator/cctv/app.py", line 532, in <module>
    @app.route("/api/dvr/probe", methods=["POST"])
     ~~~~~~~~~^^^^^^^^^^^^^^^^^^^^^^^^^^^^^^^^^^^^
  File "/home/administrator/venv/lib/python3.14/site-packages/flask/scaffold.py", line 435, in decorator
    self.add_url_rule(rule, endpoint, f, **options)
    ~~~~~~~~~~~~~~~~~^^^^^^^^^^^^^^^^^^^^^^^^^^^^^^
  File "/home/administrator/venv/lib/python3.14/site-packages/flask/scaffold.py", line 50, in wrapper_func
    return f(self, *args, **kwargs)
  File "/home/administrator/venv/lib/python3.14/site-packages/flask/app.py", line 1059, in add_url_rule
    raise AssertionError(
    ...<2 lines>...
    )
AssertionError: View function mapping is overwriting an existing endpoint function: api_dvr_probe
2026-09-30 06:49:45 [CRITICAL] [cctv_app:68] UNCAUGHT EXCEPTION
Traceback (most recent call last):
  File "/home/administrator/cctv/app.py", line 532, in <module>
    @app.route("/api/dvr/probe", methods=["POST"])
     ~~~~~~~~~^^^^^^^^^^^^^^^^^^^^^^^^^^^^^^^^^^^^
  File "/home/administrator/venv/lib/python3.14/site-packages/flask/scaffold.py", line 435, in decorator
    self.add_url_rule(rule, endpoint, f, **options)
    ~~~~~~~~~~~~~~~~~^^^^^^^^^^^^^^^^^^^^^^^^^^^^^^
  File "/home/administrator/venv/lib/python3.14/site-packages/flask/scaffold.py", line 50, in wrapper_func
    return f(self, *args, **kwargs)
  File "/home/administrator/venv/lib/python3.14/site-packages/flask/app.py", line 1059, in add_url_rule
    raise AssertionError(
    ...<2 lines>...
    )
AssertionError: View function mapping is overwriting an existing endpoint function: api_dvr_probe
2026-09-30 06:49:50 [CRITICAL] [cctv_app:68] UNCAUGHT EXCEPTION
Traceback (most recent call last):
  File "/home/administrator/cctv/app.py", line 532, in <module>
    @app.route("/api/dvr/probe", methods=["POST"])
     ~~~~~~~~~^^^^^^^^^^^^^^^^^^^^^^^^^^^^^^^^^^^^
  File "/home/administrator/venv/lib/python3.14/site-packages/flask/scaffold.py", line 435, in decorator
    self.add_url_rule(rule, endpoint, f, **options)
    ~~~~~~~~~~~~~~~~~^^^^^^^^^^^^^^^^^^^^^^^^^^^^^^
  File "/home/administrator/venv/lib/python3.14/site-packages/flask/scaffold.py", line 50, in wrapper_func
    return f(self, *args, **kwargs)
  File "/home/administrator/venv/lib/python3.14/site-packages/flask/app.py", line 1059, in add_url_rule
    raise AssertionError(
    ...<2 lines>...
    )
AssertionError: View function mapping is overwriting an existing endpoint function: api_dvr_probe
2026-09-30 06:49:56 [CRITICAL] [cctv_app:68] UNCAUGHT EXCEPTION
Traceback (most recent call last):
  File "/home/administrator/cctv/app.py", line 532, in <module>
    @app.route("/api/dvr/probe", methods=["POST"])
     ~~~~~~~~~^^^^^^^^^^^^^^^^^^^^^^^^^^^^^^^^^^^^
  File "/home/administrator/venv/lib/python3.14/site-packages/flask/scaffold.py", line 435, in decorator
    self.add_url_rule(rule, endpoint, f, **options)
    ~~~~~~~~~~~~~~~~~^^^^^^^^^^^^^^^^^^^^^^^^^^^^^^
  File "/home/administrator/venv/lib/python3.14/site-packages/flask/scaffold.py", line 50, in wrapper_func
    return f(self, *args, **kwargs)
  File "/home/administrator/venv/lib/python3.14/site-packages/flask/app.py", line 1059, in add_url_rule
    raise AssertionError(
    ...<2 lines>...
    )
AssertionError: View function mapping is overwriting an existing endpoint function: api_dvr_probe
2026-09-30 06:50:01 [CRITICAL] [cctv_app:68] UNCAUGHT EXCEPTION
Traceback (most recent call last):
  File "/home/administrator/cctv/app.py", line 532, in <module>
    @app.route("/api/dvr/probe", methods=["POST"])
     ~~~~~~~~~^^^^^^^^^^^^^^^^^^^^^^^^^^^^^^^^^^^^
  File "/home/administrator/venv/lib/python3.14/site-packages/flask/scaffold.py", line 435, in decorator
    self.add_url_rule(rule, endpoint, f, **options)
    ~~~~~~~~~~~~~~~~~^^^^^^^^^^^^^^^^^^^^^^^^^^^^^^
  File "/home/administrator/venv/lib/python3.14/site-packages/flask/scaffold.py", line 50, in wrapper_func
    return f(self, *args, **kwargs)
  File "/home/administrator/venv/lib/python3.14/site-packages/flask/app.py", line 1059, in add_url_rule
    raise AssertionError(
    ...<2 lines>...
    )
AssertionError: View function mapping is overwriting an existing endpoint function: api_dvr_probe
2026-09-30 06:50:07 [CRITICAL] [cctv_app:68] UNCAUGHT EXCEPTION
Traceback (most recent call last):
  File "/home/administrator/cctv/app.py", line 532, in <module>
    @app.route("/api/dvr/probe", methods=["POST"])
     ~~~~~~~~~^^^^^^^^^^^^^^^^^^^^^^^^^^^^^^^^^^^^
  File "/home/administrator/venv/lib/python3.14/site-packages/flask/scaffold.py", line 435, in decorator
    self.add_url_rule(rule, endpoint, f, **options)
    ~~~~~~~~~~~~~~~~~^^^^^^^^^^^^^^^^^^^^^^^^^^^^^^
  File "/home/administrator/venv/lib/python3.14/site-packages/flask/scaffold.py", line 50, in wrapper_func
    return f(self, *args, **kwargs)
  File "/home/administrator/venv/lib/python3.14/site-packages/flask/app.py", line 1059, in add_url_rule
    raise AssertionError(
    ...<2 lines>...
    )
AssertionError: View function mapping is overwriting an existing endpoint function: api_dvr_probe
2026-09-30 06:50:12 [CRITICAL] [cctv_app:68] UNCAUGHT EXCEPTION
Traceback (most recent call last):
  File "/home/administrator/cctv/app.py", line 532, in <module>
    @app.route("/api/dvr/probe", methods=["POST"])
     ~~~~~~~~~^^^^^^^^^^^^^^^^^^^^^^^^^^^^^^^^^^^^
  File "/home/administrator/venv/lib/python3.14/site-packages/flask/scaffold.py", line 435, in decorator
    self.add_url_rule(rule, endpoint, f, **options)
    ~~~~~~~~~~~~~~~~~^^^^^^^^^^^^^^^^^^^^^^^^^^^^^^
  File "/home/administrator/venv/lib/python3.14/site-packages/flask/scaffold.py", line 50, in wrapper_func
    return f(self, *args, **kwargs)
  File "/home/administrator/venv/lib/python3.14/site-packages/flask/app.py", line 1059, in add_url_rule
    raise AssertionError(
    ...<2 lines>...
    )
AssertionError: View function mapping is overwriting an existing endpoint function: api_dvr_probe
2026-09-30 06:50:18 [CRITICAL] [cctv_app:68] UNCAUGHT EXCEPTION
Traceback (most recent call last):
  File "/home/administrator/cctv/app.py", line 532, in <module>
    @app.route("/api/dvr/probe", methods=["POST"])
     ~~~~~~~~~^^^^^^^^^^^^^^^^^^^^^^^^^^^^^^^^^^^^
  File "/home/administrator/venv/lib/python3.14/site-packages/flask/scaffold.py", line 435, in decorator
    self.add_url_rule(rule, endpoint, f, **options)
    ~~~~~~~~~~~~~~~~~^^^^^^^^^^^^^^^^^^^^^^^^^^^^^^
  File "/home/administrator/venv/lib/python3.14/site-packages/flask/scaffold.py", line 50, in wrapper_func
    return f(self, *args, **kwargs)
  File "/home/administrator/venv/lib/python3.14/site-packages/flask/app.py", line 1059, in add_url_rule
    raise AssertionError(
    ...<2 lines>...
    )
AssertionError: View function mapping is overwriting an existing endpoint function: api_dvr_probe
2026-09-30 06:50:23 [CRITICAL] [cctv_app:68] UNCAUGHT EXCEPTION
Traceback (most recent call last):
  File "/home/administrator/cctv/app.py", line 532, in <module>
    @app.route("/api/dvr/probe", methods=["POST"])
     ~~~~~~~~~^^^^^^^^^^^^^^^^^^^^^^^^^^^^^^^^^^^^
  File "/home/administrator/venv/lib/python3.14/site-packages/flask/scaffold.py", line 435, in decorator
    self.add_url_rule(rule, endpoint, f, **options)
    ~~~~~~~~~~~~~~~~~^^^^^^^^^^^^^^^^^^^^^^^^^^^^^^
  File "/home/administrator/venv/lib/python3.14/site-packages/flask/scaffold.py", line 50, in wrapper_func
    return f(self, *args, **kwargs)
  File "/home/administrator/venv/lib/python3.14/site-packages/flask/app.py", line 1059, in add_url_rule
    raise AssertionError(
    ...<2 lines>...
    )
AssertionError: View function mapping is overwriting an existing endpoint function: api_dvr_probe
2026-09-30 06:50:29 [CRITICAL] [cctv_app:68] UNCAUGHT EXCEPTION
Traceback (most recent call last):
  File "/home/administrator/cctv/app.py", line 532, in <module>
    @app.route("/api/dvr/probe", methods=["POST"])
     ~~~~~~~~~^^^^^^^^^^^^^^^^^^^^^^^^^^^^^^^^^^^^
  File "/home/administrator/venv/lib/python3.14/site-packages/flask/scaffold.py", line 435, in decorator
    self.add_url_rule(rule, endpoint, f, **options)
    ~~~~~~~~~~~~~~~~~^^^^^^^^^^^^^^^^^^^^^^^^^^^^^^
  File "/home/administrator/venv/lib/python3.14/site-packages/flask/scaffold.py", line 50, in wrapper_func
    return f(self, *args, **kwargs)
  File "/home/administrator/venv/lib/python3.14/site-packages/flask/app.py", line 1059, in add_url_rule
    raise AssertionError(
    ...<2 lines>...
    )
AssertionError: View function mapping is overwriting an existing endpoint function: api_dvr_probe
2026-09-30 06:50:34 [CRITICAL] [cctv_app:68] UNCAUGHT EXCEPTION
Traceback (most recent call last):
  File "/home/administrator/cctv/app.py", line 532, in <module>
    @app.route("/api/dvr/probe", methods=["POST"])
     ~~~~~~~~~^^^^^^^^^^^^^^^^^^^^^^^^^^^^^^^^^^^^
  File "/home/administrator/venv/lib/python3.14/site-packages/flask/scaffold.py", line 435, in decorator
    self.add_url_rule(rule, endpoint, f, **options)
    ~~~~~~~~~~~~~~~~~^^^^^^^^^^^^^^^^^^^^^^^^^^^^^^
  File "/home/administrator/venv/lib/python3.14/site-packages/flask/scaffold.py", line 50, in wrapper_func
    return f(self, *args, **kwargs)
  File "/home/administrator/venv/lib/python3.14/site-packages/flask/app.py", line 1059, in add_url_rule
    raise AssertionError(
    ...<2 lines>...
    )
AssertionError: View function mapping is overwriting an existing endpoint function: api_dvr_probe
2026-09-30 06:50:40 [CRITICAL] [cctv_app:68] UNCAUGHT EXCEPTION
Traceback (most recent call last):
  File "/home/administrator/cctv/app.py", line 532, in <module>
    @app.route("/api/dvr/probe", methods=["POST"])
     ~~~~~~~~~^^^^^^^^^^^^^^^^^^^^^^^^^^^^^^^^^^^^
  File "/home/administrator/venv/lib/python3.14/site-packages/flask/scaffold.py", line 435, in decorator
    self.add_url_rule(rule, endpoint, f, **options)
    ~~~~~~~~~~~~~~~~~^^^^^^^^^^^^^^^^^^^^^^^^^^^^^^
  File "/home/administrator/venv/lib/python3.14/site-packages/flask/scaffold.py", line 50, in wrapper_func
    return f(self, *args, **kwargs)
  File "/home/administrator/venv/lib/python3.14/site-packages/flask/app.py", line 1059, in add_url_rule
    raise AssertionError(
    ...<2 lines>...
    )
AssertionError: View function mapping is overwriting an existing endpoint function: api_dvr_probe
2026-09-30 06:50:45 [CRITICAL] [cctv_app:68] UNCAUGHT EXCEPTION
Traceback (most recent call last):
  File "/home/administrator/cctv/app.py", line 532, in <module>
    @app.route("/api/dvr/probe", methods=["POST"])
     ~~~~~~~~~^^^^^^^^^^^^^^^^^^^^^^^^^^^^^^^^^^^^
  File "/home/administrator/venv/lib/python3.14/site-packages/flask/scaffold.py", line 435, in decorator
    self.add_url_rule(rule, endpoint, f, **options)
    ~~~~~~~~~~~~~~~~~^^^^^^^^^^^^^^^^^^^^^^^^^^^^^^
  File "/home/administrator/venv/lib/python3.14/site-packages/flask/scaffold.py", line 50, in wrapper_func
    return f(self, *args, **kwargs)
  File "/home/administrator/venv/lib/python3.14/site-packages/flask/app.py", line 1059, in add_url_rule
    raise AssertionError(
    ...<2 lines>...
    )
AssertionError: View function mapping is overwriting an existing endpoint function: api_dvr_probe
2026-09-30 06:50:51 [CRITICAL] [cctv_app:68] UNCAUGHT EXCEPTION
Traceback (most recent call last):
  File "/home/administrator/cctv/app.py", line 532, in <module>
    @app.route("/api/dvr/probe", methods=["POST"])
     ~~~~~~~~~^^^^^^^^^^^^^^^^^^^^^^^^^^^^^^^^^^^^
  File "/home/administrator/venv/lib/python3.14/site-packages/flask/scaffold.py", line 435, in decorator
    self.add_url_rule(rule, endpoint, f, **options)
    ~~~~~~~~~~~~~~~~~^^^^^^^^^^^^^^^^^^^^^^^^^^^^^^
  File "/home/administrator/venv/lib/python3.14/site-packages/flask/scaffold.py", line 50, in wrapper_func
    return f(self, *args, **kwargs)
  File "/home/administrator/venv/lib/python3.14/site-packages/flask/app.py", line 1059, in add_url_rule
    raise AssertionError(
    ...<2 lines>...
    )
AssertionError: View function mapping is overwriting an existing endpoint function: api_dvr_probe
2026-09-30 06:50:56 [CRITICAL] [cctv_app:68] UNCAUGHT EXCEPTION
Traceback (most recent call last):
  File "/home/administrator/cctv/app.py", line 532, in <module>
    @app.route("/api/dvr/probe", methods=["POST"])
     ~~~~~~~~~^^^^^^^^^^^^^^^^^^^^^^^^^^^^^^^^^^^^
  File "/home/administrator/venv/lib/python3.14/site-packages/flask/scaffold.py", line 435, in decorator
    self.add_url_rule(rule, endpoint, f, **options)
    ~~~~~~~~~~~~~~~~~^^^^^^^^^^^^^^^^^^^^^^^^^^^^^^
  File "/home/administrator/venv/lib/python3.14/site-packages/flask/scaffold.py", line 50, in wrapper_func
    return f(self, *args, **kwargs)
  File "/home/administrator/venv/lib/python3.14/site-packages/flask/app.py", line 1059, in add_url_rule
    raise AssertionError(
    ...<2 lines>...
    )
AssertionError: View function mapping is overwriting an existing endpoint function: api_dvr_probe
2026-09-30 06:51:02 [CRITICAL] [cctv_app:68] UNCAUGHT EXCEPTION
Traceback (most recent call last):
  File "/home/administrator/cctv/app.py", line 532, in <module>
    @app.route("/api/dvr/probe", methods=["POST"])
     ~~~~~~~~~^^^^^^^^^^^^^^^^^^^^^^^^^^^^^^^^^^^^
  File "/home/administrator/venv/lib/python3.14/site-packages/flask/scaffold.py", line 435, in decorator
    self.add_url_rule(rule, endpoint, f, **options)
    ~~~~~~~~~~~~~~~~~^^^^^^^^^^^^^^^^^^^^^^^^^^^^^^
  File "/home/administrator/venv/lib/python3.14/site-packages/flask/scaffold.py", line 50, in wrapper_func
    return f(self, *args, **kwargs)
  File "/home/administrator/venv/lib/python3.14/site-packages/flask/app.py", line 1059, in add_url_rule
    raise AssertionError(
    ...<2 lines>...
    )
AssertionError: View function mapping is overwriting an existing endpoint function: api_dvr_probe
2026-09-30 06:51:07 [CRITICAL] [cctv_app:68] UNCAUGHT EXCEPTION
Traceback (most recent call last):
  File "/home/administrator/cctv/app.py", line 532, in <module>
    @app.route("/api/dvr/probe", methods=["POST"])
     ~~~~~~~~~^^^^^^^^^^^^^^^^^^^^^^^^^^^^^^^^^^^^
  File "/home/administrator/venv/lib/python3.14/site-packages/flask/scaffold.py", line 435, in decorator
    self.add_url_rule(rule, endpoint, f, **options)
    ~~~~~~~~~~~~~~~~~^^^^^^^^^^^^^^^^^^^^^^^^^^^^^^
  File "/home/administrator/venv/lib/python3.14/site-packages/flask/scaffold.py", line 50, in wrapper_func
    return f(self, *args, **kwargs)
  File "/home/administrator/venv/lib/python3.14/site-packages/flask/app.py", line 1059, in add_url_rule
    raise AssertionError(
    ...<2 lines>...
    )
AssertionError: View function mapping is overwriting an existing endpoint function: api_dvr_probe
2026-09-30 06:51:13 [CRITICAL] [cctv_app:68] UNCAUGHT EXCEPTION
Traceback (most recent call last):
  File "/home/administrator/cctv/app.py", line 532, in <module>
    @app.route("/api/dvr/probe", methods=["POST"])
     ~~~~~~~~~^^^^^^^^^^^^^^^^^^^^^^^^^^^^^^^^^^^^
  File "/home/administrator/venv/lib/python3.14/site-packages/flask/scaffold.py", line 435, in decorator
    self.add_url_rule(rule, endpoint, f, **options)
    ~~~~~~~~~~~~~~~~~^^^^^^^^^^^^^^^^^^^^^^^^^^^^^^
  File "/home/administrator/venv/lib/python3.14/site-packages/flask/scaffold.py", line 50, in wrapper_func
    return f(self, *args, **kwargs)
  File "/home/administrator/venv/lib/python3.14/site-packages/flask/app.py", line 1059, in add_url_rule
    raise AssertionError(
    ...<2 lines>...
    )
AssertionError: View function mapping is overwriting an existing endpoint function: api_dvr_probe
2026-09-30 06:51:18 [CRITICAL] [cctv_app:68] UNCAUGHT EXCEPTION
Traceback (most recent call last):
  File "/home/administrator/cctv/app.py", line 532, in <module>
    @app.route("/api/dvr/probe", methods=["POST"])
     ~~~~~~~~~^^^^^^^^^^^^^^^^^^^^^^^^^^^^^^^^^^^^
  File "/home/administrator/venv/lib/python3.14/site-packages/flask/scaffold.py", line 435, in decorator
    self.add_url_rule(rule, endpoint, f, **options)
    ~~~~~~~~~~~~~~~~~^^^^^^^^^^^^^^^^^^^^^^^^^^^^^^
  File "/home/administrator/venv/lib/python3.14/site-packages/flask/scaffold.py", line 50, in wrapper_func
    return f(self, *args, **kwargs)
  File "/home/administrator/venv/lib/python3.14/site-packages/flask/app.py", line 1059, in add_url_rule
    raise AssertionError(
    ...<2 lines>...
    )
AssertionError: View function mapping is overwriting an existing endpoint function: api_dvr_probe
2026-09-30 06:51:24 [CRITICAL] [cctv_app:68] UNCAUGHT EXCEPTION
Traceback (most recent call last):
  File "/home/administrator/cctv/app.py", line 532, in <module>
    @app.route("/api/dvr/probe", methods=["POST"])
     ~~~~~~~~~^^^^^^^^^^^^^^^^^^^^^^^^^^^^^^^^^^^^
  File "/home/administrator/venv/lib/python3.14/site-packages/flask/scaffold.py", line 435, in decorator
    self.add_url_rule(rule, endpoint, f, **options)
    ~~~~~~~~~~~~~~~~~^^^^^^^^^^^^^^^^^^^^^^^^^^^^^^
  File "/home/administrator/venv/lib/python3.14/site-packages/flask/scaffold.py", line 50, in wrapper_func
    return f(self, *args, **kwargs)
  File "/home/administrator/venv/lib/python3.14/site-packages/flask/app.py", line 1059, in add_url_rule
    raise AssertionError(
    ...<2 lines>...
    )
AssertionError: View function mapping is overwriting an existing endpoint function: api_dvr_probe
2026-09-30 06:51:29 [CRITICAL] [cctv_app:68] UNCAUGHT EXCEPTION
Traceback (most recent call last):
  File "/home/administrator/cctv/app.py", line 532, in <module>
    @app.route("/api/dvr/probe", methods=["POST"])
     ~~~~~~~~~^^^^^^^^^^^^^^^^^^^^^^^^^^^^^^^^^^^^
  File "/home/administrator/venv/lib/python3.14/site-packages/flask/scaffold.py", line 435, in decorator
    self.add_url_rule(rule, endpoint, f, **options)
    ~~~~~~~~~~~~~~~~~^^^^^^^^^^^^^^^^^^^^^^^^^^^^^^
  File "/home/administrator/venv/lib/python3.14/site-packages/flask/scaffold.py", line 50, in wrapper_func
    return f(self, *args, **kwargs)
  File "/home/administrator/venv/lib/python3.14/site-packages/flask/app.py", line 1059, in add_url_rule
    raise AssertionError(
    ...<2 lines>...
    )
AssertionError: View function mapping is overwriting an existing endpoint function: api_dvr_probe
2026-09-30 06:51:35 [CRITICAL] [cctv_app:68] UNCAUGHT EXCEPTION
Traceback (most recent call last):
  File "/home/administrator/cctv/app.py", line 532, in <module>
    @app.route("/api/dvr/probe", methods=["POST"])
     ~~~~~~~~~^^^^^^^^^^^^^^^^^^^^^^^^^^^^^^^^^^^^
  File "/home/administrator/venv/lib/python3.14/site-packages/flask/scaffold.py", line 435, in decorator
    self.add_url_rule(rule, endpoint, f, **options)
    ~~~~~~~~~~~~~~~~~^^^^^^^^^^^^^^^^^^^^^^^^^^^^^^
  File "/home/administrator/venv/lib/python3.14/site-packages/flask/scaffold.py", line 50, in wrapper_func
    return f(self, *args, **kwargs)
  File "/home/administrator/venv/lib/python3.14/site-packages/flask/app.py", line 1059, in add_url_rule
    raise AssertionError(
    ...<2 lines>...
    )
AssertionError: View function mapping is overwriting an existing endpoint function: api_dvr_probe
2026-09-30 06:51:40 [CRITICAL] [cctv_app:68] UNCAUGHT EXCEPTION
Traceback (most recent call last):
  File "/home/administrator/cctv/app.py", line 532, in <module>
    @app.route("/api/dvr/probe", methods=["POST"])
     ~~~~~~~~~^^^^^^^^^^^^^^^^^^^^^^^^^^^^^^^^^^^^
  File "/home/administrator/venv/lib/python3.14/site-packages/flask/scaffold.py", line 435, in decorator
    self.add_url_rule(rule, endpoint, f, **options)
    ~~~~~~~~~~~~~~~~~^^^^^^^^^^^^^^^^^^^^^^^^^^^^^^
  File "/home/administrator/venv/lib/python3.14/site-packages/flask/scaffold.py", line 50, in wrapper_func
    return f(self, *args, **kwargs)
  File "/home/administrator/venv/lib/python3.14/site-packages/flask/app.py", line 1059, in add_url_rule
    raise AssertionError(
    ...<2 lines>...
    )
AssertionError: View function mapping is overwriting an existing endpoint function: api_dvr_probe
2026-09-30 06:51:46 [CRITICAL] [cctv_app:68] UNCAUGHT EXCEPTION
Traceback (most recent call last):
  File "/home/administrator/cctv/app.py", line 532, in <module>
    @app.route("/api/dvr/probe", methods=["POST"])
     ~~~~~~~~~^^^^^^^^^^^^^^^^^^^^^^^^^^^^^^^^^^^^
  File "/home/administrator/venv/lib/python3.14/site-packages/flask/scaffold.py", line 435, in decorator
    self.add_url_rule(rule, endpoint, f, **options)
    ~~~~~~~~~~~~~~~~~^^^^^^^^^^^^^^^^^^^^^^^^^^^^^^
  File "/home/administrator/venv/lib/python3.14/site-packages/flask/scaffold.py", line 50, in wrapper_func
    return f(self, *args, **kwargs)
  File "/home/administrator/venv/lib/python3.14/site-packages/flask/app.py", line 1059, in add_url_rule
    raise AssertionError(
    ...<2 lines>...
    )
AssertionError: View function mapping is overwriting an existing endpoint function: api_dvr_probe
2026-09-30 06:51:51 [CRITICAL] [cctv_app:68] UNCAUGHT EXCEPTION
Traceback (most recent call last):
  File "/home/administrator/cctv/app.py", line 532, in <module>
    @app.route("/api/dvr/probe", methods=["POST"])
     ~~~~~~~~~^^^^^^^^^^^^^^^^^^^^^^^^^^^^^^^^^^^^
  File "/home/administrator/venv/lib/python3.14/site-packages/flask/scaffold.py", line 435, in decorator
    self.add_url_rule(rule, endpoint, f, **options)
    ~~~~~~~~~~~~~~~~~^^^^^^^^^^^^^^^^^^^^^^^^^^^^^^
  File "/home/administrator/venv/lib/python3.14/site-packages/flask/scaffold.py", line 50, in wrapper_func
    return f(self, *args, **kwargs)
  File "/home/administrator/venv/lib/python3.14/site-packages/flask/app.py", line 1059, in add_url_rule
    raise AssertionError(
    ...<2 lines>...
    )
AssertionError: View function mapping is overwriting an existing endpoint function: api_dvr_probe
2026-09-30 06:51:57 [CRITICAL] [cctv_app:68] UNCAUGHT EXCEPTION
Traceback (most recent call last):
  File "/home/administrator/cctv/app.py", line 532, in <module>
    @app.route("/api/dvr/probe", methods=["POST"])
     ~~~~~~~~~^^^^^^^^^^^^^^^^^^^^^^^^^^^^^^^^^^^^
  File "/home/administrator/venv/lib/python3.14/site-packages/flask/scaffold.py", line 435, in decorator
    self.add_url_rule(rule, endpoint, f, **options)
    ~~~~~~~~~~~~~~~~~^^^^^^^^^^^^^^^^^^^^^^^^^^^^^^
  File "/home/administrator/venv/lib/python3.14/site-packages/flask/scaffold.py", line 50, in wrapper_func
    return f(self, *args, **kwargs)
  File "/home/administrator/venv/lib/python3.14/site-packages/flask/app.py", line 1059, in add_url_rule
    raise AssertionError(
    ...<2 lines>...
    )
AssertionError: View function mapping is overwriting an existing endpoint function: api_dvr_probe
2026-09-30 06:52:02 [CRITICAL] [cctv_app:68] UNCAUGHT EXCEPTION
Traceback (most recent call last):
  File "/home/administrator/cctv/app.py", line 532, in <module>
    @app.route("/api/dvr/probe", methods=["POST"])
     ~~~~~~~~~^^^^^^^^^^^^^^^^^^^^^^^^^^^^^^^^^^^^
  File "/home/administrator/venv/lib/python3.14/site-packages/flask/scaffold.py", line 435, in decorator
    self.add_url_rule(rule, endpoint, f, **options)
    ~~~~~~~~~~~~~~~~~^^^^^^^^^^^^^^^^^^^^^^^^^^^^^^
  File "/home/administrator/venv/lib/python3.14/site-packages/flask/scaffold.py", line 50, in wrapper_func
    return f(self, *args, **kwargs)
  File "/home/administrator/venv/lib/python3.14/site-packages/flask/app.py", line 1059, in add_url_rule
    raise AssertionError(
    ...<2 lines>...
    )
AssertionError: View function mapping is overwriting an existing endpoint function: api_dvr_probe
2026-09-30 06:52:08 [CRITICAL] [cctv_app:68] UNCAUGHT EXCEPTION
Traceback (most recent call last):
  File "/home/administrator/cctv/app.py", line 532, in <module>
    @app.route("/api/dvr/probe", methods=["POST"])
     ~~~~~~~~~^^^^^^^^^^^^^^^^^^^^^^^^^^^^^^^^^^^^
  File "/home/administrator/venv/lib/python3.14/site-packages/flask/scaffold.py", line 435, in decorator
    self.add_url_rule(rule, endpoint, f, **options)
    ~~~~~~~~~~~~~~~~~^^^^^^^^^^^^^^^^^^^^^^^^^^^^^^
  File "/home/administrator/venv/lib/python3.14/site-packages/flask/scaffold.py", line 50, in wrapper_func
    return f(self, *args, **kwargs)
  File "/home/administrator/venv/lib/python3.14/site-packages/flask/app.py", line 1059, in add_url_rule
    raise AssertionError(
    ...<2 lines>...
    )
AssertionError: View function mapping is overwriting an existing endpoint function: api_dvr_probe
2026-09-30 06:52:13 [CRITICAL] [cctv_app:68] UNCAUGHT EXCEPTION
Traceback (most recent call last):
  File "/home/administrator/cctv/app.py", line 532, in <module>
    @app.route("/api/dvr/probe", methods=["POST"])
     ~~~~~~~~~^^^^^^^^^^^^^^^^^^^^^^^^^^^^^^^^^^^^
  File "/home/administrator/venv/lib/python3.14/site-packages/flask/scaffold.py", line 435, in decorator
    self.add_url_rule(rule, endpoint, f, **options)
    ~~~~~~~~~~~~~~~~~^^^^^^^^^^^^^^^^^^^^^^^^^^^^^^
  File "/home/administrator/venv/lib/python3.14/site-packages/flask/scaffold.py", line 50, in wrapper_func
    return f(self, *args, **kwargs)
  File "/home/administrator/venv/lib/python3.14/site-packages/flask/app.py", line 1059, in add_url_rule
    raise AssertionError(
    ...<2 lines>...
    )
AssertionError: View function mapping is overwriting an existing endpoint function: api_dvr_probe
2026-09-30 06:52:19 [CRITICAL] [cctv_app:68] UNCAUGHT EXCEPTION
Traceback (most recent call last):
  File "/home/administrator/cctv/app.py", line 532, in <module>
    @app.route("/api/dvr/probe", methods=["POST"])
     ~~~~~~~~~^^^^^^^^^^^^^^^^^^^^^^^^^^^^^^^^^^^^
  File "/home/administrator/venv/lib/python3.14/site-packages/flask/scaffold.py", line 435, in decorator
    self.add_url_rule(rule, endpoint, f, **options)
    ~~~~~~~~~~~~~~~~~^^^^^^^^^^^^^^^^^^^^^^^^^^^^^^
  File "/home/administrator/venv/lib/python3.14/site-packages/flask/scaffold.py", line 50, in wrapper_func
    return f(self, *args, **kwargs)
  File "/home/administrator/venv/lib/python3.14/site-packages/flask/app.py", line 1059, in add_url_rule
    raise AssertionError(
    ...<2 lines>...
    )
AssertionError: View function mapping is overwriting an existing endpoint function: api_dvr_probe
2026-09-30 06:52:24 [CRITICAL] [cctv_app:68] UNCAUGHT EXCEPTION
Traceback (most recent call last):
  File "/home/administrator/cctv/app.py", line 532, in <module>
    @app.route("/api/dvr/probe", methods=["POST"])
     ~~~~~~~~~^^^^^^^^^^^^^^^^^^^^^^^^^^^^^^^^^^^^
  File "/home/administrator/venv/lib/python3.14/site-packages/flask/scaffold.py", line 435, in decorator
    self.add_url_rule(rule, endpoint, f, **options)
    ~~~~~~~~~~~~~~~~~^^^^^^^^^^^^^^^^^^^^^^^^^^^^^^
  File "/home/administrator/venv/lib/python3.14/site-packages/flask/scaffold.py", line 50, in wrapper_func
    return f(self, *args, **kwargs)
  File "/home/administrator/venv/lib/python3.14/site-packages/flask/app.py", line 1059, in add_url_rule
    raise AssertionError(
    ...<2 lines>...
    )
AssertionError: View function mapping is overwriting an existing endpoint function: api_dvr_probe
2026-09-30 06:52:30 [CRITICAL] [cctv_app:68] UNCAUGHT EXCEPTION
Traceback (most recent call last):
  File "/home/administrator/cctv/app.py", line 532, in <module>
    @app.route("/api/dvr/probe", methods=["POST"])
     ~~~~~~~~~^^^^^^^^^^^^^^^^^^^^^^^^^^^^^^^^^^^^
  File "/home/administrator/venv/lib/python3.14/site-packages/flask/scaffold.py", line 435, in decorator
    self.add_url_rule(rule, endpoint, f, **options)
    ~~~~~~~~~~~~~~~~~^^^^^^^^^^^^^^^^^^^^^^^^^^^^^^
  File "/home/administrator/venv/lib/python3.14/site-packages/flask/scaffold.py", line 50, in wrapper_func
    return f(self, *args, **kwargs)
  File "/home/administrator/venv/lib/python3.14/site-packages/flask/app.py", line 1059, in add_url_rule
    raise AssertionError(
    ...<2 lines>...
    )
AssertionError: View function mapping is overwriting an existing endpoint function: api_dvr_probe
2026-09-30 06:52:35 [CRITICAL] [cctv_app:68] UNCAUGHT EXCEPTION
Traceback (most recent call last):
  File "/home/administrator/cctv/app.py", line 532, in <module>
    @app.route("/api/dvr/probe", methods=["POST"])
     ~~~~~~~~~^^^^^^^^^^^^^^^^^^^^^^^^^^^^^^^^^^^^
  File "/home/administrator/venv/lib/python3.14/site-packages/flask/scaffold.py", line 435, in decorator
    self.add_url_rule(rule, endpoint, f, **options)
    ~~~~~~~~~~~~~~~~~^^^^^^^^^^^^^^^^^^^^^^^^^^^^^^
  File "/home/administrator/venv/lib/python3.14/site-packages/flask/scaffold.py", line 50, in wrapper_func
    return f(self, *args, **kwargs)
  File "/home/administrator/venv/lib/python3.14/site-packages/flask/app.py", line 1059, in add_url_rule
    raise AssertionError(
    ...<2 lines>...
    )
AssertionError: View function mapping is overwriting an existing endpoint function: api_dvr_probe
2026-09-30 06:52:41 [CRITICAL] [cctv_app:68] UNCAUGHT EXCEPTION
Traceback (most recent call last):
  File "/home/administrator/cctv/app.py", line 532, in <module>
    @app.route("/api/dvr/probe", methods=["POST"])
     ~~~~~~~~~^^^^^^^^^^^^^^^^^^^^^^^^^^^^^^^^^^^^
  File "/home/administrator/venv/lib/python3.14/site-packages/flask/scaffold.py", line 435, in decorator
    self.add_url_rule(rule, endpoint, f, **options)
    ~~~~~~~~~~~~~~~~~^^^^^^^^^^^^^^^^^^^^^^^^^^^^^^
  File "/home/administrator/venv/lib/python3.14/site-packages/flask/scaffold.py", line 50, in wrapper_func
    return f(self, *args, **kwargs)
  File "/home/administrator/venv/lib/python3.14/site-packages/flask/app.py", line 1059, in add_url_rule
    raise AssertionError(
    ...<2 lines>...
    )
AssertionError: View function mapping is overwriting an existing endpoint function: api_dvr_probe
2026-09-30 06:52:46 [CRITICAL] [cctv_app:68] UNCAUGHT EXCEPTION
Traceback (most recent call last):
  File "/home/administrator/cctv/app.py", line 532, in <module>
    @app.route("/api/dvr/probe", methods=["POST"])
     ~~~~~~~~~^^^^^^^^^^^^^^^^^^^^^^^^^^^^^^^^^^^^
  File "/home/administrator/venv/lib/python3.14/site-packages/flask/scaffold.py", line 435, in decorator
    self.add_url_rule(rule, endpoint, f, **options)
    ~~~~~~~~~~~~~~~~~^^^^^^^^^^^^^^^^^^^^^^^^^^^^^^
  File "/home/administrator/venv/lib/python3.14/site-packages/flask/scaffold.py", line 50, in wrapper_func
    return f(self, *args, **kwargs)
  File "/home/administrator/venv/lib/python3.14/site-packages/flask/app.py", line 1059, in add_url_rule
    raise AssertionError(
    ...<2 lines>...
    )
AssertionError: View function mapping is overwriting an existing endpoint function: api_dvr_probe
2026-09-30 06:52:52 [CRITICAL] [cctv_app:68] UNCAUGHT EXCEPTION
Traceback (most recent call last):
  File "/home/administrator/cctv/app.py", line 532, in <module>
    @app.route("/api/dvr/probe", methods=["POST"])
     ~~~~~~~~~^^^^^^^^^^^^^^^^^^^^^^^^^^^^^^^^^^^^
  File "/home/administrator/venv/lib/python3.14/site-packages/flask/scaffold.py", line 435, in decorator
    self.add_url_rule(rule, endpoint, f, **options)
    ~~~~~~~~~~~~~~~~~^^^^^^^^^^^^^^^^^^^^^^^^^^^^^^
  File "/home/administrator/venv/lib/python3.14/site-packages/flask/scaffold.py", line 50, in wrapper_func
    return f(self, *args, **kwargs)
  File "/home/administrator/venv/lib/python3.14/site-packages/flask/app.py", line 1059, in add_url_rule
    raise AssertionError(
    ...<2 lines>...
    )
AssertionError: View function mapping is overwriting an existing endpoint function: api_dvr_probe
2026-09-30 06:52:57 [CRITICAL] [cctv_app:68] UNCAUGHT EXCEPTION
Traceback (most recent call last):
  File "/home/administrator/cctv/app.py", line 532, in <module>
    @app.route("/api/dvr/probe", methods=["POST"])
     ~~~~~~~~~^^^^^^^^^^^^^^^^^^^^^^^^^^^^^^^^^^^^
  File "/home/administrator/venv/lib/python3.14/site-packages/flask/scaffold.py", line 435, in decorator
    self.add_url_rule(rule, endpoint, f, **options)
    ~~~~~~~~~~~~~~~~~^^^^^^^^^^^^^^^^^^^^^^^^^^^^^^
  File "/home/administrator/venv/lib/python3.14/site-packages/flask/scaffold.py", line 50, in wrapper_func
    return f(self, *args, **kwargs)
  File "/home/administrator/venv/lib/python3.14/site-packages/flask/app.py", line 1059, in add_url_rule
    raise AssertionError(
    ...<2 lines>...
    )
AssertionError: View function mapping is overwriting an existing endpoint function: api_dvr_probe
2026-09-30 06:53:03 [CRITICAL] [cctv_app:68] UNCAUGHT EXCEPTION
Traceback (most recent call last):
  File "/home/administrator/cctv/app.py", line 532, in <module>
    @app.route("/api/dvr/probe", methods=["POST"])
     ~~~~~~~~~^^^^^^^^^^^^^^^^^^^^^^^^^^^^^^^^^^^^
  File "/home/administrator/venv/lib/python3.14/site-packages/flask/scaffold.py", line 435, in decorator
    self.add_url_rule(rule, endpoint, f, **options)
    ~~~~~~~~~~~~~~~~~^^^^^^^^^^^^^^^^^^^^^^^^^^^^^^
  File "/home/administrator/venv/lib/python3.14/site-packages/flask/scaffold.py", line 50, in wrapper_func
    return f(self, *args, **kwargs)
  File "/home/administrator/venv/lib/python3.14/site-packages/flask/app.py", line 1059, in add_url_rule
    raise AssertionError(
    ...<2 lines>...
    )
AssertionError: View function mapping is overwriting an existing endpoint function: api_dvr_probe
2026-09-30 06:53:08 [CRITICAL] [cctv_app:68] UNCAUGHT EXCEPTION
Traceback (most recent call last):
  File "/home/administrator/cctv/app.py", line 532, in <module>
    @app.route("/api/dvr/probe", methods=["POST"])
     ~~~~~~~~~^^^^^^^^^^^^^^^^^^^^^^^^^^^^^^^^^^^^
  File "/home/administrator/venv/lib/python3.14/site-packages/flask/scaffold.py", line 435, in decorator
    self.add_url_rule(rule, endpoint, f, **options)
    ~~~~~~~~~~~~~~~~~^^^^^^^^^^^^^^^^^^^^^^^^^^^^^^
  File "/home/administrator/venv/lib/python3.14/site-packages/flask/scaffold.py", line 50, in wrapper_func
    return f(self, *args, **kwargs)
  File "/home/administrator/venv/lib/python3.14/site-packages/flask/app.py", line 1059, in add_url_rule
    raise AssertionError(
    ...<2 lines>...
    )
AssertionError: View function mapping is overwriting an existing endpoint function: api_dvr_probe
2026-09-30 06:53:14 [CRITICAL] [cctv_app:68] UNCAUGHT EXCEPTION
Traceback (most recent call last):
  File "/home/administrator/cctv/app.py", line 532, in <module>
    @app.route("/api/dvr/probe", methods=["POST"])
     ~~~~~~~~~^^^^^^^^^^^^^^^^^^^^^^^^^^^^^^^^^^^^
  File "/home/administrator/venv/lib/python3.14/site-packages/flask/scaffold.py", line 435, in decorator
    self.add_url_rule(rule, endpoint, f, **options)
    ~~~~~~~~~~~~~~~~~^^^^^^^^^^^^^^^^^^^^^^^^^^^^^^
  File "/home/administrator/venv/lib/python3.14/site-packages/flask/scaffold.py", line 50, in wrapper_func
    return f(self, *args, **kwargs)
  File "/home/administrator/venv/lib/python3.14/site-packages/flask/app.py", line 1059, in add_url_rule
    raise AssertionError(
    ...<2 lines>...
    )
AssertionError: View function mapping is overwriting an existing endpoint function: api_dvr_probe
2026-09-30 06:53:19 [CRITICAL] [cctv_app:68] UNCAUGHT EXCEPTION
Traceback (most recent call last):
  File "/home/administrator/cctv/app.py", line 532, in <module>
    @app.route("/api/dvr/probe", methods=["POST"])
     ~~~~~~~~~^^^^^^^^^^^^^^^^^^^^^^^^^^^^^^^^^^^^
  File "/home/administrator/venv/lib/python3.14/site-packages/flask/scaffold.py", line 435, in decorator
    self.add_url_rule(rule, endpoint, f, **options)
    ~~~~~~~~~~~~~~~~~^^^^^^^^^^^^^^^^^^^^^^^^^^^^^^
  File "/home/administrator/venv/lib/python3.14/site-packages/flask/scaffold.py", line 50, in wrapper_func
    return f(self, *args, **kwargs)
  File "/home/administrator/venv/lib/python3.14/site-packages/flask/app.py", line 1059, in add_url_rule
    raise AssertionError(
    ...<2 lines>...
    )
AssertionError: View function mapping is overwriting an existing endpoint function: api_dvr_probe
2026-09-30 06:53:25 [CRITICAL] [cctv_app:68] UNCAUGHT EXCEPTION
Traceback (most recent call last):
  File "/home/administrator/cctv/app.py", line 532, in <module>
    @app.route("/api/dvr/probe", methods=["POST"])
     ~~~~~~~~~^^^^^^^^^^^^^^^^^^^^^^^^^^^^^^^^^^^^
  File "/home/administrator/venv/lib/python3.14/site-packages/flask/scaffold.py", line 435, in decorator
    self.add_url_rule(rule, endpoint, f, **options)
    ~~~~~~~~~~~~~~~~~^^^^^^^^^^^^^^^^^^^^^^^^^^^^^^
  File "/home/administrator/venv/lib/python3.14/site-packages/flask/scaffold.py", line 50, in wrapper_func
    return f(self, *args, **kwargs)
  File "/home/administrator/venv/lib/python3.14/site-packages/flask/app.py", line 1059, in add_url_rule
    raise AssertionError(
    ...<2 lines>...
    )
AssertionError: View function mapping is overwriting an existing endpoint function: api_dvr_probe
2026-09-30 06:53:30 [CRITICAL] [cctv_app:68] UNCAUGHT EXCEPTION
Traceback (most recent call last):
  File "/home/administrator/cctv/app.py", line 532, in <module>
    @app.route("/api/dvr/probe", methods=["POST"])
     ~~~~~~~~~^^^^^^^^^^^^^^^^^^^^^^^^^^^^^^^^^^^^
  File "/home/administrator/venv/lib/python3.14/site-packages/flask/scaffold.py", line 435, in decorator
    self.add_url_rule(rule, endpoint, f, **options)
    ~~~~~~~~~~~~~~~~~^^^^^^^^^^^^^^^^^^^^^^^^^^^^^^
  File "/home/administrator/venv/lib/python3.14/site-packages/flask/scaffold.py", line 50, in wrapper_func
    return f(self, *args, **kwargs)
  File "/home/administrator/venv/lib/python3.14/site-packages/flask/app.py", line 1059, in add_url_rule
    raise AssertionError(
    ...<2 lines>...
    )
AssertionError: View function mapping is overwriting an existing endpoint function: api_dvr_probe
2026-09-30 06:53:36 [CRITICAL] [cctv_app:68] UNCAUGHT EXCEPTION
Traceback (most recent call last):
  File "/home/administrator/cctv/app.py", line 532, in <module>
    @app.route("/api/dvr/probe", methods=["POST"])
     ~~~~~~~~~^^^^^^^^^^^^^^^^^^^^^^^^^^^^^^^^^^^^
  File "/home/administrator/venv/lib/python3.14/site-packages/flask/scaffold.py", line 435, in decorator
    self.add_url_rule(rule, endpoint, f, **options)
    ~~~~~~~~~~~~~~~~~^^^^^^^^^^^^^^^^^^^^^^^^^^^^^^
  File "/home/administrator/venv/lib/python3.14/site-packages/flask/scaffold.py", line 50, in wrapper_func
    return f(self, *args, **kwargs)
  File "/home/administrator/venv/lib/python3.14/site-packages/flask/app.py", line 1059, in add_url_rule
    raise AssertionError(
    ...<2 lines>...
    )
AssertionError: View function mapping is overwriting an existing endpoint function: api_dvr_probe
2026-09-30 06:53:41 [CRITICAL] [cctv_app:68] UNCAUGHT EXCEPTION
Traceback (most recent call last):
  File "/home/administrator/cctv/app.py", line 532, in <module>
    @app.route("/api/dvr/probe", methods=["POST"])
     ~~~~~~~~~^^^^^^^^^^^^^^^^^^^^^^^^^^^^^^^^^^^^
  File "/home/administrator/venv/lib/python3.14/site-packages/flask/scaffold.py", line 435, in decorator
    self.add_url_rule(rule, endpoint, f, **options)
    ~~~~~~~~~~~~~~~~~^^^^^^^^^^^^^^^^^^^^^^^^^^^^^^
  File "/home/administrator/venv/lib/python3.14/site-packages/flask/scaffold.py", line 50, in wrapper_func
    return f(self, *args, **kwargs)
  File "/home/administrator/venv/lib/python3.14/site-packages/flask/app.py", line 1059, in add_url_rule
    raise AssertionError(
    ...<2 lines>...
    )
AssertionError: View function mapping is overwriting an existing endpoint function: api_dvr_probe
2026-09-30 06:53:47 [CRITICAL] [cctv_app:68] UNCAUGHT EXCEPTION
Traceback (most recent call last):
  File "/home/administrator/cctv/app.py", line 532, in <module>
    @app.route("/api/dvr/probe", methods=["POST"])
     ~~~~~~~~~^^^^^^^^^^^^^^^^^^^^^^^^^^^^^^^^^^^^
  File "/home/administrator/venv/lib/python3.14/site-packages/flask/scaffold.py", line 435, in decorator
    self.add_url_rule(rule, endpoint, f, **options)
    ~~~~~~~~~~~~~~~~~^^^^^^^^^^^^^^^^^^^^^^^^^^^^^^
  File "/home/administrator/venv/lib/python3.14/site-packages/flask/scaffold.py", line 50, in wrapper_func
    return f(self, *args, **kwargs)
  File "/home/administrator/venv/lib/python3.14/site-packages/flask/app.py", line 1059, in add_url_rule
    raise AssertionError(
    ...<2 lines>...
    )
AssertionError: View function mapping is overwriting an existing endpoint function: api_dvr_probe
2026-09-30 06:53:52 [CRITICAL] [cctv_app:68] UNCAUGHT EXCEPTION
Traceback (most recent call last):
  File "/home/administrator/cctv/app.py", line 532, in <module>
    @app.route("/api/dvr/probe", methods=["POST"])
     ~~~~~~~~~^^^^^^^^^^^^^^^^^^^^^^^^^^^^^^^^^^^^
  File "/home/administrator/venv/lib/python3.14/site-packages/flask/scaffold.py", line 435, in decorator
    self.add_url_rule(rule, endpoint, f, **options)
    ~~~~~~~~~~~~~~~~~^^^^^^^^^^^^^^^^^^^^^^^^^^^^^^
  File "/home/administrator/venv/lib/python3.14/site-packages/flask/scaffold.py", line 50, in wrapper_func
    return f(self, *args, **kwargs)
  File "/home/administrator/venv/lib/python3.14/site-packages/flask/app.py", line 1059, in add_url_rule
    raise AssertionError(
    ...<2 lines>...
    )
AssertionError: View function mapping is overwriting an existing endpoint function: api_dvr_probe
2026-09-30 06:53:58 [CRITICAL] [cctv_app:68] UNCAUGHT EXCEPTION
Traceback (most recent call last):
  File "/home/administrator/cctv/app.py", line 532, in <module>
    @app.route("/api/dvr/probe", methods=["POST"])
     ~~~~~~~~~^^^^^^^^^^^^^^^^^^^^^^^^^^^^^^^^^^^^
  File "/home/administrator/venv/lib/python3.14/site-packages/flask/scaffold.py", line 435, in decorator
    self.add_url_rule(rule, endpoint, f, **options)
    ~~~~~~~~~~~~~~~~~^^^^^^^^^^^^^^^^^^^^^^^^^^^^^^
  File "/home/administrator/venv/lib/python3.14/site-packages/flask/scaffold.py", line 50, in wrapper_func
    return f(self, *args, **kwargs)
  File "/home/administrator/venv/lib/python3.14/site-packages/flask/app.py", line 1059, in add_url_rule
    raise AssertionError(
    ...<2 lines>...
    )
AssertionError: View function mapping is overwriting an existing endpoint function: api_dvr_probe
2026-09-30 06:54:03 [CRITICAL] [cctv_app:68] UNCAUGHT EXCEPTION
Traceback (most recent call last):
  File "/home/administrator/cctv/app.py", line 532, in <module>
    @app.route("/api/dvr/probe", methods=["POST"])
     ~~~~~~~~~^^^^^^^^^^^^^^^^^^^^^^^^^^^^^^^^^^^^
  File "/home/administrator/venv/lib/python3.14/site-packages/flask/scaffold.py", line 435, in decorator
    self.add_url_rule(rule, endpoint, f, **options)
    ~~~~~~~~~~~~~~~~~^^^^^^^^^^^^^^^^^^^^^^^^^^^^^^
  File "/home/administrator/venv/lib/python3.14/site-packages/flask/scaffold.py", line 50, in wrapper_func
    return f(self, *args, **kwargs)
  File "/home/administrator/venv/lib/python3.14/site-packages/flask/app.py", line 1059, in add_url_rule
    raise AssertionError(
    ...<2 lines>...
    )
AssertionError: View function mapping is overwriting an existing endpoint function: api_dvr_probe
2026-09-30 06:54:09 [CRITICAL] [cctv_app:68] UNCAUGHT EXCEPTION
Traceback (most recent call last):
  File "/home/administrator/cctv/app.py", line 532, in <module>
    @app.route("/api/dvr/probe", methods=["POST"])
     ~~~~~~~~~^^^^^^^^^^^^^^^^^^^^^^^^^^^^^^^^^^^^
  File "/home/administrator/venv/lib/python3.14/site-packages/flask/scaffold.py", line 435, in decorator
    self.add_url_rule(rule, endpoint, f, **options)
    ~~~~~~~~~~~~~~~~~^^^^^^^^^^^^^^^^^^^^^^^^^^^^^^
  File "/home/administrator/venv/lib/python3.14/site-packages/flask/scaffold.py", line 50, in wrapper_func
    return f(self, *args, **kwargs)
  File "/home/administrator/venv/lib/python3.14/site-packages/flask/app.py", line 1059, in add_url_rule
    raise AssertionError(
    ...<2 lines>...
    )
AssertionError: View function mapping is overwriting an existing endpoint function: api_dvr_probe
2026-09-30 06:54:14 [CRITICAL] [cctv_app:68] UNCAUGHT EXCEPTION
Traceback (most recent call last):
  File "/home/administrator/cctv/app.py", line 532, in <module>
    @app.route("/api/dvr/probe", methods=["POST"])
     ~~~~~~~~~^^^^^^^^^^^^^^^^^^^^^^^^^^^^^^^^^^^^
  File "/home/administrator/venv/lib/python3.14/site-packages/flask/scaffold.py", line 435, in decorator
    self.add_url_rule(rule, endpoint, f, **options)
    ~~~~~~~~~~~~~~~~~^^^^^^^^^^^^^^^^^^^^^^^^^^^^^^
  File "/home/administrator/venv/lib/python3.14/site-packages/flask/scaffold.py", line 50, in wrapper_func
    return f(self, *args, **kwargs)
  File "/home/administrator/venv/lib/python3.14/site-packages/flask/app.py", line 1059, in add_url_rule
    raise AssertionError(
    ...<2 lines>...
    )
AssertionError: View function mapping is overwriting an existing endpoint function: api_dvr_probe
2026-09-30 06:54:20 [CRITICAL] [cctv_app:68] UNCAUGHT EXCEPTION
Traceback (most recent call last):
  File "/home/administrator/cctv/app.py", line 532, in <module>
    @app.route("/api/dvr/probe", methods=["POST"])
     ~~~~~~~~~^^^^^^^^^^^^^^^^^^^^^^^^^^^^^^^^^^^^
  File "/home/administrator/venv/lib/python3.14/site-packages/flask/scaffold.py", line 435, in decorator
    self.add_url_rule(rule, endpoint, f, **options)
    ~~~~~~~~~~~~~~~~~^^^^^^^^^^^^^^^^^^^^^^^^^^^^^^
  File "/home/administrator/venv/lib/python3.14/site-packages/flask/scaffold.py", line 50, in wrapper_func
    return f(self, *args, **kwargs)
  File "/home/administrator/venv/lib/python3.14/site-packages/flask/app.py", line 1059, in add_url_rule
    raise AssertionError(
    ...<2 lines>...
    )
AssertionError: View function mapping is overwriting an existing endpoint function: api_dvr_probe
2026-09-30 06:54:25 [CRITICAL] [cctv_app:68] UNCAUGHT EXCEPTION
Traceback (most recent call last):
  File "/home/administrator/cctv/app.py", line 532, in <module>
    @app.route("/api/dvr/probe", methods=["POST"])
     ~~~~~~~~~^^^^^^^^^^^^^^^^^^^^^^^^^^^^^^^^^^^^
  File "/home/administrator/venv/lib/python3.14/site-packages/flask/scaffold.py", line 435, in decorator
    self.add_url_rule(rule, endpoint, f, **options)
    ~~~~~~~~~~~~~~~~~^^^^^^^^^^^^^^^^^^^^^^^^^^^^^^
  File "/home/administrator/venv/lib/python3.14/site-packages/flask/scaffold.py", line 50, in wrapper_func
    return f(self, *args, **kwargs)
  File "/home/administrator/venv/lib/python3.14/site-packages/flask/app.py", line 1059, in add_url_rule
    raise AssertionError(
    ...<2 lines>...
    )
AssertionError: View function mapping is overwriting an existing endpoint function: api_dvr_probe
2026-09-30 06:54:31 [CRITICAL] [cctv_app:68] UNCAUGHT EXCEPTION
Traceback (most recent call last):
  File "/home/administrator/cctv/app.py", line 532, in <module>
    @app.route("/api/dvr/probe", methods=["POST"])
     ~~~~~~~~~^^^^^^^^^^^^^^^^^^^^^^^^^^^^^^^^^^^^
  File "/home/administrator/venv/lib/python3.14/site-packages/flask/scaffold.py", line 435, in decorator
    self.add_url_rule(rule, endpoint, f, **options)
    ~~~~~~~~~~~~~~~~~^^^^^^^^^^^^^^^^^^^^^^^^^^^^^^
  File "/home/administrator/venv/lib/python3.14/site-packages/flask/scaffold.py", line 50, in wrapper_func
    return f(self, *args, **kwargs)
  File "/home/administrator/venv/lib/python3.14/site-packages/flask/app.py", line 1059, in add_url_rule
    raise AssertionError(
    ...<2 lines>...
    )
AssertionError: View function mapping is overwriting an existing endpoint function: api_dvr_probe
2026-09-30 06:54:36 [CRITICAL] [cctv_app:68] UNCAUGHT EXCEPTION
Traceback (most recent call last):
  File "/home/administrator/cctv/app.py", line 532, in <module>
    @app.route("/api/dvr/probe", methods=["POST"])
     ~~~~~~~~~^^^^^^^^^^^^^^^^^^^^^^^^^^^^^^^^^^^^
  File "/home/administrator/venv/lib/python3.14/site-packages/flask/scaffold.py", line 435, in decorator
    self.add_url_rule(rule, endpoint, f, **options)
    ~~~~~~~~~~~~~~~~~^^^^^^^^^^^^^^^^^^^^^^^^^^^^^^
  File "/home/administrator/venv/lib/python3.14/site-packages/flask/scaffold.py", line 50, in wrapper_func
    return f(self, *args, **kwargs)
  File "/home/administrator/venv/lib/python3.14/site-packages/flask/app.py", line 1059, in add_url_rule
    raise AssertionError(
    ...<2 lines>...
    )
AssertionError: View function mapping is overwriting an existing endpoint function: api_dvr_probe
2026-09-30 06:54:42 [CRITICAL] [cctv_app:68] UNCAUGHT EXCEPTION
Traceback (most recent call last):
  File "/home/administrator/cctv/app.py", line 532, in <module>
    @app.route("/api/dvr/probe", methods=["POST"])
     ~~~~~~~~~^^^^^^^^^^^^^^^^^^^^^^^^^^^^^^^^^^^^
  File "/home/administrator/venv/lib/python3.14/site-packages/flask/scaffold.py", line 435, in decorator
    self.add_url_rule(rule, endpoint, f, **options)
    ~~~~~~~~~~~~~~~~~^^^^^^^^^^^^^^^^^^^^^^^^^^^^^^
  File "/home/administrator/venv/lib/python3.14/site-packages/flask/scaffold.py", line 50, in wrapper_func
    return f(self, *args, **kwargs)
  File "/home/administrator/venv/lib/python3.14/site-packages/flask/app.py", line 1059, in add_url_rule
    raise AssertionError(
    ...<2 lines>...
    )
AssertionError: View function mapping is overwriting an existing endpoint function: api_dvr_probe
2026-09-30 06:54:47 [CRITICAL] [cctv_app:68] UNCAUGHT EXCEPTION
Traceback (most recent call last):
  File "/home/administrator/cctv/app.py", line 532, in <module>
    @app.route("/api/dvr/probe", methods=["POST"])
     ~~~~~~~~~^^^^^^^^^^^^^^^^^^^^^^^^^^^^^^^^^^^^
  File "/home/administrator/venv/lib/python3.14/site-packages/flask/scaffold.py", line 435, in decorator
    self.add_url_rule(rule, endpoint, f, **options)
    ~~~~~~~~~~~~~~~~~^^^^^^^^^^^^^^^^^^^^^^^^^^^^^^
  File "/home/administrator/venv/lib/python3.14/site-packages/flask/scaffold.py", line 50, in wrapper_func
    return f(self, *args, **kwargs)
  File "/home/administrator/venv/lib/python3.14/site-packages/flask/app.py", line 1059, in add_url_rule
    raise AssertionError(
    ...<2 lines>...
    )
AssertionError: View function mapping is overwriting an existing endpoint function: api_dvr_probe
2026-09-30 06:54:53 [CRITICAL] [cctv_app:68] UNCAUGHT EXCEPTION
Traceback (most recent call last):
  File "/home/administrator/cctv/app.py", line 532, in <module>
    @app.route("/api/dvr/probe", methods=["POST"])
     ~~~~~~~~~^^^^^^^^^^^^^^^^^^^^^^^^^^^^^^^^^^^^
  File "/home/administrator/venv/lib/python3.14/site-packages/flask/scaffold.py", line 435, in decorator
    self.add_url_rule(rule, endpoint, f, **options)
    ~~~~~~~~~~~~~~~~~^^^^^^^^^^^^^^^^^^^^^^^^^^^^^^
  File "/home/administrator/venv/lib/python3.14/site-packages/flask/scaffold.py", line 50, in wrapper_func
    return f(self, *args, **kwargs)
  File "/home/administrator/venv/lib/python3.14/site-packages/flask/app.py", line 1059, in add_url_rule
    raise AssertionError(
    ...<2 lines>...
    )
AssertionError: View function mapping is overwriting an existing endpoint function: api_dvr_probe
2026-09-30 06:54:58 [CRITICAL] [cctv_app:68] UNCAUGHT EXCEPTION
Traceback (most recent call last):
  File "/home/administrator/cctv/app.py", line 532, in <module>
    @app.route("/api/dvr/probe", methods=["POST"])
     ~~~~~~~~~^^^^^^^^^^^^^^^^^^^^^^^^^^^^^^^^^^^^
  File "/home/administrator/venv/lib/python3.14/site-packages/flask/scaffold.py", line 435, in decorator
    self.add_url_rule(rule, endpoint, f, **options)
    ~~~~~~~~~~~~~~~~~^^^^^^^^^^^^^^^^^^^^^^^^^^^^^^
  File "/home/administrator/venv/lib/python3.14/site-packages/flask/scaffold.py", line 50, in wrapper_func
    return f(self, *args, **kwargs)
  File "/home/administrator/venv/lib/python3.14/site-packages/flask/app.py", line 1059, in add_url_rule
    raise AssertionError(
    ...<2 lines>...
    )
AssertionError: View function mapping is overwriting an existing endpoint function: api_dvr_probe
2026-09-30 06:55:04 [CRITICAL] [cctv_app:68] UNCAUGHT EXCEPTION
Traceback (most recent call last):
  File "/home/administrator/cctv/app.py", line 532, in <module>
    @app.route("/api/dvr/probe", methods=["POST"])
     ~~~~~~~~~^^^^^^^^^^^^^^^^^^^^^^^^^^^^^^^^^^^^
  File "/home/administrator/venv/lib/python3.14/site-packages/flask/scaffold.py", line 435, in decorator
    self.add_url_rule(rule, endpoint, f, **options)
    ~~~~~~~~~~~~~~~~~^^^^^^^^^^^^^^^^^^^^^^^^^^^^^^
  File "/home/administrator/venv/lib/python3.14/site-packages/flask/scaffold.py", line 50, in wrapper_func
    return f(self, *args, **kwargs)
  File "/home/administrator/venv/lib/python3.14/site-packages/flask/app.py", line 1059, in add_url_rule
    raise AssertionError(
    ...<2 lines>...
    )
AssertionError: View function mapping is overwriting an existing endpoint function: api_dvr_probe
2026-09-30 06:55:09 [CRITICAL] [cctv_app:68] UNCAUGHT EXCEPTION
Traceback (most recent call last):
  File "/home/administrator/cctv/app.py", line 532, in <module>
    @app.route("/api/dvr/probe", methods=["POST"])
     ~~~~~~~~~^^^^^^^^^^^^^^^^^^^^^^^^^^^^^^^^^^^^
  File "/home/administrator/venv/lib/python3.14/site-packages/flask/scaffold.py", line 435, in decorator
    self.add_url_rule(rule, endpoint, f, **options)
    ~~~~~~~~~~~~~~~~~^^^^^^^^^^^^^^^^^^^^^^^^^^^^^^
  File "/home/administrator/venv/lib/python3.14/site-packages/flask/scaffold.py", line 50, in wrapper_func
    return f(self, *args, **kwargs)
  File "/home/administrator/venv/lib/python3.14/site-packages/flask/app.py", line 1059, in add_url_rule
    raise AssertionError(
    ...<2 lines>...
    )
AssertionError: View function mapping is overwriting an existing endpoint function: api_dvr_probe
2026-09-30 06:55:15 [CRITICAL] [cctv_app:68] UNCAUGHT EXCEPTION
Traceback (most recent call last):
  File "/home/administrator/cctv/app.py", line 532, in <module>
    @app.route("/api/dvr/probe", methods=["POST"])
     ~~~~~~~~~^^^^^^^^^^^^^^^^^^^^^^^^^^^^^^^^^^^^
  File "/home/administrator/venv/lib/python3.14/site-packages/flask/scaffold.py", line 435, in decorator
    self.add_url_rule(rule, endpoint, f, **options)
    ~~~~~~~~~~~~~~~~~^^^^^^^^^^^^^^^^^^^^^^^^^^^^^^
  File "/home/administrator/venv/lib/python3.14/site-packages/flask/scaffold.py", line 50, in wrapper_func
    return f(self, *args, **kwargs)
  File "/home/administrator/venv/lib/python3.14/site-packages/flask/app.py", line 1059, in add_url_rule
    raise AssertionError(
    ...<2 lines>...
    )
AssertionError: View function mapping is overwriting an existing endpoint function: api_dvr_probe
2026-09-30 06:55:20 [CRITICAL] [cctv_app:68] UNCAUGHT EXCEPTION
Traceback (most recent call last):
  File "/home/administrator/cctv/app.py", line 532, in <module>
    @app.route("/api/dvr/probe", methods=["POST"])
     ~~~~~~~~~^^^^^^^^^^^^^^^^^^^^^^^^^^^^^^^^^^^^
  File "/home/administrator/venv/lib/python3.14/site-packages/flask/scaffold.py", line 435, in decorator
    self.add_url_rule(rule, endpoint, f, **options)
    ~~~~~~~~~~~~~~~~~^^^^^^^^^^^^^^^^^^^^^^^^^^^^^^
  File "/home/administrator/venv/lib/python3.14/site-packages/flask/scaffold.py", line 50, in wrapper_func
    return f(self, *args, **kwargs)
  File "/home/administrator/venv/lib/python3.14/site-packages/flask/app.py", line 1059, in add_url_rule
    raise AssertionError(
    ...<2 lines>...
    )
AssertionError: View function mapping is overwriting an existing endpoint function: api_dvr_probe
2026-09-30 06:55:26 [CRITICAL] [cctv_app:68] UNCAUGHT EXCEPTION
Traceback (most recent call last):
  File "/home/administrator/cctv/app.py", line 532, in <module>
    @app.route("/api/dvr/probe", methods=["POST"])
     ~~~~~~~~~^^^^^^^^^^^^^^^^^^^^^^^^^^^^^^^^^^^^
  File "/home/administrator/venv/lib/python3.14/site-packages/flask/scaffold.py", line 435, in decorator
    self.add_url_rule(rule, endpoint, f, **options)
    ~~~~~~~~~~~~~~~~~^^^^^^^^^^^^^^^^^^^^^^^^^^^^^^
  File "/home/administrator/venv/lib/python3.14/site-packages/flask/scaffold.py", line 50, in wrapper_func
    return f(self, *args, **kwargs)
  File "/home/administrator/venv/lib/python3.14/site-packages/flask/app.py", line 1059, in add_url_rule
    raise AssertionError(
    ...<2 lines>...
    )
AssertionError: View function mapping is overwriting an existing endpoint function: api_dvr_probe
2026-09-30 06:55:31 [CRITICAL] [cctv_app:68] UNCAUGHT EXCEPTION
Traceback (most recent call last):
  File "/home/administrator/cctv/app.py", line 532, in <module>
    @app.route("/api/dvr/probe", methods=["POST"])
     ~~~~~~~~~^^^^^^^^^^^^^^^^^^^^^^^^^^^^^^^^^^^^
  File "/home/administrator/venv/lib/python3.14/site-packages/flask/scaffold.py", line 435, in decorator
    self.add_url_rule(rule, endpoint, f, **options)
    ~~~~~~~~~~~~~~~~~^^^^^^^^^^^^^^^^^^^^^^^^^^^^^^
  File "/home/administrator/venv/lib/python3.14/site-packages/flask/scaffold.py", line 50, in wrapper_func
    return f(self, *args, **kwargs)
  File "/home/administrator/venv/lib/python3.14/site-packages/flask/app.py", line 1059, in add_url_rule
    raise AssertionError(
    ...<2 lines>...
    )
AssertionError: View function mapping is overwriting an existing endpoint function: api_dvr_probe
2026-09-30 06:55:37 [CRITICAL] [cctv_app:68] UNCAUGHT EXCEPTION
Traceback (most recent call last):
  File "/home/administrator/cctv/app.py", line 532, in <module>
    @app.route("/api/dvr/probe", methods=["POST"])
     ~~~~~~~~~^^^^^^^^^^^^^^^^^^^^^^^^^^^^^^^^^^^^
  File "/home/administrator/venv/lib/python3.14/site-packages/flask/scaffold.py", line 435, in decorator
    self.add_url_rule(rule, endpoint, f, **options)
    ~~~~~~~~~~~~~~~~~^^^^^^^^^^^^^^^^^^^^^^^^^^^^^^
  File "/home/administrator/venv/lib/python3.14/site-packages/flask/scaffold.py", line 50, in wrapper_func
    return f(self, *args, **kwargs)
  File "/home/administrator/venv/lib/python3.14/site-packages/flask/app.py", line 1059, in add_url_rule
    raise AssertionError(
    ...<2 lines>...
    )
AssertionError: View function mapping is overwriting an existing endpoint function: api_dvr_probe
2026-09-30 06:55:42 [CRITICAL] [cctv_app:68] UNCAUGHT EXCEPTION
Traceback (most recent call last):
  File "/home/administrator/cctv/app.py", line 532, in <module>
    @app.route("/api/dvr/probe", methods=["POST"])
     ~~~~~~~~~^^^^^^^^^^^^^^^^^^^^^^^^^^^^^^^^^^^^
  File "/home/administrator/venv/lib/python3.14/site-packages/flask/scaffold.py", line 435, in decorator
    self.add_url_rule(rule, endpoint, f, **options)
    ~~~~~~~~~~~~~~~~~^^^^^^^^^^^^^^^^^^^^^^^^^^^^^^
  File "/home/administrator/venv/lib/python3.14/site-packages/flask/scaffold.py", line 50, in wrapper_func
    return f(self, *args, **kwargs)
  File "/home/administrator/venv/lib/python3.14/site-packages/flask/app.py", line 1059, in add_url_rule
    raise AssertionError(
    ...<2 lines>...
    )
AssertionError: View function mapping is overwriting an existing endpoint function: api_dvr_probe
2026-09-30 06:55:48 [CRITICAL] [cctv_app:68] UNCAUGHT EXCEPTION
Traceback (most recent call last):
  File "/home/administrator/cctv/app.py", line 532, in <module>
    @app.route("/api/dvr/probe", methods=["POST"])
     ~~~~~~~~~^^^^^^^^^^^^^^^^^^^^^^^^^^^^^^^^^^^^
  File "/home/administrator/venv/lib/python3.14/site-packages/flask/scaffold.py", line 435, in decorator
    self.add_url_rule(rule, endpoint, f, **options)
    ~~~~~~~~~~~~~~~~~^^^^^^^^^^^^^^^^^^^^^^^^^^^^^^
  File "/home/administrator/venv/lib/python3.14/site-packages/flask/scaffold.py", line 50, in wrapper_func
    return f(self, *args, **kwargs)
  File "/home/administrator/venv/lib/python3.14/site-packages/flask/app.py", line 1059, in add_url_rule
    raise AssertionError(
    ...<2 lines>...
    )
AssertionError: View function mapping is overwriting an existing endpoint function: api_dvr_probe
2026-09-30 06:55:53 [CRITICAL] [cctv_app:68] UNCAUGHT EXCEPTION
Traceback (most recent call last):
  File "/home/administrator/cctv/app.py", line 532, in <module>
    @app.route("/api/dvr/probe", methods=["POST"])
     ~~~~~~~~~^^^^^^^^^^^^^^^^^^^^^^^^^^^^^^^^^^^^
  File "/home/administrator/venv/lib/python3.14/site-packages/flask/scaffold.py", line 435, in decorator
    self.add_url_rule(rule, endpoint, f, **options)
    ~~~~~~~~~~~~~~~~~^^^^^^^^^^^^^^^^^^^^^^^^^^^^^^
  File "/home/administrator/venv/lib/python3.14/site-packages/flask/scaffold.py", line 50, in wrapper_func
    return f(self, *args, **kwargs)
  File "/home/administrator/venv/lib/python3.14/site-packages/flask/app.py", line 1059, in add_url_rule
    raise AssertionError(
    ...<2 lines>...
    )
AssertionError: View function mapping is overwriting an existing endpoint function: api_dvr_probe
2026-09-30 06:55:59 [CRITICAL] [cctv_app:68] UNCAUGHT EXCEPTION
Traceback (most recent call last):
  File "/home/administrator/cctv/app.py", line 532, in <module>
    @app.route("/api/dvr/probe", methods=["POST"])
     ~~~~~~~~~^^^^^^^^^^^^^^^^^^^^^^^^^^^^^^^^^^^^
  File "/home/administrator/venv/lib/python3.14/site-packages/flask/scaffold.py", line 435, in decorator
    self.add_url_rule(rule, endpoint, f, **options)
    ~~~~~~~~~~~~~~~~~^^^^^^^^^^^^^^^^^^^^^^^^^^^^^^
  File "/home/administrator/venv/lib/python3.14/site-packages/flask/scaffold.py", line 50, in wrapper_func
    return f(self, *args, **kwargs)
  File "/home/administrator/venv/lib/python3.14/site-packages/flask/app.py", line 1059, in add_url_rule
    raise AssertionError(
    ...<2 lines>...
    )
AssertionError: View function mapping is overwriting an existing endpoint function: api_dvr_probe
2026-09-30 06:56:04 [CRITICAL] [cctv_app:68] UNCAUGHT EXCEPTION
Traceback (most recent call last):
  File "/home/administrator/cctv/app.py", line 532, in <module>
    @app.route("/api/dvr/probe", methods=["POST"])
     ~~~~~~~~~^^^^^^^^^^^^^^^^^^^^^^^^^^^^^^^^^^^^
  File "/home/administrator/venv/lib/python3.14/site-packages/flask/scaffold.py", line 435, in decorator
    self.add_url_rule(rule, endpoint, f, **options)
    ~~~~~~~~~~~~~~~~~^^^^^^^^^^^^^^^^^^^^^^^^^^^^^^
  File "/home/administrator/venv/lib/python3.14/site-packages/flask/scaffold.py", line 50, in wrapper_func
    return f(self, *args, **kwargs)
  File "/home/administrator/venv/lib/python3.14/site-packages/flask/app.py", line 1059, in add_url_rule
    raise AssertionError(
    ...<2 lines>...
    )
AssertionError: View function mapping is overwriting an existing endpoint function: api_dvr_probe
2026-09-30 06:56:10 [CRITICAL] [cctv_app:68] UNCAUGHT EXCEPTION
Traceback (most recent call last):
  File "/home/administrator/cctv/app.py", line 532, in <module>
    @app.route("/api/dvr/probe", methods=["POST"])
     ~~~~~~~~~^^^^^^^^^^^^^^^^^^^^^^^^^^^^^^^^^^^^
  File "/home/administrator/venv/lib/python3.14/site-packages/flask/scaffold.py", line 435, in decorator
    self.add_url_rule(rule, endpoint, f, **options)
    ~~~~~~~~~~~~~~~~~^^^^^^^^^^^^^^^^^^^^^^^^^^^^^^
  File "/home/administrator/venv/lib/python3.14/site-packages/flask/scaffold.py", line 50, in wrapper_func
    return f(self, *args, **kwargs)
  File "/home/administrator/venv/lib/python3.14/site-packages/flask/app.py", line 1059, in add_url_rule
    raise AssertionError(
    ...<2 lines>...
    )
AssertionError: View function mapping is overwriting an existing endpoint function: api_dvr_probe
2026-09-30 06:56:15 [CRITICAL] [cctv_app:68] UNCAUGHT EXCEPTION
Traceback (most recent call last):
  File "/home/administrator/cctv/app.py", line 532, in <module>
    @app.route("/api/dvr/probe", methods=["POST"])
     ~~~~~~~~~^^^^^^^^^^^^^^^^^^^^^^^^^^^^^^^^^^^^
  File "/home/administrator/venv/lib/python3.14/site-packages/flask/scaffold.py", line 435, in decorator
    self.add_url_rule(rule, endpoint, f, **options)
    ~~~~~~~~~~~~~~~~~^^^^^^^^^^^^^^^^^^^^^^^^^^^^^^
  File "/home/administrator/venv/lib/python3.14/site-packages/flask/scaffold.py", line 50, in wrapper_func
    return f(self, *args, **kwargs)
  File "/home/administrator/venv/lib/python3.14/site-packages/flask/app.py", line 1059, in add_url_rule
    raise AssertionError(
    ...<2 lines>...
    )
AssertionError: View function mapping is overwriting an existing endpoint function: api_dvr_probe
2026-09-30 06:56:21 [CRITICAL] [cctv_app:68] UNCAUGHT EXCEPTION
Traceback (most recent call last):
  File "/home/administrator/cctv/app.py", line 532, in <module>
    @app.route("/api/dvr/probe", methods=["POST"])
     ~~~~~~~~~^^^^^^^^^^^^^^^^^^^^^^^^^^^^^^^^^^^^
  File "/home/administrator/venv/lib/python3.14/site-packages/flask/scaffold.py", line 435, in decorator
    self.add_url_rule(rule, endpoint, f, **options)
    ~~~~~~~~~~~~~~~~~^^^^^^^^^^^^^^^^^^^^^^^^^^^^^^
  File "/home/administrator/venv/lib/python3.14/site-packages/flask/scaffold.py", line 50, in wrapper_func
    return f(self, *args, **kwargs)
  File "/home/administrator/venv/lib/python3.14/site-packages/flask/app.py", line 1059, in add_url_rule
    raise AssertionError(
    ...<2 lines>...
    )
AssertionError: View function mapping is overwriting an existing endpoint function: api_dvr_probe
2026-09-30 06:56:26 [CRITICAL] [cctv_app:68] UNCAUGHT EXCEPTION
Traceback (most recent call last):
  File "/home/administrator/cctv/app.py", line 532, in <module>
    @app.route("/api/dvr/probe", methods=["POST"])
     ~~~~~~~~~^^^^^^^^^^^^^^^^^^^^^^^^^^^^^^^^^^^^
  File "/home/administrator/venv/lib/python3.14/site-packages/flask/scaffold.py", line 435, in decorator
    self.add_url_rule(rule, endpoint, f, **options)
    ~~~~~~~~~~~~~~~~~^^^^^^^^^^^^^^^^^^^^^^^^^^^^^^
  File "/home/administrator/venv/lib/python3.14/site-packages/flask/scaffold.py", line 50, in wrapper_func
    return f(self, *args, **kwargs)
  File "/home/administrator/venv/lib/python3.14/site-packages/flask/app.py", line 1059, in add_url_rule
    raise AssertionError(
    ...<2 lines>...
    )
AssertionError: View function mapping is overwriting an existing endpoint function: api_dvr_probe
2026-09-30 06:56:32 [CRITICAL] [cctv_app:68] UNCAUGHT EXCEPTION
Traceback (most recent call last):
  File "/home/administrator/cctv/app.py", line 532, in <module>
    @app.route("/api/dvr/probe", methods=["POST"])
     ~~~~~~~~~^^^^^^^^^^^^^^^^^^^^^^^^^^^^^^^^^^^^
  File "/home/administrator/venv/lib/python3.14/site-packages/flask/scaffold.py", line 435, in decorator
    self.add_url_rule(rule, endpoint, f, **options)
    ~~~~~~~~~~~~~~~~~^^^^^^^^^^^^^^^^^^^^^^^^^^^^^^
  File "/home/administrator/venv/lib/python3.14/site-packages/flask/scaffold.py", line 50, in wrapper_func
    return f(self, *args, **kwargs)
  File "/home/administrator/venv/lib/python3.14/site-packages/flask/app.py", line 1059, in add_url_rule
    raise AssertionError(
    ...<2 lines>...
    )
AssertionError: View function mapping is overwriting an existing endpoint function: api_dvr_probe
2026-09-30 06:56:37 [CRITICAL] [cctv_app:68] UNCAUGHT EXCEPTION
Traceback (most recent call last):
  File "/home/administrator/cctv/app.py", line 532, in <module>
    @app.route("/api/dvr/probe", methods=["POST"])
     ~~~~~~~~~^^^^^^^^^^^^^^^^^^^^^^^^^^^^^^^^^^^^
  File "/home/administrator/venv/lib/python3.14/site-packages/flask/scaffold.py", line 435, in decorator
    self.add_url_rule(rule, endpoint, f, **options)
    ~~~~~~~~~~~~~~~~~^^^^^^^^^^^^^^^^^^^^^^^^^^^^^^
  File "/home/administrator/venv/lib/python3.14/site-packages/flask/scaffold.py", line 50, in wrapper_func
    return f(self, *args, **kwargs)
  File "/home/administrator/venv/lib/python3.14/site-packages/flask/app.py", line 1059, in add_url_rule
    raise AssertionError(
    ...<2 lines>...
    )
AssertionError: View function mapping is overwriting an existing endpoint function: api_dvr_probe
2026-09-30 06:56:43 [CRITICAL] [cctv_app:68] UNCAUGHT EXCEPTION
Traceback (most recent call last):
  File "/home/administrator/cctv/app.py", line 532, in <module>
    @app.route("/api/dvr/probe", methods=["POST"])
     ~~~~~~~~~^^^^^^^^^^^^^^^^^^^^^^^^^^^^^^^^^^^^
  File "/home/administrator/venv/lib/python3.14/site-packages/flask/scaffold.py", line 435, in decorator
    self.add_url_rule(rule, endpoint, f, **options)
    ~~~~~~~~~~~~~~~~~^^^^^^^^^^^^^^^^^^^^^^^^^^^^^^
  File "/home/administrator/venv/lib/python3.14/site-packages/flask/scaffold.py", line 50, in wrapper_func
    return f(self, *args, **kwargs)
  File "/home/administrator/venv/lib/python3.14/site-packages/flask/app.py", line 1059, in add_url_rule
    raise AssertionError(
    ...<2 lines>...
    )
AssertionError: View function mapping is overwriting an existing endpoint function: api_dvr_probe
2026-09-30 06:56:48 [CRITICAL] [cctv_app:68] UNCAUGHT EXCEPTION
Traceback (most recent call last):
  File "/home/administrator/cctv/app.py", line 532, in <module>
    @app.route("/api/dvr/probe", methods=["POST"])
     ~~~~~~~~~^^^^^^^^^^^^^^^^^^^^^^^^^^^^^^^^^^^^
  File "/home/administrator/venv/lib/python3.14/site-packages/flask/scaffold.py", line 435, in decorator
    self.add_url_rule(rule, endpoint, f, **options)
    ~~~~~~~~~~~~~~~~~^^^^^^^^^^^^^^^^^^^^^^^^^^^^^^
  File "/home/administrator/venv/lib/python3.14/site-packages/flask/scaffold.py", line 50, in wrapper_func
    return f(self, *args, **kwargs)
  File "/home/administrator/venv/lib/python3.14/site-packages/flask/app.py", line 1059, in add_url_rule
    raise AssertionError(
    ...<2 lines>...
    )
AssertionError: View function mapping is overwriting an existing endpoint function: api_dvr_probe
2026-09-30 06:56:54 [CRITICAL] [cctv_app:68] UNCAUGHT EXCEPTION
Traceback (most recent call last):
  File "/home/administrator/cctv/app.py", line 532, in <module>
    @app.route("/api/dvr/probe", methods=["POST"])
     ~~~~~~~~~^^^^^^^^^^^^^^^^^^^^^^^^^^^^^^^^^^^^
  File "/home/administrator/venv/lib/python3.14/site-packages/flask/scaffold.py", line 435, in decorator
    self.add_url_rule(rule, endpoint, f, **options)
    ~~~~~~~~~~~~~~~~~^^^^^^^^^^^^^^^^^^^^^^^^^^^^^^
  File "/home/administrator/venv/lib/python3.14/site-packages/flask/scaffold.py", line 50, in wrapper_func
    return f(self, *args, **kwargs)
  File "/home/administrator/venv/lib/python3.14/site-packages/flask/app.py", line 1059, in add_url_rule
    raise AssertionError(
    ...<2 lines>...
    )
AssertionError: View function mapping is overwriting an existing endpoint function: api_dvr_probe
2026-09-30 06:56:59 [CRITICAL] [cctv_app:68] UNCAUGHT EXCEPTION
Traceback (most recent call last):
  File "/home/administrator/cctv/app.py", line 532, in <module>
    @app.route("/api/dvr/probe", methods=["POST"])
     ~~~~~~~~~^^^^^^^^^^^^^^^^^^^^^^^^^^^^^^^^^^^^
  File "/home/administrator/venv/lib/python3.14/site-packages/flask/scaffold.py", line 435, in decorator
    self.add_url_rule(rule, endpoint, f, **options)
    ~~~~~~~~~~~~~~~~~^^^^^^^^^^^^^^^^^^^^^^^^^^^^^^
  File "/home/administrator/venv/lib/python3.14/site-packages/flask/scaffold.py", line 50, in wrapper_func
    return f(self, *args, **kwargs)
  File "/home/administrator/venv/lib/python3.14/site-packages/flask/app.py", line 1059, in add_url_rule
    raise AssertionError(
    ...<2 lines>...
    )
AssertionError: View function mapping is overwriting an existing endpoint function: api_dvr_probe
2026-09-30 06:57:05 [CRITICAL] [cctv_app:68] UNCAUGHT EXCEPTION
Traceback (most recent call last):
  File "/home/administrator/cctv/app.py", line 532, in <module>
    @app.route("/api/dvr/probe", methods=["POST"])
     ~~~~~~~~~^^^^^^^^^^^^^^^^^^^^^^^^^^^^^^^^^^^^
  File "/home/administrator/venv/lib/python3.14/site-packages/flask/scaffold.py", line 435, in decorator
    self.add_url_rule(rule, endpoint, f, **options)
    ~~~~~~~~~~~~~~~~~^^^^^^^^^^^^^^^^^^^^^^^^^^^^^^
  File "/home/administrator/venv/lib/python3.14/site-packages/flask/scaffold.py", line 50, in wrapper_func
    return f(self, *args, **kwargs)
  File "/home/administrator/venv/lib/python3.14/site-packages/flask/app.py", line 1059, in add_url_rule
    raise AssertionError(
    ...<2 lines>...
    )
AssertionError: View function mapping is overwriting an existing endpoint function: api_dvr_probe
2026-09-30 06:57:10 [CRITICAL] [cctv_app:68] UNCAUGHT EXCEPTION
Traceback (most recent call last):
  File "/home/administrator/cctv/app.py", line 532, in <module>
    @app.route("/api/dvr/probe", methods=["POST"])
     ~~~~~~~~~^^^^^^^^^^^^^^^^^^^^^^^^^^^^^^^^^^^^
  File "/home/administrator/venv/lib/python3.14/site-packages/flask/scaffold.py", line 435, in decorator
    self.add_url_rule(rule, endpoint, f, **options)
    ~~~~~~~~~~~~~~~~~^^^^^^^^^^^^^^^^^^^^^^^^^^^^^^
  File "/home/administrator/venv/lib/python3.14/site-packages/flask/scaffold.py", line 50, in wrapper_func
    return f(self, *args, **kwargs)
  File "/home/administrator/venv/lib/python3.14/site-packages/flask/app.py", line 1059, in add_url_rule
    raise AssertionError(
    ...<2 lines>...
    )
AssertionError: View function mapping is overwriting an existing endpoint function: api_dvr_probe
2026-09-30 06:57:16 [CRITICAL] [cctv_app:68] UNCAUGHT EXCEPTION
Traceback (most recent call last):
  File "/home/administrator/cctv/app.py", line 532, in <module>
    @app.route("/api/dvr/probe", methods=["POST"])
     ~~~~~~~~~^^^^^^^^^^^^^^^^^^^^^^^^^^^^^^^^^^^^
  File "/home/administrator/venv/lib/python3.14/site-packages/flask/scaffold.py", line 435, in decorator
    self.add_url_rule(rule, endpoint, f, **options)
    ~~~~~~~~~~~~~~~~~^^^^^^^^^^^^^^^^^^^^^^^^^^^^^^
  File "/home/administrator/venv/lib/python3.14/site-packages/flask/scaffold.py", line 50, in wrapper_func
    return f(self, *args, **kwargs)
  File "/home/administrator/venv/lib/python3.14/site-packages/flask/app.py", line 1059, in add_url_rule
    raise AssertionError(
    ...<2 lines>...
    )
AssertionError: View function mapping is overwriting an existing endpoint function: api_dvr_probe
2026-09-30 06:57:21 [CRITICAL] [cctv_app:68] UNCAUGHT EXCEPTION
Traceback (most recent call last):
  File "/home/administrator/cctv/app.py", line 532, in <module>
    @app.route("/api/dvr/probe", methods=["POST"])
     ~~~~~~~~~^^^^^^^^^^^^^^^^^^^^^^^^^^^^^^^^^^^^
  File "/home/administrator/venv/lib/python3.14/site-packages/flask/scaffold.py", line 435, in decorator
    self.add_url_rule(rule, endpoint, f, **options)
    ~~~~~~~~~~~~~~~~~^^^^^^^^^^^^^^^^^^^^^^^^^^^^^^
  File "/home/administrator/venv/lib/python3.14/site-packages/flask/scaffold.py", line 50, in wrapper_func
    return f(self, *args, **kwargs)
  File "/home/administrator/venv/lib/python3.14/site-packages/flask/app.py", line 1059, in add_url_rule
    raise AssertionError(
    ...<2 lines>...
    )
AssertionError: View function mapping is overwriting an existing endpoint function: api_dvr_probe
2026-09-30 06:57:27 [CRITICAL] [cctv_app:68] UNCAUGHT EXCEPTION
Traceback (most recent call last):
  File "/home/administrator/cctv/app.py", line 532, in <module>
    @app.route("/api/dvr/probe", methods=["POST"])
     ~~~~~~~~~^^^^^^^^^^^^^^^^^^^^^^^^^^^^^^^^^^^^
  File "/home/administrator/venv/lib/python3.14/site-packages/flask/scaffold.py", line 435, in decorator
    self.add_url_rule(rule, endpoint, f, **options)
    ~~~~~~~~~~~~~~~~~^^^^^^^^^^^^^^^^^^^^^^^^^^^^^^
  File "/home/administrator/venv/lib/python3.14/site-packages/flask/scaffold.py", line 50, in wrapper_func
    return f(self, *args, **kwargs)
  File "/home/administrator/venv/lib/python3.14/site-packages/flask/app.py", line 1059, in add_url_rule
    raise AssertionError(
    ...<2 lines>...
    )
AssertionError: View function mapping is overwriting an existing endpoint function: api_dvr_probe
2026-09-30 06:57:32 [CRITICAL] [cctv_app:68] UNCAUGHT EXCEPTION
Traceback (most recent call last):
  File "/home/administrator/cctv/app.py", line 532, in <module>
    @app.route("/api/dvr/probe", methods=["POST"])
     ~~~~~~~~~^^^^^^^^^^^^^^^^^^^^^^^^^^^^^^^^^^^^
  File "/home/administrator/venv/lib/python3.14/site-packages/flask/scaffold.py", line 435, in decorator
    self.add_url_rule(rule, endpoint, f, **options)
    ~~~~~~~~~~~~~~~~~^^^^^^^^^^^^^^^^^^^^^^^^^^^^^^
  File "/home/administrator/venv/lib/python3.14/site-packages/flask/scaffold.py", line 50, in wrapper_func
    return f(self, *args, **kwargs)
  File "/home/administrator/venv/lib/python3.14/site-packages/flask/app.py", line 1059, in add_url_rule
    raise AssertionError(
    ...<2 lines>...
    )
AssertionError: View function mapping is overwriting an existing endpoint function: api_dvr_probe
2026-09-30 06:57:38 [CRITICAL] [cctv_app:68] UNCAUGHT EXCEPTION
Traceback (most recent call last):
  File "/home/administrator/cctv/app.py", line 532, in <module>
    @app.route("/api/dvr/probe", methods=["POST"])
     ~~~~~~~~~^^^^^^^^^^^^^^^^^^^^^^^^^^^^^^^^^^^^
  File "/home/administrator/venv/lib/python3.14/site-packages/flask/scaffold.py", line 435, in decorator
    self.add_url_rule(rule, endpoint, f, **options)
    ~~~~~~~~~~~~~~~~~^^^^^^^^^^^^^^^^^^^^^^^^^^^^^^
  File "/home/administrator/venv/lib/python3.14/site-packages/flask/scaffold.py", line 50, in wrapper_func
    return f(self, *args, **kwargs)
  File "/home/administrator/venv/lib/python3.14/site-packages/flask/app.py", line 1059, in add_url_rule
    raise AssertionError(
    ...<2 lines>...
    )
AssertionError: View function mapping is overwriting an existing endpoint function: api_dvr_probe
2026-09-30 06:57:43 [CRITICAL] [cctv_app:68] UNCAUGHT EXCEPTION
Traceback (most recent call last):
  File "/home/administrator/cctv/app.py", line 532, in <module>
    @app.route("/api/dvr/probe", methods=["POST"])
     ~~~~~~~~~^^^^^^^^^^^^^^^^^^^^^^^^^^^^^^^^^^^^
  File "/home/administrator/venv/lib/python3.14/site-packages/flask/scaffold.py", line 435, in decorator
    self.add_url_rule(rule, endpoint, f, **options)
    ~~~~~~~~~~~~~~~~~^^^^^^^^^^^^^^^^^^^^^^^^^^^^^^
  File "/home/administrator/venv/lib/python3.14/site-packages/flask/scaffold.py", line 50, in wrapper_func
    return f(self, *args, **kwargs)
  File "/home/administrator/venv/lib/python3.14/site-packages/flask/app.py", line 1059, in add_url_rule
    raise AssertionError(
    ...<2 lines>...
    )
AssertionError: View function mapping is overwriting an existing endpoint function: api_dvr_probe
2026-09-30 06:57:49 [CRITICAL] [cctv_app:68] UNCAUGHT EXCEPTION
Traceback (most recent call last):
  File "/home/administrator/cctv/app.py", line 532, in <module>
    @app.route("/api/dvr/probe", methods=["POST"])
     ~~~~~~~~~^^^^^^^^^^^^^^^^^^^^^^^^^^^^^^^^^^^^
  File "/home/administrator/venv/lib/python3.14/site-packages/flask/scaffold.py", line 435, in decorator
    self.add_url_rule(rule, endpoint, f, **options)
    ~~~~~~~~~~~~~~~~~^^^^^^^^^^^^^^^^^^^^^^^^^^^^^^
  File "/home/administrator/venv/lib/python3.14/site-packages/flask/scaffold.py", line 50, in wrapper_func
    return f(self, *args, **kwargs)
  File "/home/administrator/venv/lib/python3.14/site-packages/flask/app.py", line 1059, in add_url_rule
    raise AssertionError(
    ...<2 lines>...
    )
AssertionError: View function mapping is overwriting an existing endpoint function: api_dvr_probe
2026-09-30 06:57:54 [CRITICAL] [cctv_app:68] UNCAUGHT EXCEPTION
Traceback (most recent call last):
  File "/home/administrator/cctv/app.py", line 532, in <module>
    @app.route("/api/dvr/probe", methods=["POST"])
     ~~~~~~~~~^^^^^^^^^^^^^^^^^^^^^^^^^^^^^^^^^^^^
  File "/home/administrator/venv/lib/python3.14/site-packages/flask/scaffold.py", line 435, in decorator
    self.add_url_rule(rule, endpoint, f, **options)
    ~~~~~~~~~~~~~~~~~^^^^^^^^^^^^^^^^^^^^^^^^^^^^^^
  File "/home/administrator/venv/lib/python3.14/site-packages/flask/scaffold.py", line 50, in wrapper_func
    return f(self, *args, **kwargs)
  File "/home/administrator/venv/lib/python3.14/site-packages/flask/app.py", line 1059, in add_url_rule
    raise AssertionError(
    ...<2 lines>...
    )
AssertionError: View function mapping is overwriting an existing endpoint function: api_dvr_probe
2026-09-30 06:58:00 [CRITICAL] [cctv_app:68] UNCAUGHT EXCEPTION
Traceback (most recent call last):
  File "/home/administrator/cctv/app.py", line 532, in <module>
    @app.route("/api/dvr/probe", methods=["POST"])
     ~~~~~~~~~^^^^^^^^^^^^^^^^^^^^^^^^^^^^^^^^^^^^
  File "/home/administrator/venv/lib/python3.14/site-packages/flask/scaffold.py", line 435, in decorator
    self.add_url_rule(rule, endpoint, f, **options)
    ~~~~~~~~~~~~~~~~~^^^^^^^^^^^^^^^^^^^^^^^^^^^^^^
  File "/home/administrator/venv/lib/python3.14/site-packages/flask/scaffold.py", line 50, in wrapper_func
    return f(self, *args, **kwargs)
  File "/home/administrator/venv/lib/python3.14/site-packages/flask/app.py", line 1059, in add_url_rule
    raise AssertionError(
    ...<2 lines>...
    )
AssertionError: View function mapping is overwriting an existing endpoint function: api_dvr_probe
2026-09-30 06:58:05 [CRITICAL] [cctv_app:68] UNCAUGHT EXCEPTION
Traceback (most recent call last):
  File "/home/administrator/cctv/app.py", line 532, in <module>
    @app.route("/api/dvr/probe", methods=["POST"])
     ~~~~~~~~~^^^^^^^^^^^^^^^^^^^^^^^^^^^^^^^^^^^^
  File "/home/administrator/venv/lib/python3.14/site-packages/flask/scaffold.py", line 435, in decorator
    self.add_url_rule(rule, endpoint, f, **options)
    ~~~~~~~~~~~~~~~~~^^^^^^^^^^^^^^^^^^^^^^^^^^^^^^
  File "/home/administrator/venv/lib/python3.14/site-packages/flask/scaffold.py", line 50, in wrapper_func
    return f(self, *args, **kwargs)
  File "/home/administrator/venv/lib/python3.14/site-packages/flask/app.py", line 1059, in add_url_rule
    raise AssertionError(
    ...<2 lines>...
    )
AssertionError: View function mapping is overwriting an existing endpoint function: api_dvr_probe
2026-09-30 06:58:11 [CRITICAL] [cctv_app:68] UNCAUGHT EXCEPTION
Traceback (most recent call last):
  File "/home/administrator/cctv/app.py", line 532, in <module>
    @app.route("/api/dvr/probe", methods=["POST"])
     ~~~~~~~~~^^^^^^^^^^^^^^^^^^^^^^^^^^^^^^^^^^^^
  File "/home/administrator/venv/lib/python3.14/site-packages/flask/scaffold.py", line 435, in decorator
    self.add_url_rule(rule, endpoint, f, **options)
    ~~~~~~~~~~~~~~~~~^^^^^^^^^^^^^^^^^^^^^^^^^^^^^^
  File "/home/administrator/venv/lib/python3.14/site-packages/flask/scaffold.py", line 50, in wrapper_func
    return f(self, *args, **kwargs)
  File "/home/administrator/venv/lib/python3.14/site-packages/flask/app.py", line 1059, in add_url_rule
    raise AssertionError(
    ...<2 lines>...
    )
AssertionError: View function mapping is overwriting an existing endpoint function: api_dvr_probe
2026-09-30 06:58:16 [CRITICAL] [cctv_app:68] UNCAUGHT EXCEPTION
Traceback (most recent call last):
  File "/home/administrator/cctv/app.py", line 532, in <module>
    @app.route("/api/dvr/probe", methods=["POST"])
     ~~~~~~~~~^^^^^^^^^^^^^^^^^^^^^^^^^^^^^^^^^^^^
  File "/home/administrator/venv/lib/python3.14/site-packages/flask/scaffold.py", line 435, in decorator
    self.add_url_rule(rule, endpoint, f, **options)
    ~~~~~~~~~~~~~~~~~^^^^^^^^^^^^^^^^^^^^^^^^^^^^^^
  File "/home/administrator/venv/lib/python3.14/site-packages/flask/scaffold.py", line 50, in wrapper_func
    return f(self, *args, **kwargs)
  File "/home/administrator/venv/lib/python3.14/site-packages/flask/app.py", line 1059, in add_url_rule
    raise AssertionError(
    ...<2 lines>...
    )
AssertionError: View function mapping is overwriting an existing endpoint function: api_dvr_probe
2026-09-30 06:58:22 [CRITICAL] [cctv_app:68] UNCAUGHT EXCEPTION
Traceback (most recent call last):
  File "/home/administrator/cctv/app.py", line 532, in <module>
    @app.route("/api/dvr/probe", methods=["POST"])
     ~~~~~~~~~^^^^^^^^^^^^^^^^^^^^^^^^^^^^^^^^^^^^
  File "/home/administrator/venv/lib/python3.14/site-packages/flask/scaffold.py", line 435, in decorator
    self.add_url_rule(rule, endpoint, f, **options)
    ~~~~~~~~~~~~~~~~~^^^^^^^^^^^^^^^^^^^^^^^^^^^^^^
  File "/home/administrator/venv/lib/python3.14/site-packages/flask/scaffold.py", line 50, in wrapper_func
    return f(self, *args, **kwargs)
  File "/home/administrator/venv/lib/python3.14/site-packages/flask/app.py", line 1059, in add_url_rule
    raise AssertionError(
    ...<2 lines>...
    )
AssertionError: View function mapping is overwriting an existing endpoint function: api_dvr_probe
2026-09-30 06:58:27 [CRITICAL] [cctv_app:68] UNCAUGHT EXCEPTION
Traceback (most recent call last):
  File "/home/administrator/cctv/app.py", line 532, in <module>
    @app.route("/api/dvr/probe", methods=["POST"])
     ~~~~~~~~~^^^^^^^^^^^^^^^^^^^^^^^^^^^^^^^^^^^^
  File "/home/administrator/venv/lib/python3.14/site-packages/flask/scaffold.py", line 435, in decorator
    self.add_url_rule(rule, endpoint, f, **options)
    ~~~~~~~~~~~~~~~~~^^^^^^^^^^^^^^^^^^^^^^^^^^^^^^
  File "/home/administrator/venv/lib/python3.14/site-packages/flask/scaffold.py", line 50, in wrapper_func
    return f(self, *args, **kwargs)
  File "/home/administrator/venv/lib/python3.14/site-packages/flask/app.py", line 1059, in add_url_rule
    raise AssertionError(
    ...<2 lines>...
    )
AssertionError: View function mapping is overwriting an existing endpoint function: api_dvr_probe
2026-09-30 06:58:33 [CRITICAL] [cctv_app:68] UNCAUGHT EXCEPTION
Traceback (most recent call last):
  File "/home/administrator/cctv/app.py", line 532, in <module>
    @app.route("/api/dvr/probe", methods=["POST"])
     ~~~~~~~~~^^^^^^^^^^^^^^^^^^^^^^^^^^^^^^^^^^^^
  File "/home/administrator/venv/lib/python3.14/site-packages/flask/scaffold.py", line 435, in decorator
    self.add_url_rule(rule, endpoint, f, **options)
    ~~~~~~~~~~~~~~~~~^^^^^^^^^^^^^^^^^^^^^^^^^^^^^^
  File "/home/administrator/venv/lib/python3.14/site-packages/flask/scaffold.py", line 50, in wrapper_func
    return f(self, *args, **kwargs)
  File "/home/administrator/venv/lib/python3.14/site-packages/flask/app.py", line 1059, in add_url_rule
    raise AssertionError(
    ...<2 lines>...
    )
AssertionError: View function mapping is overwriting an existing endpoint function: api_dvr_probe
2026-09-30 06:58:38 [CRITICAL] [cctv_app:68] UNCAUGHT EXCEPTION
Traceback (most recent call last):
  File "/home/administrator/cctv/app.py", line 532, in <module>
    @app.route("/api/dvr/probe", methods=["POST"])
     ~~~~~~~~~^^^^^^^^^^^^^^^^^^^^^^^^^^^^^^^^^^^^
  File "/home/administrator/venv/lib/python3.14/site-packages/flask/scaffold.py", line 435, in decorator
    self.add_url_rule(rule, endpoint, f, **options)
    ~~~~~~~~~~~~~~~~~^^^^^^^^^^^^^^^^^^^^^^^^^^^^^^
  File "/home/administrator/venv/lib/python3.14/site-packages/flask/scaffold.py", line 50, in wrapper_func
    return f(self, *args, **kwargs)
  File "/home/administrator/venv/lib/python3.14/site-packages/flask/app.py", line 1059, in add_url_rule
    raise AssertionError(
    ...<2 lines>...
    )
AssertionError: View function mapping is overwriting an existing endpoint function: api_dvr_probe
2026-09-30 06:58:44 [CRITICAL] [cctv_app:68] UNCAUGHT EXCEPTION
Traceback (most recent call last):
  File "/home/administrator/cctv/app.py", line 532, in <module>
    @app.route("/api/dvr/probe", methods=["POST"])
     ~~~~~~~~~^^^^^^^^^^^^^^^^^^^^^^^^^^^^^^^^^^^^
  File "/home/administrator/venv/lib/python3.14/site-packages/flask/scaffold.py", line 435, in decorator
    self.add_url_rule(rule, endpoint, f, **options)
    ~~~~~~~~~~~~~~~~~^^^^^^^^^^^^^^^^^^^^^^^^^^^^^^
  File "/home/administrator/venv/lib/python3.14/site-packages/flask/scaffold.py", line 50, in wrapper_func
    return f(self, *args, **kwargs)
  File "/home/administrator/venv/lib/python3.14/site-packages/flask/app.py", line 1059, in add_url_rule
    raise AssertionError(
    ...<2 lines>...
    )
AssertionError: View function mapping is overwriting an existing endpoint function: api_dvr_probe
2026-09-30 06:58:49 [CRITICAL] [cctv_app:68] UNCAUGHT EXCEPTION
Traceback (most recent call last):
  File "/home/administrator/cctv/app.py", line 532, in <module>
    @app.route("/api/dvr/probe", methods=["POST"])
     ~~~~~~~~~^^^^^^^^^^^^^^^^^^^^^^^^^^^^^^^^^^^^
  File "/home/administrator/venv/lib/python3.14/site-packages/flask/scaffold.py", line 435, in decorator
    self.add_url_rule(rule, endpoint, f, **options)
    ~~~~~~~~~~~~~~~~~^^^^^^^^^^^^^^^^^^^^^^^^^^^^^^
  File "/home/administrator/venv/lib/python3.14/site-packages/flask/scaffold.py", line 50, in wrapper_func
    return f(self, *args, **kwargs)
  File "/home/administrator/venv/lib/python3.14/site-packages/flask/app.py", line 1059, in add_url_rule
    raise AssertionError(
    ...<2 lines>...
    )
AssertionError: View function mapping is overwriting an existing endpoint function: api_dvr_probe
2026-09-30 06:58:55 [CRITICAL] [cctv_app:68] UNCAUGHT EXCEPTION
Traceback (most recent call last):
  File "/home/administrator/cctv/app.py", line 532, in <module>
    @app.route("/api/dvr/probe", methods=["POST"])
     ~~~~~~~~~^^^^^^^^^^^^^^^^^^^^^^^^^^^^^^^^^^^^
  File "/home/administrator/venv/lib/python3.14/site-packages/flask/scaffold.py", line 435, in decorator
    self.add_url_rule(rule, endpoint, f, **options)
    ~~~~~~~~~~~~~~~~~^^^^^^^^^^^^^^^^^^^^^^^^^^^^^^
  File "/home/administrator/venv/lib/python3.14/site-packages/flask/scaffold.py", line 50, in wrapper_func
    return f(self, *args, **kwargs)
  File "/home/administrator/venv/lib/python3.14/site-packages/flask/app.py", line 1059, in add_url_rule
    raise AssertionError(
    ...<2 lines>...
    )
AssertionError: View function mapping is overwriting an existing endpoint function: api_dvr_probe
2026-09-30 06:59:00 [CRITICAL] [cctv_app:68] UNCAUGHT EXCEPTION
Traceback (most recent call last):
  File "/home/administrator/cctv/app.py", line 532, in <module>
    @app.route("/api/dvr/probe", methods=["POST"])
     ~~~~~~~~~^^^^^^^^^^^^^^^^^^^^^^^^^^^^^^^^^^^^
  File "/home/administrator/venv/lib/python3.14/site-packages/flask/scaffold.py", line 435, in decorator
    self.add_url_rule(rule, endpoint, f, **options)
    ~~~~~~~~~~~~~~~~~^^^^^^^^^^^^^^^^^^^^^^^^^^^^^^
  File "/home/administrator/venv/lib/python3.14/site-packages/flask/scaffold.py", line 50, in wrapper_func
    return f(self, *args, **kwargs)
  File "/home/administrator/venv/lib/python3.14/site-packages/flask/app.py", line 1059, in add_url_rule
    raise AssertionError(
    ...<2 lines>...
    )
AssertionError: View function mapping is overwriting an existing endpoint function: api_dvr_probe
2026-09-30 06:59:06 [CRITICAL] [cctv_app:68] UNCAUGHT EXCEPTION
Traceback (most recent call last):
  File "/home/administrator/cctv/app.py", line 532, in <module>
    @app.route("/api/dvr/probe", methods=["POST"])
     ~~~~~~~~~^^^^^^^^^^^^^^^^^^^^^^^^^^^^^^^^^^^^
  File "/home/administrator/venv/lib/python3.14/site-packages/flask/scaffold.py", line 435, in decorator
    self.add_url_rule(rule, endpoint, f, **options)
    ~~~~~~~~~~~~~~~~~^^^^^^^^^^^^^^^^^^^^^^^^^^^^^^
  File "/home/administrator/venv/lib/python3.14/site-packages/flask/scaffold.py", line 50, in wrapper_func
    return f(self, *args, **kwargs)
  File "/home/administrator/venv/lib/python3.14/site-packages/flask/app.py", line 1059, in add_url_rule
    raise AssertionError(
    ...<2 lines>...
    )
AssertionError: View function mapping is overwriting an existing endpoint function: api_dvr_probe
2026-09-30 06:59:11 [CRITICAL] [cctv_app:68] UNCAUGHT EXCEPTION
Traceback (most recent call last):
  File "/home/administrator/cctv/app.py", line 532, in <module>
    @app.route("/api/dvr/probe", methods=["POST"])
     ~~~~~~~~~^^^^^^^^^^^^^^^^^^^^^^^^^^^^^^^^^^^^
  File "/home/administrator/venv/lib/python3.14/site-packages/flask/scaffold.py", line 435, in decorator
    self.add_url_rule(rule, endpoint, f, **options)
    ~~~~~~~~~~~~~~~~~^^^^^^^^^^^^^^^^^^^^^^^^^^^^^^
  File "/home/administrator/venv/lib/python3.14/site-packages/flask/scaffold.py", line 50, in wrapper_func
    return f(self, *args, **kwargs)
  File "/home/administrator/venv/lib/python3.14/site-packages/flask/app.py", line 1059, in add_url_rule
    raise AssertionError(
    ...<2 lines>...
    )
AssertionError: View function mapping is overwriting an existing endpoint function: api_dvr_probe
2026-09-30 06:59:17 [CRITICAL] [cctv_app:68] UNCAUGHT EXCEPTION
Traceback (most recent call last):
  File "/home/administrator/cctv/app.py", line 532, in <module>
    @app.route("/api/dvr/probe", methods=["POST"])
     ~~~~~~~~~^^^^^^^^^^^^^^^^^^^^^^^^^^^^^^^^^^^^
  File "/home/administrator/venv/lib/python3.14/site-packages/flask/scaffold.py", line 435, in decorator
    self.add_url_rule(rule, endpoint, f, **options)
    ~~~~~~~~~~~~~~~~~^^^^^^^^^^^^^^^^^^^^^^^^^^^^^^
  File "/home/administrator/venv/lib/python3.14/site-packages/flask/scaffold.py", line 50, in wrapper_func
    return f(self, *args, **kwargs)
  File "/home/administrator/venv/lib/python3.14/site-packages/flask/app.py", line 1059, in add_url_rule
    raise AssertionError(
    ...<2 lines>...
    )
AssertionError: View function mapping is overwriting an existing endpoint function: api_dvr_probe
2026-09-30 06:59:22 [CRITICAL] [cctv_app:68] UNCAUGHT EXCEPTION
Traceback (most recent call last):
  File "/home/administrator/cctv/app.py", line 532, in <module>
    @app.route("/api/dvr/probe", methods=["POST"])
     ~~~~~~~~~^^^^^^^^^^^^^^^^^^^^^^^^^^^^^^^^^^^^
  File "/home/administrator/venv/lib/python3.14/site-packages/flask/scaffold.py", line 435, in decorator
    self.add_url_rule(rule, endpoint, f, **options)
    ~~~~~~~~~~~~~~~~~^^^^^^^^^^^^^^^^^^^^^^^^^^^^^^
  File "/home/administrator/venv/lib/python3.14/site-packages/flask/scaffold.py", line 50, in wrapper_func
    return f(self, *args, **kwargs)
  File "/home/administrator/venv/lib/python3.14/site-packages/flask/app.py", line 1059, in add_url_rule
    raise AssertionError(
    ...<2 lines>...
    )
AssertionError: View function mapping is overwriting an existing endpoint function: api_dvr_probe
2026-09-30 06:59:28 [CRITICAL] [cctv_app:68] UNCAUGHT EXCEPTION
Traceback (most recent call last):
  File "/home/administrator/cctv/app.py", line 532, in <module>
    @app.route("/api/dvr/probe", methods=["POST"])
     ~~~~~~~~~^^^^^^^^^^^^^^^^^^^^^^^^^^^^^^^^^^^^
  File "/home/administrator/venv/lib/python3.14/site-packages/flask/scaffold.py", line 435, in decorator
    self.add_url_rule(rule, endpoint, f, **options)
    ~~~~~~~~~~~~~~~~~^^^^^^^^^^^^^^^^^^^^^^^^^^^^^^
  File "/home/administrator/venv/lib/python3.14/site-packages/flask/scaffold.py", line 50, in wrapper_func
    return f(self, *args, **kwargs)
  File "/home/administrator/venv/lib/python3.14/site-packages/flask/app.py", line 1059, in add_url_rule
    raise AssertionError(
    ...<2 lines>...
    )
AssertionError: View function mapping is overwriting an existing endpoint function: api_dvr_probe
2026-09-30 06:59:33 [CRITICAL] [cctv_app:68] UNCAUGHT EXCEPTION
Traceback (most recent call last):
  File "/home/administrator/cctv/app.py", line 532, in <module>
    @app.route("/api/dvr/probe", methods=["POST"])
     ~~~~~~~~~^^^^^^^^^^^^^^^^^^^^^^^^^^^^^^^^^^^^
  File "/home/administrator/venv/lib/python3.14/site-packages/flask/scaffold.py", line 435, in decorator
    self.add_url_rule(rule, endpoint, f, **options)
    ~~~~~~~~~~~~~~~~~^^^^^^^^^^^^^^^^^^^^^^^^^^^^^^
  File "/home/administrator/venv/lib/python3.14/site-packages/flask/scaffold.py", line 50, in wrapper_func
    return f(self, *args, **kwargs)
  File "/home/administrator/venv/lib/python3.14/site-packages/flask/app.py", line 1059, in add_url_rule
    raise AssertionError(
    ...<2 lines>...
    )
AssertionError: View function mapping is overwriting an existing endpoint function: api_dvr_probe
2026-09-30 06:59:39 [CRITICAL] [cctv_app:68] UNCAUGHT EXCEPTION
Traceback (most recent call last):
  File "/home/administrator/cctv/app.py", line 532, in <module>
    @app.route("/api/dvr/probe", methods=["POST"])
     ~~~~~~~~~^^^^^^^^^^^^^^^^^^^^^^^^^^^^^^^^^^^^
  File "/home/administrator/venv/lib/python3.14/site-packages/flask/scaffold.py", line 435, in decorator
    self.add_url_rule(rule, endpoint, f, **options)
    ~~~~~~~~~~~~~~~~~^^^^^^^^^^^^^^^^^^^^^^^^^^^^^^
  File "/home/administrator/venv/lib/python3.14/site-packages/flask/scaffold.py", line 50, in wrapper_func
    return f(self, *args, **kwargs)
  File "/home/administrator/venv/lib/python3.14/site-packages/flask/app.py", line 1059, in add_url_rule
    raise AssertionError(
    ...<2 lines>...
    )
AssertionError: View function mapping is overwriting an existing endpoint function: api_dvr_probe
2026-09-30 06:59:44 [CRITICAL] [cctv_app:68] UNCAUGHT EXCEPTION
Traceback (most recent call last):
  File "/home/administrator/cctv/app.py", line 532, in <module>
    @app.route("/api/dvr/probe", methods=["POST"])
     ~~~~~~~~~^^^^^^^^^^^^^^^^^^^^^^^^^^^^^^^^^^^^
  File "/home/administrator/venv/lib/python3.14/site-packages/flask/scaffold.py", line 435, in decorator
    self.add_url_rule(rule, endpoint, f, **options)
    ~~~~~~~~~~~~~~~~~^^^^^^^^^^^^^^^^^^^^^^^^^^^^^^
  File "/home/administrator/venv/lib/python3.14/site-packages/flask/scaffold.py", line 50, in wrapper_func
    return f(self, *args, **kwargs)
  File "/home/administrator/venv/lib/python3.14/site-packages/flask/app.py", line 1059, in add_url_rule
    raise AssertionError(
    ...<2 lines>...
    )
AssertionError: View function mapping is overwriting an existing endpoint function: api_dvr_probe
2026-09-30 06:59:50 [CRITICAL] [cctv_app:68] UNCAUGHT EXCEPTION
Traceback (most recent call last):
  File "/home/administrator/cctv/app.py", line 532, in <module>
    @app.route("/api/dvr/probe", methods=["POST"])
     ~~~~~~~~~^^^^^^^^^^^^^^^^^^^^^^^^^^^^^^^^^^^^
  File "/home/administrator/venv/lib/python3.14/site-packages/flask/scaffold.py", line 435, in decorator
    self.add_url_rule(rule, endpoint, f, **options)
    ~~~~~~~~~~~~~~~~~^^^^^^^^^^^^^^^^^^^^^^^^^^^^^^
  File "/home/administrator/venv/lib/python3.14/site-packages/flask/scaffold.py", line 50, in wrapper_func
    return f(self, *args, **kwargs)
  File "/home/administrator/venv/lib/python3.14/site-packages/flask/app.py", line 1059, in add_url_rule
    raise AssertionError(
    ...<2 lines>...
    )
AssertionError: View function mapping is overwriting an existing endpoint function: api_dvr_probe
2026-09-30 06:59:55 [CRITICAL] [cctv_app:68] UNCAUGHT EXCEPTION
Traceback (most recent call last):
  File "/home/administrator/cctv/app.py", line 532, in <module>
    @app.route("/api/dvr/probe", methods=["POST"])
     ~~~~~~~~~^^^^^^^^^^^^^^^^^^^^^^^^^^^^^^^^^^^^
  File "/home/administrator/venv/lib/python3.14/site-packages/flask/scaffold.py", line 435, in decorator
    self.add_url_rule(rule, endpoint, f, **options)
    ~~~~~~~~~~~~~~~~~^^^^^^^^^^^^^^^^^^^^^^^^^^^^^^
  File "/home/administrator/venv/lib/python3.14/site-packages/flask/scaffold.py", line 50, in wrapper_func
    return f(self, *args, **kwargs)
  File "/home/administrator/venv/lib/python3.14/site-packages/flask/app.py", line 1059, in add_url_rule
    raise AssertionError(
    ...<2 lines>...
    )
AssertionError: View function mapping is overwriting an existing endpoint function: api_dvr_probe
2026-09-30 07:00:01 [CRITICAL] [cctv_app:68] UNCAUGHT EXCEPTION
Traceback (most recent call last):
  File "/home/administrator/cctv/app.py", line 532, in <module>
    @app.route("/api/dvr/probe", methods=["POST"])
     ~~~~~~~~~^^^^^^^^^^^^^^^^^^^^^^^^^^^^^^^^^^^^
  File "/home/administrator/venv/lib/python3.14/site-packages/flask/scaffold.py", line 435, in decorator
    self.add_url_rule(rule, endpoint, f, **options)
    ~~~~~~~~~~~~~~~~~^^^^^^^^^^^^^^^^^^^^^^^^^^^^^^
  File "/home/administrator/venv/lib/python3.14/site-packages/flask/scaffold.py", line 50, in wrapper_func
    return f(self, *args, **kwargs)
  File "/home/administrator/venv/lib/python3.14/site-packages/flask/app.py", line 1059, in add_url_rule
    raise AssertionError(
    ...<2 lines>...
    )
AssertionError: View function mapping is overwriting an existing endpoint function: api_dvr_probe
2026-09-30 07:00:06 [CRITICAL] [cctv_app:68] UNCAUGHT EXCEPTION
Traceback (most recent call last):
  File "/home/administrator/cctv/app.py", line 532, in <module>
    @app.route("/api/dvr/probe", methods=["POST"])
     ~~~~~~~~~^^^^^^^^^^^^^^^^^^^^^^^^^^^^^^^^^^^^
  File "/home/administrator/venv/lib/python3.14/site-packages/flask/scaffold.py", line 435, in decorator
    self.add_url_rule(rule, endpoint, f, **options)
    ~~~~~~~~~~~~~~~~~^^^^^^^^^^^^^^^^^^^^^^^^^^^^^^
  File "/home/administrator/venv/lib/python3.14/site-packages/flask/scaffold.py", line 50, in wrapper_func
    return f(self, *args, **kwargs)
  File "/home/administrator/venv/lib/python3.14/site-packages/flask/app.py", line 1059, in add_url_rule
    raise AssertionError(
    ...<2 lines>...
    )
AssertionError: View function mapping is overwriting an existing endpoint function: api_dvr_probe
2026-09-30 07:00:12 [CRITICAL] [cctv_app:68] UNCAUGHT EXCEPTION
Traceback (most recent call last):
  File "/home/administrator/cctv/app.py", line 532, in <module>
    @app.route("/api/dvr/probe", methods=["POST"])
     ~~~~~~~~~^^^^^^^^^^^^^^^^^^^^^^^^^^^^^^^^^^^^
  File "/home/administrator/venv/lib/python3.14/site-packages/flask/scaffold.py", line 435, in decorator
    self.add_url_rule(rule, endpoint, f, **options)
    ~~~~~~~~~~~~~~~~~^^^^^^^^^^^^^^^^^^^^^^^^^^^^^^
  File "/home/administrator/venv/lib/python3.14/site-packages/flask/scaffold.py", line 50, in wrapper_func
    return f(self, *args, **kwargs)
  File "/home/administrator/venv/lib/python3.14/site-packages/flask/app.py", line 1059, in add_url_rule
    raise AssertionError(
    ...<2 lines>...
    )
AssertionError: View function mapping is overwriting an existing endpoint function: api_dvr_probe
2026-09-30 07:00:17 [CRITICAL] [cctv_app:68] UNCAUGHT EXCEPTION
Traceback (most recent call last):
  File "/home/administrator/cctv/app.py", line 532, in <module>
    @app.route("/api/dvr/probe", methods=["POST"])
     ~~~~~~~~~^^^^^^^^^^^^^^^^^^^^^^^^^^^^^^^^^^^^
  File "/home/administrator/venv/lib/python3.14/site-packages/flask/scaffold.py", line 435, in decorator
    self.add_url_rule(rule, endpoint, f, **options)
    ~~~~~~~~~~~~~~~~~^^^^^^^^^^^^^^^^^^^^^^^^^^^^^^
  File "/home/administrator/venv/lib/python3.14/site-packages/flask/scaffold.py", line 50, in wrapper_func
    return f(self, *args, **kwargs)
  File "/home/administrator/venv/lib/python3.14/site-packages/flask/app.py", line 1059, in add_url_rule
    raise AssertionError(
    ...<2 lines>...
    )
AssertionError: View function mapping is overwriting an existing endpoint function: api_dvr_probe
2026-09-30 07:00:23 [CRITICAL] [cctv_app:68] UNCAUGHT EXCEPTION
Traceback (most recent call last):
  File "/home/administrator/cctv/app.py", line 532, in <module>
    @app.route("/api/dvr/probe", methods=["POST"])
     ~~~~~~~~~^^^^^^^^^^^^^^^^^^^^^^^^^^^^^^^^^^^^
  File "/home/administrator/venv/lib/python3.14/site-packages/flask/scaffold.py", line 435, in decorator
    self.add_url_rule(rule, endpoint, f, **options)
    ~~~~~~~~~~~~~~~~~^^^^^^^^^^^^^^^^^^^^^^^^^^^^^^
  File "/home/administrator/venv/lib/python3.14/site-packages/flask/scaffold.py", line 50, in wrapper_func
    return f(self, *args, **kwargs)
  File "/home/administrator/venv/lib/python3.14/site-packages/flask/app.py", line 1059, in add_url_rule
    raise AssertionError(
    ...<2 lines>...
    )
AssertionError: View function mapping is overwriting an existing endpoint function: api_dvr_probe
2026-09-30 07:00:28 [CRITICAL] [cctv_app:68] UNCAUGHT EXCEPTION
Traceback (most recent call last):
  File "/home/administrator/cctv/app.py", line 532, in <module>
    @app.route("/api/dvr/probe", methods=["POST"])
     ~~~~~~~~~^^^^^^^^^^^^^^^^^^^^^^^^^^^^^^^^^^^^
  File "/home/administrator/venv/lib/python3.14/site-packages/flask/scaffold.py", line 435, in decorator
    self.add_url_rule(rule, endpoint, f, **options)
    ~~~~~~~~~~~~~~~~~^^^^^^^^^^^^^^^^^^^^^^^^^^^^^^
  File "/home/administrator/venv/lib/python3.14/site-packages/flask/scaffold.py", line 50, in wrapper_func
    return f(self, *args, **kwargs)
  File "/home/administrator/venv/lib/python3.14/site-packages/flask/app.py", line 1059, in add_url_rule
    raise AssertionError(
    ...<2 lines>...
    )
AssertionError: View function mapping is overwriting an existing endpoint function: api_dvr_probe
2026-09-30 07:00:34 [CRITICAL] [cctv_app:68] UNCAUGHT EXCEPTION
Traceback (most recent call last):
  File "/home/administrator/cctv/app.py", line 532, in <module>
    @app.route("/api/dvr/probe", methods=["POST"])
     ~~~~~~~~~^^^^^^^^^^^^^^^^^^^^^^^^^^^^^^^^^^^^
  File "/home/administrator/venv/lib/python3.14/site-packages/flask/scaffold.py", line 435, in decorator
    self.add_url_rule(rule, endpoint, f, **options)
    ~~~~~~~~~~~~~~~~~^^^^^^^^^^^^^^^^^^^^^^^^^^^^^^
  File "/home/administrator/venv/lib/python3.14/site-packages/flask/scaffold.py", line 50, in wrapper_func
    return f(self, *args, **kwargs)
  File "/home/administrator/venv/lib/python3.14/site-packages/flask/app.py", line 1059, in add_url_rule
    raise AssertionError(
    ...<2 lines>...
    )
AssertionError: View function mapping is overwriting an existing endpoint function: api_dvr_probe
2026-09-30 07:00:39 [CRITICAL] [cctv_app:68] UNCAUGHT EXCEPTION
Traceback (most recent call last):
  File "/home/administrator/cctv/app.py", line 532, in <module>
    @app.route("/api/dvr/probe", methods=["POST"])
     ~~~~~~~~~^^^^^^^^^^^^^^^^^^^^^^^^^^^^^^^^^^^^
  File "/home/administrator/venv/lib/python3.14/site-packages/flask/scaffold.py", line 435, in decorator
    self.add_url_rule(rule, endpoint, f, **options)
    ~~~~~~~~~~~~~~~~~^^^^^^^^^^^^^^^^^^^^^^^^^^^^^^
  File "/home/administrator/venv/lib/python3.14/site-packages/flask/scaffold.py", line 50, in wrapper_func
    return f(self, *args, **kwargs)
  File "/home/administrator/venv/lib/python3.14/site-packages/flask/app.py", line 1059, in add_url_rule
    raise AssertionError(
    ...<2 lines>...
    )
AssertionError: View function mapping is overwriting an existing endpoint function: api_dvr_probe
2026-09-30 07:00:45 [CRITICAL] [cctv_app:68] UNCAUGHT EXCEPTION
Traceback (most recent call last):
  File "/home/administrator/cctv/app.py", line 532, in <module>
    @app.route("/api/dvr/probe", methods=["POST"])
     ~~~~~~~~~^^^^^^^^^^^^^^^^^^^^^^^^^^^^^^^^^^^^
  File "/home/administrator/venv/lib/python3.14/site-packages/flask/scaffold.py", line 435, in decorator
    self.add_url_rule(rule, endpoint, f, **options)
    ~~~~~~~~~~~~~~~~~^^^^^^^^^^^^^^^^^^^^^^^^^^^^^^
  File "/home/administrator/venv/lib/python3.14/site-packages/flask/scaffold.py", line 50, in wrapper_func
    return f(self, *args, **kwargs)
  File "/home/administrator/venv/lib/python3.14/site-packages/flask/app.py", line 1059, in add_url_rule
    raise AssertionError(
    ...<2 lines>...
    )
AssertionError: View function mapping is overwriting an existing endpoint function: api_dvr_probe
2026-09-30 07:00:50 [CRITICAL] [cctv_app:68] UNCAUGHT EXCEPTION
Traceback (most recent call last):
  File "/home/administrator/cctv/app.py", line 532, in <module>
    @app.route("/api/dvr/probe", methods=["POST"])
     ~~~~~~~~~^^^^^^^^^^^^^^^^^^^^^^^^^^^^^^^^^^^^
  File "/home/administrator/venv/lib/python3.14/site-packages/flask/scaffold.py", line 435, in decorator
    self.add_url_rule(rule, endpoint, f, **options)
    ~~~~~~~~~~~~~~~~~^^^^^^^^^^^^^^^^^^^^^^^^^^^^^^
  File "/home/administrator/venv/lib/python3.14/site-packages/flask/scaffold.py", line 50, in wrapper_func
    return f(self, *args, **kwargs)
  File "/home/administrator/venv/lib/python3.14/site-packages/flask/app.py", line 1059, in add_url_rule
    raise AssertionError(
    ...<2 lines>...
    )
AssertionError: View function mapping is overwriting an existing endpoint function: api_dvr_probe
2026-09-30 07:00:56 [CRITICAL] [cctv_app:68] UNCAUGHT EXCEPTION
Traceback (most recent call last):
  File "/home/administrator/cctv/app.py", line 532, in <module>
    @app.route("/api/dvr/probe", methods=["POST"])
     ~~~~~~~~~^^^^^^^^^^^^^^^^^^^^^^^^^^^^^^^^^^^^
  File "/home/administrator/venv/lib/python3.14/site-packages/flask/scaffold.py", line 435, in decorator
    self.add_url_rule(rule, endpoint, f, **options)
    ~~~~~~~~~~~~~~~~~^^^^^^^^^^^^^^^^^^^^^^^^^^^^^^
  File "/home/administrator/venv/lib/python3.14/site-packages/flask/scaffold.py", line 50, in wrapper_func
    return f(self, *args, **kwargs)
  File "/home/administrator/venv/lib/python3.14/site-packages/flask/app.py", line 1059, in add_url_rule
    raise AssertionError(
    ...<2 lines>...
    )
AssertionError: View function mapping is overwriting an existing endpoint function: api_dvr_probe
2026-09-30 07:01:01 [CRITICAL] [cctv_app:68] UNCAUGHT EXCEPTION
Traceback (most recent call last):
  File "/home/administrator/cctv/app.py", line 532, in <module>
    @app.route("/api/dvr/probe", methods=["POST"])
     ~~~~~~~~~^^^^^^^^^^^^^^^^^^^^^^^^^^^^^^^^^^^^
  File "/home/administrator/venv/lib/python3.14/site-packages/flask/scaffold.py", line 435, in decorator
    self.add_url_rule(rule, endpoint, f, **options)
    ~~~~~~~~~~~~~~~~~^^^^^^^^^^^^^^^^^^^^^^^^^^^^^^
  File "/home/administrator/venv/lib/python3.14/site-packages/flask/scaffold.py", line 50, in wrapper_func
    return f(self, *args, **kwargs)
  File "/home/administrator/venv/lib/python3.14/site-packages/flask/app.py", line 1059, in add_url_rule
    raise AssertionError(
    ...<2 lines>...
    )
AssertionError: View function mapping is overwriting an existing endpoint function: api_dvr_probe
2026-09-30 07:01:07 [CRITICAL] [cctv_app:68] UNCAUGHT EXCEPTION
Traceback (most recent call last):
  File "/home/administrator/cctv/app.py", line 532, in <module>
    @app.route("/api/dvr/probe", methods=["POST"])
     ~~~~~~~~~^^^^^^^^^^^^^^^^^^^^^^^^^^^^^^^^^^^^
  File "/home/administrator/venv/lib/python3.14/site-packages/flask/scaffold.py", line 435, in decorator
    self.add_url_rule(rule, endpoint, f, **options)
    ~~~~~~~~~~~~~~~~~^^^^^^^^^^^^^^^^^^^^^^^^^^^^^^
  File "/home/administrator/venv/lib/python3.14/site-packages/flask/scaffold.py", line 50, in wrapper_func
    return f(self, *args, **kwargs)
  File "/home/administrator/venv/lib/python3.14/site-packages/flask/app.py", line 1059, in add_url_rule
    raise AssertionError(
    ...<2 lines>...
    )
AssertionError: View function mapping is overwriting an existing endpoint function: api_dvr_probe
2026-09-30 07:01:12 [CRITICAL] [cctv_app:68] UNCAUGHT EXCEPTION
Traceback (most recent call last):
  File "/home/administrator/cctv/app.py", line 532, in <module>
    @app.route("/api/dvr/probe", methods=["POST"])
     ~~~~~~~~~^^^^^^^^^^^^^^^^^^^^^^^^^^^^^^^^^^^^
  File "/home/administrator/venv/lib/python3.14/site-packages/flask/scaffold.py", line 435, in decorator
    self.add_url_rule(rule, endpoint, f, **options)
    ~~~~~~~~~~~~~~~~~^^^^^^^^^^^^^^^^^^^^^^^^^^^^^^
  File "/home/administrator/venv/lib/python3.14/site-packages/flask/scaffold.py", line 50, in wrapper_func
    return f(self, *args, **kwargs)
  File "/home/administrator/venv/lib/python3.14/site-packages/flask/app.py", line 1059, in add_url_rule
    raise AssertionError(
    ...<2 lines>...
    )
AssertionError: View function mapping is overwriting an existing endpoint function: api_dvr_probe
2026-09-30 07:01:18 [CRITICAL] [cctv_app:68] UNCAUGHT EXCEPTION
Traceback (most recent call last):
  File "/home/administrator/cctv/app.py", line 532, in <module>
    @app.route("/api/dvr/probe", methods=["POST"])
     ~~~~~~~~~^^^^^^^^^^^^^^^^^^^^^^^^^^^^^^^^^^^^
  File "/home/administrator/venv/lib/python3.14/site-packages/flask/scaffold.py", line 435, in decorator
    self.add_url_rule(rule, endpoint, f, **options)
    ~~~~~~~~~~~~~~~~~^^^^^^^^^^^^^^^^^^^^^^^^^^^^^^
  File "/home/administrator/venv/lib/python3.14/site-packages/flask/scaffold.py", line 50, in wrapper_func
    return f(self, *args, **kwargs)
  File "/home/administrator/venv/lib/python3.14/site-packages/flask/app.py", line 1059, in add_url_rule
    raise AssertionError(
    ...<2 lines>...
    )
AssertionError: View function mapping is overwriting an existing endpoint function: api_dvr_probe
2026-09-30 07:01:23 [CRITICAL] [cctv_app:68] UNCAUGHT EXCEPTION
Traceback (most recent call last):
  File "/home/administrator/cctv/app.py", line 532, in <module>
    @app.route("/api/dvr/probe", methods=["POST"])
     ~~~~~~~~~^^^^^^^^^^^^^^^^^^^^^^^^^^^^^^^^^^^^
  File "/home/administrator/venv/lib/python3.14/site-packages/flask/scaffold.py", line 435, in decorator
    self.add_url_rule(rule, endpoint, f, **options)
    ~~~~~~~~~~~~~~~~~^^^^^^^^^^^^^^^^^^^^^^^^^^^^^^
  File "/home/administrator/venv/lib/python3.14/site-packages/flask/scaffold.py", line 50, in wrapper_func
    return f(self, *args, **kwargs)
  File "/home/administrator/venv/lib/python3.14/site-packages/flask/app.py", line 1059, in add_url_rule
    raise AssertionError(
    ...<2 lines>...
    )
AssertionError: View function mapping is overwriting an existing endpoint function: api_dvr_probe
2026-09-30 07:01:29 [CRITICAL] [cctv_app:68] UNCAUGHT EXCEPTION
Traceback (most recent call last):
  File "/home/administrator/cctv/app.py", line 532, in <module>
    @app.route("/api/dvr/probe", methods=["POST"])
     ~~~~~~~~~^^^^^^^^^^^^^^^^^^^^^^^^^^^^^^^^^^^^
  File "/home/administrator/venv/lib/python3.14/site-packages/flask/scaffold.py", line 435, in decorator
    self.add_url_rule(rule, endpoint, f, **options)
    ~~~~~~~~~~~~~~~~~^^^^^^^^^^^^^^^^^^^^^^^^^^^^^^
  File "/home/administrator/venv/lib/python3.14/site-packages/flask/scaffold.py", line 50, in wrapper_func
    return f(self, *args, **kwargs)
  File "/home/administrator/venv/lib/python3.14/site-packages/flask/app.py", line 1059, in add_url_rule
    raise AssertionError(
    ...<2 lines>...
    )
AssertionError: View function mapping is overwriting an existing endpoint function: api_dvr_probe
2026-09-30 07:01:34 [CRITICAL] [cctv_app:68] UNCAUGHT EXCEPTION
Traceback (most recent call last):
  File "/home/administrator/cctv/app.py", line 532, in <module>
    @app.route("/api/dvr/probe", methods=["POST"])
     ~~~~~~~~~^^^^^^^^^^^^^^^^^^^^^^^^^^^^^^^^^^^^
  File "/home/administrator/venv/lib/python3.14/site-packages/flask/scaffold.py", line 435, in decorator
    self.add_url_rule(rule, endpoint, f, **options)
    ~~~~~~~~~~~~~~~~~^^^^^^^^^^^^^^^^^^^^^^^^^^^^^^
  File "/home/administrator/venv/lib/python3.14/site-packages/flask/scaffold.py", line 50, in wrapper_func
    return f(self, *args, **kwargs)
  File "/home/administrator/venv/lib/python3.14/site-packages/flask/app.py", line 1059, in add_url_rule
    raise AssertionError(
    ...<2 lines>...
    )
AssertionError: View function mapping is overwriting an existing endpoint function: api_dvr_probe
2026-09-30 07:01:40 [CRITICAL] [cctv_app:68] UNCAUGHT EXCEPTION
Traceback (most recent call last):
  File "/home/administrator/cctv/app.py", line 532, in <module>
    @app.route("/api/dvr/probe", methods=["POST"])
     ~~~~~~~~~^^^^^^^^^^^^^^^^^^^^^^^^^^^^^^^^^^^^
  File "/home/administrator/venv/lib/python3.14/site-packages/flask/scaffold.py", line 435, in decorator
    self.add_url_rule(rule, endpoint, f, **options)
    ~~~~~~~~~~~~~~~~~^^^^^^^^^^^^^^^^^^^^^^^^^^^^^^
  File "/home/administrator/venv/lib/python3.14/site-packages/flask/scaffold.py", line 50, in wrapper_func
    return f(self, *args, **kwargs)
  File "/home/administrator/venv/lib/python3.14/site-packages/flask/app.py", line 1059, in add_url_rule
    raise AssertionError(
    ...<2 lines>...
    )
AssertionError: View function mapping is overwriting an existing endpoint function: api_dvr_probe
2026-09-30 07:01:45 [CRITICAL] [cctv_app:68] UNCAUGHT EXCEPTION
Traceback (most recent call last):
  File "/home/administrator/cctv/app.py", line 532, in <module>
    @app.route("/api/dvr/probe", methods=["POST"])
     ~~~~~~~~~^^^^^^^^^^^^^^^^^^^^^^^^^^^^^^^^^^^^
  File "/home/administrator/venv/lib/python3.14/site-packages/flask/scaffold.py", line 435, in decorator
    self.add_url_rule(rule, endpoint, f, **options)
    ~~~~~~~~~~~~~~~~~^^^^^^^^^^^^^^^^^^^^^^^^^^^^^^
  File "/home/administrator/venv/lib/python3.14/site-packages/flask/scaffold.py", line 50, in wrapper_func
    return f(self, *args, **kwargs)
  File "/home/administrator/venv/lib/python3.14/site-packages/flask/app.py", line 1059, in add_url_rule
    raise AssertionError(
    ...<2 lines>...
    )
AssertionError: View function mapping is overwriting an existing endpoint function: api_dvr_probe
2026-09-30 07:01:51 [CRITICAL] [cctv_app:68] UNCAUGHT EXCEPTION
Traceback (most recent call last):
  File "/home/administrator/cctv/app.py", line 532, in <module>
    @app.route("/api/dvr/probe", methods=["POST"])
     ~~~~~~~~~^^^^^^^^^^^^^^^^^^^^^^^^^^^^^^^^^^^^
  File "/home/administrator/venv/lib/python3.14/site-packages/flask/scaffold.py", line 435, in decorator
    self.add_url_rule(rule, endpoint, f, **options)
    ~~~~~~~~~~~~~~~~~^^^^^^^^^^^^^^^^^^^^^^^^^^^^^^
  File "/home/administrator/venv/lib/python3.14/site-packages/flask/scaffold.py", line 50, in wrapper_func
    return f(self, *args, **kwargs)
  File "/home/administrator/venv/lib/python3.14/site-packages/flask/app.py", line 1059, in add_url_rule
    raise AssertionError(
    ...<2 lines>...
    )
AssertionError: View function mapping is overwriting an existing endpoint function: api_dvr_probe
2026-09-30 07:01:56 [CRITICAL] [cctv_app:68] UNCAUGHT EXCEPTION
Traceback (most recent call last):
  File "/home/administrator/cctv/app.py", line 532, in <module>
    @app.route("/api/dvr/probe", methods=["POST"])
     ~~~~~~~~~^^^^^^^^^^^^^^^^^^^^^^^^^^^^^^^^^^^^
  File "/home/administrator/venv/lib/python3.14/site-packages/flask/scaffold.py", line 435, in decorator
    self.add_url_rule(rule, endpoint, f, **options)
    ~~~~~~~~~~~~~~~~~^^^^^^^^^^^^^^^^^^^^^^^^^^^^^^
  File "/home/administrator/venv/lib/python3.14/site-packages/flask/scaffold.py", line 50, in wrapper_func
    return f(self, *args, **kwargs)
  File "/home/administrator/venv/lib/python3.14/site-packages/flask/app.py", line 1059, in add_url_rule
    raise AssertionError(
    ...<2 lines>...
    )
AssertionError: View function mapping is overwriting an existing endpoint function: api_dvr_probe
2026-09-30 07:02:02 [CRITICAL] [cctv_app:68] UNCAUGHT EXCEPTION
Traceback (most recent call last):
  File "/home/administrator/cctv/app.py", line 532, in <module>
    @app.route("/api/dvr/probe", methods=["POST"])
     ~~~~~~~~~^^^^^^^^^^^^^^^^^^^^^^^^^^^^^^^^^^^^
  File "/home/administrator/venv/lib/python3.14/site-packages/flask/scaffold.py", line 435, in decorator
    self.add_url_rule(rule, endpoint, f, **options)
    ~~~~~~~~~~~~~~~~~^^^^^^^^^^^^^^^^^^^^^^^^^^^^^^
  File "/home/administrator/venv/lib/python3.14/site-packages/flask/scaffold.py", line 50, in wrapper_func
    return f(self, *args, **kwargs)
  File "/home/administrator/venv/lib/python3.14/site-packages/flask/app.py", line 1059, in add_url_rule
    raise AssertionError(
    ...<2 lines>...
    )
AssertionError: View function mapping is overwriting an existing endpoint function: api_dvr_probe
2026-09-30 07:02:07 [CRITICAL] [cctv_app:68] UNCAUGHT EXCEPTION
Traceback (most recent call last):
  File "/home/administrator/cctv/app.py", line 532, in <module>
    @app.route("/api/dvr/probe", methods=["POST"])
     ~~~~~~~~~^^^^^^^^^^^^^^^^^^^^^^^^^^^^^^^^^^^^
  File "/home/administrator/venv/lib/python3.14/site-packages/flask/scaffold.py", line 435, in decorator
    self.add_url_rule(rule, endpoint, f, **options)
    ~~~~~~~~~~~~~~~~~^^^^^^^^^^^^^^^^^^^^^^^^^^^^^^
  File "/home/administrator/venv/lib/python3.14/site-packages/flask/scaffold.py", line 50, in wrapper_func
    return f(self, *args, **kwargs)
  File "/home/administrator/venv/lib/python3.14/site-packages/flask/app.py", line 1059, in add_url_rule
    raise AssertionError(
    ...<2 lines>...
    )
AssertionError: View function mapping is overwriting an existing endpoint function: api_dvr_probe
2026-09-30 07:02:13 [CRITICAL] [cctv_app:68] UNCAUGHT EXCEPTION
Traceback (most recent call last):
  File "/home/administrator/cctv/app.py", line 532, in <module>
    @app.route("/api/dvr/probe", methods=["POST"])
     ~~~~~~~~~^^^^^^^^^^^^^^^^^^^^^^^^^^^^^^^^^^^^
  File "/home/administrator/venv/lib/python3.14/site-packages/flask/scaffold.py", line 435, in decorator
    self.add_url_rule(rule, endpoint, f, **options)
    ~~~~~~~~~~~~~~~~~^^^^^^^^^^^^^^^^^^^^^^^^^^^^^^
  File "/home/administrator/venv/lib/python3.14/site-packages/flask/scaffold.py", line 50, in wrapper_func
    return f(self, *args, **kwargs)
  File "/home/administrator/venv/lib/python3.14/site-packages/flask/app.py", line 1059, in add_url_rule
    raise AssertionError(
    ...<2 lines>...
    )
AssertionError: View function mapping is overwriting an existing endpoint function: api_dvr_probe
2026-09-30 07:02:18 [CRITICAL] [cctv_app:68] UNCAUGHT EXCEPTION
Traceback (most recent call last):
  File "/home/administrator/cctv/app.py", line 532, in <module>
    @app.route("/api/dvr/probe", methods=["POST"])
     ~~~~~~~~~^^^^^^^^^^^^^^^^^^^^^^^^^^^^^^^^^^^^
  File "/home/administrator/venv/lib/python3.14/site-packages/flask/scaffold.py", line 435, in decorator
    self.add_url_rule(rule, endpoint, f, **options)
    ~~~~~~~~~~~~~~~~~^^^^^^^^^^^^^^^^^^^^^^^^^^^^^^
  File "/home/administrator/venv/lib/python3.14/site-packages/flask/scaffold.py", line 50, in wrapper_func
    return f(self, *args, **kwargs)
  File "/home/administrator/venv/lib/python3.14/site-packages/flask/app.py", line 1059, in add_url_rule
    raise AssertionError(
    ...<2 lines>...
    )
AssertionError: View function mapping is overwriting an existing endpoint function: api_dvr_probe
2026-09-30 07:02:24 [CRITICAL] [cctv_app:68] UNCAUGHT EXCEPTION
Traceback (most recent call last):
  File "/home/administrator/cctv/app.py", line 532, in <module>
    @app.route("/api/dvr/probe", methods=["POST"])
     ~~~~~~~~~^^^^^^^^^^^^^^^^^^^^^^^^^^^^^^^^^^^^
  File "/home/administrator/venv/lib/python3.14/site-packages/flask/scaffold.py", line 435, in decorator
    self.add_url_rule(rule, endpoint, f, **options)
    ~~~~~~~~~~~~~~~~~^^^^^^^^^^^^^^^^^^^^^^^^^^^^^^
  File "/home/administrator/venv/lib/python3.14/site-packages/flask/scaffold.py", line 50, in wrapper_func
    return f(self, *args, **kwargs)
  File "/home/administrator/venv/lib/python3.14/site-packages/flask/app.py", line 1059, in add_url_rule
    raise AssertionError(
    ...<2 lines>...
    )
AssertionError: View function mapping is overwriting an existing endpoint function: api_dvr_probe
2026-09-30 07:02:29 [CRITICAL] [cctv_app:68] UNCAUGHT EXCEPTION
Traceback (most recent call last):
  File "/home/administrator/cctv/app.py", line 532, in <module>
    @app.route("/api/dvr/probe", methods=["POST"])
     ~~~~~~~~~^^^^^^^^^^^^^^^^^^^^^^^^^^^^^^^^^^^^
  File "/home/administrator/venv/lib/python3.14/site-packages/flask/scaffold.py", line 435, in decorator
    self.add_url_rule(rule, endpoint, f, **options)
    ~~~~~~~~~~~~~~~~~^^^^^^^^^^^^^^^^^^^^^^^^^^^^^^
  File "/home/administrator/venv/lib/python3.14/site-packages/flask/scaffold.py", line 50, in wrapper_func
    return f(self, *args, **kwargs)
  File "/home/administrator/venv/lib/python3.14/site-packages/flask/app.py", line 1059, in add_url_rule
    raise AssertionError(
    ...<2 lines>...
    )
AssertionError: View function mapping is overwriting an existing endpoint function: api_dvr_probe
2026-09-30 07:02:35 [CRITICAL] [cctv_app:68] UNCAUGHT EXCEPTION
Traceback (most recent call last):
  File "/home/administrator/cctv/app.py", line 532, in <module>
    @app.route("/api/dvr/probe", methods=["POST"])
     ~~~~~~~~~^^^^^^^^^^^^^^^^^^^^^^^^^^^^^^^^^^^^
  File "/home/administrator/venv/lib/python3.14/site-packages/flask/scaffold.py", line 435, in decorator
    self.add_url_rule(rule, endpoint, f, **options)
    ~~~~~~~~~~~~~~~~~^^^^^^^^^^^^^^^^^^^^^^^^^^^^^^
  File "/home/administrator/venv/lib/python3.14/site-packages/flask/scaffold.py", line 50, in wrapper_func
    return f(self, *args, **kwargs)
  File "/home/administrator/venv/lib/python3.14/site-packages/flask/app.py", line 1059, in add_url_rule
    raise AssertionError(
    ...<2 lines>...
    )
AssertionError: View function mapping is overwriting an existing endpoint function: api_dvr_probe
2026-09-30 07:02:40 [CRITICAL] [cctv_app:68] UNCAUGHT EXCEPTION
Traceback (most recent call last):
  File "/home/administrator/cctv/app.py", line 532, in <module>
    @app.route("/api/dvr/probe", methods=["POST"])
     ~~~~~~~~~^^^^^^^^^^^^^^^^^^^^^^^^^^^^^^^^^^^^
  File "/home/administrator/venv/lib/python3.14/site-packages/flask/scaffold.py", line 435, in decorator
    self.add_url_rule(rule, endpoint, f, **options)
    ~~~~~~~~~~~~~~~~~^^^^^^^^^^^^^^^^^^^^^^^^^^^^^^
  File "/home/administrator/venv/lib/python3.14/site-packages/flask/scaffold.py", line 50, in wrapper_func
    return f(self, *args, **kwargs)
  File "/home/administrator/venv/lib/python3.14/site-packages/flask/app.py", line 1059, in add_url_rule
    raise AssertionError(
    ...<2 lines>...
    )
AssertionError: View function mapping is overwriting an existing endpoint function: api_dvr_probe
2026-09-30 07:02:46 [CRITICAL] [cctv_app:68] UNCAUGHT EXCEPTION
Traceback (most recent call last):
  File "/home/administrator/cctv/app.py", line 532, in <module>
    @app.route("/api/dvr/probe", methods=["POST"])
     ~~~~~~~~~^^^^^^^^^^^^^^^^^^^^^^^^^^^^^^^^^^^^
  File "/home/administrator/venv/lib/python3.14/site-packages/flask/scaffold.py", line 435, in decorator
    self.add_url_rule(rule, endpoint, f, **options)
    ~~~~~~~~~~~~~~~~~^^^^^^^^^^^^^^^^^^^^^^^^^^^^^^
  File "/home/administrator/venv/lib/python3.14/site-packages/flask/scaffold.py", line 50, in wrapper_func
    return f(self, *args, **kwargs)
  File "/home/administrator/venv/lib/python3.14/site-packages/flask/app.py", line 1059, in add_url_rule
    raise AssertionError(
    ...<2 lines>...
    )
AssertionError: View function mapping is overwriting an existing endpoint function: api_dvr_probe
2026-09-30 07:02:51 [CRITICAL] [cctv_app:68] UNCAUGHT EXCEPTION
Traceback (most recent call last):
  File "/home/administrator/cctv/app.py", line 532, in <module>
    @app.route("/api/dvr/probe", methods=["POST"])
     ~~~~~~~~~^^^^^^^^^^^^^^^^^^^^^^^^^^^^^^^^^^^^
  File "/home/administrator/venv/lib/python3.14/site-packages/flask/scaffold.py", line 435, in decorator
    self.add_url_rule(rule, endpoint, f, **options)
    ~~~~~~~~~~~~~~~~~^^^^^^^^^^^^^^^^^^^^^^^^^^^^^^
  File "/home/administrator/venv/lib/python3.14/site-packages/flask/scaffold.py", line 50, in wrapper_func
    return f(self, *args, **kwargs)
  File "/home/administrator/venv/lib/python3.14/site-packages/flask/app.py", line 1059, in add_url_rule
    raise AssertionError(
    ...<2 lines>...
    )
AssertionError: View function mapping is overwriting an existing endpoint function: api_dvr_probe
2026-09-30 07:02:57 [CRITICAL] [cctv_app:68] UNCAUGHT EXCEPTION
Traceback (most recent call last):
  File "/home/administrator/cctv/app.py", line 532, in <module>
    @app.route("/api/dvr/probe", methods=["POST"])
     ~~~~~~~~~^^^^^^^^^^^^^^^^^^^^^^^^^^^^^^^^^^^^
  File "/home/administrator/venv/lib/python3.14/site-packages/flask/scaffold.py", line 435, in decorator
    self.add_url_rule(rule, endpoint, f, **options)
    ~~~~~~~~~~~~~~~~~^^^^^^^^^^^^^^^^^^^^^^^^^^^^^^
  File "/home/administrator/venv/lib/python3.14/site-packages/flask/scaffold.py", line 50, in wrapper_func
    return f(self, *args, **kwargs)
  File "/home/administrator/venv/lib/python3.14/site-packages/flask/app.py", line 1059, in add_url_rule
    raise AssertionError(
    ...<2 lines>...
    )
AssertionError: View function mapping is overwriting an existing endpoint function: api_dvr_probe
2026-09-30 07:03:02 [CRITICAL] [cctv_app:68] UNCAUGHT EXCEPTION
Traceback (most recent call last):
  File "/home/administrator/cctv/app.py", line 532, in <module>
    @app.route("/api/dvr/probe", methods=["POST"])
     ~~~~~~~~~^^^^^^^^^^^^^^^^^^^^^^^^^^^^^^^^^^^^
  File "/home/administrator/venv/lib/python3.14/site-packages/flask/scaffold.py", line 435, in decorator
    self.add_url_rule(rule, endpoint, f, **options)
    ~~~~~~~~~~~~~~~~~^^^^^^^^^^^^^^^^^^^^^^^^^^^^^^
  File "/home/administrator/venv/lib/python3.14/site-packages/flask/scaffold.py", line 50, in wrapper_func
    return f(self, *args, **kwargs)
  File "/home/administrator/venv/lib/python3.14/site-packages/flask/app.py", line 1059, in add_url_rule
    raise AssertionError(
    ...<2 lines>...
    )
AssertionError: View function mapping is overwriting an existing endpoint function: api_dvr_probe
2026-09-30 07:03:08 [CRITICAL] [cctv_app:68] UNCAUGHT EXCEPTION
Traceback (most recent call last):
  File "/home/administrator/cctv/app.py", line 532, in <module>
    @app.route("/api/dvr/probe", methods=["POST"])
     ~~~~~~~~~^^^^^^^^^^^^^^^^^^^^^^^^^^^^^^^^^^^^
  File "/home/administrator/venv/lib/python3.14/site-packages/flask/scaffold.py", line 435, in decorator
    self.add_url_rule(rule, endpoint, f, **options)
    ~~~~~~~~~~~~~~~~~^^^^^^^^^^^^^^^^^^^^^^^^^^^^^^
  File "/home/administrator/venv/lib/python3.14/site-packages/flask/scaffold.py", line 50, in wrapper_func
    return f(self, *args, **kwargs)
  File "/home/administrator/venv/lib/python3.14/site-packages/flask/app.py", line 1059, in add_url_rule
    raise AssertionError(
    ...<2 lines>...
    )
AssertionError: View function mapping is overwriting an existing endpoint function: api_dvr_probe
2026-09-30 07:03:13 [CRITICAL] [cctv_app:68] UNCAUGHT EXCEPTION
Traceback (most recent call last):
  File "/home/administrator/cctv/app.py", line 532, in <module>
    @app.route("/api/dvr/probe", methods=["POST"])
     ~~~~~~~~~^^^^^^^^^^^^^^^^^^^^^^^^^^^^^^^^^^^^
  File "/home/administrator/venv/lib/python3.14/site-packages/flask/scaffold.py", line 435, in decorator
    self.add_url_rule(rule, endpoint, f, **options)
    ~~~~~~~~~~~~~~~~~^^^^^^^^^^^^^^^^^^^^^^^^^^^^^^
  File "/home/administrator/venv/lib/python3.14/site-packages/flask/scaffold.py", line 50, in wrapper_func
    return f(self, *args, **kwargs)
  File "/home/administrator/venv/lib/python3.14/site-packages/flask/app.py", line 1059, in add_url_rule
    raise AssertionError(
    ...<2 lines>...
    )
AssertionError: View function mapping is overwriting an existing endpoint function: api_dvr_probe
2026-09-30 07:03:19 [CRITICAL] [cctv_app:68] UNCAUGHT EXCEPTION
Traceback (most recent call last):
  File "/home/administrator/cctv/app.py", line 532, in <module>
    @app.route("/api/dvr/probe", methods=["POST"])
     ~~~~~~~~~^^^^^^^^^^^^^^^^^^^^^^^^^^^^^^^^^^^^
  File "/home/administrator/venv/lib/python3.14/site-packages/flask/scaffold.py", line 435, in decorator
    self.add_url_rule(rule, endpoint, f, **options)
    ~~~~~~~~~~~~~~~~~^^^^^^^^^^^^^^^^^^^^^^^^^^^^^^
  File "/home/administrator/venv/lib/python3.14/site-packages/flask/scaffold.py", line 50, in wrapper_func
    return f(self, *args, **kwargs)
  File "/home/administrator/venv/lib/python3.14/site-packages/flask/app.py", line 1059, in add_url_rule
    raise AssertionError(
    ...<2 lines>...
    )
AssertionError: View function mapping is overwriting an existing endpoint function: api_dvr_probe
2026-09-30 07:03:24 [CRITICAL] [cctv_app:68] UNCAUGHT EXCEPTION
Traceback (most recent call last):
  File "/home/administrator/cctv/app.py", line 532, in <module>
    @app.route("/api/dvr/probe", methods=["POST"])
     ~~~~~~~~~^^^^^^^^^^^^^^^^^^^^^^^^^^^^^^^^^^^^
  File "/home/administrator/venv/lib/python3.14/site-packages/flask/scaffold.py", line 435, in decorator
    self.add_url_rule(rule, endpoint, f, **options)
    ~~~~~~~~~~~~~~~~~^^^^^^^^^^^^^^^^^^^^^^^^^^^^^^
  File "/home/administrator/venv/lib/python3.14/site-packages/flask/scaffold.py", line 50, in wrapper_func
    return f(self, *args, **kwargs)
  File "/home/administrator/venv/lib/python3.14/site-packages/flask/app.py", line 1059, in add_url_rule
    raise AssertionError(
    ...<2 lines>...
    )
AssertionError: View function mapping is overwriting an existing endpoint function: api_dvr_probe
2026-09-30 07:03:30 [CRITICAL] [cctv_app:68] UNCAUGHT EXCEPTION
Traceback (most recent call last):
  File "/home/administrator/cctv/app.py", line 532, in <module>
    @app.route("/api/dvr/probe", methods=["POST"])
     ~~~~~~~~~^^^^^^^^^^^^^^^^^^^^^^^^^^^^^^^^^^^^
  File "/home/administrator/venv/lib/python3.14/site-packages/flask/scaffold.py", line 435, in decorator
    self.add_url_rule(rule, endpoint, f, **options)
    ~~~~~~~~~~~~~~~~~^^^^^^^^^^^^^^^^^^^^^^^^^^^^^^
  File "/home/administrator/venv/lib/python3.14/site-packages/flask/scaffold.py", line 50, in wrapper_func
    return f(self, *args, **kwargs)
  File "/home/administrator/venv/lib/python3.14/site-packages/flask/app.py", line 1059, in add_url_rule
    raise AssertionError(
    ...<2 lines>...
    )
AssertionError: View function mapping is overwriting an existing endpoint function: api_dvr_probe
2026-09-30 07:03:35 [CRITICAL] [cctv_app:68] UNCAUGHT EXCEPTION
Traceback (most recent call last):
  File "/home/administrator/cctv/app.py", line 532, in <module>
    @app.route("/api/dvr/probe", methods=["POST"])
     ~~~~~~~~~^^^^^^^^^^^^^^^^^^^^^^^^^^^^^^^^^^^^
  File "/home/administrator/venv/lib/python3.14/site-packages/flask/scaffold.py", line 435, in decorator
    self.add_url_rule(rule, endpoint, f, **options)
    ~~~~~~~~~~~~~~~~~^^^^^^^^^^^^^^^^^^^^^^^^^^^^^^
  File "/home/administrator/venv/lib/python3.14/site-packages/flask/scaffold.py", line 50, in wrapper_func
    return f(self, *args, **kwargs)
  File "/home/administrator/venv/lib/python3.14/site-packages/flask/app.py", line 1059, in add_url_rule
    raise AssertionError(
    ...<2 lines>...
    )
AssertionError: View function mapping is overwriting an existing endpoint function: api_dvr_probe
2026-09-30 07:03:41 [CRITICAL] [cctv_app:68] UNCAUGHT EXCEPTION
Traceback (most recent call last):
  File "/home/administrator/cctv/app.py", line 532, in <module>
    @app.route("/api/dvr/probe", methods=["POST"])
     ~~~~~~~~~^^^^^^^^^^^^^^^^^^^^^^^^^^^^^^^^^^^^
  File "/home/administrator/venv/lib/python3.14/site-packages/flask/scaffold.py", line 435, in decorator
    self.add_url_rule(rule, endpoint, f, **options)
    ~~~~~~~~~~~~~~~~~^^^^^^^^^^^^^^^^^^^^^^^^^^^^^^
  File "/home/administrator/venv/lib/python3.14/site-packages/flask/scaffold.py", line 50, in wrapper_func
    return f(self, *args, **kwargs)
  File "/home/administrator/venv/lib/python3.14/site-packages/flask/app.py", line 1059, in add_url_rule
    raise AssertionError(
    ...<2 lines>...
    )
AssertionError: View function mapping is overwriting an existing endpoint function: api_dvr_probe
2026-09-30 07:03:46 [CRITICAL] [cctv_app:68] UNCAUGHT EXCEPTION
Traceback (most recent call last):
  File "/home/administrator/cctv/app.py", line 532, in <module>
    @app.route("/api/dvr/probe", methods=["POST"])
     ~~~~~~~~~^^^^^^^^^^^^^^^^^^^^^^^^^^^^^^^^^^^^
  File "/home/administrator/venv/lib/python3.14/site-packages/flask/scaffold.py", line 435, in decorator
    self.add_url_rule(rule, endpoint, f, **options)
    ~~~~~~~~~~~~~~~~~^^^^^^^^^^^^^^^^^^^^^^^^^^^^^^
  File "/home/administrator/venv/lib/python3.14/site-packages/flask/scaffold.py", line 50, in wrapper_func
    return f(self, *args, **kwargs)
  File "/home/administrator/venv/lib/python3.14/site-packages/flask/app.py", line 1059, in add_url_rule
    raise AssertionError(
    ...<2 lines>...
    )
AssertionError: View function mapping is overwriting an existing endpoint function: api_dvr_probe
2026-09-30 07:03:52 [CRITICAL] [cctv_app:68] UNCAUGHT EXCEPTION
Traceback (most recent call last):
  File "/home/administrator/cctv/app.py", line 532, in <module>
    @app.route("/api/dvr/probe", methods=["POST"])
     ~~~~~~~~~^^^^^^^^^^^^^^^^^^^^^^^^^^^^^^^^^^^^
  File "/home/administrator/venv/lib/python3.14/site-packages/flask/scaffold.py", line 435, in decorator
    self.add_url_rule(rule, endpoint, f, **options)
    ~~~~~~~~~~~~~~~~~^^^^^^^^^^^^^^^^^^^^^^^^^^^^^^
  File "/home/administrator/venv/lib/python3.14/site-packages/flask/scaffold.py", line 50, in wrapper_func
    return f(self, *args, **kwargs)
  File "/home/administrator/venv/lib/python3.14/site-packages/flask/app.py", line 1059, in add_url_rule
    raise AssertionError(
    ...<2 lines>...
    )
AssertionError: View function mapping is overwriting an existing endpoint function: api_dvr_probe
2026-09-30 07:03:57 [CRITICAL] [cctv_app:68] UNCAUGHT EXCEPTION
Traceback (most recent call last):
  File "/home/administrator/cctv/app.py", line 532, in <module>
    @app.route("/api/dvr/probe", methods=["POST"])
     ~~~~~~~~~^^^^^^^^^^^^^^^^^^^^^^^^^^^^^^^^^^^^
  File "/home/administrator/venv/lib/python3.14/site-packages/flask/scaffold.py", line 435, in decorator
    self.add_url_rule(rule, endpoint, f, **options)
    ~~~~~~~~~~~~~~~~~^^^^^^^^^^^^^^^^^^^^^^^^^^^^^^
  File "/home/administrator/venv/lib/python3.14/site-packages/flask/scaffold.py", line 50, in wrapper_func
    return f(self, *args, **kwargs)
  File "/home/administrator/venv/lib/python3.14/site-packages/flask/app.py", line 1059, in add_url_rule
    raise AssertionError(
    ...<2 lines>...
    )
AssertionError: View function mapping is overwriting an existing endpoint function: api_dvr_probe
2026-09-30 07:04:03 [CRITICAL] [cctv_app:68] UNCAUGHT EXCEPTION
Traceback (most recent call last):
  File "/home/administrator/cctv/app.py", line 532, in <module>
    @app.route("/api/dvr/probe", methods=["POST"])
     ~~~~~~~~~^^^^^^^^^^^^^^^^^^^^^^^^^^^^^^^^^^^^
  File "/home/administrator/venv/lib/python3.14/site-packages/flask/scaffold.py", line 435, in decorator
    self.add_url_rule(rule, endpoint, f, **options)
    ~~~~~~~~~~~~~~~~~^^^^^^^^^^^^^^^^^^^^^^^^^^^^^^
  File "/home/administrator/venv/lib/python3.14/site-packages/flask/scaffold.py", line 50, in wrapper_func
    return f(self, *args, **kwargs)
  File "/home/administrator/venv/lib/python3.14/site-packages/flask/app.py", line 1059, in add_url_rule
    raise AssertionError(
    ...<2 lines>...
    )
AssertionError: View function mapping is overwriting an existing endpoint function: api_dvr_probe
2026-09-30 07:04:08 [CRITICAL] [cctv_app:68] UNCAUGHT EXCEPTION
Traceback (most recent call last):
  File "/home/administrator/cctv/app.py", line 532, in <module>
    @app.route("/api/dvr/probe", methods=["POST"])
     ~~~~~~~~~^^^^^^^^^^^^^^^^^^^^^^^^^^^^^^^^^^^^
  File "/home/administrator/venv/lib/python3.14/site-packages/flask/scaffold.py", line 435, in decorator
    self.add_url_rule(rule, endpoint, f, **options)
    ~~~~~~~~~~~~~~~~~^^^^^^^^^^^^^^^^^^^^^^^^^^^^^^
  File "/home/administrator/venv/lib/python3.14/site-packages/flask/scaffold.py", line 50, in wrapper_func
    return f(self, *args, **kwargs)
  File "/home/administrator/venv/lib/python3.14/site-packages/flask/app.py", line 1059, in add_url_rule
    raise AssertionError(
    ...<2 lines>...
    )
AssertionError: View function mapping is overwriting an existing endpoint function: api_dvr_probe
2026-09-30 07:04:14 [CRITICAL] [cctv_app:68] UNCAUGHT EXCEPTION
Traceback (most recent call last):
  File "/home/administrator/cctv/app.py", line 532, in <module>
    @app.route("/api/dvr/probe", methods=["POST"])
     ~~~~~~~~~^^^^^^^^^^^^^^^^^^^^^^^^^^^^^^^^^^^^
  File "/home/administrator/venv/lib/python3.14/site-packages/flask/scaffold.py", line 435, in decorator
    self.add_url_rule(rule, endpoint, f, **options)
    ~~~~~~~~~~~~~~~~~^^^^^^^^^^^^^^^^^^^^^^^^^^^^^^
  File "/home/administrator/venv/lib/python3.14/site-packages/flask/scaffold.py", line 50, in wrapper_func
    return f(self, *args, **kwargs)
  File "/home/administrator/venv/lib/python3.14/site-packages/flask/app.py", line 1059, in add_url_rule
    raise AssertionError(
    ...<2 lines>...
    )
AssertionError: View function mapping is overwriting an existing endpoint function: api_dvr_probe
2026-09-30 07:04:19 [CRITICAL] [cctv_app:68] UNCAUGHT EXCEPTION
Traceback (most recent call last):
  File "/home/administrator/cctv/app.py", line 532, in <module>
    @app.route("/api/dvr/probe", methods=["POST"])
     ~~~~~~~~~^^^^^^^^^^^^^^^^^^^^^^^^^^^^^^^^^^^^
  File "/home/administrator/venv/lib/python3.14/site-packages/flask/scaffold.py", line 435, in decorator
    self.add_url_rule(rule, endpoint, f, **options)
    ~~~~~~~~~~~~~~~~~^^^^^^^^^^^^^^^^^^^^^^^^^^^^^^
  File "/home/administrator/venv/lib/python3.14/site-packages/flask/scaffold.py", line 50, in wrapper_func
    return f(self, *args, **kwargs)
  File "/home/administrator/venv/lib/python3.14/site-packages/flask/app.py", line 1059, in add_url_rule
    raise AssertionError(
    ...<2 lines>...
    )
AssertionError: View function mapping is overwriting an existing endpoint function: api_dvr_probe
2026-09-30 07:04:25 [CRITICAL] [cctv_app:68] UNCAUGHT EXCEPTION
Traceback (most recent call last):
  File "/home/administrator/cctv/app.py", line 532, in <module>
    @app.route("/api/dvr/probe", methods=["POST"])
     ~~~~~~~~~^^^^^^^^^^^^^^^^^^^^^^^^^^^^^^^^^^^^
  File "/home/administrator/venv/lib/python3.14/site-packages/flask/scaffold.py", line 435, in decorator
    self.add_url_rule(rule, endpoint, f, **options)
    ~~~~~~~~~~~~~~~~~^^^^^^^^^^^^^^^^^^^^^^^^^^^^^^
  File "/home/administrator/venv/lib/python3.14/site-packages/flask/scaffold.py", line 50, in wrapper_func
    return f(self, *args, **kwargs)
  File "/home/administrator/venv/lib/python3.14/site-packages/flask/app.py", line 1059, in add_url_rule
    raise AssertionError(
    ...<2 lines>...
    )
AssertionError: View function mapping is overwriting an existing endpoint function: api_dvr_probe
2026-09-30 07:04:30 [CRITICAL] [cctv_app:68] UNCAUGHT EXCEPTION
Traceback (most recent call last):
  File "/home/administrator/cctv/app.py", line 532, in <module>
    @app.route("/api/dvr/probe", methods=["POST"])
     ~~~~~~~~~^^^^^^^^^^^^^^^^^^^^^^^^^^^^^^^^^^^^
  File "/home/administrator/venv/lib/python3.14/site-packages/flask/scaffold.py", line 435, in decorator
    self.add_url_rule(rule, endpoint, f, **options)
    ~~~~~~~~~~~~~~~~~^^^^^^^^^^^^^^^^^^^^^^^^^^^^^^
  File "/home/administrator/venv/lib/python3.14/site-packages/flask/scaffold.py", line 50, in wrapper_func
    return f(self, *args, **kwargs)
  File "/home/administrator/venv/lib/python3.14/site-packages/flask/app.py", line 1059, in add_url_rule
    raise AssertionError(
    ...<2 lines>...
    )
AssertionError: View function mapping is overwriting an existing endpoint function: api_dvr_probe
2026-09-30 07:04:36 [CRITICAL] [cctv_app:68] UNCAUGHT EXCEPTION
Traceback (most recent call last):
  File "/home/administrator/cctv/app.py", line 532, in <module>
    @app.route("/api/dvr/probe", methods=["POST"])
     ~~~~~~~~~^^^^^^^^^^^^^^^^^^^^^^^^^^^^^^^^^^^^
  File "/home/administrator/venv/lib/python3.14/site-packages/flask/scaffold.py", line 435, in decorator
    self.add_url_rule(rule, endpoint, f, **options)
    ~~~~~~~~~~~~~~~~~^^^^^^^^^^^^^^^^^^^^^^^^^^^^^^
  File "/home/administrator/venv/lib/python3.14/site-packages/flask/scaffold.py", line 50, in wrapper_func
    return f(self, *args, **kwargs)
  File "/home/administrator/venv/lib/python3.14/site-packages/flask/app.py", line 1059, in add_url_rule
    raise AssertionError(
    ...<2 lines>...
    )
AssertionError: View function mapping is overwriting an existing endpoint function: api_dvr_probe
2026-09-30 07:04:41 [CRITICAL] [cctv_app:68] UNCAUGHT EXCEPTION
Traceback (most recent call last):
  File "/home/administrator/cctv/app.py", line 532, in <module>
    @app.route("/api/dvr/probe", methods=["POST"])
     ~~~~~~~~~^^^^^^^^^^^^^^^^^^^^^^^^^^^^^^^^^^^^
  File "/home/administrator/venv/lib/python3.14/site-packages/flask/scaffold.py", line 435, in decorator
    self.add_url_rule(rule, endpoint, f, **options)
    ~~~~~~~~~~~~~~~~~^^^^^^^^^^^^^^^^^^^^^^^^^^^^^^
  File "/home/administrator/venv/lib/python3.14/site-packages/flask/scaffold.py", line 50, in wrapper_func
    return f(self, *args, **kwargs)
  File "/home/administrator/venv/lib/python3.14/site-packages/flask/app.py", line 1059, in add_url_rule
    raise AssertionError(
    ...<2 lines>...
    )
AssertionError: View function mapping is overwriting an existing endpoint function: api_dvr_probe
2026-09-30 07:04:47 [CRITICAL] [cctv_app:68] UNCAUGHT EXCEPTION
Traceback (most recent call last):
  File "/home/administrator/cctv/app.py", line 532, in <module>
    @app.route("/api/dvr/probe", methods=["POST"])
     ~~~~~~~~~^^^^^^^^^^^^^^^^^^^^^^^^^^^^^^^^^^^^
  File "/home/administrator/venv/lib/python3.14/site-packages/flask/scaffold.py", line 435, in decorator
    self.add_url_rule(rule, endpoint, f, **options)
    ~~~~~~~~~~~~~~~~~^^^^^^^^^^^^^^^^^^^^^^^^^^^^^^
  File "/home/administrator/venv/lib/python3.14/site-packages/flask/scaffold.py", line 50, in wrapper_func
    return f(self, *args, **kwargs)
  File "/home/administrator/venv/lib/python3.14/site-packages/flask/app.py", line 1059, in add_url_rule
    raise AssertionError(
    ...<2 lines>...
    )
AssertionError: View function mapping is overwriting an existing endpoint function: api_dvr_probe
2026-09-30 07:04:52 [CRITICAL] [cctv_app:68] UNCAUGHT EXCEPTION
Traceback (most recent call last):
  File "/home/administrator/cctv/app.py", line 532, in <module>
    @app.route("/api/dvr/probe", methods=["POST"])
     ~~~~~~~~~^^^^^^^^^^^^^^^^^^^^^^^^^^^^^^^^^^^^
  File "/home/administrator/venv/lib/python3.14/site-packages/flask/scaffold.py", line 435, in decorator
    self.add_url_rule(rule, endpoint, f, **options)
    ~~~~~~~~~~~~~~~~~^^^^^^^^^^^^^^^^^^^^^^^^^^^^^^
  File "/home/administrator/venv/lib/python3.14/site-packages/flask/scaffold.py", line 50, in wrapper_func
    return f(self, *args, **kwargs)
  File "/home/administrator/venv/lib/python3.14/site-packages/flask/app.py", line 1059, in add_url_rule
    raise AssertionError(
    ...<2 lines>...
    )
AssertionError: View function mapping is overwriting an existing endpoint function: api_dvr_probe
2026-09-30 07:04:58 [CRITICAL] [cctv_app:68] UNCAUGHT EXCEPTION
Traceback (most recent call last):
  File "/home/administrator/cctv/app.py", line 532, in <module>
    @app.route("/api/dvr/probe", methods=["POST"])
     ~~~~~~~~~^^^^^^^^^^^^^^^^^^^^^^^^^^^^^^^^^^^^
  File "/home/administrator/venv/lib/python3.14/site-packages/flask/scaffold.py", line 435, in decorator
    self.add_url_rule(rule, endpoint, f, **options)
    ~~~~~~~~~~~~~~~~~^^^^^^^^^^^^^^^^^^^^^^^^^^^^^^
  File "/home/administrator/venv/lib/python3.14/site-packages/flask/scaffold.py", line 50, in wrapper_func
    return f(self, *args, **kwargs)
  File "/home/administrator/venv/lib/python3.14/site-packages/flask/app.py", line 1059, in add_url_rule
    raise AssertionError(
    ...<2 lines>...
    )
AssertionError: View function mapping is overwriting an existing endpoint function: api_dvr_probe
2026-09-30 07:05:03 [CRITICAL] [cctv_app:68] UNCAUGHT EXCEPTION
Traceback (most recent call last):
  File "/home/administrator/cctv/app.py", line 532, in <module>
    @app.route("/api/dvr/probe", methods=["POST"])
     ~~~~~~~~~^^^^^^^^^^^^^^^^^^^^^^^^^^^^^^^^^^^^
  File "/home/administrator/venv/lib/python3.14/site-packages/flask/scaffold.py", line 435, in decorator
    self.add_url_rule(rule, endpoint, f, **options)
    ~~~~~~~~~~~~~~~~~^^^^^^^^^^^^^^^^^^^^^^^^^^^^^^
  File "/home/administrator/venv/lib/python3.14/site-packages/flask/scaffold.py", line 50, in wrapper_func
    return f(self, *args, **kwargs)
  File "/home/administrator/venv/lib/python3.14/site-packages/flask/app.py", line 1059, in add_url_rule
    raise AssertionError(
    ...<2 lines>...
    )
AssertionError: View function mapping is overwriting an existing endpoint function: api_dvr_probe
2026-09-30 07:05:09 [CRITICAL] [cctv_app:68] UNCAUGHT EXCEPTION
Traceback (most recent call last):
  File "/home/administrator/cctv/app.py", line 532, in <module>
    @app.route("/api/dvr/probe", methods=["POST"])
     ~~~~~~~~~^^^^^^^^^^^^^^^^^^^^^^^^^^^^^^^^^^^^
  File "/home/administrator/venv/lib/python3.14/site-packages/flask/scaffold.py", line 435, in decorator
    self.add_url_rule(rule, endpoint, f, **options)
    ~~~~~~~~~~~~~~~~~^^^^^^^^^^^^^^^^^^^^^^^^^^^^^^
  File "/home/administrator/venv/lib/python3.14/site-packages/flask/scaffold.py", line 50, in wrapper_func
    return f(self, *args, **kwargs)
  File "/home/administrator/venv/lib/python3.14/site-packages/flask/app.py", line 1059, in add_url_rule
    raise AssertionError(
    ...<2 lines>...
    )
AssertionError: View function mapping is overwriting an existing endpoint function: api_dvr_probe
2026-09-30 07:05:14 [CRITICAL] [cctv_app:68] UNCAUGHT EXCEPTION
Traceback (most recent call last):
  File "/home/administrator/cctv/app.py", line 532, in <module>
    @app.route("/api/dvr/probe", methods=["POST"])
     ~~~~~~~~~^^^^^^^^^^^^^^^^^^^^^^^^^^^^^^^^^^^^
  File "/home/administrator/venv/lib/python3.14/site-packages/flask/scaffold.py", line 435, in decorator
    self.add_url_rule(rule, endpoint, f, **options)
    ~~~~~~~~~~~~~~~~~^^^^^^^^^^^^^^^^^^^^^^^^^^^^^^
  File "/home/administrator/venv/lib/python3.14/site-packages/flask/scaffold.py", line 50, in wrapper_func
    return f(self, *args, **kwargs)
  File "/home/administrator/venv/lib/python3.14/site-packages/flask/app.py", line 1059, in add_url_rule
    raise AssertionError(
    ...<2 lines>...
    )
AssertionError: View function mapping is overwriting an existing endpoint function: api_dvr_probe
2026-09-30 07:05:20 [CRITICAL] [cctv_app:68] UNCAUGHT EXCEPTION
Traceback (most recent call last):
  File "/home/administrator/cctv/app.py", line 532, in <module>
    @app.route("/api/dvr/probe", methods=["POST"])
     ~~~~~~~~~^^^^^^^^^^^^^^^^^^^^^^^^^^^^^^^^^^^^
  File "/home/administrator/venv/lib/python3.14/site-packages/flask/scaffold.py", line 435, in decorator
    self.add_url_rule(rule, endpoint, f, **options)
    ~~~~~~~~~~~~~~~~~^^^^^^^^^^^^^^^^^^^^^^^^^^^^^^
  File "/home/administrator/venv/lib/python3.14/site-packages/flask/scaffold.py", line 50, in wrapper_func
    return f(self, *args, **kwargs)
  File "/home/administrator/venv/lib/python3.14/site-packages/flask/app.py", line 1059, in add_url_rule
    raise AssertionError(
    ...<2 lines>...
    )
AssertionError: View function mapping is overwriting an existing endpoint function: api_dvr_probe
2026-09-30 07:05:25 [CRITICAL] [cctv_app:68] UNCAUGHT EXCEPTION
Traceback (most recent call last):
  File "/home/administrator/cctv/app.py", line 532, in <module>
    @app.route("/api/dvr/probe", methods=["POST"])
     ~~~~~~~~~^^^^^^^^^^^^^^^^^^^^^^^^^^^^^^^^^^^^
  File "/home/administrator/venv/lib/python3.14/site-packages/flask/scaffold.py", line 435, in decorator
    self.add_url_rule(rule, endpoint, f, **options)
    ~~~~~~~~~~~~~~~~~^^^^^^^^^^^^^^^^^^^^^^^^^^^^^^
  File "/home/administrator/venv/lib/python3.14/site-packages/flask/scaffold.py", line 50, in wrapper_func
    return f(self, *args, **kwargs)
  File "/home/administrator/venv/lib/python3.14/site-packages/flask/app.py", line 1059, in add_url_rule
    raise AssertionError(
    ...<2 lines>...
    )
AssertionError: View function mapping is overwriting an existing endpoint function: api_dvr_probe
2026-09-30 07:05:31 [CRITICAL] [cctv_app:68] UNCAUGHT EXCEPTION
Traceback (most recent call last):
  File "/home/administrator/cctv/app.py", line 532, in <module>
    @app.route("/api/dvr/probe", methods=["POST"])
     ~~~~~~~~~^^^^^^^^^^^^^^^^^^^^^^^^^^^^^^^^^^^^
  File "/home/administrator/venv/lib/python3.14/site-packages/flask/scaffold.py", line 435, in decorator
    self.add_url_rule(rule, endpoint, f, **options)
    ~~~~~~~~~~~~~~~~~^^^^^^^^^^^^^^^^^^^^^^^^^^^^^^
  File "/home/administrator/venv/lib/python3.14/site-packages/flask/scaffold.py", line 50, in wrapper_func
    return f(self, *args, **kwargs)
  File "/home/administrator/venv/lib/python3.14/site-packages/flask/app.py", line 1059, in add_url_rule
    raise AssertionError(
    ...<2 lines>...
    )
AssertionError: View function mapping is overwriting an existing endpoint function: api_dvr_probe
2026-09-30 07:05:36 [CRITICAL] [cctv_app:68] UNCAUGHT EXCEPTION
Traceback (most recent call last):
  File "/home/administrator/cctv/app.py", line 532, in <module>
    @app.route("/api/dvr/probe", methods=["POST"])
     ~~~~~~~~~^^^^^^^^^^^^^^^^^^^^^^^^^^^^^^^^^^^^
  File "/home/administrator/venv/lib/python3.14/site-packages/flask/scaffold.py", line 435, in decorator
    self.add_url_rule(rule, endpoint, f, **options)
    ~~~~~~~~~~~~~~~~~^^^^^^^^^^^^^^^^^^^^^^^^^^^^^^
  File "/home/administrator/venv/lib/python3.14/site-packages/flask/scaffold.py", line 50, in wrapper_func
    return f(self, *args, **kwargs)
  File "/home/administrator/venv/lib/python3.14/site-packages/flask/app.py", line 1059, in add_url_rule
    raise AssertionError(
    ...<2 lines>...
    )
AssertionError: View function mapping is overwriting an existing endpoint function: api_dvr_probe
2026-09-30 07:05:42 [CRITICAL] [cctv_app:68] UNCAUGHT EXCEPTION
Traceback (most recent call last):
  File "/home/administrator/cctv/app.py", line 532, in <module>
    @app.route("/api/dvr/probe", methods=["POST"])
     ~~~~~~~~~^^^^^^^^^^^^^^^^^^^^^^^^^^^^^^^^^^^^
  File "/home/administrator/venv/lib/python3.14/site-packages/flask/scaffold.py", line 435, in decorator
    self.add_url_rule(rule, endpoint, f, **options)
    ~~~~~~~~~~~~~~~~~^^^^^^^^^^^^^^^^^^^^^^^^^^^^^^
  File "/home/administrator/venv/lib/python3.14/site-packages/flask/scaffold.py", line 50, in wrapper_func
    return f(self, *args, **kwargs)
  File "/home/administrator/venv/lib/python3.14/site-packages/flask/app.py", line 1059, in add_url_rule
    raise AssertionError(
    ...<2 lines>...
    )
AssertionError: View function mapping is overwriting an existing endpoint function: api_dvr_probe
2026-09-30 07:05:47 [CRITICAL] [cctv_app:68] UNCAUGHT EXCEPTION
Traceback (most recent call last):
  File "/home/administrator/cctv/app.py", line 532, in <module>
    @app.route("/api/dvr/probe", methods=["POST"])
     ~~~~~~~~~^^^^^^^^^^^^^^^^^^^^^^^^^^^^^^^^^^^^
  File "/home/administrator/venv/lib/python3.14/site-packages/flask/scaffold.py", line 435, in decorator
    self.add_url_rule(rule, endpoint, f, **options)
    ~~~~~~~~~~~~~~~~~^^^^^^^^^^^^^^^^^^^^^^^^^^^^^^
  File "/home/administrator/venv/lib/python3.14/site-packages/flask/scaffold.py", line 50, in wrapper_func
    return f(self, *args, **kwargs)
  File "/home/administrator/venv/lib/python3.14/site-packages/flask/app.py", line 1059, in add_url_rule
    raise AssertionError(
    ...<2 lines>...
    )
AssertionError: View function mapping is overwriting an existing endpoint function: api_dvr_probe
2026-09-30 07:05:53 [CRITICAL] [cctv_app:68] UNCAUGHT EXCEPTION
Traceback (most recent call last):
  File "/home/administrator/cctv/app.py", line 532, in <module>
    @app.route("/api/dvr/probe", methods=["POST"])
     ~~~~~~~~~^^^^^^^^^^^^^^^^^^^^^^^^^^^^^^^^^^^^
  File "/home/administrator/venv/lib/python3.14/site-packages/flask/scaffold.py", line 435, in decorator
    self.add_url_rule(rule, endpoint, f, **options)
    ~~~~~~~~~~~~~~~~~^^^^^^^^^^^^^^^^^^^^^^^^^^^^^^
  File "/home/administrator/venv/lib/python3.14/site-packages/flask/scaffold.py", line 50, in wrapper_func
    return f(self, *args, **kwargs)
  File "/home/administrator/venv/lib/python3.14/site-packages/flask/app.py", line 1059, in add_url_rule
    raise AssertionError(
    ...<2 lines>...
    )
AssertionError: View function mapping is overwriting an existing endpoint function: api_dvr_probe
2026-09-30 07:05:58 [CRITICAL] [cctv_app:68] UNCAUGHT EXCEPTION
Traceback (most recent call last):
  File "/home/administrator/cctv/app.py", line 532, in <module>
    @app.route("/api/dvr/probe", methods=["POST"])
     ~~~~~~~~~^^^^^^^^^^^^^^^^^^^^^^^^^^^^^^^^^^^^
  File "/home/administrator/venv/lib/python3.14/site-packages/flask/scaffold.py", line 435, in decorator
    self.add_url_rule(rule, endpoint, f, **options)
    ~~~~~~~~~~~~~~~~~^^^^^^^^^^^^^^^^^^^^^^^^^^^^^^
  File "/home/administrator/venv/lib/python3.14/site-packages/flask/scaffold.py", line 50, in wrapper_func
    return f(self, *args, **kwargs)
  File "/home/administrator/venv/lib/python3.14/site-packages/flask/app.py", line 1059, in add_url_rule
    raise AssertionError(
    ...<2 lines>...
    )
AssertionError: View function mapping is overwriting an existing endpoint function: api_dvr_probe
2026-09-30 07:06:04 [CRITICAL] [cctv_app:68] UNCAUGHT EXCEPTION
Traceback (most recent call last):
  File "/home/administrator/cctv/app.py", line 532, in <module>
    @app.route("/api/dvr/probe", methods=["POST"])
     ~~~~~~~~~^^^^^^^^^^^^^^^^^^^^^^^^^^^^^^^^^^^^
  File "/home/administrator/venv/lib/python3.14/site-packages/flask/scaffold.py", line 435, in decorator
    self.add_url_rule(rule, endpoint, f, **options)
    ~~~~~~~~~~~~~~~~~^^^^^^^^^^^^^^^^^^^^^^^^^^^^^^
  File "/home/administrator/venv/lib/python3.14/site-packages/flask/scaffold.py", line 50, in wrapper_func
    return f(self, *args, **kwargs)
  File "/home/administrator/venv/lib/python3.14/site-packages/flask/app.py", line 1059, in add_url_rule
    raise AssertionError(
    ...<2 lines>...
    )
AssertionError: View function mapping is overwriting an existing endpoint function: api_dvr_probe
2026-09-30 07:06:09 [CRITICAL] [cctv_app:68] UNCAUGHT EXCEPTION
Traceback (most recent call last):
  File "/home/administrator/cctv/app.py", line 532, in <module>
    @app.route("/api/dvr/probe", methods=["POST"])
     ~~~~~~~~~^^^^^^^^^^^^^^^^^^^^^^^^^^^^^^^^^^^^
  File "/home/administrator/venv/lib/python3.14/site-packages/flask/scaffold.py", line 435, in decorator
    self.add_url_rule(rule, endpoint, f, **options)
    ~~~~~~~~~~~~~~~~~^^^^^^^^^^^^^^^^^^^^^^^^^^^^^^
  File "/home/administrator/venv/lib/python3.14/site-packages/flask/scaffold.py", line 50, in wrapper_func
    return f(self, *args, **kwargs)
  File "/home/administrator/venv/lib/python3.14/site-packages/flask/app.py", line 1059, in add_url_rule
    raise AssertionError(
    ...<2 lines>...
    )
AssertionError: View function mapping is overwriting an existing endpoint function: api_dvr_probe
2026-09-30 07:06:15 [CRITICAL] [cctv_app:68] UNCAUGHT EXCEPTION
Traceback (most recent call last):
  File "/home/administrator/cctv/app.py", line 532, in <module>
    @app.route("/api/dvr/probe", methods=["POST"])
     ~~~~~~~~~^^^^^^^^^^^^^^^^^^^^^^^^^^^^^^^^^^^^
  File "/home/administrator/venv/lib/python3.14/site-packages/flask/scaffold.py", line 435, in decorator
    self.add_url_rule(rule, endpoint, f, **options)
    ~~~~~~~~~~~~~~~~~^^^^^^^^^^^^^^^^^^^^^^^^^^^^^^
  File "/home/administrator/venv/lib/python3.14/site-packages/flask/scaffold.py", line 50, in wrapper_func
    return f(self, *args, **kwargs)
  File "/home/administrator/venv/lib/python3.14/site-packages/flask/app.py", line 1059, in add_url_rule
    raise AssertionError(
    ...<2 lines>...
    )
AssertionError: View function mapping is overwriting an existing endpoint function: api_dvr_probe
2026-09-30 07:06:20 [CRITICAL] [cctv_app:68] UNCAUGHT EXCEPTION
Traceback (most recent call last):
  File "/home/administrator/cctv/app.py", line 532, in <module>
    @app.route("/api/dvr/probe", methods=["POST"])
     ~~~~~~~~~^^^^^^^^^^^^^^^^^^^^^^^^^^^^^^^^^^^^
  File "/home/administrator/venv/lib/python3.14/site-packages/flask/scaffold.py", line 435, in decorator
    self.add_url_rule(rule, endpoint, f, **options)
    ~~~~~~~~~~~~~~~~~^^^^^^^^^^^^^^^^^^^^^^^^^^^^^^
  File "/home/administrator/venv/lib/python3.14/site-packages/flask/scaffold.py", line 50, in wrapper_func
    return f(self, *args, **kwargs)
  File "/home/administrator/venv/lib/python3.14/site-packages/flask/app.py", line 1059, in add_url_rule
    raise AssertionError(
    ...<2 lines>...
    )
AssertionError: View function mapping is overwriting an existing endpoint function: api_dvr_probe
2026-09-30 07:06:26 [CRITICAL] [cctv_app:68] UNCAUGHT EXCEPTION
Traceback (most recent call last):
  File "/home/administrator/cctv/app.py", line 532, in <module>
    @app.route("/api/dvr/probe", methods=["POST"])
     ~~~~~~~~~^^^^^^^^^^^^^^^^^^^^^^^^^^^^^^^^^^^^
  File "/home/administrator/venv/lib/python3.14/site-packages/flask/scaffold.py", line 435, in decorator
    self.add_url_rule(rule, endpoint, f, **options)
    ~~~~~~~~~~~~~~~~~^^^^^^^^^^^^^^^^^^^^^^^^^^^^^^
  File "/home/administrator/venv/lib/python3.14/site-packages/flask/scaffold.py", line 50, in wrapper_func
    return f(self, *args, **kwargs)
  File "/home/administrator/venv/lib/python3.14/site-packages/flask/app.py", line 1059, in add_url_rule
    raise AssertionError(
    ...<2 lines>...
    )
AssertionError: View function mapping is overwriting an existing endpoint function: api_dvr_probe
2026-09-30 07:06:31 [CRITICAL] [cctv_app:68] UNCAUGHT EXCEPTION
Traceback (most recent call last):
  File "/home/administrator/cctv/app.py", line 532, in <module>
    @app.route("/api/dvr/probe", methods=["POST"])
     ~~~~~~~~~^^^^^^^^^^^^^^^^^^^^^^^^^^^^^^^^^^^^
  File "/home/administrator/venv/lib/python3.14/site-packages/flask/scaffold.py", line 435, in decorator
    self.add_url_rule(rule, endpoint, f, **options)
    ~~~~~~~~~~~~~~~~~^^^^^^^^^^^^^^^^^^^^^^^^^^^^^^
  File "/home/administrator/venv/lib/python3.14/site-packages/flask/scaffold.py", line 50, in wrapper_func
    return f(self, *args, **kwargs)
  File "/home/administrator/venv/lib/python3.14/site-packages/flask/app.py", line 1059, in add_url_rule
    raise AssertionError(
    ...<2 lines>...
    )
AssertionError: View function mapping is overwriting an existing endpoint function: api_dvr_probe
2026-09-30 07:06:37 [CRITICAL] [cctv_app:68] UNCAUGHT EXCEPTION
Traceback (most recent call last):
  File "/home/administrator/cctv/app.py", line 532, in <module>
    @app.route("/api/dvr/probe", methods=["POST"])
     ~~~~~~~~~^^^^^^^^^^^^^^^^^^^^^^^^^^^^^^^^^^^^
  File "/home/administrator/venv/lib/python3.14/site-packages/flask/scaffold.py", line 435, in decorator
    self.add_url_rule(rule, endpoint, f, **options)
    ~~~~~~~~~~~~~~~~~^^^^^^^^^^^^^^^^^^^^^^^^^^^^^^
  File "/home/administrator/venv/lib/python3.14/site-packages/flask/scaffold.py", line 50, in wrapper_func
    return f(self, *args, **kwargs)
  File "/home/administrator/venv/lib/python3.14/site-packages/flask/app.py", line 1059, in add_url_rule
    raise AssertionError(
    ...<2 lines>...
    )
AssertionError: View function mapping is overwriting an existing endpoint function: api_dvr_probe
2026-09-30 07:06:42 [CRITICAL] [cctv_app:68] UNCAUGHT EXCEPTION
Traceback (most recent call last):
  File "/home/administrator/cctv/app.py", line 532, in <module>
    @app.route("/api/dvr/probe", methods=["POST"])
     ~~~~~~~~~^^^^^^^^^^^^^^^^^^^^^^^^^^^^^^^^^^^^
  File "/home/administrator/venv/lib/python3.14/site-packages/flask/scaffold.py", line 435, in decorator
    self.add_url_rule(rule, endpoint, f, **options)
    ~~~~~~~~~~~~~~~~~^^^^^^^^^^^^^^^^^^^^^^^^^^^^^^
  File "/home/administrator/venv/lib/python3.14/site-packages/flask/scaffold.py", line 50, in wrapper_func
    return f(self, *args, **kwargs)
  File "/home/administrator/venv/lib/python3.14/site-packages/flask/app.py", line 1059, in add_url_rule
    raise AssertionError(
    ...<2 lines>...
    )
AssertionError: View function mapping is overwriting an existing endpoint function: api_dvr_probe
2026-09-30 07:06:48 [CRITICAL] [cctv_app:68] UNCAUGHT EXCEPTION
Traceback (most recent call last):
  File "/home/administrator/cctv/app.py", line 532, in <module>
    @app.route("/api/dvr/probe", methods=["POST"])
     ~~~~~~~~~^^^^^^^^^^^^^^^^^^^^^^^^^^^^^^^^^^^^
  File "/home/administrator/venv/lib/python3.14/site-packages/flask/scaffold.py", line 435, in decorator
    self.add_url_rule(rule, endpoint, f, **options)
    ~~~~~~~~~~~~~~~~~^^^^^^^^^^^^^^^^^^^^^^^^^^^^^^
  File "/home/administrator/venv/lib/python3.14/site-packages/flask/scaffold.py", line 50, in wrapper_func
    return f(self, *args, **kwargs)
  File "/home/administrator/venv/lib/python3.14/site-packages/flask/app.py", line 1059, in add_url_rule
    raise AssertionError(
    ...<2 lines>...
    )
AssertionError: View function mapping is overwriting an existing endpoint function: api_dvr_probe
2026-09-30 07:06:53 [CRITICAL] [cctv_app:68] UNCAUGHT EXCEPTION
Traceback (most recent call last):
  File "/home/administrator/cctv/app.py", line 532, in <module>
    @app.route("/api/dvr/probe", methods=["POST"])
     ~~~~~~~~~^^^^^^^^^^^^^^^^^^^^^^^^^^^^^^^^^^^^
  File "/home/administrator/venv/lib/python3.14/site-packages/flask/scaffold.py", line 435, in decorator
    self.add_url_rule(rule, endpoint, f, **options)
    ~~~~~~~~~~~~~~~~~^^^^^^^^^^^^^^^^^^^^^^^^^^^^^^
  File "/home/administrator/venv/lib/python3.14/site-packages/flask/scaffold.py", line 50, in wrapper_func
    return f(self, *args, **kwargs)
  File "/home/administrator/venv/lib/python3.14/site-packages/flask/app.py", line 1059, in add_url_rule
    raise AssertionError(
    ...<2 lines>...
    )
AssertionError: View function mapping is overwriting an existing endpoint function: api_dvr_probe
2026-09-30 07:06:59 [CRITICAL] [cctv_app:68] UNCAUGHT EXCEPTION
Traceback (most recent call last):
  File "/home/administrator/cctv/app.py", line 532, in <module>
    @app.route("/api/dvr/probe", methods=["POST"])
     ~~~~~~~~~^^^^^^^^^^^^^^^^^^^^^^^^^^^^^^^^^^^^
  File "/home/administrator/venv/lib/python3.14/site-packages/flask/scaffold.py", line 435, in decorator
    self.add_url_rule(rule, endpoint, f, **options)
    ~~~~~~~~~~~~~~~~~^^^^^^^^^^^^^^^^^^^^^^^^^^^^^^
  File "/home/administrator/venv/lib/python3.14/site-packages/flask/scaffold.py", line 50, in wrapper_func
    return f(self, *args, **kwargs)
  File "/home/administrator/venv/lib/python3.14/site-packages/flask/app.py", line 1059, in add_url_rule
    raise AssertionError(
    ...<2 lines>...
    )
AssertionError: View function mapping is overwriting an existing endpoint function: api_dvr_probe
2026-09-30 07:07:04 [CRITICAL] [cctv_app:68] UNCAUGHT EXCEPTION
Traceback (most recent call last):
  File "/home/administrator/cctv/app.py", line 532, in <module>
    @app.route("/api/dvr/probe", methods=["POST"])
     ~~~~~~~~~^^^^^^^^^^^^^^^^^^^^^^^^^^^^^^^^^^^^
  File "/home/administrator/venv/lib/python3.14/site-packages/flask/scaffold.py", line 435, in decorator
    self.add_url_rule(rule, endpoint, f, **options)
    ~~~~~~~~~~~~~~~~~^^^^^^^^^^^^^^^^^^^^^^^^^^^^^^
  File "/home/administrator/venv/lib/python3.14/site-packages/flask/scaffold.py", line 50, in wrapper_func
    return f(self, *args, **kwargs)
  File "/home/administrator/venv/lib/python3.14/site-packages/flask/app.py", line 1059, in add_url_rule
    raise AssertionError(
    ...<2 lines>...
    )
AssertionError: View function mapping is overwriting an existing endpoint function: api_dvr_probe
2026-09-30 07:07:10 [CRITICAL] [cctv_app:68] UNCAUGHT EXCEPTION
Traceback (most recent call last):
  File "/home/administrator/cctv/app.py", line 532, in <module>
    @app.route("/api/dvr/probe", methods=["POST"])
     ~~~~~~~~~^^^^^^^^^^^^^^^^^^^^^^^^^^^^^^^^^^^^
  File "/home/administrator/venv/lib/python3.14/site-packages/flask/scaffold.py", line 435, in decorator
    self.add_url_rule(rule, endpoint, f, **options)
    ~~~~~~~~~~~~~~~~~^^^^^^^^^^^^^^^^^^^^^^^^^^^^^^
  File "/home/administrator/venv/lib/python3.14/site-packages/flask/scaffold.py", line 50, in wrapper_func
    return f(self, *args, **kwargs)
  File "/home/administrator/venv/lib/python3.14/site-packages/flask/app.py", line 1059, in add_url_rule
    raise AssertionError(
    ...<2 lines>...
    )
AssertionError: View function mapping is overwriting an existing endpoint function: api_dvr_probe
2026-09-30 07:07:15 [CRITICAL] [cctv_app:68] UNCAUGHT EXCEPTION
Traceback (most recent call last):
  File "/home/administrator/cctv/app.py", line 532, in <module>
    @app.route("/api/dvr/probe", methods=["POST"])
     ~~~~~~~~~^^^^^^^^^^^^^^^^^^^^^^^^^^^^^^^^^^^^
  File "/home/administrator/venv/lib/python3.14/site-packages/flask/scaffold.py", line 435, in decorator
    self.add_url_rule(rule, endpoint, f, **options)
    ~~~~~~~~~~~~~~~~~^^^^^^^^^^^^^^^^^^^^^^^^^^^^^^
  File "/home/administrator/venv/lib/python3.14/site-packages/flask/scaffold.py", line 50, in wrapper_func
    return f(self, *args, **kwargs)
  File "/home/administrator/venv/lib/python3.14/site-packages/flask/app.py", line 1059, in add_url_rule
    raise AssertionError(
    ...<2 lines>...
    )
AssertionError: View function mapping is overwriting an existing endpoint function: api_dvr_probe
2026-09-30 07:07:21 [CRITICAL] [cctv_app:68] UNCAUGHT EXCEPTION
Traceback (most recent call last):
  File "/home/administrator/cctv/app.py", line 532, in <module>
    @app.route("/api/dvr/probe", methods=["POST"])
     ~~~~~~~~~^^^^^^^^^^^^^^^^^^^^^^^^^^^^^^^^^^^^
  File "/home/administrator/venv/lib/python3.14/site-packages/flask/scaffold.py", line 435, in decorator
    self.add_url_rule(rule, endpoint, f, **options)
    ~~~~~~~~~~~~~~~~~^^^^^^^^^^^^^^^^^^^^^^^^^^^^^^
  File "/home/administrator/venv/lib/python3.14/site-packages/flask/scaffold.py", line 50, in wrapper_func
    return f(self, *args, **kwargs)
  File "/home/administrator/venv/lib/python3.14/site-packages/flask/app.py", line 1059, in add_url_rule
    raise AssertionError(
    ...<2 lines>...
    )
AssertionError: View function mapping is overwriting an existing endpoint function: api_dvr_probe
2026-09-30 07:07:26 [CRITICAL] [cctv_app:68] UNCAUGHT EXCEPTION
Traceback (most recent call last):
  File "/home/administrator/cctv/app.py", line 532, in <module>
    @app.route("/api/dvr/probe", methods=["POST"])
     ~~~~~~~~~^^^^^^^^^^^^^^^^^^^^^^^^^^^^^^^^^^^^
  File "/home/administrator/venv/lib/python3.14/site-packages/flask/scaffold.py", line 435, in decorator
    self.add_url_rule(rule, endpoint, f, **options)
    ~~~~~~~~~~~~~~~~~^^^^^^^^^^^^^^^^^^^^^^^^^^^^^^
  File "/home/administrator/venv/lib/python3.14/site-packages/flask/scaffold.py", line 50, in wrapper_func
    return f(self, *args, **kwargs)
  File "/home/administrator/venv/lib/python3.14/site-packages/flask/app.py", line 1059, in add_url_rule
    raise AssertionError(
    ...<2 lines>...
    )
AssertionError: View function mapping is overwriting an existing endpoint function: api_dvr_probe
2026-09-30 07:07:32 [CRITICAL] [cctv_app:68] UNCAUGHT EXCEPTION
Traceback (most recent call last):
  File "/home/administrator/cctv/app.py", line 532, in <module>
    @app.route("/api/dvr/probe", methods=["POST"])
     ~~~~~~~~~^^^^^^^^^^^^^^^^^^^^^^^^^^^^^^^^^^^^
  File "/home/administrator/venv/lib/python3.14/site-packages/flask/scaffold.py", line 435, in decorator
    self.add_url_rule(rule, endpoint, f, **options)
    ~~~~~~~~~~~~~~~~~^^^^^^^^^^^^^^^^^^^^^^^^^^^^^^
  File "/home/administrator/venv/lib/python3.14/site-packages/flask/scaffold.py", line 50, in wrapper_func
    return f(self, *args, **kwargs)
  File "/home/administrator/venv/lib/python3.14/site-packages/flask/app.py", line 1059, in add_url_rule
    raise AssertionError(
    ...<2 lines>...
    )
AssertionError: View function mapping is overwriting an existing endpoint function: api_dvr_probe
2026-09-30 07:07:37 [CRITICAL] [cctv_app:68] UNCAUGHT EXCEPTION
Traceback (most recent call last):
  File "/home/administrator/cctv/app.py", line 532, in <module>
    @app.route("/api/dvr/probe", methods=["POST"])
     ~~~~~~~~~^^^^^^^^^^^^^^^^^^^^^^^^^^^^^^^^^^^^
  File "/home/administrator/venv/lib/python3.14/site-packages/flask/scaffold.py", line 435, in decorator
    self.add_url_rule(rule, endpoint, f, **options)
    ~~~~~~~~~~~~~~~~~^^^^^^^^^^^^^^^^^^^^^^^^^^^^^^
  File "/home/administrator/venv/lib/python3.14/site-packages/flask/scaffold.py", line 50, in wrapper_func
    return f(self, *args, **kwargs)
  File "/home/administrator/venv/lib/python3.14/site-packages/flask/app.py", line 1059, in add_url_rule
    raise AssertionError(
    ...<2 lines>...
    )
AssertionError: View function mapping is overwriting an existing endpoint function: api_dvr_probe
2026-09-30 07:07:43 [CRITICAL] [cctv_app:68] UNCAUGHT EXCEPTION
Traceback (most recent call last):
  File "/home/administrator/cctv/app.py", line 532, in <module>
    @app.route("/api/dvr/probe", methods=["POST"])
     ~~~~~~~~~^^^^^^^^^^^^^^^^^^^^^^^^^^^^^^^^^^^^
  File "/home/administrator/venv/lib/python3.14/site-packages/flask/scaffold.py", line 435, in decorator
    self.add_url_rule(rule, endpoint, f, **options)
    ~~~~~~~~~~~~~~~~~^^^^^^^^^^^^^^^^^^^^^^^^^^^^^^
  File "/home/administrator/venv/lib/python3.14/site-packages/flask/scaffold.py", line 50, in wrapper_func
    return f(self, *args, **kwargs)
  File "/home/administrator/venv/lib/python3.14/site-packages/flask/app.py", line 1059, in add_url_rule
    raise AssertionError(
    ...<2 lines>...
    )
AssertionError: View function mapping is overwriting an existing endpoint function: api_dvr_probe
2026-09-30 07:07:48 [CRITICAL] [cctv_app:68] UNCAUGHT EXCEPTION
Traceback (most recent call last):
  File "/home/administrator/cctv/app.py", line 532, in <module>
    @app.route("/api/dvr/probe", methods=["POST"])
     ~~~~~~~~~^^^^^^^^^^^^^^^^^^^^^^^^^^^^^^^^^^^^
  File "/home/administrator/venv/lib/python3.14/site-packages/flask/scaffold.py", line 435, in decorator
    self.add_url_rule(rule, endpoint, f, **options)
    ~~~~~~~~~~~~~~~~~^^^^^^^^^^^^^^^^^^^^^^^^^^^^^^
  File "/home/administrator/venv/lib/python3.14/site-packages/flask/scaffold.py", line 50, in wrapper_func
    return f(self, *args, **kwargs)
  File "/home/administrator/venv/lib/python3.14/site-packages/flask/app.py", line 1059, in add_url_rule
    raise AssertionError(
    ...<2 lines>...
    )
AssertionError: View function mapping is overwriting an existing endpoint function: api_dvr_probe
2026-09-30 07:07:54 [CRITICAL] [cctv_app:68] UNCAUGHT EXCEPTION
Traceback (most recent call last):
  File "/home/administrator/cctv/app.py", line 532, in <module>
    @app.route("/api/dvr/probe", methods=["POST"])
     ~~~~~~~~~^^^^^^^^^^^^^^^^^^^^^^^^^^^^^^^^^^^^
  File "/home/administrator/venv/lib/python3.14/site-packages/flask/scaffold.py", line 435, in decorator
    self.add_url_rule(rule, endpoint, f, **options)
    ~~~~~~~~~~~~~~~~~^^^^^^^^^^^^^^^^^^^^^^^^^^^^^^
  File "/home/administrator/venv/lib/python3.14/site-packages/flask/scaffold.py", line 50, in wrapper_func
    return f(self, *args, **kwargs)
  File "/home/administrator/venv/lib/python3.14/site-packages/flask/app.py", line 1059, in add_url_rule
    raise AssertionError(
    ...<2 lines>...
    )
AssertionError: View function mapping is overwriting an existing endpoint function: api_dvr_probe
2026-09-30 07:07:59 [CRITICAL] [cctv_app:68] UNCAUGHT EXCEPTION
Traceback (most recent call last):
  File "/home/administrator/cctv/app.py", line 532, in <module>
    @app.route("/api/dvr/probe", methods=["POST"])
     ~~~~~~~~~^^^^^^^^^^^^^^^^^^^^^^^^^^^^^^^^^^^^
  File "/home/administrator/venv/lib/python3.14/site-packages/flask/scaffold.py", line 435, in decorator
    self.add_url_rule(rule, endpoint, f, **options)
    ~~~~~~~~~~~~~~~~~^^^^^^^^^^^^^^^^^^^^^^^^^^^^^^
  File "/home/administrator/venv/lib/python3.14/site-packages/flask/scaffold.py", line 50, in wrapper_func
    return f(self, *args, **kwargs)
  File "/home/administrator/venv/lib/python3.14/site-packages/flask/app.py", line 1059, in add_url_rule
    raise AssertionError(
    ...<2 lines>...
    )
AssertionError: View function mapping is overwriting an existing endpoint function: api_dvr_probe
2026-09-30 07:08:05 [CRITICAL] [cctv_app:68] UNCAUGHT EXCEPTION
Traceback (most recent call last):
  File "/home/administrator/cctv/app.py", line 532, in <module>
    @app.route("/api/dvr/probe", methods=["POST"])
     ~~~~~~~~~^^^^^^^^^^^^^^^^^^^^^^^^^^^^^^^^^^^^
  File "/home/administrator/venv/lib/python3.14/site-packages/flask/scaffold.py", line 435, in decorator
    self.add_url_rule(rule, endpoint, f, **options)
    ~~~~~~~~~~~~~~~~~^^^^^^^^^^^^^^^^^^^^^^^^^^^^^^
  File "/home/administrator/venv/lib/python3.14/site-packages/flask/scaffold.py", line 50, in wrapper_func
    return f(self, *args, **kwargs)
  File "/home/administrator/venv/lib/python3.14/site-packages/flask/app.py", line 1059, in add_url_rule
    raise AssertionError(
    ...<2 lines>...
    )
AssertionError: View function mapping is overwriting an existing endpoint function: api_dvr_probe
2026-09-30 07:08:10 [CRITICAL] [cctv_app:68] UNCAUGHT EXCEPTION
Traceback (most recent call last):
  File "/home/administrator/cctv/app.py", line 532, in <module>
    @app.route("/api/dvr/probe", methods=["POST"])
     ~~~~~~~~~^^^^^^^^^^^^^^^^^^^^^^^^^^^^^^^^^^^^
  File "/home/administrator/venv/lib/python3.14/site-packages/flask/scaffold.py", line 435, in decorator
    self.add_url_rule(rule, endpoint, f, **options)
    ~~~~~~~~~~~~~~~~~^^^^^^^^^^^^^^^^^^^^^^^^^^^^^^
  File "/home/administrator/venv/lib/python3.14/site-packages/flask/scaffold.py", line 50, in wrapper_func
    return f(self, *args, **kwargs)
  File "/home/administrator/venv/lib/python3.14/site-packages/flask/app.py", line 1059, in add_url_rule
    raise AssertionError(
    ...<2 lines>...
    )
AssertionError: View function mapping is overwriting an existing endpoint function: api_dvr_probe
2026-09-30 07:08:16 [CRITICAL] [cctv_app:68] UNCAUGHT EXCEPTION
Traceback (most recent call last):
  File "/home/administrator/cctv/app.py", line 532, in <module>
    @app.route("/api/dvr/probe", methods=["POST"])
     ~~~~~~~~~^^^^^^^^^^^^^^^^^^^^^^^^^^^^^^^^^^^^
  File "/home/administrator/venv/lib/python3.14/site-packages/flask/scaffold.py", line 435, in decorator
    self.add_url_rule(rule, endpoint, f, **options)
    ~~~~~~~~~~~~~~~~~^^^^^^^^^^^^^^^^^^^^^^^^^^^^^^
  File "/home/administrator/venv/lib/python3.14/site-packages/flask/scaffold.py", line 50, in wrapper_func
    return f(self, *args, **kwargs)
  File "/home/administrator/venv/lib/python3.14/site-packages/flask/app.py", line 1059, in add_url_rule
    raise AssertionError(
    ...<2 lines>...
    )
AssertionError: View function mapping is overwriting an existing endpoint function: api_dvr_probe
2026-09-30 07:08:21 [CRITICAL] [cctv_app:68] UNCAUGHT EXCEPTION
Traceback (most recent call last):
  File "/home/administrator/cctv/app.py", line 532, in <module>
    @app.route("/api/dvr/probe", methods=["POST"])
     ~~~~~~~~~^^^^^^^^^^^^^^^^^^^^^^^^^^^^^^^^^^^^
  File "/home/administrator/venv/lib/python3.14/site-packages/flask/scaffold.py", line 435, in decorator
    self.add_url_rule(rule, endpoint, f, **options)
    ~~~~~~~~~~~~~~~~~^^^^^^^^^^^^^^^^^^^^^^^^^^^^^^
  File "/home/administrator/venv/lib/python3.14/site-packages/flask/scaffold.py", line 50, in wrapper_func
    return f(self, *args, **kwargs)
  File "/home/administrator/venv/lib/python3.14/site-packages/flask/app.py", line 1059, in add_url_rule
    raise AssertionError(
    ...<2 lines>...
    )
AssertionError: View function mapping is overwriting an existing endpoint function: api_dvr_probe
2026-09-30 07:08:27 [CRITICAL] [cctv_app:68] UNCAUGHT EXCEPTION
Traceback (most recent call last):
  File "/home/administrator/cctv/app.py", line 532, in <module>
    @app.route("/api/dvr/probe", methods=["POST"])
     ~~~~~~~~~^^^^^^^^^^^^^^^^^^^^^^^^^^^^^^^^^^^^
  File "/home/administrator/venv/lib/python3.14/site-packages/flask/scaffold.py", line 435, in decorator
    self.add_url_rule(rule, endpoint, f, **options)
    ~~~~~~~~~~~~~~~~~^^^^^^^^^^^^^^^^^^^^^^^^^^^^^^
  File "/home/administrator/venv/lib/python3.14/site-packages/flask/scaffold.py", line 50, in wrapper_func
    return f(self, *args, **kwargs)
  File "/home/administrator/venv/lib/python3.14/site-packages/flask/app.py", line 1059, in add_url_rule
    raise AssertionError(
    ...<2 lines>...
    )
AssertionError: View function mapping is overwriting an existing endpoint function: api_dvr_probe
2026-09-30 07:08:32 [CRITICAL] [cctv_app:68] UNCAUGHT EXCEPTION
Traceback (most recent call last):
  File "/home/administrator/cctv/app.py", line 532, in <module>
    @app.route("/api/dvr/probe", methods=["POST"])
     ~~~~~~~~~^^^^^^^^^^^^^^^^^^^^^^^^^^^^^^^^^^^^
  File "/home/administrator/venv/lib/python3.14/site-packages/flask/scaffold.py", line 435, in decorator
    self.add_url_rule(rule, endpoint, f, **options)
    ~~~~~~~~~~~~~~~~~^^^^^^^^^^^^^^^^^^^^^^^^^^^^^^
  File "/home/administrator/venv/lib/python3.14/site-packages/flask/scaffold.py", line 50, in wrapper_func
    return f(self, *args, **kwargs)
  File "/home/administrator/venv/lib/python3.14/site-packages/flask/app.py", line 1059, in add_url_rule
    raise AssertionError(
    ...<2 lines>...
    )
AssertionError: View function mapping is overwriting an existing endpoint function: api_dvr_probe
2026-09-30 07:08:38 [CRITICAL] [cctv_app:68] UNCAUGHT EXCEPTION
Traceback (most recent call last):
  File "/home/administrator/cctv/app.py", line 532, in <module>
    @app.route("/api/dvr/probe", methods=["POST"])
     ~~~~~~~~~^^^^^^^^^^^^^^^^^^^^^^^^^^^^^^^^^^^^
  File "/home/administrator/venv/lib/python3.14/site-packages/flask/scaffold.py", line 435, in decorator
    self.add_url_rule(rule, endpoint, f, **options)
    ~~~~~~~~~~~~~~~~~^^^^^^^^^^^^^^^^^^^^^^^^^^^^^^
  File "/home/administrator/venv/lib/python3.14/site-packages/flask/scaffold.py", line 50, in wrapper_func
    return f(self, *args, **kwargs)
  File "/home/administrator/venv/lib/python3.14/site-packages/flask/app.py", line 1059, in add_url_rule
    raise AssertionError(
    ...<2 lines>...
    )
AssertionError: View function mapping is overwriting an existing endpoint function: api_dvr_probe
2026-09-30 07:08:43 [CRITICAL] [cctv_app:68] UNCAUGHT EXCEPTION
Traceback (most recent call last):
  File "/home/administrator/cctv/app.py", line 532, in <module>
    @app.route("/api/dvr/probe", methods=["POST"])
     ~~~~~~~~~^^^^^^^^^^^^^^^^^^^^^^^^^^^^^^^^^^^^
  File "/home/administrator/venv/lib/python3.14/site-packages/flask/scaffold.py", line 435, in decorator
    self.add_url_rule(rule, endpoint, f, **options)
    ~~~~~~~~~~~~~~~~~^^^^^^^^^^^^^^^^^^^^^^^^^^^^^^
  File "/home/administrator/venv/lib/python3.14/site-packages/flask/scaffold.py", line 50, in wrapper_func
    return f(self, *args, **kwargs)
  File "/home/administrator/venv/lib/python3.14/site-packages/flask/app.py", line 1059, in add_url_rule
    raise AssertionError(
    ...<2 lines>...
    )
AssertionError: View function mapping is overwriting an existing endpoint function: api_dvr_probe
2026-09-30 07:08:49 [CRITICAL] [cctv_app:68] UNCAUGHT EXCEPTION
Traceback (most recent call last):
  File "/home/administrator/cctv/app.py", line 532, in <module>
    @app.route("/api/dvr/probe", methods=["POST"])
     ~~~~~~~~~^^^^^^^^^^^^^^^^^^^^^^^^^^^^^^^^^^^^
  File "/home/administrator/venv/lib/python3.14/site-packages/flask/scaffold.py", line 435, in decorator
    self.add_url_rule(rule, endpoint, f, **options)
    ~~~~~~~~~~~~~~~~~^^^^^^^^^^^^^^^^^^^^^^^^^^^^^^
  File "/home/administrator/venv/lib/python3.14/site-packages/flask/scaffold.py", line 50, in wrapper_func
    return f(self, *args, **kwargs)
  File "/home/administrator/venv/lib/python3.14/site-packages/flask/app.py", line 1059, in add_url_rule
    raise AssertionError(
    ...<2 lines>...
    )
AssertionError: View function mapping is overwriting an existing endpoint function: api_dvr_probe
2026-09-30 07:08:54 [CRITICAL] [cctv_app:68] UNCAUGHT EXCEPTION
Traceback (most recent call last):
  File "/home/administrator/cctv/app.py", line 532, in <module>
    @app.route("/api/dvr/probe", methods=["POST"])
     ~~~~~~~~~^^^^^^^^^^^^^^^^^^^^^^^^^^^^^^^^^^^^
  File "/home/administrator/venv/lib/python3.14/site-packages/flask/scaffold.py", line 435, in decorator
    self.add_url_rule(rule, endpoint, f, **options)
    ~~~~~~~~~~~~~~~~~^^^^^^^^^^^^^^^^^^^^^^^^^^^^^^
  File "/home/administrator/venv/lib/python3.14/site-packages/flask/scaffold.py", line 50, in wrapper_func
    return f(self, *args, **kwargs)
  File "/home/administrator/venv/lib/python3.14/site-packages/flask/app.py", line 1059, in add_url_rule
    raise AssertionError(
    ...<2 lines>...
    )
AssertionError: View function mapping is overwriting an existing endpoint function: api_dvr_probe
2026-09-30 07:09:00 [CRITICAL] [cctv_app:68] UNCAUGHT EXCEPTION
Traceback (most recent call last):
  File "/home/administrator/cctv/app.py", line 532, in <module>
    @app.route("/api/dvr/probe", methods=["POST"])
     ~~~~~~~~~^^^^^^^^^^^^^^^^^^^^^^^^^^^^^^^^^^^^
  File "/home/administrator/venv/lib/python3.14/site-packages/flask/scaffold.py", line 435, in decorator
    self.add_url_rule(rule, endpoint, f, **options)
    ~~~~~~~~~~~~~~~~~^^^^^^^^^^^^^^^^^^^^^^^^^^^^^^
  File "/home/administrator/venv/lib/python3.14/site-packages/flask/scaffold.py", line 50, in wrapper_func
    return f(self, *args, **kwargs)
  File "/home/administrator/venv/lib/python3.14/site-packages/flask/app.py", line 1059, in add_url_rule
    raise AssertionError(
    ...<2 lines>...
    )
AssertionError: View function mapping is overwriting an existing endpoint function: api_dvr_probe
2026-09-30 07:09:05 [CRITICAL] [cctv_app:68] UNCAUGHT EXCEPTION
Traceback (most recent call last):
  File "/home/administrator/cctv/app.py", line 532, in <module>
    @app.route("/api/dvr/probe", methods=["POST"])
     ~~~~~~~~~^^^^^^^^^^^^^^^^^^^^^^^^^^^^^^^^^^^^
  File "/home/administrator/venv/lib/python3.14/site-packages/flask/scaffold.py", line 435, in decorator
    self.add_url_rule(rule, endpoint, f, **options)
    ~~~~~~~~~~~~~~~~~^^^^^^^^^^^^^^^^^^^^^^^^^^^^^^
  File "/home/administrator/venv/lib/python3.14/site-packages/flask/scaffold.py", line 50, in wrapper_func
    return f(self, *args, **kwargs)
  File "/home/administrator/venv/lib/python3.14/site-packages/flask/app.py", line 1059, in add_url_rule
    raise AssertionError(
    ...<2 lines>...
    )
AssertionError: View function mapping is overwriting an existing endpoint function: api_dvr_probe
2026-09-30 07:09:11 [CRITICAL] [cctv_app:68] UNCAUGHT EXCEPTION
Traceback (most recent call last):
  File "/home/administrator/cctv/app.py", line 532, in <module>
    @app.route("/api/dvr/probe", methods=["POST"])
     ~~~~~~~~~^^^^^^^^^^^^^^^^^^^^^^^^^^^^^^^^^^^^
  File "/home/administrator/venv/lib/python3.14/site-packages/flask/scaffold.py", line 435, in decorator
    self.add_url_rule(rule, endpoint, f, **options)
    ~~~~~~~~~~~~~~~~~^^^^^^^^^^^^^^^^^^^^^^^^^^^^^^
  File "/home/administrator/venv/lib/python3.14/site-packages/flask/scaffold.py", line 50, in wrapper_func
    return f(self, *args, **kwargs)
  File "/home/administrator/venv/lib/python3.14/site-packages/flask/app.py", line 1059, in add_url_rule
    raise AssertionError(
    ...<2 lines>...
    )
AssertionError: View function mapping is overwriting an existing endpoint function: api_dvr_probe
2026-09-30 07:09:16 [CRITICAL] [cctv_app:68] UNCAUGHT EXCEPTION
Traceback (most recent call last):
  File "/home/administrator/cctv/app.py", line 532, in <module>
    @app.route("/api/dvr/probe", methods=["POST"])
     ~~~~~~~~~^^^^^^^^^^^^^^^^^^^^^^^^^^^^^^^^^^^^
  File "/home/administrator/venv/lib/python3.14/site-packages/flask/scaffold.py", line 435, in decorator
    self.add_url_rule(rule, endpoint, f, **options)
    ~~~~~~~~~~~~~~~~~^^^^^^^^^^^^^^^^^^^^^^^^^^^^^^
  File "/home/administrator/venv/lib/python3.14/site-packages/flask/scaffold.py", line 50, in wrapper_func
    return f(self, *args, **kwargs)
  File "/home/administrator/venv/lib/python3.14/site-packages/flask/app.py", line 1059, in add_url_rule
    raise AssertionError(
    ...<2 lines>...
    )
AssertionError: View function mapping is overwriting an existing endpoint function: api_dvr_probe
2026-09-30 07:09:22 [CRITICAL] [cctv_app:68] UNCAUGHT EXCEPTION
Traceback (most recent call last):
  File "/home/administrator/cctv/app.py", line 532, in <module>
    @app.route("/api/dvr/probe", methods=["POST"])
     ~~~~~~~~~^^^^^^^^^^^^^^^^^^^^^^^^^^^^^^^^^^^^
  File "/home/administrator/venv/lib/python3.14/site-packages/flask/scaffold.py", line 435, in decorator
    self.add_url_rule(rule, endpoint, f, **options)
    ~~~~~~~~~~~~~~~~~^^^^^^^^^^^^^^^^^^^^^^^^^^^^^^
  File "/home/administrator/venv/lib/python3.14/site-packages/flask/scaffold.py", line 50, in wrapper_func
    return f(self, *args, **kwargs)
  File "/home/administrator/venv/lib/python3.14/site-packages/flask/app.py", line 1059, in add_url_rule
    raise AssertionError(
    ...<2 lines>...
    )
AssertionError: View function mapping is overwriting an existing endpoint function: api_dvr_probe
2026-09-30 07:09:27 [CRITICAL] [cctv_app:68] UNCAUGHT EXCEPTION
Traceback (most recent call last):
  File "/home/administrator/cctv/app.py", line 532, in <module>
    @app.route("/api/dvr/probe", methods=["POST"])
     ~~~~~~~~~^^^^^^^^^^^^^^^^^^^^^^^^^^^^^^^^^^^^
  File "/home/administrator/venv/lib/python3.14/site-packages/flask/scaffold.py", line 435, in decorator
    self.add_url_rule(rule, endpoint, f, **options)
    ~~~~~~~~~~~~~~~~~^^^^^^^^^^^^^^^^^^^^^^^^^^^^^^
  File "/home/administrator/venv/lib/python3.14/site-packages/flask/scaffold.py", line 50, in wrapper_func
    return f(self, *args, **kwargs)
  File "/home/administrator/venv/lib/python3.14/site-packages/flask/app.py", line 1059, in add_url_rule
    raise AssertionError(
    ...<2 lines>...
    )
AssertionError: View function mapping is overwriting an existing endpoint function: api_dvr_probe
2026-09-30 07:09:33 [CRITICAL] [cctv_app:68] UNCAUGHT EXCEPTION
Traceback (most recent call last):
  File "/home/administrator/cctv/app.py", line 532, in <module>
    @app.route("/api/dvr/probe", methods=["POST"])
     ~~~~~~~~~^^^^^^^^^^^^^^^^^^^^^^^^^^^^^^^^^^^^
  File "/home/administrator/venv/lib/python3.14/site-packages/flask/scaffold.py", line 435, in decorator
    self.add_url_rule(rule, endpoint, f, **options)
    ~~~~~~~~~~~~~~~~~^^^^^^^^^^^^^^^^^^^^^^^^^^^^^^
  File "/home/administrator/venv/lib/python3.14/site-packages/flask/scaffold.py", line 50, in wrapper_func
    return f(self, *args, **kwargs)
  File "/home/administrator/venv/lib/python3.14/site-packages/flask/app.py", line 1059, in add_url_rule
    raise AssertionError(
    ...<2 lines>...
    )
AssertionError: View function mapping is overwriting an existing endpoint function: api_dvr_probe
2026-09-30 07:09:38 [CRITICAL] [cctv_app:68] UNCAUGHT EXCEPTION
Traceback (most recent call last):
  File "/home/administrator/cctv/app.py", line 532, in <module>
    @app.route("/api/dvr/probe", methods=["POST"])
     ~~~~~~~~~^^^^^^^^^^^^^^^^^^^^^^^^^^^^^^^^^^^^
  File "/home/administrator/venv/lib/python3.14/site-packages/flask/scaffold.py", line 435, in decorator
    self.add_url_rule(rule, endpoint, f, **options)
    ~~~~~~~~~~~~~~~~~^^^^^^^^^^^^^^^^^^^^^^^^^^^^^^
  File "/home/administrator/venv/lib/python3.14/site-packages/flask/scaffold.py", line 50, in wrapper_func
    return f(self, *args, **kwargs)
  File "/home/administrator/venv/lib/python3.14/site-packages/flask/app.py", line 1059, in add_url_rule
    raise AssertionError(
    ...<2 lines>...
    )
AssertionError: View function mapping is overwriting an existing endpoint function: api_dvr_probe
2026-09-30 07:09:44 [CRITICAL] [cctv_app:68] UNCAUGHT EXCEPTION
Traceback (most recent call last):
  File "/home/administrator/cctv/app.py", line 532, in <module>
    @app.route("/api/dvr/probe", methods=["POST"])
     ~~~~~~~~~^^^^^^^^^^^^^^^^^^^^^^^^^^^^^^^^^^^^
  File "/home/administrator/venv/lib/python3.14/site-packages/flask/scaffold.py", line 435, in decorator
    self.add_url_rule(rule, endpoint, f, **options)
    ~~~~~~~~~~~~~~~~~^^^^^^^^^^^^^^^^^^^^^^^^^^^^^^
  File "/home/administrator/venv/lib/python3.14/site-packages/flask/scaffold.py", line 50, in wrapper_func
    return f(self, *args, **kwargs)
  File "/home/administrator/venv/lib/python3.14/site-packages/flask/app.py", line 1059, in add_url_rule
    raise AssertionError(
    ...<2 lines>...
    )
AssertionError: View function mapping is overwriting an existing endpoint function: api_dvr_probe
2026-09-30 07:09:49 [CRITICAL] [cctv_app:68] UNCAUGHT EXCEPTION
Traceback (most recent call last):
  File "/home/administrator/cctv/app.py", line 532, in <module>
    @app.route("/api/dvr/probe", methods=["POST"])
     ~~~~~~~~~^^^^^^^^^^^^^^^^^^^^^^^^^^^^^^^^^^^^
  File "/home/administrator/venv/lib/python3.14/site-packages/flask/scaffold.py", line 435, in decorator
    self.add_url_rule(rule, endpoint, f, **options)
    ~~~~~~~~~~~~~~~~~^^^^^^^^^^^^^^^^^^^^^^^^^^^^^^
  File "/home/administrator/venv/lib/python3.14/site-packages/flask/scaffold.py", line 50, in wrapper_func
    return f(self, *args, **kwargs)
  File "/home/administrator/venv/lib/python3.14/site-packages/flask/app.py", line 1059, in add_url_rule
    raise AssertionError(
    ...<2 lines>...
    )
AssertionError: View function mapping is overwriting an existing endpoint function: api_dvr_probe
2026-09-30 07:09:55 [CRITICAL] [cctv_app:68] UNCAUGHT EXCEPTION
Traceback (most recent call last):
  File "/home/administrator/cctv/app.py", line 532, in <module>
    @app.route("/api/dvr/probe", methods=["POST"])
     ~~~~~~~~~^^^^^^^^^^^^^^^^^^^^^^^^^^^^^^^^^^^^
  File "/home/administrator/venv/lib/python3.14/site-packages/flask/scaffold.py", line 435, in decorator
    self.add_url_rule(rule, endpoint, f, **options)
    ~~~~~~~~~~~~~~~~~^^^^^^^^^^^^^^^^^^^^^^^^^^^^^^
  File "/home/administrator/venv/lib/python3.14/site-packages/flask/scaffold.py", line 50, in wrapper_func
    return f(self, *args, **kwargs)
  File "/home/administrator/venv/lib/python3.14/site-packages/flask/app.py", line 1059, in add_url_rule
    raise AssertionError(
    ...<2 lines>...
    )
AssertionError: View function mapping is overwriting an existing endpoint function: api_dvr_probe
2026-09-30 07:10:00 [CRITICAL] [cctv_app:68] UNCAUGHT EXCEPTION
Traceback (most recent call last):
  File "/home/administrator/cctv/app.py", line 532, in <module>
    @app.route("/api/dvr/probe", methods=["POST"])
     ~~~~~~~~~^^^^^^^^^^^^^^^^^^^^^^^^^^^^^^^^^^^^
  File "/home/administrator/venv/lib/python3.14/site-packages/flask/scaffold.py", line 435, in decorator
    self.add_url_rule(rule, endpoint, f, **options)
    ~~~~~~~~~~~~~~~~~^^^^^^^^^^^^^^^^^^^^^^^^^^^^^^
  File "/home/administrator/venv/lib/python3.14/site-packages/flask/scaffold.py", line 50, in wrapper_func
    return f(self, *args, **kwargs)
  File "/home/administrator/venv/lib/python3.14/site-packages/flask/app.py", line 1059, in add_url_rule
    raise AssertionError(
    ...<2 lines>...
    )
AssertionError: View function mapping is overwriting an existing endpoint function: api_dvr_probe
2026-09-30 07:10:06 [CRITICAL] [cctv_app:68] UNCAUGHT EXCEPTION
Traceback (most recent call last):
  File "/home/administrator/cctv/app.py", line 532, in <module>
    @app.route("/api/dvr/probe", methods=["POST"])
     ~~~~~~~~~^^^^^^^^^^^^^^^^^^^^^^^^^^^^^^^^^^^^
  File "/home/administrator/venv/lib/python3.14/site-packages/flask/scaffold.py", line 435, in decorator
    self.add_url_rule(rule, endpoint, f, **options)
    ~~~~~~~~~~~~~~~~~^^^^^^^^^^^^^^^^^^^^^^^^^^^^^^
  File "/home/administrator/venv/lib/python3.14/site-packages/flask/scaffold.py", line 50, in wrapper_func
    return f(self, *args, **kwargs)
  File "/home/administrator/venv/lib/python3.14/site-packages/flask/app.py", line 1059, in add_url_rule
    raise AssertionError(
    ...<2 lines>...
    )
AssertionError: View function mapping is overwriting an existing endpoint function: api_dvr_probe
2026-09-30 07:10:11 [CRITICAL] [cctv_app:68] UNCAUGHT EXCEPTION
Traceback (most recent call last):
  File "/home/administrator/cctv/app.py", line 532, in <module>
    @app.route("/api/dvr/probe", methods=["POST"])
     ~~~~~~~~~^^^^^^^^^^^^^^^^^^^^^^^^^^^^^^^^^^^^
  File "/home/administrator/venv/lib/python3.14/site-packages/flask/scaffold.py", line 435, in decorator
    self.add_url_rule(rule, endpoint, f, **options)
    ~~~~~~~~~~~~~~~~~^^^^^^^^^^^^^^^^^^^^^^^^^^^^^^
  File "/home/administrator/venv/lib/python3.14/site-packages/flask/scaffold.py", line 50, in wrapper_func
    return f(self, *args, **kwargs)
  File "/home/administrator/venv/lib/python3.14/site-packages/flask/app.py", line 1059, in add_url_rule
    raise AssertionError(
    ...<2 lines>...
    )
AssertionError: View function mapping is overwriting an existing endpoint function: api_dvr_probe
2026-09-30 07:10:17 [CRITICAL] [cctv_app:68] UNCAUGHT EXCEPTION
Traceback (most recent call last):
  File "/home/administrator/cctv/app.py", line 532, in <module>
    @app.route("/api/dvr/probe", methods=["POST"])
     ~~~~~~~~~^^^^^^^^^^^^^^^^^^^^^^^^^^^^^^^^^^^^
  File "/home/administrator/venv/lib/python3.14/site-packages/flask/scaffold.py", line 435, in decorator
    self.add_url_rule(rule, endpoint, f, **options)
    ~~~~~~~~~~~~~~~~~^^^^^^^^^^^^^^^^^^^^^^^^^^^^^^
  File "/home/administrator/venv/lib/python3.14/site-packages/flask/scaffold.py", line 50, in wrapper_func
    return f(self, *args, **kwargs)
  File "/home/administrator/venv/lib/python3.14/site-packages/flask/app.py", line 1059, in add_url_rule
    raise AssertionError(
    ...<2 lines>...
    )
AssertionError: View function mapping is overwriting an existing endpoint function: api_dvr_probe
2026-09-30 07:10:22 [CRITICAL] [cctv_app:68] UNCAUGHT EXCEPTION
Traceback (most recent call last):
  File "/home/administrator/cctv/app.py", line 532, in <module>
    @app.route("/api/dvr/probe", methods=["POST"])
     ~~~~~~~~~^^^^^^^^^^^^^^^^^^^^^^^^^^^^^^^^^^^^
  File "/home/administrator/venv/lib/python3.14/site-packages/flask/scaffold.py", line 435, in decorator
    self.add_url_rule(rule, endpoint, f, **options)
    ~~~~~~~~~~~~~~~~~^^^^^^^^^^^^^^^^^^^^^^^^^^^^^^
  File "/home/administrator/venv/lib/python3.14/site-packages/flask/scaffold.py", line 50, in wrapper_func
    return f(self, *args, **kwargs)
  File "/home/administrator/venv/lib/python3.14/site-packages/flask/app.py", line 1059, in add_url_rule
    raise AssertionError(
    ...<2 lines>...
    )
AssertionError: View function mapping is overwriting an existing endpoint function: api_dvr_probe
2026-09-30 07:10:28 [CRITICAL] [cctv_app:68] UNCAUGHT EXCEPTION
Traceback (most recent call last):
  File "/home/administrator/cctv/app.py", line 532, in <module>
    @app.route("/api/dvr/probe", methods=["POST"])
     ~~~~~~~~~^^^^^^^^^^^^^^^^^^^^^^^^^^^^^^^^^^^^
  File "/home/administrator/venv/lib/python3.14/site-packages/flask/scaffold.py", line 435, in decorator
    self.add_url_rule(rule, endpoint, f, **options)
    ~~~~~~~~~~~~~~~~~^^^^^^^^^^^^^^^^^^^^^^^^^^^^^^
  File "/home/administrator/venv/lib/python3.14/site-packages/flask/scaffold.py", line 50, in wrapper_func
    return f(self, *args, **kwargs)
  File "/home/administrator/venv/lib/python3.14/site-packages/flask/app.py", line 1059, in add_url_rule
    raise AssertionError(
    ...<2 lines>...
    )
AssertionError: View function mapping is overwriting an existing endpoint function: api_dvr_probe
2026-09-30 07:10:33 [CRITICAL] [cctv_app:68] UNCAUGHT EXCEPTION
Traceback (most recent call last):
  File "/home/administrator/cctv/app.py", line 532, in <module>
    @app.route("/api/dvr/probe", methods=["POST"])
     ~~~~~~~~~^^^^^^^^^^^^^^^^^^^^^^^^^^^^^^^^^^^^
  File "/home/administrator/venv/lib/python3.14/site-packages/flask/scaffold.py", line 435, in decorator
    self.add_url_rule(rule, endpoint, f, **options)
    ~~~~~~~~~~~~~~~~~^^^^^^^^^^^^^^^^^^^^^^^^^^^^^^
  File "/home/administrator/venv/lib/python3.14/site-packages/flask/scaffold.py", line 50, in wrapper_func
    return f(self, *args, **kwargs)
  File "/home/administrator/venv/lib/python3.14/site-packages/flask/app.py", line 1059, in add_url_rule
    raise AssertionError(
    ...<2 lines>...
    )
AssertionError: View function mapping is overwriting an existing endpoint function: api_dvr_probe
2026-09-30 07:10:39 [CRITICAL] [cctv_app:68] UNCAUGHT EXCEPTION
Traceback (most recent call last):
  File "/home/administrator/cctv/app.py", line 532, in <module>
    @app.route("/api/dvr/probe", methods=["POST"])
     ~~~~~~~~~^^^^^^^^^^^^^^^^^^^^^^^^^^^^^^^^^^^^
  File "/home/administrator/venv/lib/python3.14/site-packages/flask/scaffold.py", line 435, in decorator
    self.add_url_rule(rule, endpoint, f, **options)
    ~~~~~~~~~~~~~~~~~^^^^^^^^^^^^^^^^^^^^^^^^^^^^^^
  File "/home/administrator/venv/lib/python3.14/site-packages/flask/scaffold.py", line 50, in wrapper_func
    return f(self, *args, **kwargs)
  File "/home/administrator/venv/lib/python3.14/site-packages/flask/app.py", line 1059, in add_url_rule
    raise AssertionError(
    ...<2 lines>...
    )
AssertionError: View function mapping is overwriting an existing endpoint function: api_dvr_probe
2026-09-30 07:10:44 [CRITICAL] [cctv_app:68] UNCAUGHT EXCEPTION
Traceback (most recent call last):
  File "/home/administrator/cctv/app.py", line 532, in <module>
    @app.route("/api/dvr/probe", methods=["POST"])
     ~~~~~~~~~^^^^^^^^^^^^^^^^^^^^^^^^^^^^^^^^^^^^
  File "/home/administrator/venv/lib/python3.14/site-packages/flask/scaffold.py", line 435, in decorator
    self.add_url_rule(rule, endpoint, f, **options)
    ~~~~~~~~~~~~~~~~~^^^^^^^^^^^^^^^^^^^^^^^^^^^^^^
  File "/home/administrator/venv/lib/python3.14/site-packages/flask/scaffold.py", line 50, in wrapper_func
    return f(self, *args, **kwargs)
  File "/home/administrator/venv/lib/python3.14/site-packages/flask/app.py", line 1059, in add_url_rule
    raise AssertionError(
    ...<2 lines>...
    )
AssertionError: View function mapping is overwriting an existing endpoint function: api_dvr_probe
2026-09-30 07:10:50 [CRITICAL] [cctv_app:68] UNCAUGHT EXCEPTION
Traceback (most recent call last):
  File "/home/administrator/cctv/app.py", line 532, in <module>
    @app.route("/api/dvr/probe", methods=["POST"])
     ~~~~~~~~~^^^^^^^^^^^^^^^^^^^^^^^^^^^^^^^^^^^^
  File "/home/administrator/venv/lib/python3.14/site-packages/flask/scaffold.py", line 435, in decorator
    self.add_url_rule(rule, endpoint, f, **options)
    ~~~~~~~~~~~~~~~~~^^^^^^^^^^^^^^^^^^^^^^^^^^^^^^
  File "/home/administrator/venv/lib/python3.14/site-packages/flask/scaffold.py", line 50, in wrapper_func
    return f(self, *args, **kwargs)
  File "/home/administrator/venv/lib/python3.14/site-packages/flask/app.py", line 1059, in add_url_rule
    raise AssertionError(
    ...<2 lines>...
    )
AssertionError: View function mapping is overwriting an existing endpoint function: api_dvr_probe
2026-09-30 07:10:55 [CRITICAL] [cctv_app:68] UNCAUGHT EXCEPTION
Traceback (most recent call last):
  File "/home/administrator/cctv/app.py", line 532, in <module>
    @app.route("/api/dvr/probe", methods=["POST"])
     ~~~~~~~~~^^^^^^^^^^^^^^^^^^^^^^^^^^^^^^^^^^^^
  File "/home/administrator/venv/lib/python3.14/site-packages/flask/scaffold.py", line 435, in decorator
    self.add_url_rule(rule, endpoint, f, **options)
    ~~~~~~~~~~~~~~~~~^^^^^^^^^^^^^^^^^^^^^^^^^^^^^^
  File "/home/administrator/venv/lib/python3.14/site-packages/flask/scaffold.py", line 50, in wrapper_func
    return f(self, *args, **kwargs)
  File "/home/administrator/venv/lib/python3.14/site-packages/flask/app.py", line 1059, in add_url_rule
    raise AssertionError(
    ...<2 lines>...
    )
AssertionError: View function mapping is overwriting an existing endpoint function: api_dvr_probe
2026-09-30 07:11:01 [CRITICAL] [cctv_app:68] UNCAUGHT EXCEPTION
Traceback (most recent call last):
  File "/home/administrator/cctv/app.py", line 532, in <module>
    @app.route("/api/dvr/probe", methods=["POST"])
     ~~~~~~~~~^^^^^^^^^^^^^^^^^^^^^^^^^^^^^^^^^^^^
  File "/home/administrator/venv/lib/python3.14/site-packages/flask/scaffold.py", line 435, in decorator
    self.add_url_rule(rule, endpoint, f, **options)
    ~~~~~~~~~~~~~~~~~^^^^^^^^^^^^^^^^^^^^^^^^^^^^^^
  File "/home/administrator/venv/lib/python3.14/site-packages/flask/scaffold.py", line 50, in wrapper_func
    return f(self, *args, **kwargs)
  File "/home/administrator/venv/lib/python3.14/site-packages/flask/app.py", line 1059, in add_url_rule
    raise AssertionError(
    ...<2 lines>...
    )
AssertionError: View function mapping is overwriting an existing endpoint function: api_dvr_probe
2026-09-30 07:11:06 [CRITICAL] [cctv_app:68] UNCAUGHT EXCEPTION
Traceback (most recent call last):
  File "/home/administrator/cctv/app.py", line 532, in <module>
    @app.route("/api/dvr/probe", methods=["POST"])
     ~~~~~~~~~^^^^^^^^^^^^^^^^^^^^^^^^^^^^^^^^^^^^
  File "/home/administrator/venv/lib/python3.14/site-packages/flask/scaffold.py", line 435, in decorator
    self.add_url_rule(rule, endpoint, f, **options)
    ~~~~~~~~~~~~~~~~~^^^^^^^^^^^^^^^^^^^^^^^^^^^^^^
  File "/home/administrator/venv/lib/python3.14/site-packages/flask/scaffold.py", line 50, in wrapper_func
    return f(self, *args, **kwargs)
  File "/home/administrator/venv/lib/python3.14/site-packages/flask/app.py", line 1059, in add_url_rule
    raise AssertionError(
    ...<2 lines>...
    )
AssertionError: View function mapping is overwriting an existing endpoint function: api_dvr_probe
2026-09-30 07:11:12 [CRITICAL] [cctv_app:68] UNCAUGHT EXCEPTION
Traceback (most recent call last):
  File "/home/administrator/cctv/app.py", line 532, in <module>
    @app.route("/api/dvr/probe", methods=["POST"])
     ~~~~~~~~~^^^^^^^^^^^^^^^^^^^^^^^^^^^^^^^^^^^^
  File "/home/administrator/venv/lib/python3.14/site-packages/flask/scaffold.py", line 435, in decorator
    self.add_url_rule(rule, endpoint, f, **options)
    ~~~~~~~~~~~~~~~~~^^^^^^^^^^^^^^^^^^^^^^^^^^^^^^
  File "/home/administrator/venv/lib/python3.14/site-packages/flask/scaffold.py", line 50, in wrapper_func
    return f(self, *args, **kwargs)
  File "/home/administrator/venv/lib/python3.14/site-packages/flask/app.py", line 1059, in add_url_rule
    raise AssertionError(
    ...<2 lines>...
    )
AssertionError: View function mapping is overwriting an existing endpoint function: api_dvr_probe
2026-09-30 07:11:17 [CRITICAL] [cctv_app:68] UNCAUGHT EXCEPTION
Traceback (most recent call last):
  File "/home/administrator/cctv/app.py", line 532, in <module>
    @app.route("/api/dvr/probe", methods=["POST"])
     ~~~~~~~~~^^^^^^^^^^^^^^^^^^^^^^^^^^^^^^^^^^^^
  File "/home/administrator/venv/lib/python3.14/site-packages/flask/scaffold.py", line 435, in decorator
    self.add_url_rule(rule, endpoint, f, **options)
    ~~~~~~~~~~~~~~~~~^^^^^^^^^^^^^^^^^^^^^^^^^^^^^^
  File "/home/administrator/venv/lib/python3.14/site-packages/flask/scaffold.py", line 50, in wrapper_func
    return f(self, *args, **kwargs)
  File "/home/administrator/venv/lib/python3.14/site-packages/flask/app.py", line 1059, in add_url_rule
    raise AssertionError(
    ...<2 lines>...
    )
AssertionError: View function mapping is overwriting an existing endpoint function: api_dvr_probe
2026-09-30 07:11:23 [CRITICAL] [cctv_app:68] UNCAUGHT EXCEPTION
Traceback (most recent call last):
  File "/home/administrator/cctv/app.py", line 532, in <module>
    @app.route("/api/dvr/probe", methods=["POST"])
     ~~~~~~~~~^^^^^^^^^^^^^^^^^^^^^^^^^^^^^^^^^^^^
  File "/home/administrator/venv/lib/python3.14/site-packages/flask/scaffold.py", line 435, in decorator
    self.add_url_rule(rule, endpoint, f, **options)
    ~~~~~~~~~~~~~~~~~^^^^^^^^^^^^^^^^^^^^^^^^^^^^^^
  File "/home/administrator/venv/lib/python3.14/site-packages/flask/scaffold.py", line 50, in wrapper_func
    return f(self, *args, **kwargs)
  File "/home/administrator/venv/lib/python3.14/site-packages/flask/app.py", line 1059, in add_url_rule
    raise AssertionError(
    ...<2 lines>...
    )
AssertionError: View function mapping is overwriting an existing endpoint function: api_dvr_probe
2026-09-30 07:11:28 [CRITICAL] [cctv_app:68] UNCAUGHT EXCEPTION
Traceback (most recent call last):
  File "/home/administrator/cctv/app.py", line 532, in <module>
    @app.route("/api/dvr/probe", methods=["POST"])
     ~~~~~~~~~^^^^^^^^^^^^^^^^^^^^^^^^^^^^^^^^^^^^
  File "/home/administrator/venv/lib/python3.14/site-packages/flask/scaffold.py", line 435, in decorator
    self.add_url_rule(rule, endpoint, f, **options)
    ~~~~~~~~~~~~~~~~~^^^^^^^^^^^^^^^^^^^^^^^^^^^^^^
  File "/home/administrator/venv/lib/python3.14/site-packages/flask/scaffold.py", line 50, in wrapper_func
    return f(self, *args, **kwargs)
  File "/home/administrator/venv/lib/python3.14/site-packages/flask/app.py", line 1059, in add_url_rule
    raise AssertionError(
    ...<2 lines>...
    )
AssertionError: View function mapping is overwriting an existing endpoint function: api_dvr_probe
2026-09-30 07:11:34 [CRITICAL] [cctv_app:68] UNCAUGHT EXCEPTION
Traceback (most recent call last):
  File "/home/administrator/cctv/app.py", line 532, in <module>
    @app.route("/api/dvr/probe", methods=["POST"])
     ~~~~~~~~~^^^^^^^^^^^^^^^^^^^^^^^^^^^^^^^^^^^^
  File "/home/administrator/venv/lib/python3.14/site-packages/flask/scaffold.py", line 435, in decorator
    self.add_url_rule(rule, endpoint, f, **options)
    ~~~~~~~~~~~~~~~~~^^^^^^^^^^^^^^^^^^^^^^^^^^^^^^
  File "/home/administrator/venv/lib/python3.14/site-packages/flask/scaffold.py", line 50, in wrapper_func
    return f(self, *args, **kwargs)
  File "/home/administrator/venv/lib/python3.14/site-packages/flask/app.py", line 1059, in add_url_rule
    raise AssertionError(
    ...<2 lines>...
    )
AssertionError: View function mapping is overwriting an existing endpoint function: api_dvr_probe
2026-09-30 07:11:39 [CRITICAL] [cctv_app:68] UNCAUGHT EXCEPTION
Traceback (most recent call last):
  File "/home/administrator/cctv/app.py", line 532, in <module>
    @app.route("/api/dvr/probe", methods=["POST"])
     ~~~~~~~~~^^^^^^^^^^^^^^^^^^^^^^^^^^^^^^^^^^^^
  File "/home/administrator/venv/lib/python3.14/site-packages/flask/scaffold.py", line 435, in decorator
    self.add_url_rule(rule, endpoint, f, **options)
    ~~~~~~~~~~~~~~~~~^^^^^^^^^^^^^^^^^^^^^^^^^^^^^^
  File "/home/administrator/venv/lib/python3.14/site-packages/flask/scaffold.py", line 50, in wrapper_func
    return f(self, *args, **kwargs)
  File "/home/administrator/venv/lib/python3.14/site-packages/flask/app.py", line 1059, in add_url_rule
    raise AssertionError(
    ...<2 lines>...
    )
AssertionError: View function mapping is overwriting an existing endpoint function: api_dvr_probe
2026-09-30 07:11:45 [CRITICAL] [cctv_app:68] UNCAUGHT EXCEPTION
Traceback (most recent call last):
  File "/home/administrator/cctv/app.py", line 532, in <module>
    @app.route("/api/dvr/probe", methods=["POST"])
     ~~~~~~~~~^^^^^^^^^^^^^^^^^^^^^^^^^^^^^^^^^^^^
  File "/home/administrator/venv/lib/python3.14/site-packages/flask/scaffold.py", line 435, in decorator
    self.add_url_rule(rule, endpoint, f, **options)
    ~~~~~~~~~~~~~~~~~^^^^^^^^^^^^^^^^^^^^^^^^^^^^^^
  File "/home/administrator/venv/lib/python3.14/site-packages/flask/scaffold.py", line 50, in wrapper_func
    return f(self, *args, **kwargs)
  File "/home/administrator/venv/lib/python3.14/site-packages/flask/app.py", line 1059, in add_url_rule
    raise AssertionError(
    ...<2 lines>...
    )
AssertionError: View function mapping is overwriting an existing endpoint function: api_dvr_probe
2026-09-30 07:11:50 [CRITICAL] [cctv_app:68] UNCAUGHT EXCEPTION
Traceback (most recent call last):
  File "/home/administrator/cctv/app.py", line 532, in <module>
    @app.route("/api/dvr/probe", methods=["POST"])
     ~~~~~~~~~^^^^^^^^^^^^^^^^^^^^^^^^^^^^^^^^^^^^
  File "/home/administrator/venv/lib/python3.14/site-packages/flask/scaffold.py", line 435, in decorator
    self.add_url_rule(rule, endpoint, f, **options)
    ~~~~~~~~~~~~~~~~~^^^^^^^^^^^^^^^^^^^^^^^^^^^^^^
  File "/home/administrator/venv/lib/python3.14/site-packages/flask/scaffold.py", line 50, in wrapper_func
    return f(self, *args, **kwargs)
  File "/home/administrator/venv/lib/python3.14/site-packages/flask/app.py", line 1059, in add_url_rule
    raise AssertionError(
    ...<2 lines>...
    )
AssertionError: View function mapping is overwriting an existing endpoint function: api_dvr_probe
2026-09-30 07:11:56 [CRITICAL] [cctv_app:68] UNCAUGHT EXCEPTION
Traceback (most recent call last):
  File "/home/administrator/cctv/app.py", line 532, in <module>
    @app.route("/api/dvr/probe", methods=["POST"])
     ~~~~~~~~~^^^^^^^^^^^^^^^^^^^^^^^^^^^^^^^^^^^^
  File "/home/administrator/venv/lib/python3.14/site-packages/flask/scaffold.py", line 435, in decorator
    self.add_url_rule(rule, endpoint, f, **options)
    ~~~~~~~~~~~~~~~~~^^^^^^^^^^^^^^^^^^^^^^^^^^^^^^
  File "/home/administrator/venv/lib/python3.14/site-packages/flask/scaffold.py", line 50, in wrapper_func
    return f(self, *args, **kwargs)
  File "/home/administrator/venv/lib/python3.14/site-packages/flask/app.py", line 1059, in add_url_rule
    raise AssertionError(
    ...<2 lines>...
    )
AssertionError: View function mapping is overwriting an existing endpoint function: api_dvr_probe
2026-09-30 07:12:01 [CRITICAL] [cctv_app:68] UNCAUGHT EXCEPTION
Traceback (most recent call last):
  File "/home/administrator/cctv/app.py", line 532, in <module>
    @app.route("/api/dvr/probe", methods=["POST"])
     ~~~~~~~~~^^^^^^^^^^^^^^^^^^^^^^^^^^^^^^^^^^^^
  File "/home/administrator/venv/lib/python3.14/site-packages/flask/scaffold.py", line 435, in decorator
    self.add_url_rule(rule, endpoint, f, **options)
    ~~~~~~~~~~~~~~~~~^^^^^^^^^^^^^^^^^^^^^^^^^^^^^^
  File "/home/administrator/venv/lib/python3.14/site-packages/flask/scaffold.py", line 50, in wrapper_func
    return f(self, *args, **kwargs)
  File "/home/administrator/venv/lib/python3.14/site-packages/flask/app.py", line 1059, in add_url_rule
    raise AssertionError(
    ...<2 lines>...
    )
AssertionError: View function mapping is overwriting an existing endpoint function: api_dvr_probe
2026-09-30 07:12:07 [CRITICAL] [cctv_app:68] UNCAUGHT EXCEPTION
Traceback (most recent call last):
  File "/home/administrator/cctv/app.py", line 532, in <module>
    @app.route("/api/dvr/probe", methods=["POST"])
     ~~~~~~~~~^^^^^^^^^^^^^^^^^^^^^^^^^^^^^^^^^^^^
  File "/home/administrator/venv/lib/python3.14/site-packages/flask/scaffold.py", line 435, in decorator
    self.add_url_rule(rule, endpoint, f, **options)
    ~~~~~~~~~~~~~~~~~^^^^^^^^^^^^^^^^^^^^^^^^^^^^^^
  File "/home/administrator/venv/lib/python3.14/site-packages/flask/scaffold.py", line 50, in wrapper_func
    return f(self, *args, **kwargs)
  File "/home/administrator/venv/lib/python3.14/site-packages/flask/app.py", line 1059, in add_url_rule
    raise AssertionError(
    ...<2 lines>...
    )
AssertionError: View function mapping is overwriting an existing endpoint function: api_dvr_probe
2026-09-30 07:12:12 [CRITICAL] [cctv_app:68] UNCAUGHT EXCEPTION
Traceback (most recent call last):
  File "/home/administrator/cctv/app.py", line 532, in <module>
    @app.route("/api/dvr/probe", methods=["POST"])
     ~~~~~~~~~^^^^^^^^^^^^^^^^^^^^^^^^^^^^^^^^^^^^
  File "/home/administrator/venv/lib/python3.14/site-packages/flask/scaffold.py", line 435, in decorator
    self.add_url_rule(rule, endpoint, f, **options)
    ~~~~~~~~~~~~~~~~~^^^^^^^^^^^^^^^^^^^^^^^^^^^^^^
  File "/home/administrator/venv/lib/python3.14/site-packages/flask/scaffold.py", line 50, in wrapper_func
    return f(self, *args, **kwargs)
  File "/home/administrator/venv/lib/python3.14/site-packages/flask/app.py", line 1059, in add_url_rule
    raise AssertionError(
    ...<2 lines>...
    )
AssertionError: View function mapping is overwriting an existing endpoint function: api_dvr_probe
2026-09-30 07:12:18 [CRITICAL] [cctv_app:68] UNCAUGHT EXCEPTION
Traceback (most recent call last):
  File "/home/administrator/cctv/app.py", line 532, in <module>
    @app.route("/api/dvr/probe", methods=["POST"])
     ~~~~~~~~~^^^^^^^^^^^^^^^^^^^^^^^^^^^^^^^^^^^^
  File "/home/administrator/venv/lib/python3.14/site-packages/flask/scaffold.py", line 435, in decorator
    self.add_url_rule(rule, endpoint, f, **options)
    ~~~~~~~~~~~~~~~~~^^^^^^^^^^^^^^^^^^^^^^^^^^^^^^
  File "/home/administrator/venv/lib/python3.14/site-packages/flask/scaffold.py", line 50, in wrapper_func
    return f(self, *args, **kwargs)
  File "/home/administrator/venv/lib/python3.14/site-packages/flask/app.py", line 1059, in add_url_rule
    raise AssertionError(
    ...<2 lines>...
    )
AssertionError: View function mapping is overwriting an existing endpoint function: api_dvr_probe
2026-09-30 07:12:23 [CRITICAL] [cctv_app:68] UNCAUGHT EXCEPTION
Traceback (most recent call last):
  File "/home/administrator/cctv/app.py", line 532, in <module>
    @app.route("/api/dvr/probe", methods=["POST"])
     ~~~~~~~~~^^^^^^^^^^^^^^^^^^^^^^^^^^^^^^^^^^^^
  File "/home/administrator/venv/lib/python3.14/site-packages/flask/scaffold.py", line 435, in decorator
    self.add_url_rule(rule, endpoint, f, **options)
    ~~~~~~~~~~~~~~~~~^^^^^^^^^^^^^^^^^^^^^^^^^^^^^^
  File "/home/administrator/venv/lib/python3.14/site-packages/flask/scaffold.py", line 50, in wrapper_func
    return f(self, *args, **kwargs)
  File "/home/administrator/venv/lib/python3.14/site-packages/flask/app.py", line 1059, in add_url_rule
    raise AssertionError(
    ...<2 lines>...
    )
AssertionError: View function mapping is overwriting an existing endpoint function: api_dvr_probe
2026-09-30 07:12:29 [CRITICAL] [cctv_app:68] UNCAUGHT EXCEPTION
Traceback (most recent call last):
  File "/home/administrator/cctv/app.py", line 532, in <module>
    @app.route("/api/dvr/probe", methods=["POST"])
     ~~~~~~~~~^^^^^^^^^^^^^^^^^^^^^^^^^^^^^^^^^^^^
  File "/home/administrator/venv/lib/python3.14/site-packages/flask/scaffold.py", line 435, in decorator
    self.add_url_rule(rule, endpoint, f, **options)
    ~~~~~~~~~~~~~~~~~^^^^^^^^^^^^^^^^^^^^^^^^^^^^^^
  File "/home/administrator/venv/lib/python3.14/site-packages/flask/scaffold.py", line 50, in wrapper_func
    return f(self, *args, **kwargs)
  File "/home/administrator/venv/lib/python3.14/site-packages/flask/app.py", line 1059, in add_url_rule
    raise AssertionError(
    ...<2 lines>...
    )
AssertionError: View function mapping is overwriting an existing endpoint function: api_dvr_probe
2026-09-30 07:12:34 [CRITICAL] [cctv_app:68] UNCAUGHT EXCEPTION
Traceback (most recent call last):
  File "/home/administrator/cctv/app.py", line 532, in <module>
    @app.route("/api/dvr/probe", methods=["POST"])
     ~~~~~~~~~^^^^^^^^^^^^^^^^^^^^^^^^^^^^^^^^^^^^
  File "/home/administrator/venv/lib/python3.14/site-packages/flask/scaffold.py", line 435, in decorator
    self.add_url_rule(rule, endpoint, f, **options)
    ~~~~~~~~~~~~~~~~~^^^^^^^^^^^^^^^^^^^^^^^^^^^^^^
  File "/home/administrator/venv/lib/python3.14/site-packages/flask/scaffold.py", line 50, in wrapper_func
    return f(self, *args, **kwargs)
  File "/home/administrator/venv/lib/python3.14/site-packages/flask/app.py", line 1059, in add_url_rule
    raise AssertionError(
    ...<2 lines>...
    )
AssertionError: View function mapping is overwriting an existing endpoint function: api_dvr_probe
2026-09-30 07:12:40 [CRITICAL] [cctv_app:68] UNCAUGHT EXCEPTION
Traceback (most recent call last):
  File "/home/administrator/cctv/app.py", line 532, in <module>
    @app.route("/api/dvr/probe", methods=["POST"])
     ~~~~~~~~~^^^^^^^^^^^^^^^^^^^^^^^^^^^^^^^^^^^^
  File "/home/administrator/venv/lib/python3.14/site-packages/flask/scaffold.py", line 435, in decorator
    self.add_url_rule(rule, endpoint, f, **options)
    ~~~~~~~~~~~~~~~~~^^^^^^^^^^^^^^^^^^^^^^^^^^^^^^
  File "/home/administrator/venv/lib/python3.14/site-packages/flask/scaffold.py", line 50, in wrapper_func
    return f(self, *args, **kwargs)
  File "/home/administrator/venv/lib/python3.14/site-packages/flask/app.py", line 1059, in add_url_rule
    raise AssertionError(
    ...<2 lines>...
    )
AssertionError: View function mapping is overwriting an existing endpoint function: api_dvr_probe
2026-09-30 07:12:45 [CRITICAL] [cctv_app:68] UNCAUGHT EXCEPTION
Traceback (most recent call last):
  File "/home/administrator/cctv/app.py", line 532, in <module>
    @app.route("/api/dvr/probe", methods=["POST"])
     ~~~~~~~~~^^^^^^^^^^^^^^^^^^^^^^^^^^^^^^^^^^^^
  File "/home/administrator/venv/lib/python3.14/site-packages/flask/scaffold.py", line 435, in decorator
    self.add_url_rule(rule, endpoint, f, **options)
    ~~~~~~~~~~~~~~~~~^^^^^^^^^^^^^^^^^^^^^^^^^^^^^^
  File "/home/administrator/venv/lib/python3.14/site-packages/flask/scaffold.py", line 50, in wrapper_func
    return f(self, *args, **kwargs)
  File "/home/administrator/venv/lib/python3.14/site-packages/flask/app.py", line 1059, in add_url_rule
    raise AssertionError(
    ...<2 lines>...
    )
AssertionError: View function mapping is overwriting an existing endpoint function: api_dvr_probe
2026-09-30 07:12:51 [CRITICAL] [cctv_app:68] UNCAUGHT EXCEPTION
Traceback (most recent call last):
  File "/home/administrator/cctv/app.py", line 532, in <module>
    @app.route("/api/dvr/probe", methods=["POST"])
     ~~~~~~~~~^^^^^^^^^^^^^^^^^^^^^^^^^^^^^^^^^^^^
  File "/home/administrator/venv/lib/python3.14/site-packages/flask/scaffold.py", line 435, in decorator
    self.add_url_rule(rule, endpoint, f, **options)
    ~~~~~~~~~~~~~~~~~^^^^^^^^^^^^^^^^^^^^^^^^^^^^^^
  File "/home/administrator/venv/lib/python3.14/site-packages/flask/scaffold.py", line 50, in wrapper_func
    return f(self, *args, **kwargs)
  File "/home/administrator/venv/lib/python3.14/site-packages/flask/app.py", line 1059, in add_url_rule
    raise AssertionError(
    ...<2 lines>...
    )
AssertionError: View function mapping is overwriting an existing endpoint function: api_dvr_probe
2026-09-30 07:12:56 [CRITICAL] [cctv_app:68] UNCAUGHT EXCEPTION
Traceback (most recent call last):
  File "/home/administrator/cctv/app.py", line 532, in <module>
    @app.route("/api/dvr/probe", methods=["POST"])
     ~~~~~~~~~^^^^^^^^^^^^^^^^^^^^^^^^^^^^^^^^^^^^
  File "/home/administrator/venv/lib/python3.14/site-packages/flask/scaffold.py", line 435, in decorator
    self.add_url_rule(rule, endpoint, f, **options)
    ~~~~~~~~~~~~~~~~~^^^^^^^^^^^^^^^^^^^^^^^^^^^^^^
  File "/home/administrator/venv/lib/python3.14/site-packages/flask/scaffold.py", line 50, in wrapper_func
    return f(self, *args, **kwargs)
  File "/home/administrator/venv/lib/python3.14/site-packages/flask/app.py", line 1059, in add_url_rule
    raise AssertionError(
    ...<2 lines>...
    )
AssertionError: View function mapping is overwriting an existing endpoint function: api_dvr_probe
2026-09-30 07:13:02 [CRITICAL] [cctv_app:68] UNCAUGHT EXCEPTION
Traceback (most recent call last):
  File "/home/administrator/cctv/app.py", line 532, in <module>
    @app.route("/api/dvr/probe", methods=["POST"])
     ~~~~~~~~~^^^^^^^^^^^^^^^^^^^^^^^^^^^^^^^^^^^^
  File "/home/administrator/venv/lib/python3.14/site-packages/flask/scaffold.py", line 435, in decorator
    self.add_url_rule(rule, endpoint, f, **options)
    ~~~~~~~~~~~~~~~~~^^^^^^^^^^^^^^^^^^^^^^^^^^^^^^
  File "/home/administrator/venv/lib/python3.14/site-packages/flask/scaffold.py", line 50, in wrapper_func
    return f(self, *args, **kwargs)
  File "/home/administrator/venv/lib/python3.14/site-packages/flask/app.py", line 1059, in add_url_rule
    raise AssertionError(
    ...<2 lines>...
    )
AssertionError: View function mapping is overwriting an existing endpoint function: api_dvr_probe
2026-09-30 07:13:07 [CRITICAL] [cctv_app:68] UNCAUGHT EXCEPTION
Traceback (most recent call last):
  File "/home/administrator/cctv/app.py", line 532, in <module>
    @app.route("/api/dvr/probe", methods=["POST"])
     ~~~~~~~~~^^^^^^^^^^^^^^^^^^^^^^^^^^^^^^^^^^^^
  File "/home/administrator/venv/lib/python3.14/site-packages/flask/scaffold.py", line 435, in decorator
    self.add_url_rule(rule, endpoint, f, **options)
    ~~~~~~~~~~~~~~~~~^^^^^^^^^^^^^^^^^^^^^^^^^^^^^^
  File "/home/administrator/venv/lib/python3.14/site-packages/flask/scaffold.py", line 50, in wrapper_func
    return f(self, *args, **kwargs)
  File "/home/administrator/venv/lib/python3.14/site-packages/flask/app.py", line 1059, in add_url_rule
    raise AssertionError(
    ...<2 lines>...
    )
AssertionError: View function mapping is overwriting an existing endpoint function: api_dvr_probe
2026-09-30 07:13:13 [CRITICAL] [cctv_app:68] UNCAUGHT EXCEPTION
Traceback (most recent call last):
  File "/home/administrator/cctv/app.py", line 532, in <module>
    @app.route("/api/dvr/probe", methods=["POST"])
     ~~~~~~~~~^^^^^^^^^^^^^^^^^^^^^^^^^^^^^^^^^^^^
  File "/home/administrator/venv/lib/python3.14/site-packages/flask/scaffold.py", line 435, in decorator
    self.add_url_rule(rule, endpoint, f, **options)
    ~~~~~~~~~~~~~~~~~^^^^^^^^^^^^^^^^^^^^^^^^^^^^^^
  File "/home/administrator/venv/lib/python3.14/site-packages/flask/scaffold.py", line 50, in wrapper_func
    return f(self, *args, **kwargs)
  File "/home/administrator/venv/lib/python3.14/site-packages/flask/app.py", line 1059, in add_url_rule
    raise AssertionError(
    ...<2 lines>...
    )
AssertionError: View function mapping is overwriting an existing endpoint function: api_dvr_probe
2026-09-30 07:13:18 [CRITICAL] [cctv_app:68] UNCAUGHT EXCEPTION
Traceback (most recent call last):
  File "/home/administrator/cctv/app.py", line 532, in <module>
    @app.route("/api/dvr/probe", methods=["POST"])
     ~~~~~~~~~^^^^^^^^^^^^^^^^^^^^^^^^^^^^^^^^^^^^
  File "/home/administrator/venv/lib/python3.14/site-packages/flask/scaffold.py", line 435, in decorator
    self.add_url_rule(rule, endpoint, f, **options)
    ~~~~~~~~~~~~~~~~~^^^^^^^^^^^^^^^^^^^^^^^^^^^^^^
  File "/home/administrator/venv/lib/python3.14/site-packages/flask/scaffold.py", line 50, in wrapper_func
    return f(self, *args, **kwargs)
  File "/home/administrator/venv/lib/python3.14/site-packages/flask/app.py", line 1059, in add_url_rule
    raise AssertionError(
    ...<2 lines>...
    )
AssertionError: View function mapping is overwriting an existing endpoint function: api_dvr_probe
2026-09-30 07:13:24 [CRITICAL] [cctv_app:68] UNCAUGHT EXCEPTION
Traceback (most recent call last):
  File "/home/administrator/cctv/app.py", line 532, in <module>
    @app.route("/api/dvr/probe", methods=["POST"])
     ~~~~~~~~~^^^^^^^^^^^^^^^^^^^^^^^^^^^^^^^^^^^^
  File "/home/administrator/venv/lib/python3.14/site-packages/flask/scaffold.py", line 435, in decorator
    self.add_url_rule(rule, endpoint, f, **options)
    ~~~~~~~~~~~~~~~~~^^^^^^^^^^^^^^^^^^^^^^^^^^^^^^
  File "/home/administrator/venv/lib/python3.14/site-packages/flask/scaffold.py", line 50, in wrapper_func
    return f(self, *args, **kwargs)
  File "/home/administrator/venv/lib/python3.14/site-packages/flask/app.py", line 1059, in add_url_rule
    raise AssertionError(
    ...<2 lines>...
    )
AssertionError: View function mapping is overwriting an existing endpoint function: api_dvr_probe
2026-09-30 07:13:29 [CRITICAL] [cctv_app:68] UNCAUGHT EXCEPTION
Traceback (most recent call last):
  File "/home/administrator/cctv/app.py", line 532, in <module>
    @app.route("/api/dvr/probe", methods=["POST"])
     ~~~~~~~~~^^^^^^^^^^^^^^^^^^^^^^^^^^^^^^^^^^^^
  File "/home/administrator/venv/lib/python3.14/site-packages/flask/scaffold.py", line 435, in decorator
    self.add_url_rule(rule, endpoint, f, **options)
    ~~~~~~~~~~~~~~~~~^^^^^^^^^^^^^^^^^^^^^^^^^^^^^^
  File "/home/administrator/venv/lib/python3.14/site-packages/flask/scaffold.py", line 50, in wrapper_func
    return f(self, *args, **kwargs)
  File "/home/administrator/venv/lib/python3.14/site-packages/flask/app.py", line 1059, in add_url_rule
    raise AssertionError(
    ...<2 lines>...
    )
AssertionError: View function mapping is overwriting an existing endpoint function: api_dvr_probe
2026-09-30 07:13:35 [CRITICAL] [cctv_app:68] UNCAUGHT EXCEPTION
Traceback (most recent call last):
  File "/home/administrator/cctv/app.py", line 532, in <module>
    @app.route("/api/dvr/probe", methods=["POST"])
     ~~~~~~~~~^^^^^^^^^^^^^^^^^^^^^^^^^^^^^^^^^^^^
  File "/home/administrator/venv/lib/python3.14/site-packages/flask/scaffold.py", line 435, in decorator
    self.add_url_rule(rule, endpoint, f, **options)
    ~~~~~~~~~~~~~~~~~^^^^^^^^^^^^^^^^^^^^^^^^^^^^^^
  File "/home/administrator/venv/lib/python3.14/site-packages/flask/scaffold.py", line 50, in wrapper_func
    return f(self, *args, **kwargs)
  File "/home/administrator/venv/lib/python3.14/site-packages/flask/app.py", line 1059, in add_url_rule
    raise AssertionError(
    ...<2 lines>...
    )
AssertionError: View function mapping is overwriting an existing endpoint function: api_dvr_probe
2026-09-30 07:13:40 [CRITICAL] [cctv_app:68] UNCAUGHT EXCEPTION
Traceback (most recent call last):
  File "/home/administrator/cctv/app.py", line 532, in <module>
    @app.route("/api/dvr/probe", methods=["POST"])
     ~~~~~~~~~^^^^^^^^^^^^^^^^^^^^^^^^^^^^^^^^^^^^
  File "/home/administrator/venv/lib/python3.14/site-packages/flask/scaffold.py", line 435, in decorator
    self.add_url_rule(rule, endpoint, f, **options)
    ~~~~~~~~~~~~~~~~~^^^^^^^^^^^^^^^^^^^^^^^^^^^^^^
  File "/home/administrator/venv/lib/python3.14/site-packages/flask/scaffold.py", line 50, in wrapper_func
    return f(self, *args, **kwargs)
  File "/home/administrator/venv/lib/python3.14/site-packages/flask/app.py", line 1059, in add_url_rule
    raise AssertionError(
    ...<2 lines>...
    )
AssertionError: View function mapping is overwriting an existing endpoint function: api_dvr_probe
2026-09-30 07:13:46 [CRITICAL] [cctv_app:68] UNCAUGHT EXCEPTION
Traceback (most recent call last):
  File "/home/administrator/cctv/app.py", line 532, in <module>
    @app.route("/api/dvr/probe", methods=["POST"])
     ~~~~~~~~~^^^^^^^^^^^^^^^^^^^^^^^^^^^^^^^^^^^^
  File "/home/administrator/venv/lib/python3.14/site-packages/flask/scaffold.py", line 435, in decorator
    self.add_url_rule(rule, endpoint, f, **options)
    ~~~~~~~~~~~~~~~~~^^^^^^^^^^^^^^^^^^^^^^^^^^^^^^
  File "/home/administrator/venv/lib/python3.14/site-packages/flask/scaffold.py", line 50, in wrapper_func
    return f(self, *args, **kwargs)
  File "/home/administrator/venv/lib/python3.14/site-packages/flask/app.py", line 1059, in add_url_rule
    raise AssertionError(
    ...<2 lines>...
    )
AssertionError: View function mapping is overwriting an existing endpoint function: api_dvr_probe
2026-09-30 07:13:51 [CRITICAL] [cctv_app:68] UNCAUGHT EXCEPTION
Traceback (most recent call last):
  File "/home/administrator/cctv/app.py", line 532, in <module>
    @app.route("/api/dvr/probe", methods=["POST"])
     ~~~~~~~~~^^^^^^^^^^^^^^^^^^^^^^^^^^^^^^^^^^^^
  File "/home/administrator/venv/lib/python3.14/site-packages/flask/scaffold.py", line 435, in decorator
    self.add_url_rule(rule, endpoint, f, **options)
    ~~~~~~~~~~~~~~~~~^^^^^^^^^^^^^^^^^^^^^^^^^^^^^^
  File "/home/administrator/venv/lib/python3.14/site-packages/flask/scaffold.py", line 50, in wrapper_func
    return f(self, *args, **kwargs)
  File "/home/administrator/venv/lib/python3.14/site-packages/flask/app.py", line 1059, in add_url_rule
    raise AssertionError(
    ...<2 lines>...
    )
AssertionError: View function mapping is overwriting an existing endpoint function: api_dvr_probe
2026-09-30 07:13:57 [CRITICAL] [cctv_app:68] UNCAUGHT EXCEPTION
Traceback (most recent call last):
  File "/home/administrator/cctv/app.py", line 532, in <module>
    @app.route("/api/dvr/probe", methods=["POST"])
     ~~~~~~~~~^^^^^^^^^^^^^^^^^^^^^^^^^^^^^^^^^^^^
  File "/home/administrator/venv/lib/python3.14/site-packages/flask/scaffold.py", line 435, in decorator
    self.add_url_rule(rule, endpoint, f, **options)
    ~~~~~~~~~~~~~~~~~^^^^^^^^^^^^^^^^^^^^^^^^^^^^^^
  File "/home/administrator/venv/lib/python3.14/site-packages/flask/scaffold.py", line 50, in wrapper_func
    return f(self, *args, **kwargs)
  File "/home/administrator/venv/lib/python3.14/site-packages/flask/app.py", line 1059, in add_url_rule
    raise AssertionError(
    ...<2 lines>...
    )
AssertionError: View function mapping is overwriting an existing endpoint function: api_dvr_probe
2026-09-30 07:14:02 [CRITICAL] [cctv_app:68] UNCAUGHT EXCEPTION
Traceback (most recent call last):
  File "/home/administrator/cctv/app.py", line 532, in <module>
    @app.route("/api/dvr/probe", methods=["POST"])
     ~~~~~~~~~^^^^^^^^^^^^^^^^^^^^^^^^^^^^^^^^^^^^
  File "/home/administrator/venv/lib/python3.14/site-packages/flask/scaffold.py", line 435, in decorator
    self.add_url_rule(rule, endpoint, f, **options)
    ~~~~~~~~~~~~~~~~~^^^^^^^^^^^^^^^^^^^^^^^^^^^^^^
  File "/home/administrator/venv/lib/python3.14/site-packages/flask/scaffold.py", line 50, in wrapper_func
    return f(self, *args, **kwargs)
  File "/home/administrator/venv/lib/python3.14/site-packages/flask/app.py", line 1059, in add_url_rule
    raise AssertionError(
    ...<2 lines>...
    )
AssertionError: View function mapping is overwriting an existing endpoint function: api_dvr_probe
2026-09-30 07:14:08 [CRITICAL] [cctv_app:68] UNCAUGHT EXCEPTION
Traceback (most recent call last):
  File "/home/administrator/cctv/app.py", line 532, in <module>
    @app.route("/api/dvr/probe", methods=["POST"])
     ~~~~~~~~~^^^^^^^^^^^^^^^^^^^^^^^^^^^^^^^^^^^^
  File "/home/administrator/venv/lib/python3.14/site-packages/flask/scaffold.py", line 435, in decorator
    self.add_url_rule(rule, endpoint, f, **options)
    ~~~~~~~~~~~~~~~~~^^^^^^^^^^^^^^^^^^^^^^^^^^^^^^
  File "/home/administrator/venv/lib/python3.14/site-packages/flask/scaffold.py", line 50, in wrapper_func
    return f(self, *args, **kwargs)
  File "/home/administrator/venv/lib/python3.14/site-packages/flask/app.py", line 1059, in add_url_rule
    raise AssertionError(
    ...<2 lines>...
    )
AssertionError: View function mapping is overwriting an existing endpoint function: api_dvr_probe
2026-09-30 07:14:13 [CRITICAL] [cctv_app:68] UNCAUGHT EXCEPTION
Traceback (most recent call last):
  File "/home/administrator/cctv/app.py", line 532, in <module>
    @app.route("/api/dvr/probe", methods=["POST"])
     ~~~~~~~~~^^^^^^^^^^^^^^^^^^^^^^^^^^^^^^^^^^^^
  File "/home/administrator/venv/lib/python3.14/site-packages/flask/scaffold.py", line 435, in decorator
    self.add_url_rule(rule, endpoint, f, **options)
    ~~~~~~~~~~~~~~~~~^^^^^^^^^^^^^^^^^^^^^^^^^^^^^^
  File "/home/administrator/venv/lib/python3.14/site-packages/flask/scaffold.py", line 50, in wrapper_func
    return f(self, *args, **kwargs)
  File "/home/administrator/venv/lib/python3.14/site-packages/flask/app.py", line 1059, in add_url_rule
    raise AssertionError(
    ...<2 lines>...
    )
AssertionError: View function mapping is overwriting an existing endpoint function: api_dvr_probe
2026-09-30 07:14:19 [CRITICAL] [cctv_app:68] UNCAUGHT EXCEPTION
Traceback (most recent call last):
  File "/home/administrator/cctv/app.py", line 532, in <module>
    @app.route("/api/dvr/probe", methods=["POST"])
     ~~~~~~~~~^^^^^^^^^^^^^^^^^^^^^^^^^^^^^^^^^^^^
  File "/home/administrator/venv/lib/python3.14/site-packages/flask/scaffold.py", line 435, in decorator
    self.add_url_rule(rule, endpoint, f, **options)
    ~~~~~~~~~~~~~~~~~^^^^^^^^^^^^^^^^^^^^^^^^^^^^^^
  File "/home/administrator/venv/lib/python3.14/site-packages/flask/scaffold.py", line 50, in wrapper_func
    return f(self, *args, **kwargs)
  File "/home/administrator/venv/lib/python3.14/site-packages/flask/app.py", line 1059, in add_url_rule
    raise AssertionError(
    ...<2 lines>...
    )
AssertionError: View function mapping is overwriting an existing endpoint function: api_dvr_probe
2026-09-30 07:14:24 [CRITICAL] [cctv_app:68] UNCAUGHT EXCEPTION
Traceback (most recent call last):
  File "/home/administrator/cctv/app.py", line 532, in <module>
    @app.route("/api/dvr/probe", methods=["POST"])
     ~~~~~~~~~^^^^^^^^^^^^^^^^^^^^^^^^^^^^^^^^^^^^
  File "/home/administrator/venv/lib/python3.14/site-packages/flask/scaffold.py", line 435, in decorator
    self.add_url_rule(rule, endpoint, f, **options)
    ~~~~~~~~~~~~~~~~~^^^^^^^^^^^^^^^^^^^^^^^^^^^^^^
  File "/home/administrator/venv/lib/python3.14/site-packages/flask/scaffold.py", line 50, in wrapper_func
    return f(self, *args, **kwargs)
  File "/home/administrator/venv/lib/python3.14/site-packages/flask/app.py", line 1059, in add_url_rule
    raise AssertionError(
    ...<2 lines>...
    )
AssertionError: View function mapping is overwriting an existing endpoint function: api_dvr_probe
2026-09-30 07:14:30 [CRITICAL] [cctv_app:68] UNCAUGHT EXCEPTION
Traceback (most recent call last):
  File "/home/administrator/cctv/app.py", line 532, in <module>
    @app.route("/api/dvr/probe", methods=["POST"])
     ~~~~~~~~~^^^^^^^^^^^^^^^^^^^^^^^^^^^^^^^^^^^^
  File "/home/administrator/venv/lib/python3.14/site-packages/flask/scaffold.py", line 435, in decorator
    self.add_url_rule(rule, endpoint, f, **options)
    ~~~~~~~~~~~~~~~~~^^^^^^^^^^^^^^^^^^^^^^^^^^^^^^
  File "/home/administrator/venv/lib/python3.14/site-packages/flask/scaffold.py", line 50, in wrapper_func
    return f(self, *args, **kwargs)
  File "/home/administrator/venv/lib/python3.14/site-packages/flask/app.py", line 1059, in add_url_rule
    raise AssertionError(
    ...<2 lines>...
    )
AssertionError: View function mapping is overwriting an existing endpoint function: api_dvr_probe
2026-09-30 07:14:35 [CRITICAL] [cctv_app:68] UNCAUGHT EXCEPTION
Traceback (most recent call last):
  File "/home/administrator/cctv/app.py", line 532, in <module>
    @app.route("/api/dvr/probe", methods=["POST"])
     ~~~~~~~~~^^^^^^^^^^^^^^^^^^^^^^^^^^^^^^^^^^^^
  File "/home/administrator/venv/lib/python3.14/site-packages/flask/scaffold.py", line 435, in decorator
    self.add_url_rule(rule, endpoint, f, **options)
    ~~~~~~~~~~~~~~~~~^^^^^^^^^^^^^^^^^^^^^^^^^^^^^^
  File "/home/administrator/venv/lib/python3.14/site-packages/flask/scaffold.py", line 50, in wrapper_func
    return f(self, *args, **kwargs)
  File "/home/administrator/venv/lib/python3.14/site-packages/flask/app.py", line 1059, in add_url_rule
    raise AssertionError(
    ...<2 lines>...
    )
AssertionError: View function mapping is overwriting an existing endpoint function: api_dvr_probe
2026-09-30 07:14:41 [CRITICAL] [cctv_app:68] UNCAUGHT EXCEPTION
Traceback (most recent call last):
  File "/home/administrator/cctv/app.py", line 532, in <module>
    @app.route("/api/dvr/probe", methods=["POST"])
     ~~~~~~~~~^^^^^^^^^^^^^^^^^^^^^^^^^^^^^^^^^^^^
  File "/home/administrator/venv/lib/python3.14/site-packages/flask/scaffold.py", line 435, in decorator
    self.add_url_rule(rule, endpoint, f, **options)
    ~~~~~~~~~~~~~~~~~^^^^^^^^^^^^^^^^^^^^^^^^^^^^^^
  File "/home/administrator/venv/lib/python3.14/site-packages/flask/scaffold.py", line 50, in wrapper_func
    return f(self, *args, **kwargs)
  File "/home/administrator/venv/lib/python3.14/site-packages/flask/app.py", line 1059, in add_url_rule
    raise AssertionError(
    ...<2 lines>...
    )
AssertionError: View function mapping is overwriting an existing endpoint function: api_dvr_probe
2026-09-30 07:14:46 [CRITICAL] [cctv_app:68] UNCAUGHT EXCEPTION
Traceback (most recent call last):
  File "/home/administrator/cctv/app.py", line 532, in <module>
    @app.route("/api/dvr/probe", methods=["POST"])
     ~~~~~~~~~^^^^^^^^^^^^^^^^^^^^^^^^^^^^^^^^^^^^
  File "/home/administrator/venv/lib/python3.14/site-packages/flask/scaffold.py", line 435, in decorator
    self.add_url_rule(rule, endpoint, f, **options)
    ~~~~~~~~~~~~~~~~~^^^^^^^^^^^^^^^^^^^^^^^^^^^^^^
  File "/home/administrator/venv/lib/python3.14/site-packages/flask/scaffold.py", line 50, in wrapper_func
    return f(self, *args, **kwargs)
  File "/home/administrator/venv/lib/python3.14/site-packages/flask/app.py", line 1059, in add_url_rule
    raise AssertionError(
    ...<2 lines>...
    )
AssertionError: View function mapping is overwriting an existing endpoint function: api_dvr_probe
2026-09-30 07:14:52 [CRITICAL] [cctv_app:68] UNCAUGHT EXCEPTION
Traceback (most recent call last):
  File "/home/administrator/cctv/app.py", line 532, in <module>
    @app.route("/api/dvr/probe", methods=["POST"])
     ~~~~~~~~~^^^^^^^^^^^^^^^^^^^^^^^^^^^^^^^^^^^^
  File "/home/administrator/venv/lib/python3.14/site-packages/flask/scaffold.py", line 435, in decorator
    self.add_url_rule(rule, endpoint, f, **options)
    ~~~~~~~~~~~~~~~~~^^^^^^^^^^^^^^^^^^^^^^^^^^^^^^
  File "/home/administrator/venv/lib/python3.14/site-packages/flask/scaffold.py", line 50, in wrapper_func
    return f(self, *args, **kwargs)
  File "/home/administrator/venv/lib/python3.14/site-packages/flask/app.py", line 1059, in add_url_rule
    raise AssertionError(
    ...<2 lines>...
    )
AssertionError: View function mapping is overwriting an existing endpoint function: api_dvr_probe
2026-09-30 07:14:57 [CRITICAL] [cctv_app:68] UNCAUGHT EXCEPTION
Traceback (most recent call last):
  File "/home/administrator/cctv/app.py", line 532, in <module>
    @app.route("/api/dvr/probe", methods=["POST"])
     ~~~~~~~~~^^^^^^^^^^^^^^^^^^^^^^^^^^^^^^^^^^^^
  File "/home/administrator/venv/lib/python3.14/site-packages/flask/scaffold.py", line 435, in decorator
    self.add_url_rule(rule, endpoint, f, **options)
    ~~~~~~~~~~~~~~~~~^^^^^^^^^^^^^^^^^^^^^^^^^^^^^^
  File "/home/administrator/venv/lib/python3.14/site-packages/flask/scaffold.py", line 50, in wrapper_func
    return f(self, *args, **kwargs)
  File "/home/administrator/venv/lib/python3.14/site-packages/flask/app.py", line 1059, in add_url_rule
    raise AssertionError(
    ...<2 lines>...
    )
AssertionError: View function mapping is overwriting an existing endpoint function: api_dvr_probe
2026-09-30 07:15:03 [CRITICAL] [cctv_app:68] UNCAUGHT EXCEPTION
Traceback (most recent call last):
  File "/home/administrator/cctv/app.py", line 532, in <module>
    @app.route("/api/dvr/probe", methods=["POST"])
     ~~~~~~~~~^^^^^^^^^^^^^^^^^^^^^^^^^^^^^^^^^^^^
  File "/home/administrator/venv/lib/python3.14/site-packages/flask/scaffold.py", line 435, in decorator
    self.add_url_rule(rule, endpoint, f, **options)
    ~~~~~~~~~~~~~~~~~^^^^^^^^^^^^^^^^^^^^^^^^^^^^^^
  File "/home/administrator/venv/lib/python3.14/site-packages/flask/scaffold.py", line 50, in wrapper_func
    return f(self, *args, **kwargs)
  File "/home/administrator/venv/lib/python3.14/site-packages/flask/app.py", line 1059, in add_url_rule
    raise AssertionError(
    ...<2 lines>...
    )
AssertionError: View function mapping is overwriting an existing endpoint function: api_dvr_probe
2026-09-30 07:15:08 [CRITICAL] [cctv_app:68] UNCAUGHT EXCEPTION
Traceback (most recent call last):
  File "/home/administrator/cctv/app.py", line 532, in <module>
    @app.route("/api/dvr/probe", methods=["POST"])
     ~~~~~~~~~^^^^^^^^^^^^^^^^^^^^^^^^^^^^^^^^^^^^
  File "/home/administrator/venv/lib/python3.14/site-packages/flask/scaffold.py", line 435, in decorator
    self.add_url_rule(rule, endpoint, f, **options)
    ~~~~~~~~~~~~~~~~~^^^^^^^^^^^^^^^^^^^^^^^^^^^^^^
  File "/home/administrator/venv/lib/python3.14/site-packages/flask/scaffold.py", line 50, in wrapper_func
    return f(self, *args, **kwargs)
  File "/home/administrator/venv/lib/python3.14/site-packages/flask/app.py", line 1059, in add_url_rule
    raise AssertionError(
    ...<2 lines>...
    )
AssertionError: View function mapping is overwriting an existing endpoint function: api_dvr_probe
2026-09-30 07:15:14 [CRITICAL] [cctv_app:68] UNCAUGHT EXCEPTION
Traceback (most recent call last):
  File "/home/administrator/cctv/app.py", line 532, in <module>
    @app.route("/api/dvr/probe", methods=["POST"])
     ~~~~~~~~~^^^^^^^^^^^^^^^^^^^^^^^^^^^^^^^^^^^^
  File "/home/administrator/venv/lib/python3.14/site-packages/flask/scaffold.py", line 435, in decorator
    self.add_url_rule(rule, endpoint, f, **options)
    ~~~~~~~~~~~~~~~~~^^^^^^^^^^^^^^^^^^^^^^^^^^^^^^
  File "/home/administrator/venv/lib/python3.14/site-packages/flask/scaffold.py", line 50, in wrapper_func
    return f(self, *args, **kwargs)
  File "/home/administrator/venv/lib/python3.14/site-packages/flask/app.py", line 1059, in add_url_rule
    raise AssertionError(
    ...<2 lines>...
    )
AssertionError: View function mapping is overwriting an existing endpoint function: api_dvr_probe
2026-09-30 07:15:19 [CRITICAL] [cctv_app:68] UNCAUGHT EXCEPTION
Traceback (most recent call last):
  File "/home/administrator/cctv/app.py", line 532, in <module>
    @app.route("/api/dvr/probe", methods=["POST"])
     ~~~~~~~~~^^^^^^^^^^^^^^^^^^^^^^^^^^^^^^^^^^^^
  File "/home/administrator/venv/lib/python3.14/site-packages/flask/scaffold.py", line 435, in decorator
    self.add_url_rule(rule, endpoint, f, **options)
    ~~~~~~~~~~~~~~~~~^^^^^^^^^^^^^^^^^^^^^^^^^^^^^^
  File "/home/administrator/venv/lib/python3.14/site-packages/flask/scaffold.py", line 50, in wrapper_func
    return f(self, *args, **kwargs)
  File "/home/administrator/venv/lib/python3.14/site-packages/flask/app.py", line 1059, in add_url_rule
    raise AssertionError(
    ...<2 lines>...
    )
AssertionError: View function mapping is overwriting an existing endpoint function: api_dvr_probe
2026-09-30 07:15:25 [CRITICAL] [cctv_app:68] UNCAUGHT EXCEPTION
Traceback (most recent call last):
  File "/home/administrator/cctv/app.py", line 532, in <module>
    @app.route("/api/dvr/probe", methods=["POST"])
     ~~~~~~~~~^^^^^^^^^^^^^^^^^^^^^^^^^^^^^^^^^^^^
  File "/home/administrator/venv/lib/python3.14/site-packages/flask/scaffold.py", line 435, in decorator
    self.add_url_rule(rule, endpoint, f, **options)
    ~~~~~~~~~~~~~~~~~^^^^^^^^^^^^^^^^^^^^^^^^^^^^^^
  File "/home/administrator/venv/lib/python3.14/site-packages/flask/scaffold.py", line 50, in wrapper_func
    return f(self, *args, **kwargs)
  File "/home/administrator/venv/lib/python3.14/site-packages/flask/app.py", line 1059, in add_url_rule
    raise AssertionError(
    ...<2 lines>...
    )
AssertionError: View function mapping is overwriting an existing endpoint function: api_dvr_probe
2026-09-30 07:15:30 [CRITICAL] [cctv_app:68] UNCAUGHT EXCEPTION
Traceback (most recent call last):
  File "/home/administrator/cctv/app.py", line 532, in <module>
    @app.route("/api/dvr/probe", methods=["POST"])
     ~~~~~~~~~^^^^^^^^^^^^^^^^^^^^^^^^^^^^^^^^^^^^
  File "/home/administrator/venv/lib/python3.14/site-packages/flask/scaffold.py", line 435, in decorator
    self.add_url_rule(rule, endpoint, f, **options)
    ~~~~~~~~~~~~~~~~~^^^^^^^^^^^^^^^^^^^^^^^^^^^^^^
  File "/home/administrator/venv/lib/python3.14/site-packages/flask/scaffold.py", line 50, in wrapper_func
    return f(self, *args, **kwargs)
  File "/home/administrator/venv/lib/python3.14/site-packages/flask/app.py", line 1059, in add_url_rule
    raise AssertionError(
    ...<2 lines>...
    )
AssertionError: View function mapping is overwriting an existing endpoint function: api_dvr_probe
2026-09-30 07:15:36 [CRITICAL] [cctv_app:68] UNCAUGHT EXCEPTION
Traceback (most recent call last):
  File "/home/administrator/cctv/app.py", line 532, in <module>
    @app.route("/api/dvr/probe", methods=["POST"])
     ~~~~~~~~~^^^^^^^^^^^^^^^^^^^^^^^^^^^^^^^^^^^^
  File "/home/administrator/venv/lib/python3.14/site-packages/flask/scaffold.py", line 435, in decorator
    self.add_url_rule(rule, endpoint, f, **options)
    ~~~~~~~~~~~~~~~~~^^^^^^^^^^^^^^^^^^^^^^^^^^^^^^
  File "/home/administrator/venv/lib/python3.14/site-packages/flask/scaffold.py", line 50, in wrapper_func
    return f(self, *args, **kwargs)
  File "/home/administrator/venv/lib/python3.14/site-packages/flask/app.py", line 1059, in add_url_rule
    raise AssertionError(
    ...<2 lines>...
    )
AssertionError: View function mapping is overwriting an existing endpoint function: api_dvr_probe
2026-09-30 07:15:41 [CRITICAL] [cctv_app:68] UNCAUGHT EXCEPTION
Traceback (most recent call last):
  File "/home/administrator/cctv/app.py", line 532, in <module>
    @app.route("/api/dvr/probe", methods=["POST"])
     ~~~~~~~~~^^^^^^^^^^^^^^^^^^^^^^^^^^^^^^^^^^^^
  File "/home/administrator/venv/lib/python3.14/site-packages/flask/scaffold.py", line 435, in decorator
    self.add_url_rule(rule, endpoint, f, **options)
    ~~~~~~~~~~~~~~~~~^^^^^^^^^^^^^^^^^^^^^^^^^^^^^^
  File "/home/administrator/venv/lib/python3.14/site-packages/flask/scaffold.py", line 50, in wrapper_func
    return f(self, *args, **kwargs)
  File "/home/administrator/venv/lib/python3.14/site-packages/flask/app.py", line 1059, in add_url_rule
    raise AssertionError(
    ...<2 lines>...
    )
AssertionError: View function mapping is overwriting an existing endpoint function: api_dvr_probe
2026-09-30 07:15:47 [CRITICAL] [cctv_app:68] UNCAUGHT EXCEPTION
Traceback (most recent call last):
  File "/home/administrator/cctv/app.py", line 532, in <module>
    @app.route("/api/dvr/probe", methods=["POST"])
     ~~~~~~~~~^^^^^^^^^^^^^^^^^^^^^^^^^^^^^^^^^^^^
  File "/home/administrator/venv/lib/python3.14/site-packages/flask/scaffold.py", line 435, in decorator
    self.add_url_rule(rule, endpoint, f, **options)
    ~~~~~~~~~~~~~~~~~^^^^^^^^^^^^^^^^^^^^^^^^^^^^^^
  File "/home/administrator/venv/lib/python3.14/site-packages/flask/scaffold.py", line 50, in wrapper_func
    return f(self, *args, **kwargs)
  File "/home/administrator/venv/lib/python3.14/site-packages/flask/app.py", line 1059, in add_url_rule
    raise AssertionError(
    ...<2 lines>...
    )
AssertionError: View function mapping is overwriting an existing endpoint function: api_dvr_probe
2026-09-30 07:15:52 [CRITICAL] [cctv_app:68] UNCAUGHT EXCEPTION
Traceback (most recent call last):
  File "/home/administrator/cctv/app.py", line 532, in <module>
    @app.route("/api/dvr/probe", methods=["POST"])
     ~~~~~~~~~^^^^^^^^^^^^^^^^^^^^^^^^^^^^^^^^^^^^
  File "/home/administrator/venv/lib/python3.14/site-packages/flask/scaffold.py", line 435, in decorator
    self.add_url_rule(rule, endpoint, f, **options)
    ~~~~~~~~~~~~~~~~~^^^^^^^^^^^^^^^^^^^^^^^^^^^^^^
  File "/home/administrator/venv/lib/python3.14/site-packages/flask/scaffold.py", line 50, in wrapper_func
    return f(self, *args, **kwargs)
  File "/home/administrator/venv/lib/python3.14/site-packages/flask/app.py", line 1059, in add_url_rule
    raise AssertionError(
    ...<2 lines>...
    )
AssertionError: View function mapping is overwriting an existing endpoint function: api_dvr_probe
2026-09-30 07:15:58 [CRITICAL] [cctv_app:68] UNCAUGHT EXCEPTION
Traceback (most recent call last):
  File "/home/administrator/cctv/app.py", line 532, in <module>
    @app.route("/api/dvr/probe", methods=["POST"])
     ~~~~~~~~~^^^^^^^^^^^^^^^^^^^^^^^^^^^^^^^^^^^^
  File "/home/administrator/venv/lib/python3.14/site-packages/flask/scaffold.py", line 435, in decorator
    self.add_url_rule(rule, endpoint, f, **options)
    ~~~~~~~~~~~~~~~~~^^^^^^^^^^^^^^^^^^^^^^^^^^^^^^
  File "/home/administrator/venv/lib/python3.14/site-packages/flask/scaffold.py", line 50, in wrapper_func
    return f(self, *args, **kwargs)
  File "/home/administrator/venv/lib/python3.14/site-packages/flask/app.py", line 1059, in add_url_rule
    raise AssertionError(
    ...<2 lines>...
    )
AssertionError: View function mapping is overwriting an existing endpoint function: api_dvr_probe
2026-09-30 07:16:03 [CRITICAL] [cctv_app:68] UNCAUGHT EXCEPTION
Traceback (most recent call last):
  File "/home/administrator/cctv/app.py", line 532, in <module>
    @app.route("/api/dvr/probe", methods=["POST"])
     ~~~~~~~~~^^^^^^^^^^^^^^^^^^^^^^^^^^^^^^^^^^^^
  File "/home/administrator/venv/lib/python3.14/site-packages/flask/scaffold.py", line 435, in decorator
    self.add_url_rule(rule, endpoint, f, **options)
    ~~~~~~~~~~~~~~~~~^^^^^^^^^^^^^^^^^^^^^^^^^^^^^^
  File "/home/administrator/venv/lib/python3.14/site-packages/flask/scaffold.py", line 50, in wrapper_func
    return f(self, *args, **kwargs)
  File "/home/administrator/venv/lib/python3.14/site-packages/flask/app.py", line 1059, in add_url_rule
    raise AssertionError(
    ...<2 lines>...
    )
AssertionError: View function mapping is overwriting an existing endpoint function: api_dvr_probe
2026-09-30 07:16:09 [CRITICAL] [cctv_app:68] UNCAUGHT EXCEPTION
Traceback (most recent call last):
  File "/home/administrator/cctv/app.py", line 532, in <module>
    @app.route("/api/dvr/probe", methods=["POST"])
     ~~~~~~~~~^^^^^^^^^^^^^^^^^^^^^^^^^^^^^^^^^^^^
  File "/home/administrator/venv/lib/python3.14/site-packages/flask/scaffold.py", line 435, in decorator
    self.add_url_rule(rule, endpoint, f, **options)
    ~~~~~~~~~~~~~~~~~^^^^^^^^^^^^^^^^^^^^^^^^^^^^^^
  File "/home/administrator/venv/lib/python3.14/site-packages/flask/scaffold.py", line 50, in wrapper_func
    return f(self, *args, **kwargs)
  File "/home/administrator/venv/lib/python3.14/site-packages/flask/app.py", line 1059, in add_url_rule
    raise AssertionError(
    ...<2 lines>...
    )
AssertionError: View function mapping is overwriting an existing endpoint function: api_dvr_probe
2026-09-30 07:16:14 [CRITICAL] [cctv_app:68] UNCAUGHT EXCEPTION
Traceback (most recent call last):
  File "/home/administrator/cctv/app.py", line 532, in <module>
    @app.route("/api/dvr/probe", methods=["POST"])
     ~~~~~~~~~^^^^^^^^^^^^^^^^^^^^^^^^^^^^^^^^^^^^
  File "/home/administrator/venv/lib/python3.14/site-packages/flask/scaffold.py", line 435, in decorator
    self.add_url_rule(rule, endpoint, f, **options)
    ~~~~~~~~~~~~~~~~~^^^^^^^^^^^^^^^^^^^^^^^^^^^^^^
  File "/home/administrator/venv/lib/python3.14/site-packages/flask/scaffold.py", line 50, in wrapper_func
    return f(self, *args, **kwargs)
  File "/home/administrator/venv/lib/python3.14/site-packages/flask/app.py", line 1059, in add_url_rule
    raise AssertionError(
    ...<2 lines>...
    )
AssertionError: View function mapping is overwriting an existing endpoint function: api_dvr_probe
2026-09-30 07:16:20 [CRITICAL] [cctv_app:68] UNCAUGHT EXCEPTION
Traceback (most recent call last):
  File "/home/administrator/cctv/app.py", line 532, in <module>
    @app.route("/api/dvr/probe", methods=["POST"])
     ~~~~~~~~~^^^^^^^^^^^^^^^^^^^^^^^^^^^^^^^^^^^^
  File "/home/administrator/venv/lib/python3.14/site-packages/flask/scaffold.py", line 435, in decorator
    self.add_url_rule(rule, endpoint, f, **options)
    ~~~~~~~~~~~~~~~~~^^^^^^^^^^^^^^^^^^^^^^^^^^^^^^
  File "/home/administrator/venv/lib/python3.14/site-packages/flask/scaffold.py", line 50, in wrapper_func
    return f(self, *args, **kwargs)
  File "/home/administrator/venv/lib/python3.14/site-packages/flask/app.py", line 1059, in add_url_rule
    raise AssertionError(
    ...<2 lines>...
    )
AssertionError: View function mapping is overwriting an existing endpoint function: api_dvr_probe
2026-09-30 07:16:25 [CRITICAL] [cctv_app:68] UNCAUGHT EXCEPTION
Traceback (most recent call last):
  File "/home/administrator/cctv/app.py", line 532, in <module>
    @app.route("/api/dvr/probe", methods=["POST"])
     ~~~~~~~~~^^^^^^^^^^^^^^^^^^^^^^^^^^^^^^^^^^^^
  File "/home/administrator/venv/lib/python3.14/site-packages/flask/scaffold.py", line 435, in decorator
    self.add_url_rule(rule, endpoint, f, **options)
    ~~~~~~~~~~~~~~~~~^^^^^^^^^^^^^^^^^^^^^^^^^^^^^^
  File "/home/administrator/venv/lib/python3.14/site-packages/flask/scaffold.py", line 50, in wrapper_func
    return f(self, *args, **kwargs)
  File "/home/administrator/venv/lib/python3.14/site-packages/flask/app.py", line 1059, in add_url_rule
    raise AssertionError(
    ...<2 lines>...
    )
AssertionError: View function mapping is overwriting an existing endpoint function: api_dvr_probe
2026-09-30 07:16:31 [CRITICAL] [cctv_app:68] UNCAUGHT EXCEPTION
Traceback (most recent call last):
  File "/home/administrator/cctv/app.py", line 532, in <module>
    @app.route("/api/dvr/probe", methods=["POST"])
     ~~~~~~~~~^^^^^^^^^^^^^^^^^^^^^^^^^^^^^^^^^^^^
  File "/home/administrator/venv/lib/python3.14/site-packages/flask/scaffold.py", line 435, in decorator
    self.add_url_rule(rule, endpoint, f, **options)
    ~~~~~~~~~~~~~~~~~^^^^^^^^^^^^^^^^^^^^^^^^^^^^^^
  File "/home/administrator/venv/lib/python3.14/site-packages/flask/scaffold.py", line 50, in wrapper_func
    return f(self, *args, **kwargs)
  File "/home/administrator/venv/lib/python3.14/site-packages/flask/app.py", line 1059, in add_url_rule
    raise AssertionError(
    ...<2 lines>...
    )
AssertionError: View function mapping is overwriting an existing endpoint function: api_dvr_probe
2026-09-30 07:16:36 [CRITICAL] [cctv_app:68] UNCAUGHT EXCEPTION
Traceback (most recent call last):
  File "/home/administrator/cctv/app.py", line 532, in <module>
    @app.route("/api/dvr/probe", methods=["POST"])
     ~~~~~~~~~^^^^^^^^^^^^^^^^^^^^^^^^^^^^^^^^^^^^
  File "/home/administrator/venv/lib/python3.14/site-packages/flask/scaffold.py", line 435, in decorator
    self.add_url_rule(rule, endpoint, f, **options)
    ~~~~~~~~~~~~~~~~~^^^^^^^^^^^^^^^^^^^^^^^^^^^^^^
  File "/home/administrator/venv/lib/python3.14/site-packages/flask/scaffold.py", line 50, in wrapper_func
    return f(self, *args, **kwargs)
  File "/home/administrator/venv/lib/python3.14/site-packages/flask/app.py", line 1059, in add_url_rule
    raise AssertionError(
    ...<2 lines>...
    )
AssertionError: View function mapping is overwriting an existing endpoint function: api_dvr_probe
2026-09-30 07:16:42 [CRITICAL] [cctv_app:68] UNCAUGHT EXCEPTION
Traceback (most recent call last):
  File "/home/administrator/cctv/app.py", line 532, in <module>
    @app.route("/api/dvr/probe", methods=["POST"])
     ~~~~~~~~~^^^^^^^^^^^^^^^^^^^^^^^^^^^^^^^^^^^^
  File "/home/administrator/venv/lib/python3.14/site-packages/flask/scaffold.py", line 435, in decorator
    self.add_url_rule(rule, endpoint, f, **options)
    ~~~~~~~~~~~~~~~~~^^^^^^^^^^^^^^^^^^^^^^^^^^^^^^
  File "/home/administrator/venv/lib/python3.14/site-packages/flask/scaffold.py", line 50, in wrapper_func
    return f(self, *args, **kwargs)
  File "/home/administrator/venv/lib/python3.14/site-packages/flask/app.py", line 1059, in add_url_rule
    raise AssertionError(
    ...<2 lines>...
    )
AssertionError: View function mapping is overwriting an existing endpoint function: api_dvr_probe
2026-09-30 07:16:47 [CRITICAL] [cctv_app:68] UNCAUGHT EXCEPTION
Traceback (most recent call last):
  File "/home/administrator/cctv/app.py", line 532, in <module>
    @app.route("/api/dvr/probe", methods=["POST"])
     ~~~~~~~~~^^^^^^^^^^^^^^^^^^^^^^^^^^^^^^^^^^^^
  File "/home/administrator/venv/lib/python3.14/site-packages/flask/scaffold.py", line 435, in decorator
    self.add_url_rule(rule, endpoint, f, **options)
    ~~~~~~~~~~~~~~~~~^^^^^^^^^^^^^^^^^^^^^^^^^^^^^^
  File "/home/administrator/venv/lib/python3.14/site-packages/flask/scaffold.py", line 50, in wrapper_func
    return f(self, *args, **kwargs)
  File "/home/administrator/venv/lib/python3.14/site-packages/flask/app.py", line 1059, in add_url_rule
    raise AssertionError(
    ...<2 lines>...
    )
AssertionError: View function mapping is overwriting an existing endpoint function: api_dvr_probe
2026-09-30 07:16:53 [CRITICAL] [cctv_app:68] UNCAUGHT EXCEPTION
Traceback (most recent call last):
  File "/home/administrator/cctv/app.py", line 532, in <module>
    @app.route("/api/dvr/probe", methods=["POST"])
     ~~~~~~~~~^^^^^^^^^^^^^^^^^^^^^^^^^^^^^^^^^^^^
  File "/home/administrator/venv/lib/python3.14/site-packages/flask/scaffold.py", line 435, in decorator
    self.add_url_rule(rule, endpoint, f, **options)
    ~~~~~~~~~~~~~~~~~^^^^^^^^^^^^^^^^^^^^^^^^^^^^^^
  File "/home/administrator/venv/lib/python3.14/site-packages/flask/scaffold.py", line 50, in wrapper_func
    return f(self, *args, **kwargs)
  File "/home/administrator/venv/lib/python3.14/site-packages/flask/app.py", line 1059, in add_url_rule
    raise AssertionError(
    ...<2 lines>...
    )
AssertionError: View function mapping is overwriting an existing endpoint function: api_dvr_probe
2026-09-30 07:16:58 [CRITICAL] [cctv_app:68] UNCAUGHT EXCEPTION
Traceback (most recent call last):
  File "/home/administrator/cctv/app.py", line 532, in <module>
    @app.route("/api/dvr/probe", methods=["POST"])
     ~~~~~~~~~^^^^^^^^^^^^^^^^^^^^^^^^^^^^^^^^^^^^
  File "/home/administrator/venv/lib/python3.14/site-packages/flask/scaffold.py", line 435, in decorator
    self.add_url_rule(rule, endpoint, f, **options)
    ~~~~~~~~~~~~~~~~~^^^^^^^^^^^^^^^^^^^^^^^^^^^^^^
  File "/home/administrator/venv/lib/python3.14/site-packages/flask/scaffold.py", line 50, in wrapper_func
    return f(self, *args, **kwargs)
  File "/home/administrator/venv/lib/python3.14/site-packages/flask/app.py", line 1059, in add_url_rule
    raise AssertionError(
    ...<2 lines>...
    )
AssertionError: View function mapping is overwriting an existing endpoint function: api_dvr_probe
2026-09-30 07:17:04 [CRITICAL] [cctv_app:68] UNCAUGHT EXCEPTION
Traceback (most recent call last):
  File "/home/administrator/cctv/app.py", line 532, in <module>
    @app.route("/api/dvr/probe", methods=["POST"])
     ~~~~~~~~~^^^^^^^^^^^^^^^^^^^^^^^^^^^^^^^^^^^^
  File "/home/administrator/venv/lib/python3.14/site-packages/flask/scaffold.py", line 435, in decorator
    self.add_url_rule(rule, endpoint, f, **options)
    ~~~~~~~~~~~~~~~~~^^^^^^^^^^^^^^^^^^^^^^^^^^^^^^
  File "/home/administrator/venv/lib/python3.14/site-packages/flask/scaffold.py", line 50, in wrapper_func
    return f(self, *args, **kwargs)
  File "/home/administrator/venv/lib/python3.14/site-packages/flask/app.py", line 1059, in add_url_rule
    raise AssertionError(
    ...<2 lines>...
    )
AssertionError: View function mapping is overwriting an existing endpoint function: api_dvr_probe
2026-09-30 07:17:09 [CRITICAL] [cctv_app:68] UNCAUGHT EXCEPTION
Traceback (most recent call last):
  File "/home/administrator/cctv/app.py", line 532, in <module>
    @app.route("/api/dvr/probe", methods=["POST"])
     ~~~~~~~~~^^^^^^^^^^^^^^^^^^^^^^^^^^^^^^^^^^^^
  File "/home/administrator/venv/lib/python3.14/site-packages/flask/scaffold.py", line 435, in decorator
    self.add_url_rule(rule, endpoint, f, **options)
    ~~~~~~~~~~~~~~~~~^^^^^^^^^^^^^^^^^^^^^^^^^^^^^^
  File "/home/administrator/venv/lib/python3.14/site-packages/flask/scaffold.py", line 50, in wrapper_func
    return f(self, *args, **kwargs)
  File "/home/administrator/venv/lib/python3.14/site-packages/flask/app.py", line 1059, in add_url_rule
    raise AssertionError(
    ...<2 lines>...
    )
AssertionError: View function mapping is overwriting an existing endpoint function: api_dvr_probe
2026-09-30 07:17:15 [CRITICAL] [cctv_app:68] UNCAUGHT EXCEPTION
Traceback (most recent call last):
  File "/home/administrator/cctv/app.py", line 532, in <module>
    @app.route("/api/dvr/probe", methods=["POST"])
     ~~~~~~~~~^^^^^^^^^^^^^^^^^^^^^^^^^^^^^^^^^^^^
  File "/home/administrator/venv/lib/python3.14/site-packages/flask/scaffold.py", line 435, in decorator
    self.add_url_rule(rule, endpoint, f, **options)
    ~~~~~~~~~~~~~~~~~^^^^^^^^^^^^^^^^^^^^^^^^^^^^^^
  File "/home/administrator/venv/lib/python3.14/site-packages/flask/scaffold.py", line 50, in wrapper_func
    return f(self, *args, **kwargs)
  File "/home/administrator/venv/lib/python3.14/site-packages/flask/app.py", line 1059, in add_url_rule
    raise AssertionError(
    ...<2 lines>...
    )
AssertionError: View function mapping is overwriting an existing endpoint function: api_dvr_probe
2026-09-30 07:17:20 [CRITICAL] [cctv_app:68] UNCAUGHT EXCEPTION
Traceback (most recent call last):
  File "/home/administrator/cctv/app.py", line 532, in <module>
    @app.route("/api/dvr/probe", methods=["POST"])
     ~~~~~~~~~^^^^^^^^^^^^^^^^^^^^^^^^^^^^^^^^^^^^
  File "/home/administrator/venv/lib/python3.14/site-packages/flask/scaffold.py", line 435, in decorator
    self.add_url_rule(rule, endpoint, f, **options)
    ~~~~~~~~~~~~~~~~~^^^^^^^^^^^^^^^^^^^^^^^^^^^^^^
  File "/home/administrator/venv/lib/python3.14/site-packages/flask/scaffold.py", line 50, in wrapper_func
    return f(self, *args, **kwargs)
  File "/home/administrator/venv/lib/python3.14/site-packages/flask/app.py", line 1059, in add_url_rule
    raise AssertionError(
    ...<2 lines>...
    )
AssertionError: View function mapping is overwriting an existing endpoint function: api_dvr_probe
2026-09-30 07:17:26 [CRITICAL] [cctv_app:68] UNCAUGHT EXCEPTION
Traceback (most recent call last):
  File "/home/administrator/cctv/app.py", line 532, in <module>
    @app.route("/api/dvr/probe", methods=["POST"])
     ~~~~~~~~~^^^^^^^^^^^^^^^^^^^^^^^^^^^^^^^^^^^^
  File "/home/administrator/venv/lib/python3.14/site-packages/flask/scaffold.py", line 435, in decorator
    self.add_url_rule(rule, endpoint, f, **options)
    ~~~~~~~~~~~~~~~~~^^^^^^^^^^^^^^^^^^^^^^^^^^^^^^
  File "/home/administrator/venv/lib/python3.14/site-packages/flask/scaffold.py", line 50, in wrapper_func
    return f(self, *args, **kwargs)
  File "/home/administrator/venv/lib/python3.14/site-packages/flask/app.py", line 1059, in add_url_rule
    raise AssertionError(
    ...<2 lines>...
    )
AssertionError: View function mapping is overwriting an existing endpoint function: api_dvr_probe
2026-09-30 07:17:31 [CRITICAL] [cctv_app:68] UNCAUGHT EXCEPTION
Traceback (most recent call last):
  File "/home/administrator/cctv/app.py", line 532, in <module>
    @app.route("/api/dvr/probe", methods=["POST"])
     ~~~~~~~~~^^^^^^^^^^^^^^^^^^^^^^^^^^^^^^^^^^^^
  File "/home/administrator/venv/lib/python3.14/site-packages/flask/scaffold.py", line 435, in decorator
    self.add_url_rule(rule, endpoint, f, **options)
    ~~~~~~~~~~~~~~~~~^^^^^^^^^^^^^^^^^^^^^^^^^^^^^^
  File "/home/administrator/venv/lib/python3.14/site-packages/flask/scaffold.py", line 50, in wrapper_func
    return f(self, *args, **kwargs)
  File "/home/administrator/venv/lib/python3.14/site-packages/flask/app.py", line 1059, in add_url_rule
    raise AssertionError(
    ...<2 lines>...
    )
AssertionError: View function mapping is overwriting an existing endpoint function: api_dvr_probe
2026-09-30 07:17:37 [CRITICAL] [cctv_app:68] UNCAUGHT EXCEPTION
Traceback (most recent call last):
  File "/home/administrator/cctv/app.py", line 532, in <module>
    @app.route("/api/dvr/probe", methods=["POST"])
     ~~~~~~~~~^^^^^^^^^^^^^^^^^^^^^^^^^^^^^^^^^^^^
  File "/home/administrator/venv/lib/python3.14/site-packages/flask/scaffold.py", line 435, in decorator
    self.add_url_rule(rule, endpoint, f, **options)
    ~~~~~~~~~~~~~~~~~^^^^^^^^^^^^^^^^^^^^^^^^^^^^^^
  File "/home/administrator/venv/lib/python3.14/site-packages/flask/scaffold.py", line 50, in wrapper_func
    return f(self, *args, **kwargs)
  File "/home/administrator/venv/lib/python3.14/site-packages/flask/app.py", line 1059, in add_url_rule
    raise AssertionError(
    ...<2 lines>...
    )
AssertionError: View function mapping is overwriting an existing endpoint function: api_dvr_probe
2026-09-30 07:17:42 [CRITICAL] [cctv_app:68] UNCAUGHT EXCEPTION
Traceback (most recent call last):
  File "/home/administrator/cctv/app.py", line 532, in <module>
    @app.route("/api/dvr/probe", methods=["POST"])
     ~~~~~~~~~^^^^^^^^^^^^^^^^^^^^^^^^^^^^^^^^^^^^
  File "/home/administrator/venv/lib/python3.14/site-packages/flask/scaffold.py", line 435, in decorator
    self.add_url_rule(rule, endpoint, f, **options)
    ~~~~~~~~~~~~~~~~~^^^^^^^^^^^^^^^^^^^^^^^^^^^^^^
  File "/home/administrator/venv/lib/python3.14/site-packages/flask/scaffold.py", line 50, in wrapper_func
    return f(self, *args, **kwargs)
  File "/home/administrator/venv/lib/python3.14/site-packages/flask/app.py", line 1059, in add_url_rule
    raise AssertionError(
    ...<2 lines>...
    )
AssertionError: View function mapping is overwriting an existing endpoint function: api_dvr_probe
2026-09-30 07:17:48 [CRITICAL] [cctv_app:68] UNCAUGHT EXCEPTION
Traceback (most recent call last):
  File "/home/administrator/cctv/app.py", line 532, in <module>
    @app.route("/api/dvr/probe", methods=["POST"])
     ~~~~~~~~~^^^^^^^^^^^^^^^^^^^^^^^^^^^^^^^^^^^^
  File "/home/administrator/venv/lib/python3.14/site-packages/flask/scaffold.py", line 435, in decorator
    self.add_url_rule(rule, endpoint, f, **options)
    ~~~~~~~~~~~~~~~~~^^^^^^^^^^^^^^^^^^^^^^^^^^^^^^
  File "/home/administrator/venv/lib/python3.14/site-packages/flask/scaffold.py", line 50, in wrapper_func
    return f(self, *args, **kwargs)
  File "/home/administrator/venv/lib/python3.14/site-packages/flask/app.py", line 1059, in add_url_rule
    raise AssertionError(
    ...<2 lines>...
    )
AssertionError: View function mapping is overwriting an existing endpoint function: api_dvr_probe
2026-09-30 07:17:53 [CRITICAL] [cctv_app:68] UNCAUGHT EXCEPTION
Traceback (most recent call last):
  File "/home/administrator/cctv/app.py", line 532, in <module>
    @app.route("/api/dvr/probe", methods=["POST"])
     ~~~~~~~~~^^^^^^^^^^^^^^^^^^^^^^^^^^^^^^^^^^^^
  File "/home/administrator/venv/lib/python3.14/site-packages/flask/scaffold.py", line 435, in decorator
    self.add_url_rule(rule, endpoint, f, **options)
    ~~~~~~~~~~~~~~~~~^^^^^^^^^^^^^^^^^^^^^^^^^^^^^^
  File "/home/administrator/venv/lib/python3.14/site-packages/flask/scaffold.py", line 50, in wrapper_func
    return f(self, *args, **kwargs)
  File "/home/administrator/venv/lib/python3.14/site-packages/flask/app.py", line 1059, in add_url_rule
    raise AssertionError(
    ...<2 lines>...
    )
AssertionError: View function mapping is overwriting an existing endpoint function: api_dvr_probe
2026-09-30 07:17:59 [CRITICAL] [cctv_app:68] UNCAUGHT EXCEPTION
Traceback (most recent call last):
  File "/home/administrator/cctv/app.py", line 532, in <module>
    @app.route("/api/dvr/probe", methods=["POST"])
     ~~~~~~~~~^^^^^^^^^^^^^^^^^^^^^^^^^^^^^^^^^^^^
  File "/home/administrator/venv/lib/python3.14/site-packages/flask/scaffold.py", line 435, in decorator
    self.add_url_rule(rule, endpoint, f, **options)
    ~~~~~~~~~~~~~~~~~^^^^^^^^^^^^^^^^^^^^^^^^^^^^^^
  File "/home/administrator/venv/lib/python3.14/site-packages/flask/scaffold.py", line 50, in wrapper_func
    return f(self, *args, **kwargs)
  File "/home/administrator/venv/lib/python3.14/site-packages/flask/app.py", line 1059, in add_url_rule
    raise AssertionError(
    ...<2 lines>...
    )
AssertionError: View function mapping is overwriting an existing endpoint function: api_dvr_probe
2026-09-30 07:18:04 [CRITICAL] [cctv_app:68] UNCAUGHT EXCEPTION
Traceback (most recent call last):
  File "/home/administrator/cctv/app.py", line 532, in <module>
    @app.route("/api/dvr/probe", methods=["POST"])
     ~~~~~~~~~^^^^^^^^^^^^^^^^^^^^^^^^^^^^^^^^^^^^
  File "/home/administrator/venv/lib/python3.14/site-packages/flask/scaffold.py", line 435, in decorator
    self.add_url_rule(rule, endpoint, f, **options)
    ~~~~~~~~~~~~~~~~~^^^^^^^^^^^^^^^^^^^^^^^^^^^^^^
  File "/home/administrator/venv/lib/python3.14/site-packages/flask/scaffold.py", line 50, in wrapper_func
    return f(self, *args, **kwargs)
  File "/home/administrator/venv/lib/python3.14/site-packages/flask/app.py", line 1059, in add_url_rule
    raise AssertionError(
    ...<2 lines>...
    )
AssertionError: View function mapping is overwriting an existing endpoint function: api_dvr_probe
2026-09-30 07:18:10 [CRITICAL] [cctv_app:68] UNCAUGHT EXCEPTION
Traceback (most recent call last):
  File "/home/administrator/cctv/app.py", line 532, in <module>
    @app.route("/api/dvr/probe", methods=["POST"])
     ~~~~~~~~~^^^^^^^^^^^^^^^^^^^^^^^^^^^^^^^^^^^^
  File "/home/administrator/venv/lib/python3.14/site-packages/flask/scaffold.py", line 435, in decorator
    self.add_url_rule(rule, endpoint, f, **options)
    ~~~~~~~~~~~~~~~~~^^^^^^^^^^^^^^^^^^^^^^^^^^^^^^
  File "/home/administrator/venv/lib/python3.14/site-packages/flask/scaffold.py", line 50, in wrapper_func
    return f(self, *args, **kwargs)
  File "/home/administrator/venv/lib/python3.14/site-packages/flask/app.py", line 1059, in add_url_rule
    raise AssertionError(
    ...<2 lines>...
    )
AssertionError: View function mapping is overwriting an existing endpoint function: api_dvr_probe
2026-09-30 07:18:15 [CRITICAL] [cctv_app:68] UNCAUGHT EXCEPTION
Traceback (most recent call last):
  File "/home/administrator/cctv/app.py", line 532, in <module>
    @app.route("/api/dvr/probe", methods=["POST"])
     ~~~~~~~~~^^^^^^^^^^^^^^^^^^^^^^^^^^^^^^^^^^^^
  File "/home/administrator/venv/lib/python3.14/site-packages/flask/scaffold.py", line 435, in decorator
    self.add_url_rule(rule, endpoint, f, **options)
    ~~~~~~~~~~~~~~~~~^^^^^^^^^^^^^^^^^^^^^^^^^^^^^^
  File "/home/administrator/venv/lib/python3.14/site-packages/flask/scaffold.py", line 50, in wrapper_func
    return f(self, *args, **kwargs)
  File "/home/administrator/venv/lib/python3.14/site-packages/flask/app.py", line 1059, in add_url_rule
    raise AssertionError(
    ...<2 lines>...
    )
AssertionError: View function mapping is overwriting an existing endpoint function: api_dvr_probe
2026-09-30 07:18:21 [CRITICAL] [cctv_app:68] UNCAUGHT EXCEPTION
Traceback (most recent call last):
  File "/home/administrator/cctv/app.py", line 532, in <module>
    @app.route("/api/dvr/probe", methods=["POST"])
     ~~~~~~~~~^^^^^^^^^^^^^^^^^^^^^^^^^^^^^^^^^^^^
  File "/home/administrator/venv/lib/python3.14/site-packages/flask/scaffold.py", line 435, in decorator
    self.add_url_rule(rule, endpoint, f, **options)
    ~~~~~~~~~~~~~~~~~^^^^^^^^^^^^^^^^^^^^^^^^^^^^^^
  File "/home/administrator/venv/lib/python3.14/site-packages/flask/scaffold.py", line 50, in wrapper_func
    return f(self, *args, **kwargs)
  File "/home/administrator/venv/lib/python3.14/site-packages/flask/app.py", line 1059, in add_url_rule
    raise AssertionError(
    ...<2 lines>...
    )
AssertionError: View function mapping is overwriting an existing endpoint function: api_dvr_probe
2026-09-30 07:18:26 [CRITICAL] [cctv_app:68] UNCAUGHT EXCEPTION
Traceback (most recent call last):
  File "/home/administrator/cctv/app.py", line 532, in <module>
    @app.route("/api/dvr/probe", methods=["POST"])
     ~~~~~~~~~^^^^^^^^^^^^^^^^^^^^^^^^^^^^^^^^^^^^
  File "/home/administrator/venv/lib/python3.14/site-packages/flask/scaffold.py", line 435, in decorator
    self.add_url_rule(rule, endpoint, f, **options)
    ~~~~~~~~~~~~~~~~~^^^^^^^^^^^^^^^^^^^^^^^^^^^^^^
  File "/home/administrator/venv/lib/python3.14/site-packages/flask/scaffold.py", line 50, in wrapper_func
    return f(self, *args, **kwargs)
  File "/home/administrator/venv/lib/python3.14/site-packages/flask/app.py", line 1059, in add_url_rule
    raise AssertionError(
    ...<2 lines>...
    )
AssertionError: View function mapping is overwriting an existing endpoint function: api_dvr_probe
2026-09-30 07:18:32 [CRITICAL] [cctv_app:68] UNCAUGHT EXCEPTION
Traceback (most recent call last):
  File "/home/administrator/cctv/app.py", line 532, in <module>
    @app.route("/api/dvr/probe", methods=["POST"])
     ~~~~~~~~~^^^^^^^^^^^^^^^^^^^^^^^^^^^^^^^^^^^^
  File "/home/administrator/venv/lib/python3.14/site-packages/flask/scaffold.py", line 435, in decorator
    self.add_url_rule(rule, endpoint, f, **options)
    ~~~~~~~~~~~~~~~~~^^^^^^^^^^^^^^^^^^^^^^^^^^^^^^
  File "/home/administrator/venv/lib/python3.14/site-packages/flask/scaffold.py", line 50, in wrapper_func
    return f(self, *args, **kwargs)
  File "/home/administrator/venv/lib/python3.14/site-packages/flask/app.py", line 1059, in add_url_rule
    raise AssertionError(
    ...<2 lines>...
    )
AssertionError: View function mapping is overwriting an existing endpoint function: api_dvr_probe
2026-09-30 07:18:37 [CRITICAL] [cctv_app:68] UNCAUGHT EXCEPTION
Traceback (most recent call last):
  File "/home/administrator/cctv/app.py", line 532, in <module>
    @app.route("/api/dvr/probe", methods=["POST"])
     ~~~~~~~~~^^^^^^^^^^^^^^^^^^^^^^^^^^^^^^^^^^^^
  File "/home/administrator/venv/lib/python3.14/site-packages/flask/scaffold.py", line 435, in decorator
    self.add_url_rule(rule, endpoint, f, **options)
    ~~~~~~~~~~~~~~~~~^^^^^^^^^^^^^^^^^^^^^^^^^^^^^^
  File "/home/administrator/venv/lib/python3.14/site-packages/flask/scaffold.py", line 50, in wrapper_func
    return f(self, *args, **kwargs)
  File "/home/administrator/venv/lib/python3.14/site-packages/flask/app.py", line 1059, in add_url_rule
    raise AssertionError(
    ...<2 lines>...
    )
AssertionError: View function mapping is overwriting an existing endpoint function: api_dvr_probe
2026-09-30 07:18:43 [CRITICAL] [cctv_app:68] UNCAUGHT EXCEPTION
Traceback (most recent call last):
  File "/home/administrator/cctv/app.py", line 532, in <module>
    @app.route("/api/dvr/probe", methods=["POST"])
     ~~~~~~~~~^^^^^^^^^^^^^^^^^^^^^^^^^^^^^^^^^^^^
  File "/home/administrator/venv/lib/python3.14/site-packages/flask/scaffold.py", line 435, in decorator
    self.add_url_rule(rule, endpoint, f, **options)
    ~~~~~~~~~~~~~~~~~^^^^^^^^^^^^^^^^^^^^^^^^^^^^^^
  File "/home/administrator/venv/lib/python3.14/site-packages/flask/scaffold.py", line 50, in wrapper_func
    return f(self, *args, **kwargs)
  File "/home/administrator/venv/lib/python3.14/site-packages/flask/app.py", line 1059, in add_url_rule
    raise AssertionError(
    ...<2 lines>...
    )
AssertionError: View function mapping is overwriting an existing endpoint function: api_dvr_probe
2026-09-30 07:18:48 [CRITICAL] [cctv_app:68] UNCAUGHT EXCEPTION
Traceback (most recent call last):
  File "/home/administrator/cctv/app.py", line 532, in <module>
    @app.route("/api/dvr/probe", methods=["POST"])
     ~~~~~~~~~^^^^^^^^^^^^^^^^^^^^^^^^^^^^^^^^^^^^
  File "/home/administrator/venv/lib/python3.14/site-packages/flask/scaffold.py", line 435, in decorator
    self.add_url_rule(rule, endpoint, f, **options)
    ~~~~~~~~~~~~~~~~~^^^^^^^^^^^^^^^^^^^^^^^^^^^^^^
  File "/home/administrator/venv/lib/python3.14/site-packages/flask/scaffold.py", line 50, in wrapper_func
    return f(self, *args, **kwargs)
  File "/home/administrator/venv/lib/python3.14/site-packages/flask/app.py", line 1059, in add_url_rule
    raise AssertionError(
    ...<2 lines>...
    )
AssertionError: View function mapping is overwriting an existing endpoint function: api_dvr_probe
2026-09-30 07:18:54 [CRITICAL] [cctv_app:68] UNCAUGHT EXCEPTION
Traceback (most recent call last):
  File "/home/administrator/cctv/app.py", line 532, in <module>
    @app.route("/api/dvr/probe", methods=["POST"])
     ~~~~~~~~~^^^^^^^^^^^^^^^^^^^^^^^^^^^^^^^^^^^^
  File "/home/administrator/venv/lib/python3.14/site-packages/flask/scaffold.py", line 435, in decorator
    self.add_url_rule(rule, endpoint, f, **options)
    ~~~~~~~~~~~~~~~~~^^^^^^^^^^^^^^^^^^^^^^^^^^^^^^
  File "/home/administrator/venv/lib/python3.14/site-packages/flask/scaffold.py", line 50, in wrapper_func
    return f(self, *args, **kwargs)
  File "/home/administrator/venv/lib/python3.14/site-packages/flask/app.py", line 1059, in add_url_rule
    raise AssertionError(
    ...<2 lines>...
    )
AssertionError: View function mapping is overwriting an existing endpoint function: api_dvr_probe
2026-09-30 07:18:59 [CRITICAL] [cctv_app:68] UNCAUGHT EXCEPTION
Traceback (most recent call last):
  File "/home/administrator/cctv/app.py", line 532, in <module>
    @app.route("/api/dvr/probe", methods=["POST"])
     ~~~~~~~~~^^^^^^^^^^^^^^^^^^^^^^^^^^^^^^^^^^^^
  File "/home/administrator/venv/lib/python3.14/site-packages/flask/scaffold.py", line 435, in decorator
    self.add_url_rule(rule, endpoint, f, **options)
    ~~~~~~~~~~~~~~~~~^^^^^^^^^^^^^^^^^^^^^^^^^^^^^^
  File "/home/administrator/venv/lib/python3.14/site-packages/flask/scaffold.py", line 50, in wrapper_func
    return f(self, *args, **kwargs)
  File "/home/administrator/venv/lib/python3.14/site-packages/flask/app.py", line 1059, in add_url_rule
    raise AssertionError(
    ...<2 lines>...
    )
AssertionError: View function mapping is overwriting an existing endpoint function: api_dvr_probe
2026-09-30 07:19:05 [CRITICAL] [cctv_app:68] UNCAUGHT EXCEPTION
Traceback (most recent call last):
  File "/home/administrator/cctv/app.py", line 532, in <module>
    @app.route("/api/dvr/probe", methods=["POST"])
     ~~~~~~~~~^^^^^^^^^^^^^^^^^^^^^^^^^^^^^^^^^^^^
  File "/home/administrator/venv/lib/python3.14/site-packages/flask/scaffold.py", line 435, in decorator
    self.add_url_rule(rule, endpoint, f, **options)
    ~~~~~~~~~~~~~~~~~^^^^^^^^^^^^^^^^^^^^^^^^^^^^^^
  File "/home/administrator/venv/lib/python3.14/site-packages/flask/scaffold.py", line 50, in wrapper_func
    return f(self, *args, **kwargs)
  File "/home/administrator/venv/lib/python3.14/site-packages/flask/app.py", line 1059, in add_url_rule
    raise AssertionError(
    ...<2 lines>...
    )
AssertionError: View function mapping is overwriting an existing endpoint function: api_dvr_probe
2026-09-30 07:19:10 [CRITICAL] [cctv_app:68] UNCAUGHT EXCEPTION
Traceback (most recent call last):
  File "/home/administrator/cctv/app.py", line 532, in <module>
    @app.route("/api/dvr/probe", methods=["POST"])
     ~~~~~~~~~^^^^^^^^^^^^^^^^^^^^^^^^^^^^^^^^^^^^
  File "/home/administrator/venv/lib/python3.14/site-packages/flask/scaffold.py", line 435, in decorator
    self.add_url_rule(rule, endpoint, f, **options)
    ~~~~~~~~~~~~~~~~~^^^^^^^^^^^^^^^^^^^^^^^^^^^^^^
  File "/home/administrator/venv/lib/python3.14/site-packages/flask/scaffold.py", line 50, in wrapper_func
    return f(self, *args, **kwargs)
  File "/home/administrator/venv/lib/python3.14/site-packages/flask/app.py", line 1059, in add_url_rule
    raise AssertionError(
    ...<2 lines>...
    )
AssertionError: View function mapping is overwriting an existing endpoint function: api_dvr_probe
2026-09-30 07:19:16 [CRITICAL] [cctv_app:68] UNCAUGHT EXCEPTION
Traceback (most recent call last):
  File "/home/administrator/cctv/app.py", line 532, in <module>
    @app.route("/api/dvr/probe", methods=["POST"])
     ~~~~~~~~~^^^^^^^^^^^^^^^^^^^^^^^^^^^^^^^^^^^^
  File "/home/administrator/venv/lib/python3.14/site-packages/flask/scaffold.py", line 435, in decorator
    self.add_url_rule(rule, endpoint, f, **options)
    ~~~~~~~~~~~~~~~~~^^^^^^^^^^^^^^^^^^^^^^^^^^^^^^
  File "/home/administrator/venv/lib/python3.14/site-packages/flask/scaffold.py", line 50, in wrapper_func
    return f(self, *args, **kwargs)
  File "/home/administrator/venv/lib/python3.14/site-packages/flask/app.py", line 1059, in add_url_rule
    raise AssertionError(
    ...<2 lines>...
    )
AssertionError: View function mapping is overwriting an existing endpoint function: api_dvr_probe
2026-09-30 07:19:21 [CRITICAL] [cctv_app:68] UNCAUGHT EXCEPTION
Traceback (most recent call last):
  File "/home/administrator/cctv/app.py", line 532, in <module>
    @app.route("/api/dvr/probe", methods=["POST"])
     ~~~~~~~~~^^^^^^^^^^^^^^^^^^^^^^^^^^^^^^^^^^^^
  File "/home/administrator/venv/lib/python3.14/site-packages/flask/scaffold.py", line 435, in decorator
    self.add_url_rule(rule, endpoint, f, **options)
    ~~~~~~~~~~~~~~~~~^^^^^^^^^^^^^^^^^^^^^^^^^^^^^^
  File "/home/administrator/venv/lib/python3.14/site-packages/flask/scaffold.py", line 50, in wrapper_func
    return f(self, *args, **kwargs)
  File "/home/administrator/venv/lib/python3.14/site-packages/flask/app.py", line 1059, in add_url_rule
    raise AssertionError(
    ...<2 lines>...
    )
AssertionError: View function mapping is overwriting an existing endpoint function: api_dvr_probe
2026-09-30 07:19:27 [CRITICAL] [cctv_app:68] UNCAUGHT EXCEPTION
Traceback (most recent call last):
  File "/home/administrator/cctv/app.py", line 532, in <module>
    @app.route("/api/dvr/probe", methods=["POST"])
     ~~~~~~~~~^^^^^^^^^^^^^^^^^^^^^^^^^^^^^^^^^^^^
  File "/home/administrator/venv/lib/python3.14/site-packages/flask/scaffold.py", line 435, in decorator
    self.add_url_rule(rule, endpoint, f, **options)
    ~~~~~~~~~~~~~~~~~^^^^^^^^^^^^^^^^^^^^^^^^^^^^^^
  File "/home/administrator/venv/lib/python3.14/site-packages/flask/scaffold.py", line 50, in wrapper_func
    return f(self, *args, **kwargs)
  File "/home/administrator/venv/lib/python3.14/site-packages/flask/app.py", line 1059, in add_url_rule
    raise AssertionError(
    ...<2 lines>...
    )
AssertionError: View function mapping is overwriting an existing endpoint function: api_dvr_probe
2026-09-30 07:19:32 [CRITICAL] [cctv_app:68] UNCAUGHT EXCEPTION
Traceback (most recent call last):
  File "/home/administrator/cctv/app.py", line 532, in <module>
    @app.route("/api/dvr/probe", methods=["POST"])
     ~~~~~~~~~^^^^^^^^^^^^^^^^^^^^^^^^^^^^^^^^^^^^
  File "/home/administrator/venv/lib/python3.14/site-packages/flask/scaffold.py", line 435, in decorator
    self.add_url_rule(rule, endpoint, f, **options)
    ~~~~~~~~~~~~~~~~~^^^^^^^^^^^^^^^^^^^^^^^^^^^^^^
  File "/home/administrator/venv/lib/python3.14/site-packages/flask/scaffold.py", line 50, in wrapper_func
    return f(self, *args, **kwargs)
  File "/home/administrator/venv/lib/python3.14/site-packages/flask/app.py", line 1059, in add_url_rule
    raise AssertionError(
    ...<2 lines>...
    )
AssertionError: View function mapping is overwriting an existing endpoint function: api_dvr_probe
2026-09-30 07:19:38 [CRITICAL] [cctv_app:68] UNCAUGHT EXCEPTION
Traceback (most recent call last):
  File "/home/administrator/cctv/app.py", line 532, in <module>
    @app.route("/api/dvr/probe", methods=["POST"])
     ~~~~~~~~~^^^^^^^^^^^^^^^^^^^^^^^^^^^^^^^^^^^^
  File "/home/administrator/venv/lib/python3.14/site-packages/flask/scaffold.py", line 435, in decorator
    self.add_url_rule(rule, endpoint, f, **options)
    ~~~~~~~~~~~~~~~~~^^^^^^^^^^^^^^^^^^^^^^^^^^^^^^
  File "/home/administrator/venv/lib/python3.14/site-packages/flask/scaffold.py", line 50, in wrapper_func
    return f(self, *args, **kwargs)
  File "/home/administrator/venv/lib/python3.14/site-packages/flask/app.py", line 1059, in add_url_rule
    raise AssertionError(
    ...<2 lines>...
    )
AssertionError: View function mapping is overwriting an existing endpoint function: api_dvr_probe
2026-09-30 07:19:43 [CRITICAL] [cctv_app:68] UNCAUGHT EXCEPTION
Traceback (most recent call last):
  File "/home/administrator/cctv/app.py", line 532, in <module>
    @app.route("/api/dvr/probe", methods=["POST"])
     ~~~~~~~~~^^^^^^^^^^^^^^^^^^^^^^^^^^^^^^^^^^^^
  File "/home/administrator/venv/lib/python3.14/site-packages/flask/scaffold.py", line 435, in decorator
    self.add_url_rule(rule, endpoint, f, **options)
    ~~~~~~~~~~~~~~~~~^^^^^^^^^^^^^^^^^^^^^^^^^^^^^^
  File "/home/administrator/venv/lib/python3.14/site-packages/flask/scaffold.py", line 50, in wrapper_func
    return f(self, *args, **kwargs)
  File "/home/administrator/venv/lib/python3.14/site-packages/flask/app.py", line 1059, in add_url_rule
    raise AssertionError(
    ...<2 lines>...
    )
AssertionError: View function mapping is overwriting an existing endpoint function: api_dvr_probe
2026-09-30 07:19:49 [CRITICAL] [cctv_app:68] UNCAUGHT EXCEPTION
Traceback (most recent call last):
  File "/home/administrator/cctv/app.py", line 532, in <module>
    @app.route("/api/dvr/probe", methods=["POST"])
     ~~~~~~~~~^^^^^^^^^^^^^^^^^^^^^^^^^^^^^^^^^^^^
  File "/home/administrator/venv/lib/python3.14/site-packages/flask/scaffold.py", line 435, in decorator
    self.add_url_rule(rule, endpoint, f, **options)
    ~~~~~~~~~~~~~~~~~^^^^^^^^^^^^^^^^^^^^^^^^^^^^^^
  File "/home/administrator/venv/lib/python3.14/site-packages/flask/scaffold.py", line 50, in wrapper_func
    return f(self, *args, **kwargs)
  File "/home/administrator/venv/lib/python3.14/site-packages/flask/app.py", line 1059, in add_url_rule
    raise AssertionError(
    ...<2 lines>...
    )
AssertionError: View function mapping is overwriting an existing endpoint function: api_dvr_probe
2026-09-30 07:19:54 [CRITICAL] [cctv_app:68] UNCAUGHT EXCEPTION
Traceback (most recent call last):
  File "/home/administrator/cctv/app.py", line 532, in <module>
    @app.route("/api/dvr/probe", methods=["POST"])
     ~~~~~~~~~^^^^^^^^^^^^^^^^^^^^^^^^^^^^^^^^^^^^
  File "/home/administrator/venv/lib/python3.14/site-packages/flask/scaffold.py", line 435, in decorator
    self.add_url_rule(rule, endpoint, f, **options)
    ~~~~~~~~~~~~~~~~~^^^^^^^^^^^^^^^^^^^^^^^^^^^^^^
  File "/home/administrator/venv/lib/python3.14/site-packages/flask/scaffold.py", line 50, in wrapper_func
    return f(self, *args, **kwargs)
  File "/home/administrator/venv/lib/python3.14/site-packages/flask/app.py", line 1059, in add_url_rule
    raise AssertionError(
    ...<2 lines>...
    )
AssertionError: View function mapping is overwriting an existing endpoint function: api_dvr_probe
2026-09-30 07:20:00 [CRITICAL] [cctv_app:68] UNCAUGHT EXCEPTION
Traceback (most recent call last):
  File "/home/administrator/cctv/app.py", line 532, in <module>
    @app.route("/api/dvr/probe", methods=["POST"])
     ~~~~~~~~~^^^^^^^^^^^^^^^^^^^^^^^^^^^^^^^^^^^^
  File "/home/administrator/venv/lib/python3.14/site-packages/flask/scaffold.py", line 435, in decorator
    self.add_url_rule(rule, endpoint, f, **options)
    ~~~~~~~~~~~~~~~~~^^^^^^^^^^^^^^^^^^^^^^^^^^^^^^
  File "/home/administrator/venv/lib/python3.14/site-packages/flask/scaffold.py", line 50, in wrapper_func
    return f(self, *args, **kwargs)
  File "/home/administrator/venv/lib/python3.14/site-packages/flask/app.py", line 1059, in add_url_rule
    raise AssertionError(
    ...<2 lines>...
    )
AssertionError: View function mapping is overwriting an existing endpoint function: api_dvr_probe
2026-09-30 07:20:05 [CRITICAL] [cctv_app:68] UNCAUGHT EXCEPTION
Traceback (most recent call last):
  File "/home/administrator/cctv/app.py", line 532, in <module>
    @app.route("/api/dvr/probe", methods=["POST"])
     ~~~~~~~~~^^^^^^^^^^^^^^^^^^^^^^^^^^^^^^^^^^^^
  File "/home/administrator/venv/lib/python3.14/site-packages/flask/scaffold.py", line 435, in decorator
    self.add_url_rule(rule, endpoint, f, **options)
    ~~~~~~~~~~~~~~~~~^^^^^^^^^^^^^^^^^^^^^^^^^^^^^^
  File "/home/administrator/venv/lib/python3.14/site-packages/flask/scaffold.py", line 50, in wrapper_func
    return f(self, *args, **kwargs)
  File "/home/administrator/venv/lib/python3.14/site-packages/flask/app.py", line 1059, in add_url_rule
    raise AssertionError(
    ...<2 lines>...
    )
AssertionError: View function mapping is overwriting an existing endpoint function: api_dvr_probe
2026-09-30 07:20:11 [CRITICAL] [cctv_app:68] UNCAUGHT EXCEPTION
Traceback (most recent call last):
  File "/home/administrator/cctv/app.py", line 532, in <module>
    @app.route("/api/dvr/probe", methods=["POST"])
     ~~~~~~~~~^^^^^^^^^^^^^^^^^^^^^^^^^^^^^^^^^^^^
  File "/home/administrator/venv/lib/python3.14/site-packages/flask/scaffold.py", line 435, in decorator
    self.add_url_rule(rule, endpoint, f, **options)
    ~~~~~~~~~~~~~~~~~^^^^^^^^^^^^^^^^^^^^^^^^^^^^^^
  File "/home/administrator/venv/lib/python3.14/site-packages/flask/scaffold.py", line 50, in wrapper_func
    return f(self, *args, **kwargs)
  File "/home/administrator/venv/lib/python3.14/site-packages/flask/app.py", line 1059, in add_url_rule
    raise AssertionError(
    ...<2 lines>...
    )
AssertionError: View function mapping is overwriting an existing endpoint function: api_dvr_probe
2026-09-30 07:20:16 [CRITICAL] [cctv_app:68] UNCAUGHT EXCEPTION
Traceback (most recent call last):
  File "/home/administrator/cctv/app.py", line 532, in <module>
    @app.route("/api/dvr/probe", methods=["POST"])
     ~~~~~~~~~^^^^^^^^^^^^^^^^^^^^^^^^^^^^^^^^^^^^
  File "/home/administrator/venv/lib/python3.14/site-packages/flask/scaffold.py", line 435, in decorator
    self.add_url_rule(rule, endpoint, f, **options)
    ~~~~~~~~~~~~~~~~~^^^^^^^^^^^^^^^^^^^^^^^^^^^^^^
  File "/home/administrator/venv/lib/python3.14/site-packages/flask/scaffold.py", line 50, in wrapper_func
    return f(self, *args, **kwargs)
  File "/home/administrator/venv/lib/python3.14/site-packages/flask/app.py", line 1059, in add_url_rule
    raise AssertionError(
    ...<2 lines>...
    )
AssertionError: View function mapping is overwriting an existing endpoint function: api_dvr_probe
2026-09-30 07:20:22 [CRITICAL] [cctv_app:68] UNCAUGHT EXCEPTION
Traceback (most recent call last):
  File "/home/administrator/cctv/app.py", line 532, in <module>
    @app.route("/api/dvr/probe", methods=["POST"])
     ~~~~~~~~~^^^^^^^^^^^^^^^^^^^^^^^^^^^^^^^^^^^^
  File "/home/administrator/venv/lib/python3.14/site-packages/flask/scaffold.py", line 435, in decorator
    self.add_url_rule(rule, endpoint, f, **options)
    ~~~~~~~~~~~~~~~~~^^^^^^^^^^^^^^^^^^^^^^^^^^^^^^
  File "/home/administrator/venv/lib/python3.14/site-packages/flask/scaffold.py", line 50, in wrapper_func
    return f(self, *args, **kwargs)
  File "/home/administrator/venv/lib/python3.14/site-packages/flask/app.py", line 1059, in add_url_rule
    raise AssertionError(
    ...<2 lines>...
    )
AssertionError: View function mapping is overwriting an existing endpoint function: api_dvr_probe
2026-09-30 07:20:27 [CRITICAL] [cctv_app:68] UNCAUGHT EXCEPTION
Traceback (most recent call last):
  File "/home/administrator/cctv/app.py", line 532, in <module>
    @app.route("/api/dvr/probe", methods=["POST"])
     ~~~~~~~~~^^^^^^^^^^^^^^^^^^^^^^^^^^^^^^^^^^^^
  File "/home/administrator/venv/lib/python3.14/site-packages/flask/scaffold.py", line 435, in decorator
    self.add_url_rule(rule, endpoint, f, **options)
    ~~~~~~~~~~~~~~~~~^^^^^^^^^^^^^^^^^^^^^^^^^^^^^^
  File "/home/administrator/venv/lib/python3.14/site-packages/flask/scaffold.py", line 50, in wrapper_func
    return f(self, *args, **kwargs)
  File "/home/administrator/venv/lib/python3.14/site-packages/flask/app.py", line 1059, in add_url_rule
    raise AssertionError(
    ...<2 lines>...
    )
AssertionError: View function mapping is overwriting an existing endpoint function: api_dvr_probe
2026-09-30 07:20:33 [CRITICAL] [cctv_app:68] UNCAUGHT EXCEPTION
Traceback (most recent call last):
  File "/home/administrator/cctv/app.py", line 532, in <module>
    @app.route("/api/dvr/probe", methods=["POST"])
     ~~~~~~~~~^^^^^^^^^^^^^^^^^^^^^^^^^^^^^^^^^^^^
  File "/home/administrator/venv/lib/python3.14/site-packages/flask/scaffold.py", line 435, in decorator
    self.add_url_rule(rule, endpoint, f, **options)
    ~~~~~~~~~~~~~~~~~^^^^^^^^^^^^^^^^^^^^^^^^^^^^^^
  File "/home/administrator/venv/lib/python3.14/site-packages/flask/scaffold.py", line 50, in wrapper_func
    return f(self, *args, **kwargs)
  File "/home/administrator/venv/lib/python3.14/site-packages/flask/app.py", line 1059, in add_url_rule
    raise AssertionError(
    ...<2 lines>...
    )
AssertionError: View function mapping is overwriting an existing endpoint function: api_dvr_probe
2026-09-30 07:20:38 [CRITICAL] [cctv_app:68] UNCAUGHT EXCEPTION
Traceback (most recent call last):
  File "/home/administrator/cctv/app.py", line 532, in <module>
    @app.route("/api/dvr/probe", methods=["POST"])
     ~~~~~~~~~^^^^^^^^^^^^^^^^^^^^^^^^^^^^^^^^^^^^
  File "/home/administrator/venv/lib/python3.14/site-packages/flask/scaffold.py", line 435, in decorator
    self.add_url_rule(rule, endpoint, f, **options)
    ~~~~~~~~~~~~~~~~~^^^^^^^^^^^^^^^^^^^^^^^^^^^^^^
  File "/home/administrator/venv/lib/python3.14/site-packages/flask/scaffold.py", line 50, in wrapper_func
    return f(self, *args, **kwargs)
  File "/home/administrator/venv/lib/python3.14/site-packages/flask/app.py", line 1059, in add_url_rule
    raise AssertionError(
    ...<2 lines>...
    )
AssertionError: View function mapping is overwriting an existing endpoint function: api_dvr_probe
2026-09-30 07:20:44 [CRITICAL] [cctv_app:68] UNCAUGHT EXCEPTION
Traceback (most recent call last):
  File "/home/administrator/cctv/app.py", line 532, in <module>
    @app.route("/api/dvr/probe", methods=["POST"])
     ~~~~~~~~~^^^^^^^^^^^^^^^^^^^^^^^^^^^^^^^^^^^^
  File "/home/administrator/venv/lib/python3.14/site-packages/flask/scaffold.py", line 435, in decorator
    self.add_url_rule(rule, endpoint, f, **options)
    ~~~~~~~~~~~~~~~~~^^^^^^^^^^^^^^^^^^^^^^^^^^^^^^
  File "/home/administrator/venv/lib/python3.14/site-packages/flask/scaffold.py", line 50, in wrapper_func
    return f(self, *args, **kwargs)
  File "/home/administrator/venv/lib/python3.14/site-packages/flask/app.py", line 1059, in add_url_rule
    raise AssertionError(
    ...<2 lines>...
    )
AssertionError: View function mapping is overwriting an existing endpoint function: api_dvr_probe
2026-09-30 07:20:49 [CRITICAL] [cctv_app:68] UNCAUGHT EXCEPTION
Traceback (most recent call last):
  File "/home/administrator/cctv/app.py", line 532, in <module>
    @app.route("/api/dvr/probe", methods=["POST"])
     ~~~~~~~~~^^^^^^^^^^^^^^^^^^^^^^^^^^^^^^^^^^^^
  File "/home/administrator/venv/lib/python3.14/site-packages/flask/scaffold.py", line 435, in decorator
    self.add_url_rule(rule, endpoint, f, **options)
    ~~~~~~~~~~~~~~~~~^^^^^^^^^^^^^^^^^^^^^^^^^^^^^^
  File "/home/administrator/venv/lib/python3.14/site-packages/flask/scaffold.py", line 50, in wrapper_func
    return f(self, *args, **kwargs)
  File "/home/administrator/venv/lib/python3.14/site-packages/flask/app.py", line 1059, in add_url_rule
    raise AssertionError(
    ...<2 lines>...
    )
AssertionError: View function mapping is overwriting an existing endpoint function: api_dvr_probe
2026-09-30 07:20:55 [CRITICAL] [cctv_app:68] UNCAUGHT EXCEPTION
Traceback (most recent call last):
  File "/home/administrator/cctv/app.py", line 532, in <module>
    @app.route("/api/dvr/probe", methods=["POST"])
     ~~~~~~~~~^^^^^^^^^^^^^^^^^^^^^^^^^^^^^^^^^^^^
  File "/home/administrator/venv/lib/python3.14/site-packages/flask/scaffold.py", line 435, in decorator
    self.add_url_rule(rule, endpoint, f, **options)
    ~~~~~~~~~~~~~~~~~^^^^^^^^^^^^^^^^^^^^^^^^^^^^^^
  File "/home/administrator/venv/lib/python3.14/site-packages/flask/scaffold.py", line 50, in wrapper_func
    return f(self, *args, **kwargs)
  File "/home/administrator/venv/lib/python3.14/site-packages/flask/app.py", line 1059, in add_url_rule
    raise AssertionError(
    ...<2 lines>...
    )
AssertionError: View function mapping is overwriting an existing endpoint function: api_dvr_probe
2026-09-30 07:21:00 [CRITICAL] [cctv_app:68] UNCAUGHT EXCEPTION
Traceback (most recent call last):
  File "/home/administrator/cctv/app.py", line 532, in <module>
    @app.route("/api/dvr/probe", methods=["POST"])
     ~~~~~~~~~^^^^^^^^^^^^^^^^^^^^^^^^^^^^^^^^^^^^
  File "/home/administrator/venv/lib/python3.14/site-packages/flask/scaffold.py", line 435, in decorator
    self.add_url_rule(rule, endpoint, f, **options)
    ~~~~~~~~~~~~~~~~~^^^^^^^^^^^^^^^^^^^^^^^^^^^^^^
  File "/home/administrator/venv/lib/python3.14/site-packages/flask/scaffold.py", line 50, in wrapper_func
    return f(self, *args, **kwargs)
  File "/home/administrator/venv/lib/python3.14/site-packages/flask/app.py", line 1059, in add_url_rule
    raise AssertionError(
    ...<2 lines>...
    )
AssertionError: View function mapping is overwriting an existing endpoint function: api_dvr_probe
2026-09-30 07:21:06 [CRITICAL] [cctv_app:68] UNCAUGHT EXCEPTION
Traceback (most recent call last):
  File "/home/administrator/cctv/app.py", line 532, in <module>
    @app.route("/api/dvr/probe", methods=["POST"])
     ~~~~~~~~~^^^^^^^^^^^^^^^^^^^^^^^^^^^^^^^^^^^^
  File "/home/administrator/venv/lib/python3.14/site-packages/flask/scaffold.py", line 435, in decorator
    self.add_url_rule(rule, endpoint, f, **options)
    ~~~~~~~~~~~~~~~~~^^^^^^^^^^^^^^^^^^^^^^^^^^^^^^
  File "/home/administrator/venv/lib/python3.14/site-packages/flask/scaffold.py", line 50, in wrapper_func
    return f(self, *args, **kwargs)
  File "/home/administrator/venv/lib/python3.14/site-packages/flask/app.py", line 1059, in add_url_rule
    raise AssertionError(
    ...<2 lines>...
    )
AssertionError: View function mapping is overwriting an existing endpoint function: api_dvr_probe
2026-09-30 07:21:11 [CRITICAL] [cctv_app:68] UNCAUGHT EXCEPTION
Traceback (most recent call last):
  File "/home/administrator/cctv/app.py", line 532, in <module>
    @app.route("/api/dvr/probe", methods=["POST"])
     ~~~~~~~~~^^^^^^^^^^^^^^^^^^^^^^^^^^^^^^^^^^^^
  File "/home/administrator/venv/lib/python3.14/site-packages/flask/scaffold.py", line 435, in decorator
    self.add_url_rule(rule, endpoint, f, **options)
    ~~~~~~~~~~~~~~~~~^^^^^^^^^^^^^^^^^^^^^^^^^^^^^^
  File "/home/administrator/venv/lib/python3.14/site-packages/flask/scaffold.py", line 50, in wrapper_func
    return f(self, *args, **kwargs)
  File "/home/administrator/venv/lib/python3.14/site-packages/flask/app.py", line 1059, in add_url_rule
    raise AssertionError(
    ...<2 lines>...
    )
AssertionError: View function mapping is overwriting an existing endpoint function: api_dvr_probe
2026-09-30 07:21:17 [CRITICAL] [cctv_app:68] UNCAUGHT EXCEPTION
Traceback (most recent call last):
  File "/home/administrator/cctv/app.py", line 532, in <module>
    @app.route("/api/dvr/probe", methods=["POST"])
     ~~~~~~~~~^^^^^^^^^^^^^^^^^^^^^^^^^^^^^^^^^^^^
  File "/home/administrator/venv/lib/python3.14/site-packages/flask/scaffold.py", line 435, in decorator
    self.add_url_rule(rule, endpoint, f, **options)
    ~~~~~~~~~~~~~~~~~^^^^^^^^^^^^^^^^^^^^^^^^^^^^^^
  File "/home/administrator/venv/lib/python3.14/site-packages/flask/scaffold.py", line 50, in wrapper_func
    return f(self, *args, **kwargs)
  File "/home/administrator/venv/lib/python3.14/site-packages/flask/app.py", line 1059, in add_url_rule
    raise AssertionError(
    ...<2 lines>...
    )
AssertionError: View function mapping is overwriting an existing endpoint function: api_dvr_probe
2026-09-30 07:21:22 [CRITICAL] [cctv_app:68] UNCAUGHT EXCEPTION
Traceback (most recent call last):
  File "/home/administrator/cctv/app.py", line 532, in <module>
    @app.route("/api/dvr/probe", methods=["POST"])
     ~~~~~~~~~^^^^^^^^^^^^^^^^^^^^^^^^^^^^^^^^^^^^
  File "/home/administrator/venv/lib/python3.14/site-packages/flask/scaffold.py", line 435, in decorator
    self.add_url_rule(rule, endpoint, f, **options)
    ~~~~~~~~~~~~~~~~~^^^^^^^^^^^^^^^^^^^^^^^^^^^^^^
  File "/home/administrator/venv/lib/python3.14/site-packages/flask/scaffold.py", line 50, in wrapper_func
    return f(self, *args, **kwargs)
  File "/home/administrator/venv/lib/python3.14/site-packages/flask/app.py", line 1059, in add_url_rule
    raise AssertionError(
    ...<2 lines>...
    )
AssertionError: View function mapping is overwriting an existing endpoint function: api_dvr_probe
2026-09-30 07:21:28 [CRITICAL] [cctv_app:68] UNCAUGHT EXCEPTION
Traceback (most recent call last):
  File "/home/administrator/cctv/app.py", line 532, in <module>
    @app.route("/api/dvr/probe", methods=["POST"])
     ~~~~~~~~~^^^^^^^^^^^^^^^^^^^^^^^^^^^^^^^^^^^^
  File "/home/administrator/venv/lib/python3.14/site-packages/flask/scaffold.py", line 435, in decorator
    self.add_url_rule(rule, endpoint, f, **options)
    ~~~~~~~~~~~~~~~~~^^^^^^^^^^^^^^^^^^^^^^^^^^^^^^
  File "/home/administrator/venv/lib/python3.14/site-packages/flask/scaffold.py", line 50, in wrapper_func
    return f(self, *args, **kwargs)
  File "/home/administrator/venv/lib/python3.14/site-packages/flask/app.py", line 1059, in add_url_rule
    raise AssertionError(
    ...<2 lines>...
    )
AssertionError: View function mapping is overwriting an existing endpoint function: api_dvr_probe
2026-09-30 07:21:33 [CRITICAL] [cctv_app:68] UNCAUGHT EXCEPTION
Traceback (most recent call last):
  File "/home/administrator/cctv/app.py", line 532, in <module>
    @app.route("/api/dvr/probe", methods=["POST"])
     ~~~~~~~~~^^^^^^^^^^^^^^^^^^^^^^^^^^^^^^^^^^^^
  File "/home/administrator/venv/lib/python3.14/site-packages/flask/scaffold.py", line 435, in decorator
    self.add_url_rule(rule, endpoint, f, **options)
    ~~~~~~~~~~~~~~~~~^^^^^^^^^^^^^^^^^^^^^^^^^^^^^^
  File "/home/administrator/venv/lib/python3.14/site-packages/flask/scaffold.py", line 50, in wrapper_func
    return f(self, *args, **kwargs)
  File "/home/administrator/venv/lib/python3.14/site-packages/flask/app.py", line 1059, in add_url_rule
    raise AssertionError(
    ...<2 lines>...
    )
AssertionError: View function mapping is overwriting an existing endpoint function: api_dvr_probe
2026-09-30 07:21:39 [CRITICAL] [cctv_app:68] UNCAUGHT EXCEPTION
Traceback (most recent call last):
  File "/home/administrator/cctv/app.py", line 532, in <module>
    @app.route("/api/dvr/probe", methods=["POST"])
     ~~~~~~~~~^^^^^^^^^^^^^^^^^^^^^^^^^^^^^^^^^^^^
  File "/home/administrator/venv/lib/python3.14/site-packages/flask/scaffold.py", line 435, in decorator
    self.add_url_rule(rule, endpoint, f, **options)
    ~~~~~~~~~~~~~~~~~^^^^^^^^^^^^^^^^^^^^^^^^^^^^^^
  File "/home/administrator/venv/lib/python3.14/site-packages/flask/scaffold.py", line 50, in wrapper_func
    return f(self, *args, **kwargs)
  File "/home/administrator/venv/lib/python3.14/site-packages/flask/app.py", line 1059, in add_url_rule
    raise AssertionError(
    ...<2 lines>...
    )
AssertionError: View function mapping is overwriting an existing endpoint function: api_dvr_probe
2026-09-30 07:21:44 [CRITICAL] [cctv_app:68] UNCAUGHT EXCEPTION
Traceback (most recent call last):
  File "/home/administrator/cctv/app.py", line 532, in <module>
    @app.route("/api/dvr/probe", methods=["POST"])
     ~~~~~~~~~^^^^^^^^^^^^^^^^^^^^^^^^^^^^^^^^^^^^
  File "/home/administrator/venv/lib/python3.14/site-packages/flask/scaffold.py", line 435, in decorator
    self.add_url_rule(rule, endpoint, f, **options)
    ~~~~~~~~~~~~~~~~~^^^^^^^^^^^^^^^^^^^^^^^^^^^^^^
  File "/home/administrator/venv/lib/python3.14/site-packages/flask/scaffold.py", line 50, in wrapper_func
    return f(self, *args, **kwargs)
  File "/home/administrator/venv/lib/python3.14/site-packages/flask/app.py", line 1059, in add_url_rule
    raise AssertionError(
    ...<2 lines>...
    )
AssertionError: View function mapping is overwriting an existing endpoint function: api_dvr_probe
2026-09-30 07:21:50 [CRITICAL] [cctv_app:68] UNCAUGHT EXCEPTION
Traceback (most recent call last):
  File "/home/administrator/cctv/app.py", line 532, in <module>
    @app.route("/api/dvr/probe", methods=["POST"])
     ~~~~~~~~~^^^^^^^^^^^^^^^^^^^^^^^^^^^^^^^^^^^^
  File "/home/administrator/venv/lib/python3.14/site-packages/flask/scaffold.py", line 435, in decorator
    self.add_url_rule(rule, endpoint, f, **options)
    ~~~~~~~~~~~~~~~~~^^^^^^^^^^^^^^^^^^^^^^^^^^^^^^
  File "/home/administrator/venv/lib/python3.14/site-packages/flask/scaffold.py", line 50, in wrapper_func
    return f(self, *args, **kwargs)
  File "/home/administrator/venv/lib/python3.14/site-packages/flask/app.py", line 1059, in add_url_rule
    raise AssertionError(
    ...<2 lines>...
    )
AssertionError: View function mapping is overwriting an existing endpoint function: api_dvr_probe
2026-09-30 07:21:55 [CRITICAL] [cctv_app:68] UNCAUGHT EXCEPTION
Traceback (most recent call last):
  File "/home/administrator/cctv/app.py", line 532, in <module>
    @app.route("/api/dvr/probe", methods=["POST"])
     ~~~~~~~~~^^^^^^^^^^^^^^^^^^^^^^^^^^^^^^^^^^^^
  File "/home/administrator/venv/lib/python3.14/site-packages/flask/scaffold.py", line 435, in decorator
    self.add_url_rule(rule, endpoint, f, **options)
    ~~~~~~~~~~~~~~~~~^^^^^^^^^^^^^^^^^^^^^^^^^^^^^^
  File "/home/administrator/venv/lib/python3.14/site-packages/flask/scaffold.py", line 50, in wrapper_func
    return f(self, *args, **kwargs)
  File "/home/administrator/venv/lib/python3.14/site-packages/flask/app.py", line 1059, in add_url_rule
    raise AssertionError(
    ...<2 lines>...
    )
AssertionError: View function mapping is overwriting an existing endpoint function: api_dvr_probe
2026-09-30 07:22:01 [CRITICAL] [cctv_app:68] UNCAUGHT EXCEPTION
Traceback (most recent call last):
  File "/home/administrator/cctv/app.py", line 532, in <module>
    @app.route("/api/dvr/probe", methods=["POST"])
     ~~~~~~~~~^^^^^^^^^^^^^^^^^^^^^^^^^^^^^^^^^^^^
  File "/home/administrator/venv/lib/python3.14/site-packages/flask/scaffold.py", line 435, in decorator
    self.add_url_rule(rule, endpoint, f, **options)
    ~~~~~~~~~~~~~~~~~^^^^^^^^^^^^^^^^^^^^^^^^^^^^^^
  File "/home/administrator/venv/lib/python3.14/site-packages/flask/scaffold.py", line 50, in wrapper_func
    return f(self, *args, **kwargs)
  File "/home/administrator/venv/lib/python3.14/site-packages/flask/app.py", line 1059, in add_url_rule
    raise AssertionError(
    ...<2 lines>...
    )
AssertionError: View function mapping is overwriting an existing endpoint function: api_dvr_probe
2026-09-30 07:22:06 [CRITICAL] [cctv_app:68] UNCAUGHT EXCEPTION
Traceback (most recent call last):
  File "/home/administrator/cctv/app.py", line 532, in <module>
    @app.route("/api/dvr/probe", methods=["POST"])
     ~~~~~~~~~^^^^^^^^^^^^^^^^^^^^^^^^^^^^^^^^^^^^
  File "/home/administrator/venv/lib/python3.14/site-packages/flask/scaffold.py", line 435, in decorator
    self.add_url_rule(rule, endpoint, f, **options)
    ~~~~~~~~~~~~~~~~~^^^^^^^^^^^^^^^^^^^^^^^^^^^^^^
  File "/home/administrator/venv/lib/python3.14/site-packages/flask/scaffold.py", line 50, in wrapper_func
    return f(self, *args, **kwargs)
  File "/home/administrator/venv/lib/python3.14/site-packages/flask/app.py", line 1059, in add_url_rule
    raise AssertionError(
    ...<2 lines>...
    )
AssertionError: View function mapping is overwriting an existing endpoint function: api_dvr_probe
2026-09-30 07:22:12 [CRITICAL] [cctv_app:68] UNCAUGHT EXCEPTION
Traceback (most recent call last):
  File "/home/administrator/cctv/app.py", line 532, in <module>
    @app.route("/api/dvr/probe", methods=["POST"])
     ~~~~~~~~~^^^^^^^^^^^^^^^^^^^^^^^^^^^^^^^^^^^^
  File "/home/administrator/venv/lib/python3.14/site-packages/flask/scaffold.py", line 435, in decorator
    self.add_url_rule(rule, endpoint, f, **options)
    ~~~~~~~~~~~~~~~~~^^^^^^^^^^^^^^^^^^^^^^^^^^^^^^
  File "/home/administrator/venv/lib/python3.14/site-packages/flask/scaffold.py", line 50, in wrapper_func
    return f(self, *args, **kwargs)
  File "/home/administrator/venv/lib/python3.14/site-packages/flask/app.py", line 1059, in add_url_rule
    raise AssertionError(
    ...<2 lines>...
    )
AssertionError: View function mapping is overwriting an existing endpoint function: api_dvr_probe
2026-09-30 07:22:17 [CRITICAL] [cctv_app:68] UNCAUGHT EXCEPTION
Traceback (most recent call last):
  File "/home/administrator/cctv/app.py", line 532, in <module>
    @app.route("/api/dvr/probe", methods=["POST"])
     ~~~~~~~~~^^^^^^^^^^^^^^^^^^^^^^^^^^^^^^^^^^^^
  File "/home/administrator/venv/lib/python3.14/site-packages/flask/scaffold.py", line 435, in decorator
    self.add_url_rule(rule, endpoint, f, **options)
    ~~~~~~~~~~~~~~~~~^^^^^^^^^^^^^^^^^^^^^^^^^^^^^^
  File "/home/administrator/venv/lib/python3.14/site-packages/flask/scaffold.py", line 50, in wrapper_func
    return f(self, *args, **kwargs)
  File "/home/administrator/venv/lib/python3.14/site-packages/flask/app.py", line 1059, in add_url_rule
    raise AssertionError(
    ...<2 lines>...
    )
AssertionError: View function mapping is overwriting an existing endpoint function: api_dvr_probe
2026-09-30 07:22:23 [CRITICAL] [cctv_app:68] UNCAUGHT EXCEPTION
Traceback (most recent call last):
  File "/home/administrator/cctv/app.py", line 532, in <module>
    @app.route("/api/dvr/probe", methods=["POST"])
     ~~~~~~~~~^^^^^^^^^^^^^^^^^^^^^^^^^^^^^^^^^^^^
  File "/home/administrator/venv/lib/python3.14/site-packages/flask/scaffold.py", line 435, in decorator
    self.add_url_rule(rule, endpoint, f, **options)
    ~~~~~~~~~~~~~~~~~^^^^^^^^^^^^^^^^^^^^^^^^^^^^^^
  File "/home/administrator/venv/lib/python3.14/site-packages/flask/scaffold.py", line 50, in wrapper_func
    return f(self, *args, **kwargs)
  File "/home/administrator/venv/lib/python3.14/site-packages/flask/app.py", line 1059, in add_url_rule
    raise AssertionError(
    ...<2 lines>...
    )
AssertionError: View function mapping is overwriting an existing endpoint function: api_dvr_probe
2026-09-30 07:22:28 [CRITICAL] [cctv_app:68] UNCAUGHT EXCEPTION
Traceback (most recent call last):
  File "/home/administrator/cctv/app.py", line 532, in <module>
    @app.route("/api/dvr/probe", methods=["POST"])
     ~~~~~~~~~^^^^^^^^^^^^^^^^^^^^^^^^^^^^^^^^^^^^
  File "/home/administrator/venv/lib/python3.14/site-packages/flask/scaffold.py", line 435, in decorator
    self.add_url_rule(rule, endpoint, f, **options)
    ~~~~~~~~~~~~~~~~~^^^^^^^^^^^^^^^^^^^^^^^^^^^^^^
  File "/home/administrator/venv/lib/python3.14/site-packages/flask/scaffold.py", line 50, in wrapper_func
    return f(self, *args, **kwargs)
  File "/home/administrator/venv/lib/python3.14/site-packages/flask/app.py", line 1059, in add_url_rule
    raise AssertionError(
    ...<2 lines>...
    )
AssertionError: View function mapping is overwriting an existing endpoint function: api_dvr_probe
2026-09-30 07:22:34 [CRITICAL] [cctv_app:68] UNCAUGHT EXCEPTION
Traceback (most recent call last):
  File "/home/administrator/cctv/app.py", line 532, in <module>
    @app.route("/api/dvr/probe", methods=["POST"])
     ~~~~~~~~~^^^^^^^^^^^^^^^^^^^^^^^^^^^^^^^^^^^^
  File "/home/administrator/venv/lib/python3.14/site-packages/flask/scaffold.py", line 435, in decorator
    self.add_url_rule(rule, endpoint, f, **options)
    ~~~~~~~~~~~~~~~~~^^^^^^^^^^^^^^^^^^^^^^^^^^^^^^
  File "/home/administrator/venv/lib/python3.14/site-packages/flask/scaffold.py", line 50, in wrapper_func
    return f(self, *args, **kwargs)
  File "/home/administrator/venv/lib/python3.14/site-packages/flask/app.py", line 1059, in add_url_rule
    raise AssertionError(
    ...<2 lines>...
    )
AssertionError: View function mapping is overwriting an existing endpoint function: api_dvr_probe
2026-09-30 07:22:39 [CRITICAL] [cctv_app:68] UNCAUGHT EXCEPTION
Traceback (most recent call last):
  File "/home/administrator/cctv/app.py", line 532, in <module>
    @app.route("/api/dvr/probe", methods=["POST"])
     ~~~~~~~~~^^^^^^^^^^^^^^^^^^^^^^^^^^^^^^^^^^^^
  File "/home/administrator/venv/lib/python3.14/site-packages/flask/scaffold.py", line 435, in decorator
    self.add_url_rule(rule, endpoint, f, **options)
    ~~~~~~~~~~~~~~~~~^^^^^^^^^^^^^^^^^^^^^^^^^^^^^^
  File "/home/administrator/venv/lib/python3.14/site-packages/flask/scaffold.py", line 50, in wrapper_func
    return f(self, *args, **kwargs)
  File "/home/administrator/venv/lib/python3.14/site-packages/flask/app.py", line 1059, in add_url_rule
    raise AssertionError(
    ...<2 lines>...
    )
AssertionError: View function mapping is overwriting an existing endpoint function: api_dvr_probe
2026-09-30 07:22:45 [CRITICAL] [cctv_app:68] UNCAUGHT EXCEPTION
Traceback (most recent call last):
  File "/home/administrator/cctv/app.py", line 532, in <module>
    @app.route("/api/dvr/probe", methods=["POST"])
     ~~~~~~~~~^^^^^^^^^^^^^^^^^^^^^^^^^^^^^^^^^^^^
  File "/home/administrator/venv/lib/python3.14/site-packages/flask/scaffold.py", line 435, in decorator
    self.add_url_rule(rule, endpoint, f, **options)
    ~~~~~~~~~~~~~~~~~^^^^^^^^^^^^^^^^^^^^^^^^^^^^^^
  File "/home/administrator/venv/lib/python3.14/site-packages/flask/scaffold.py", line 50, in wrapper_func
    return f(self, *args, **kwargs)
  File "/home/administrator/venv/lib/python3.14/site-packages/flask/app.py", line 1059, in add_url_rule
    raise AssertionError(
    ...<2 lines>...
    )
AssertionError: View function mapping is overwriting an existing endpoint function: api_dvr_probe
2026-09-30 07:22:50 [CRITICAL] [cctv_app:68] UNCAUGHT EXCEPTION
Traceback (most recent call last):
  File "/home/administrator/cctv/app.py", line 532, in <module>
    @app.route("/api/dvr/probe", methods=["POST"])
     ~~~~~~~~~^^^^^^^^^^^^^^^^^^^^^^^^^^^^^^^^^^^^
  File "/home/administrator/venv/lib/python3.14/site-packages/flask/scaffold.py", line 435, in decorator
    self.add_url_rule(rule, endpoint, f, **options)
    ~~~~~~~~~~~~~~~~~^^^^^^^^^^^^^^^^^^^^^^^^^^^^^^
  File "/home/administrator/venv/lib/python3.14/site-packages/flask/scaffold.py", line 50, in wrapper_func
    return f(self, *args, **kwargs)
  File "/home/administrator/venv/lib/python3.14/site-packages/flask/app.py", line 1059, in add_url_rule
    raise AssertionError(
    ...<2 lines>...
    )
AssertionError: View function mapping is overwriting an existing endpoint function: api_dvr_probe
2026-09-30 07:22:56 [CRITICAL] [cctv_app:68] UNCAUGHT EXCEPTION
Traceback (most recent call last):
  File "/home/administrator/cctv/app.py", line 532, in <module>
    @app.route("/api/dvr/probe", methods=["POST"])
     ~~~~~~~~~^^^^^^^^^^^^^^^^^^^^^^^^^^^^^^^^^^^^
  File "/home/administrator/venv/lib/python3.14/site-packages/flask/scaffold.py", line 435, in decorator
    self.add_url_rule(rule, endpoint, f, **options)
    ~~~~~~~~~~~~~~~~~^^^^^^^^^^^^^^^^^^^^^^^^^^^^^^
  File "/home/administrator/venv/lib/python3.14/site-packages/flask/scaffold.py", line 50, in wrapper_func
    return f(self, *args, **kwargs)
  File "/home/administrator/venv/lib/python3.14/site-packages/flask/app.py", line 1059, in add_url_rule
    raise AssertionError(
    ...<2 lines>...
    )
AssertionError: View function mapping is overwriting an existing endpoint function: api_dvr_probe
2026-09-30 07:23:01 [CRITICAL] [cctv_app:68] UNCAUGHT EXCEPTION
Traceback (most recent call last):
  File "/home/administrator/cctv/app.py", line 532, in <module>
    @app.route("/api/dvr/probe", methods=["POST"])
     ~~~~~~~~~^^^^^^^^^^^^^^^^^^^^^^^^^^^^^^^^^^^^
  File "/home/administrator/venv/lib/python3.14/site-packages/flask/scaffold.py", line 435, in decorator
    self.add_url_rule(rule, endpoint, f, **options)
    ~~~~~~~~~~~~~~~~~^^^^^^^^^^^^^^^^^^^^^^^^^^^^^^
  File "/home/administrator/venv/lib/python3.14/site-packages/flask/scaffold.py", line 50, in wrapper_func
    return f(self, *args, **kwargs)
  File "/home/administrator/venv/lib/python3.14/site-packages/flask/app.py", line 1059, in add_url_rule
    raise AssertionError(
    ...<2 lines>...
    )
AssertionError: View function mapping is overwriting an existing endpoint function: api_dvr_probe
2026-09-30 07:23:07 [CRITICAL] [cctv_app:68] UNCAUGHT EXCEPTION
Traceback (most recent call last):
  File "/home/administrator/cctv/app.py", line 532, in <module>
    @app.route("/api/dvr/probe", methods=["POST"])
     ~~~~~~~~~^^^^^^^^^^^^^^^^^^^^^^^^^^^^^^^^^^^^
  File "/home/administrator/venv/lib/python3.14/site-packages/flask/scaffold.py", line 435, in decorator
    self.add_url_rule(rule, endpoint, f, **options)
    ~~~~~~~~~~~~~~~~~^^^^^^^^^^^^^^^^^^^^^^^^^^^^^^
  File "/home/administrator/venv/lib/python3.14/site-packages/flask/scaffold.py", line 50, in wrapper_func
    return f(self, *args, **kwargs)
  File "/home/administrator/venv/lib/python3.14/site-packages/flask/app.py", line 1059, in add_url_rule
    raise AssertionError(
    ...<2 lines>...
    )
AssertionError: View function mapping is overwriting an existing endpoint function: api_dvr_probe
2026-09-30 07:23:12 [CRITICAL] [cctv_app:68] UNCAUGHT EXCEPTION
Traceback (most recent call last):
  File "/home/administrator/cctv/app.py", line 532, in <module>
    @app.route("/api/dvr/probe", methods=["POST"])
     ~~~~~~~~~^^^^^^^^^^^^^^^^^^^^^^^^^^^^^^^^^^^^
  File "/home/administrator/venv/lib/python3.14/site-packages/flask/scaffold.py", line 435, in decorator
    self.add_url_rule(rule, endpoint, f, **options)
    ~~~~~~~~~~~~~~~~~^^^^^^^^^^^^^^^^^^^^^^^^^^^^^^
  File "/home/administrator/venv/lib/python3.14/site-packages/flask/scaffold.py", line 50, in wrapper_func
    return f(self, *args, **kwargs)
  File "/home/administrator/venv/lib/python3.14/site-packages/flask/app.py", line 1059, in add_url_rule
    raise AssertionError(
    ...<2 lines>...
    )
AssertionError: View function mapping is overwriting an existing endpoint function: api_dvr_probe
2026-09-30 07:23:18 [CRITICAL] [cctv_app:68] UNCAUGHT EXCEPTION
Traceback (most recent call last):
  File "/home/administrator/cctv/app.py", line 532, in <module>
    @app.route("/api/dvr/probe", methods=["POST"])
     ~~~~~~~~~^^^^^^^^^^^^^^^^^^^^^^^^^^^^^^^^^^^^
  File "/home/administrator/venv/lib/python3.14/site-packages/flask/scaffold.py", line 435, in decorator
    self.add_url_rule(rule, endpoint, f, **options)
    ~~~~~~~~~~~~~~~~~^^^^^^^^^^^^^^^^^^^^^^^^^^^^^^
  File "/home/administrator/venv/lib/python3.14/site-packages/flask/scaffold.py", line 50, in wrapper_func
    return f(self, *args, **kwargs)
  File "/home/administrator/venv/lib/python3.14/site-packages/flask/app.py", line 1059, in add_url_rule
    raise AssertionError(
    ...<2 lines>...
    )
AssertionError: View function mapping is overwriting an existing endpoint function: api_dvr_probe
2026-09-30 07:23:23 [CRITICAL] [cctv_app:68] UNCAUGHT EXCEPTION
Traceback (most recent call last):
  File "/home/administrator/cctv/app.py", line 532, in <module>
    @app.route("/api/dvr/probe", methods=["POST"])
     ~~~~~~~~~^^^^^^^^^^^^^^^^^^^^^^^^^^^^^^^^^^^^
  File "/home/administrator/venv/lib/python3.14/site-packages/flask/scaffold.py", line 435, in decorator
    self.add_url_rule(rule, endpoint, f, **options)
    ~~~~~~~~~~~~~~~~~^^^^^^^^^^^^^^^^^^^^^^^^^^^^^^
  File "/home/administrator/venv/lib/python3.14/site-packages/flask/scaffold.py", line 50, in wrapper_func
    return f(self, *args, **kwargs)
  File "/home/administrator/venv/lib/python3.14/site-packages/flask/app.py", line 1059, in add_url_rule
    raise AssertionError(
    ...<2 lines>...
    )
AssertionError: View function mapping is overwriting an existing endpoint function: api_dvr_probe
2026-09-30 07:23:29 [CRITICAL] [cctv_app:68] UNCAUGHT EXCEPTION
Traceback (most recent call last):
  File "/home/administrator/cctv/app.py", line 532, in <module>
    @app.route("/api/dvr/probe", methods=["POST"])
     ~~~~~~~~~^^^^^^^^^^^^^^^^^^^^^^^^^^^^^^^^^^^^
  File "/home/administrator/venv/lib/python3.14/site-packages/flask/scaffold.py", line 435, in decorator
    self.add_url_rule(rule, endpoint, f, **options)
    ~~~~~~~~~~~~~~~~~^^^^^^^^^^^^^^^^^^^^^^^^^^^^^^
  File "/home/administrator/venv/lib/python3.14/site-packages/flask/scaffold.py", line 50, in wrapper_func
    return f(self, *args, **kwargs)
  File "/home/administrator/venv/lib/python3.14/site-packages/flask/app.py", line 1059, in add_url_rule
    raise AssertionError(
    ...<2 lines>...
    )
AssertionError: View function mapping is overwriting an existing endpoint function: api_dvr_probe
2026-09-30 07:23:34 [CRITICAL] [cctv_app:68] UNCAUGHT EXCEPTION
Traceback (most recent call last):
  File "/home/administrator/cctv/app.py", line 532, in <module>
    @app.route("/api/dvr/probe", methods=["POST"])
     ~~~~~~~~~^^^^^^^^^^^^^^^^^^^^^^^^^^^^^^^^^^^^
  File "/home/administrator/venv/lib/python3.14/site-packages/flask/scaffold.py", line 435, in decorator
    self.add_url_rule(rule, endpoint, f, **options)
    ~~~~~~~~~~~~~~~~~^^^^^^^^^^^^^^^^^^^^^^^^^^^^^^
  File "/home/administrator/venv/lib/python3.14/site-packages/flask/scaffold.py", line 50, in wrapper_func
    return f(self, *args, **kwargs)
  File "/home/administrator/venv/lib/python3.14/site-packages/flask/app.py", line 1059, in add_url_rule
    raise AssertionError(
    ...<2 lines>...
    )
AssertionError: View function mapping is overwriting an existing endpoint function: api_dvr_probe
2026-09-30 07:23:40 [CRITICAL] [cctv_app:68] UNCAUGHT EXCEPTION
Traceback (most recent call last):
  File "/home/administrator/cctv/app.py", line 532, in <module>
    @app.route("/api/dvr/probe", methods=["POST"])
     ~~~~~~~~~^^^^^^^^^^^^^^^^^^^^^^^^^^^^^^^^^^^^
  File "/home/administrator/venv/lib/python3.14/site-packages/flask/scaffold.py", line 435, in decorator
    self.add_url_rule(rule, endpoint, f, **options)
    ~~~~~~~~~~~~~~~~~^^^^^^^^^^^^^^^^^^^^^^^^^^^^^^
  File "/home/administrator/venv/lib/python3.14/site-packages/flask/scaffold.py", line 50, in wrapper_func
    return f(self, *args, **kwargs)
  File "/home/administrator/venv/lib/python3.14/site-packages/flask/app.py", line 1059, in add_url_rule
    raise AssertionError(
    ...<2 lines>...
    )
AssertionError: View function mapping is overwriting an existing endpoint function: api_dvr_probe
2026-09-30 07:23:45 [CRITICAL] [cctv_app:68] UNCAUGHT EXCEPTION
Traceback (most recent call last):
  File "/home/administrator/cctv/app.py", line 532, in <module>
    @app.route("/api/dvr/probe", methods=["POST"])
     ~~~~~~~~~^^^^^^^^^^^^^^^^^^^^^^^^^^^^^^^^^^^^
  File "/home/administrator/venv/lib/python3.14/site-packages/flask/scaffold.py", line 435, in decorator
    self.add_url_rule(rule, endpoint, f, **options)
    ~~~~~~~~~~~~~~~~~^^^^^^^^^^^^^^^^^^^^^^^^^^^^^^
  File "/home/administrator/venv/lib/python3.14/site-packages/flask/scaffold.py", line 50, in wrapper_func
    return f(self, *args, **kwargs)
  File "/home/administrator/venv/lib/python3.14/site-packages/flask/app.py", line 1059, in add_url_rule
    raise AssertionError(
    ...<2 lines>...
    )
AssertionError: View function mapping is overwriting an existing endpoint function: api_dvr_probe
2026-09-30 07:23:51 [CRITICAL] [cctv_app:68] UNCAUGHT EXCEPTION
Traceback (most recent call last):
  File "/home/administrator/cctv/app.py", line 532, in <module>
    @app.route("/api/dvr/probe", methods=["POST"])
     ~~~~~~~~~^^^^^^^^^^^^^^^^^^^^^^^^^^^^^^^^^^^^
  File "/home/administrator/venv/lib/python3.14/site-packages/flask/scaffold.py", line 435, in decorator
    self.add_url_rule(rule, endpoint, f, **options)
    ~~~~~~~~~~~~~~~~~^^^^^^^^^^^^^^^^^^^^^^^^^^^^^^
  File "/home/administrator/venv/lib/python3.14/site-packages/flask/scaffold.py", line 50, in wrapper_func
    return f(self, *args, **kwargs)
  File "/home/administrator/venv/lib/python3.14/site-packages/flask/app.py", line 1059, in add_url_rule
    raise AssertionError(
    ...<2 lines>...
    )
AssertionError: View function mapping is overwriting an existing endpoint function: api_dvr_probe
2026-09-30 07:23:56 [CRITICAL] [cctv_app:68] UNCAUGHT EXCEPTION
Traceback (most recent call last):
  File "/home/administrator/cctv/app.py", line 532, in <module>
    @app.route("/api/dvr/probe", methods=["POST"])
     ~~~~~~~~~^^^^^^^^^^^^^^^^^^^^^^^^^^^^^^^^^^^^
  File "/home/administrator/venv/lib/python3.14/site-packages/flask/scaffold.py", line 435, in decorator
    self.add_url_rule(rule, endpoint, f, **options)
    ~~~~~~~~~~~~~~~~~^^^^^^^^^^^^^^^^^^^^^^^^^^^^^^
  File "/home/administrator/venv/lib/python3.14/site-packages/flask/scaffold.py", line 50, in wrapper_func
    return f(self, *args, **kwargs)
  File "/home/administrator/venv/lib/python3.14/site-packages/flask/app.py", line 1059, in add_url_rule
    raise AssertionError(
    ...<2 lines>...
    )
AssertionError: View function mapping is overwriting an existing endpoint function: api_dvr_probe
2026-09-30 07:24:02 [CRITICAL] [cctv_app:68] UNCAUGHT EXCEPTION
Traceback (most recent call last):
  File "/home/administrator/cctv/app.py", line 532, in <module>
    @app.route("/api/dvr/probe", methods=["POST"])
     ~~~~~~~~~^^^^^^^^^^^^^^^^^^^^^^^^^^^^^^^^^^^^
  File "/home/administrator/venv/lib/python3.14/site-packages/flask/scaffold.py", line 435, in decorator
    self.add_url_rule(rule, endpoint, f, **options)
    ~~~~~~~~~~~~~~~~~^^^^^^^^^^^^^^^^^^^^^^^^^^^^^^
  File "/home/administrator/venv/lib/python3.14/site-packages/flask/scaffold.py", line 50, in wrapper_func
    return f(self, *args, **kwargs)
  File "/home/administrator/venv/lib/python3.14/site-packages/flask/app.py", line 1059, in add_url_rule
    raise AssertionError(
    ...<2 lines>...
    )
AssertionError: View function mapping is overwriting an existing endpoint function: api_dvr_probe
2026-09-30 07:24:07 [CRITICAL] [cctv_app:68] UNCAUGHT EXCEPTION
Traceback (most recent call last):
  File "/home/administrator/cctv/app.py", line 532, in <module>
    @app.route("/api/dvr/probe", methods=["POST"])
     ~~~~~~~~~^^^^^^^^^^^^^^^^^^^^^^^^^^^^^^^^^^^^
  File "/home/administrator/venv/lib/python3.14/site-packages/flask/scaffold.py", line 435, in decorator
    self.add_url_rule(rule, endpoint, f, **options)
    ~~~~~~~~~~~~~~~~~^^^^^^^^^^^^^^^^^^^^^^^^^^^^^^
  File "/home/administrator/venv/lib/python3.14/site-packages/flask/scaffold.py", line 50, in wrapper_func
    return f(self, *args, **kwargs)
  File "/home/administrator/venv/lib/python3.14/site-packages/flask/app.py", line 1059, in add_url_rule
    raise AssertionError(
    ...<2 lines>...
    )
AssertionError: View function mapping is overwriting an existing endpoint function: api_dvr_probe
2026-09-30 07:24:13 [CRITICAL] [cctv_app:68] UNCAUGHT EXCEPTION
Traceback (most recent call last):
  File "/home/administrator/cctv/app.py", line 532, in <module>
    @app.route("/api/dvr/probe", methods=["POST"])
     ~~~~~~~~~^^^^^^^^^^^^^^^^^^^^^^^^^^^^^^^^^^^^
  File "/home/administrator/venv/lib/python3.14/site-packages/flask/scaffold.py", line 435, in decorator
    self.add_url_rule(rule, endpoint, f, **options)
    ~~~~~~~~~~~~~~~~~^^^^^^^^^^^^^^^^^^^^^^^^^^^^^^
  File "/home/administrator/venv/lib/python3.14/site-packages/flask/scaffold.py", line 50, in wrapper_func
    return f(self, *args, **kwargs)
  File "/home/administrator/venv/lib/python3.14/site-packages/flask/app.py", line 1059, in add_url_rule
    raise AssertionError(
    ...<2 lines>...
    )
AssertionError: View function mapping is overwriting an existing endpoint function: api_dvr_probe
2026-09-30 07:24:18 [CRITICAL] [cctv_app:68] UNCAUGHT EXCEPTION
Traceback (most recent call last):
  File "/home/administrator/cctv/app.py", line 532, in <module>
    @app.route("/api/dvr/probe", methods=["POST"])
     ~~~~~~~~~^^^^^^^^^^^^^^^^^^^^^^^^^^^^^^^^^^^^
  File "/home/administrator/venv/lib/python3.14/site-packages/flask/scaffold.py", line 435, in decorator
    self.add_url_rule(rule, endpoint, f, **options)
    ~~~~~~~~~~~~~~~~~^^^^^^^^^^^^^^^^^^^^^^^^^^^^^^
  File "/home/administrator/venv/lib/python3.14/site-packages/flask/scaffold.py", line 50, in wrapper_func
    return f(self, *args, **kwargs)
  File "/home/administrator/venv/lib/python3.14/site-packages/flask/app.py", line 1059, in add_url_rule
    raise AssertionError(
    ...<2 lines>...
    )
AssertionError: View function mapping is overwriting an existing endpoint function: api_dvr_probe
2026-09-30 07:24:24 [CRITICAL] [cctv_app:68] UNCAUGHT EXCEPTION
Traceback (most recent call last):
  File "/home/administrator/cctv/app.py", line 532, in <module>
    @app.route("/api/dvr/probe", methods=["POST"])
     ~~~~~~~~~^^^^^^^^^^^^^^^^^^^^^^^^^^^^^^^^^^^^
  File "/home/administrator/venv/lib/python3.14/site-packages/flask/scaffold.py", line 435, in decorator
    self.add_url_rule(rule, endpoint, f, **options)
    ~~~~~~~~~~~~~~~~~^^^^^^^^^^^^^^^^^^^^^^^^^^^^^^
  File "/home/administrator/venv/lib/python3.14/site-packages/flask/scaffold.py", line 50, in wrapper_func
    return f(self, *args, **kwargs)
  File "/home/administrator/venv/lib/python3.14/site-packages/flask/app.py", line 1059, in add_url_rule
    raise AssertionError(
    ...<2 lines>...
    )
AssertionError: View function mapping is overwriting an existing endpoint function: api_dvr_probe
2026-09-30 07:24:29 [CRITICAL] [cctv_app:68] UNCAUGHT EXCEPTION
Traceback (most recent call last):
  File "/home/administrator/cctv/app.py", line 532, in <module>
    @app.route("/api/dvr/probe", methods=["POST"])
     ~~~~~~~~~^^^^^^^^^^^^^^^^^^^^^^^^^^^^^^^^^^^^
  File "/home/administrator/venv/lib/python3.14/site-packages/flask/scaffold.py", line 435, in decorator
    self.add_url_rule(rule, endpoint, f, **options)
    ~~~~~~~~~~~~~~~~~^^^^^^^^^^^^^^^^^^^^^^^^^^^^^^
  File "/home/administrator/venv/lib/python3.14/site-packages/flask/scaffold.py", line 50, in wrapper_func
    return f(self, *args, **kwargs)
  File "/home/administrator/venv/lib/python3.14/site-packages/flask/app.py", line 1059, in add_url_rule
    raise AssertionError(
    ...<2 lines>...
    )
AssertionError: View function mapping is overwriting an existing endpoint function: api_dvr_probe
2026-09-30 07:24:35 [CRITICAL] [cctv_app:68] UNCAUGHT EXCEPTION
Traceback (most recent call last):
  File "/home/administrator/cctv/app.py", line 532, in <module>
    @app.route("/api/dvr/probe", methods=["POST"])
     ~~~~~~~~~^^^^^^^^^^^^^^^^^^^^^^^^^^^^^^^^^^^^
  File "/home/administrator/venv/lib/python3.14/site-packages/flask/scaffold.py", line 435, in decorator
    self.add_url_rule(rule, endpoint, f, **options)
    ~~~~~~~~~~~~~~~~~^^^^^^^^^^^^^^^^^^^^^^^^^^^^^^
  File "/home/administrator/venv/lib/python3.14/site-packages/flask/scaffold.py", line 50, in wrapper_func
    return f(self, *args, **kwargs)
  File "/home/administrator/venv/lib/python3.14/site-packages/flask/app.py", line 1059, in add_url_rule
    raise AssertionError(
    ...<2 lines>...
    )
AssertionError: View function mapping is overwriting an existing endpoint function: api_dvr_probe
2026-09-30 07:24:40 [CRITICAL] [cctv_app:68] UNCAUGHT EXCEPTION
Traceback (most recent call last):
  File "/home/administrator/cctv/app.py", line 532, in <module>
    @app.route("/api/dvr/probe", methods=["POST"])
     ~~~~~~~~~^^^^^^^^^^^^^^^^^^^^^^^^^^^^^^^^^^^^
  File "/home/administrator/venv/lib/python3.14/site-packages/flask/scaffold.py", line 435, in decorator
    self.add_url_rule(rule, endpoint, f, **options)
    ~~~~~~~~~~~~~~~~~^^^^^^^^^^^^^^^^^^^^^^^^^^^^^^
  File "/home/administrator/venv/lib/python3.14/site-packages/flask/scaffold.py", line 50, in wrapper_func
    return f(self, *args, **kwargs)
  File "/home/administrator/venv/lib/python3.14/site-packages/flask/app.py", line 1059, in add_url_rule
    raise AssertionError(
    ...<2 lines>...
    )
AssertionError: View function mapping is overwriting an existing endpoint function: api_dvr_probe
2026-09-30 07:24:46 [CRITICAL] [cctv_app:68] UNCAUGHT EXCEPTION
Traceback (most recent call last):
  File "/home/administrator/cctv/app.py", line 532, in <module>
    @app.route("/api/dvr/probe", methods=["POST"])
     ~~~~~~~~~^^^^^^^^^^^^^^^^^^^^^^^^^^^^^^^^^^^^
  File "/home/administrator/venv/lib/python3.14/site-packages/flask/scaffold.py", line 435, in decorator
    self.add_url_rule(rule, endpoint, f, **options)
    ~~~~~~~~~~~~~~~~~^^^^^^^^^^^^^^^^^^^^^^^^^^^^^^
  File "/home/administrator/venv/lib/python3.14/site-packages/flask/scaffold.py", line 50, in wrapper_func
    return f(self, *args, **kwargs)
  File "/home/administrator/venv/lib/python3.14/site-packages/flask/app.py", line 1059, in add_url_rule
    raise AssertionError(
    ...<2 lines>...
    )
AssertionError: View function mapping is overwriting an existing endpoint function: api_dvr_probe
2026-09-30 07:24:51 [CRITICAL] [cctv_app:68] UNCAUGHT EXCEPTION
Traceback (most recent call last):
  File "/home/administrator/cctv/app.py", line 532, in <module>
    @app.route("/api/dvr/probe", methods=["POST"])
     ~~~~~~~~~^^^^^^^^^^^^^^^^^^^^^^^^^^^^^^^^^^^^
  File "/home/administrator/venv/lib/python3.14/site-packages/flask/scaffold.py", line 435, in decorator
    self.add_url_rule(rule, endpoint, f, **options)
    ~~~~~~~~~~~~~~~~~^^^^^^^^^^^^^^^^^^^^^^^^^^^^^^
  File "/home/administrator/venv/lib/python3.14/site-packages/flask/scaffold.py", line 50, in wrapper_func
    return f(self, *args, **kwargs)
  File "/home/administrator/venv/lib/python3.14/site-packages/flask/app.py", line 1059, in add_url_rule
    raise AssertionError(
    ...<2 lines>...
    )
AssertionError: View function mapping is overwriting an existing endpoint function: api_dvr_probe
2026-09-30 07:24:57 [CRITICAL] [cctv_app:68] UNCAUGHT EXCEPTION
Traceback (most recent call last):
  File "/home/administrator/cctv/app.py", line 532, in <module>
    @app.route("/api/dvr/probe", methods=["POST"])
     ~~~~~~~~~^^^^^^^^^^^^^^^^^^^^^^^^^^^^^^^^^^^^
  File "/home/administrator/venv/lib/python3.14/site-packages/flask/scaffold.py", line 435, in decorator
    self.add_url_rule(rule, endpoint, f, **options)
    ~~~~~~~~~~~~~~~~~^^^^^^^^^^^^^^^^^^^^^^^^^^^^^^
  File "/home/administrator/venv/lib/python3.14/site-packages/flask/scaffold.py", line 50, in wrapper_func
    return f(self, *args, **kwargs)
  File "/home/administrator/venv/lib/python3.14/site-packages/flask/app.py", line 1059, in add_url_rule
    raise AssertionError(
    ...<2 lines>...
    )
AssertionError: View function mapping is overwriting an existing endpoint function: api_dvr_probe
2026-09-30 07:25:02 [CRITICAL] [cctv_app:68] UNCAUGHT EXCEPTION
Traceback (most recent call last):
  File "/home/administrator/cctv/app.py", line 532, in <module>
    @app.route("/api/dvr/probe", methods=["POST"])
     ~~~~~~~~~^^^^^^^^^^^^^^^^^^^^^^^^^^^^^^^^^^^^
  File "/home/administrator/venv/lib/python3.14/site-packages/flask/scaffold.py", line 435, in decorator
    self.add_url_rule(rule, endpoint, f, **options)
    ~~~~~~~~~~~~~~~~~^^^^^^^^^^^^^^^^^^^^^^^^^^^^^^
  File "/home/administrator/venv/lib/python3.14/site-packages/flask/scaffold.py", line 50, in wrapper_func
    return f(self, *args, **kwargs)
  File "/home/administrator/venv/lib/python3.14/site-packages/flask/app.py", line 1059, in add_url_rule
    raise AssertionError(
    ...<2 lines>...
    )
AssertionError: View function mapping is overwriting an existing endpoint function: api_dvr_probe
2026-09-30 07:25:08 [CRITICAL] [cctv_app:68] UNCAUGHT EXCEPTION
Traceback (most recent call last):
  File "/home/administrator/cctv/app.py", line 532, in <module>
    @app.route("/api/dvr/probe", methods=["POST"])
     ~~~~~~~~~^^^^^^^^^^^^^^^^^^^^^^^^^^^^^^^^^^^^
  File "/home/administrator/venv/lib/python3.14/site-packages/flask/scaffold.py", line 435, in decorator
    self.add_url_rule(rule, endpoint, f, **options)
    ~~~~~~~~~~~~~~~~~^^^^^^^^^^^^^^^^^^^^^^^^^^^^^^
  File "/home/administrator/venv/lib/python3.14/site-packages/flask/scaffold.py", line 50, in wrapper_func
    return f(self, *args, **kwargs)
  File "/home/administrator/venv/lib/python3.14/site-packages/flask/app.py", line 1059, in add_url_rule
    raise AssertionError(
    ...<2 lines>...
    )
AssertionError: View function mapping is overwriting an existing endpoint function: api_dvr_probe
2026-09-30 07:25:13 [CRITICAL] [cctv_app:68] UNCAUGHT EXCEPTION
Traceback (most recent call last):
  File "/home/administrator/cctv/app.py", line 532, in <module>
    @app.route("/api/dvr/probe", methods=["POST"])
     ~~~~~~~~~^^^^^^^^^^^^^^^^^^^^^^^^^^^^^^^^^^^^
  File "/home/administrator/venv/lib/python3.14/site-packages/flask/scaffold.py", line 435, in decorator
    self.add_url_rule(rule, endpoint, f, **options)
    ~~~~~~~~~~~~~~~~~^^^^^^^^^^^^^^^^^^^^^^^^^^^^^^
  File "/home/administrator/venv/lib/python3.14/site-packages/flask/scaffold.py", line 50, in wrapper_func
    return f(self, *args, **kwargs)
  File "/home/administrator/venv/lib/python3.14/site-packages/flask/app.py", line 1059, in add_url_rule
    raise AssertionError(
    ...<2 lines>...
    )
AssertionError: View function mapping is overwriting an existing endpoint function: api_dvr_probe
2026-09-30 07:25:19 [CRITICAL] [cctv_app:68] UNCAUGHT EXCEPTION
Traceback (most recent call last):
  File "/home/administrator/cctv/app.py", line 532, in <module>
    @app.route("/api/dvr/probe", methods=["POST"])
     ~~~~~~~~~^^^^^^^^^^^^^^^^^^^^^^^^^^^^^^^^^^^^
  File "/home/administrator/venv/lib/python3.14/site-packages/flask/scaffold.py", line 435, in decorator
    self.add_url_rule(rule, endpoint, f, **options)
    ~~~~~~~~~~~~~~~~~^^^^^^^^^^^^^^^^^^^^^^^^^^^^^^
  File "/home/administrator/venv/lib/python3.14/site-packages/flask/scaffold.py", line 50, in wrapper_func
    return f(self, *args, **kwargs)
  File "/home/administrator/venv/lib/python3.14/site-packages/flask/app.py", line 1059, in add_url_rule
    raise AssertionError(
    ...<2 lines>...
    )
AssertionError: View function mapping is overwriting an existing endpoint function: api_dvr_probe
2026-09-30 07:25:24 [CRITICAL] [cctv_app:68] UNCAUGHT EXCEPTION
Traceback (most recent call last):
  File "/home/administrator/cctv/app.py", line 532, in <module>
    @app.route("/api/dvr/probe", methods=["POST"])
     ~~~~~~~~~^^^^^^^^^^^^^^^^^^^^^^^^^^^^^^^^^^^^
  File "/home/administrator/venv/lib/python3.14/site-packages/flask/scaffold.py", line 435, in decorator
    self.add_url_rule(rule, endpoint, f, **options)
    ~~~~~~~~~~~~~~~~~^^^^^^^^^^^^^^^^^^^^^^^^^^^^^^
  File "/home/administrator/venv/lib/python3.14/site-packages/flask/scaffold.py", line 50, in wrapper_func
    return f(self, *args, **kwargs)
  File "/home/administrator/venv/lib/python3.14/site-packages/flask/app.py", line 1059, in add_url_rule
    raise AssertionError(
    ...<2 lines>...
    )
AssertionError: View function mapping is overwriting an existing endpoint function: api_dvr_probe
2026-09-30 07:25:30 [CRITICAL] [cctv_app:68] UNCAUGHT EXCEPTION
Traceback (most recent call last):
  File "/home/administrator/cctv/app.py", line 532, in <module>
    @app.route("/api/dvr/probe", methods=["POST"])
     ~~~~~~~~~^^^^^^^^^^^^^^^^^^^^^^^^^^^^^^^^^^^^
  File "/home/administrator/venv/lib/python3.14/site-packages/flask/scaffold.py", line 435, in decorator
    self.add_url_rule(rule, endpoint, f, **options)
    ~~~~~~~~~~~~~~~~~^^^^^^^^^^^^^^^^^^^^^^^^^^^^^^
  File "/home/administrator/venv/lib/python3.14/site-packages/flask/scaffold.py", line 50, in wrapper_func
    return f(self, *args, **kwargs)
  File "/home/administrator/venv/lib/python3.14/site-packages/flask/app.py", line 1059, in add_url_rule
    raise AssertionError(
    ...<2 lines>...
    )
AssertionError: View function mapping is overwriting an existing endpoint function: api_dvr_probe
2026-09-30 07:25:35 [CRITICAL] [cctv_app:68] UNCAUGHT EXCEPTION
Traceback (most recent call last):
  File "/home/administrator/cctv/app.py", line 532, in <module>
    @app.route("/api/dvr/probe", methods=["POST"])
     ~~~~~~~~~^^^^^^^^^^^^^^^^^^^^^^^^^^^^^^^^^^^^
  File "/home/administrator/venv/lib/python3.14/site-packages/flask/scaffold.py", line 435, in decorator
    self.add_url_rule(rule, endpoint, f, **options)
    ~~~~~~~~~~~~~~~~~^^^^^^^^^^^^^^^^^^^^^^^^^^^^^^
  File "/home/administrator/venv/lib/python3.14/site-packages/flask/scaffold.py", line 50, in wrapper_func
    return f(self, *args, **kwargs)
  File "/home/administrator/venv/lib/python3.14/site-packages/flask/app.py", line 1059, in add_url_rule
    raise AssertionError(
    ...<2 lines>...
    )
AssertionError: View function mapping is overwriting an existing endpoint function: api_dvr_probe
2026-09-30 07:25:41 [CRITICAL] [cctv_app:68] UNCAUGHT EXCEPTION
Traceback (most recent call last):
  File "/home/administrator/cctv/app.py", line 532, in <module>
    @app.route("/api/dvr/probe", methods=["POST"])
     ~~~~~~~~~^^^^^^^^^^^^^^^^^^^^^^^^^^^^^^^^^^^^
  File "/home/administrator/venv/lib/python3.14/site-packages/flask/scaffold.py", line 435, in decorator
    self.add_url_rule(rule, endpoint, f, **options)
    ~~~~~~~~~~~~~~~~~^^^^^^^^^^^^^^^^^^^^^^^^^^^^^^
  File "/home/administrator/venv/lib/python3.14/site-packages/flask/scaffold.py", line 50, in wrapper_func
    return f(self, *args, **kwargs)
  File "/home/administrator/venv/lib/python3.14/site-packages/flask/app.py", line 1059, in add_url_rule
    raise AssertionError(
    ...<2 lines>...
    )
AssertionError: View function mapping is overwriting an existing endpoint function: api_dvr_probe
2026-09-30 07:25:46 [CRITICAL] [cctv_app:68] UNCAUGHT EXCEPTION
Traceback (most recent call last):
  File "/home/administrator/cctv/app.py", line 532, in <module>
    @app.route("/api/dvr/probe", methods=["POST"])
     ~~~~~~~~~^^^^^^^^^^^^^^^^^^^^^^^^^^^^^^^^^^^^
  File "/home/administrator/venv/lib/python3.14/site-packages/flask/scaffold.py", line 435, in decorator
    self.add_url_rule(rule, endpoint, f, **options)
    ~~~~~~~~~~~~~~~~~^^^^^^^^^^^^^^^^^^^^^^^^^^^^^^
  File "/home/administrator/venv/lib/python3.14/site-packages/flask/scaffold.py", line 50, in wrapper_func
    return f(self, *args, **kwargs)
  File "/home/administrator/venv/lib/python3.14/site-packages/flask/app.py", line 1059, in add_url_rule
    raise AssertionError(
    ...<2 lines>...
    )
AssertionError: View function mapping is overwriting an existing endpoint function: api_dvr_probe
2026-09-30 07:25:52 [CRITICAL] [cctv_app:68] UNCAUGHT EXCEPTION
Traceback (most recent call last):
  File "/home/administrator/cctv/app.py", line 532, in <module>
    @app.route("/api/dvr/probe", methods=["POST"])
     ~~~~~~~~~^^^^^^^^^^^^^^^^^^^^^^^^^^^^^^^^^^^^
  File "/home/administrator/venv/lib/python3.14/site-packages/flask/scaffold.py", line 435, in decorator
    self.add_url_rule(rule, endpoint, f, **options)
    ~~~~~~~~~~~~~~~~~^^^^^^^^^^^^^^^^^^^^^^^^^^^^^^
  File "/home/administrator/venv/lib/python3.14/site-packages/flask/scaffold.py", line 50, in wrapper_func
    return f(self, *args, **kwargs)
  File "/home/administrator/venv/lib/python3.14/site-packages/flask/app.py", line 1059, in add_url_rule
    raise AssertionError(
    ...<2 lines>...
    )
AssertionError: View function mapping is overwriting an existing endpoint function: api_dvr_probe
2026-09-30 07:25:57 [CRITICAL] [cctv_app:68] UNCAUGHT EXCEPTION
Traceback (most recent call last):
  File "/home/administrator/cctv/app.py", line 532, in <module>
    @app.route("/api/dvr/probe", methods=["POST"])
     ~~~~~~~~~^^^^^^^^^^^^^^^^^^^^^^^^^^^^^^^^^^^^
  File "/home/administrator/venv/lib/python3.14/site-packages/flask/scaffold.py", line 435, in decorator
    self.add_url_rule(rule, endpoint, f, **options)
    ~~~~~~~~~~~~~~~~~^^^^^^^^^^^^^^^^^^^^^^^^^^^^^^
  File "/home/administrator/venv/lib/python3.14/site-packages/flask/scaffold.py", line 50, in wrapper_func
    return f(self, *args, **kwargs)
  File "/home/administrator/venv/lib/python3.14/site-packages/flask/app.py", line 1059, in add_url_rule
    raise AssertionError(
    ...<2 lines>...
    )
AssertionError: View function mapping is overwriting an existing endpoint function: api_dvr_probe
2026-09-30 07:26:03 [CRITICAL] [cctv_app:68] UNCAUGHT EXCEPTION
Traceback (most recent call last):
  File "/home/administrator/cctv/app.py", line 532, in <module>
    @app.route("/api/dvr/probe", methods=["POST"])
     ~~~~~~~~~^^^^^^^^^^^^^^^^^^^^^^^^^^^^^^^^^^^^
  File "/home/administrator/venv/lib/python3.14/site-packages/flask/scaffold.py", line 435, in decorator
    self.add_url_rule(rule, endpoint, f, **options)
    ~~~~~~~~~~~~~~~~~^^^^^^^^^^^^^^^^^^^^^^^^^^^^^^
  File "/home/administrator/venv/lib/python3.14/site-packages/flask/scaffold.py", line 50, in wrapper_func
    return f(self, *args, **kwargs)
  File "/home/administrator/venv/lib/python3.14/site-packages/flask/app.py", line 1059, in add_url_rule
    raise AssertionError(
    ...<2 lines>...
    )
AssertionError: View function mapping is overwriting an existing endpoint function: api_dvr_probe
2026-09-30 07:26:08 [CRITICAL] [cctv_app:68] UNCAUGHT EXCEPTION
Traceback (most recent call last):
  File "/home/administrator/cctv/app.py", line 532, in <module>
    @app.route("/api/dvr/probe", methods=["POST"])
     ~~~~~~~~~^^^^^^^^^^^^^^^^^^^^^^^^^^^^^^^^^^^^
  File "/home/administrator/venv/lib/python3.14/site-packages/flask/scaffold.py", line 435, in decorator
    self.add_url_rule(rule, endpoint, f, **options)
    ~~~~~~~~~~~~~~~~~^^^^^^^^^^^^^^^^^^^^^^^^^^^^^^
  File "/home/administrator/venv/lib/python3.14/site-packages/flask/scaffold.py", line 50, in wrapper_func
    return f(self, *args, **kwargs)
  File "/home/administrator/venv/lib/python3.14/site-packages/flask/app.py", line 1059, in add_url_rule
    raise AssertionError(
    ...<2 lines>...
    )
AssertionError: View function mapping is overwriting an existing endpoint function: api_dvr_probe
2026-09-30 07:26:14 [CRITICAL] [cctv_app:68] UNCAUGHT EXCEPTION
Traceback (most recent call last):
  File "/home/administrator/cctv/app.py", line 532, in <module>
    @app.route("/api/dvr/probe", methods=["POST"])
     ~~~~~~~~~^^^^^^^^^^^^^^^^^^^^^^^^^^^^^^^^^^^^
  File "/home/administrator/venv/lib/python3.14/site-packages/flask/scaffold.py", line 435, in decorator
    self.add_url_rule(rule, endpoint, f, **options)
    ~~~~~~~~~~~~~~~~~^^^^^^^^^^^^^^^^^^^^^^^^^^^^^^
  File "/home/administrator/venv/lib/python3.14/site-packages/flask/scaffold.py", line 50, in wrapper_func
    return f(self, *args, **kwargs)
  File "/home/administrator/venv/lib/python3.14/site-packages/flask/app.py", line 1059, in add_url_rule
    raise AssertionError(
    ...<2 lines>...
    )
AssertionError: View function mapping is overwriting an existing endpoint function: api_dvr_probe
2026-09-30 07:26:19 [CRITICAL] [cctv_app:68] UNCAUGHT EXCEPTION
Traceback (most recent call last):
  File "/home/administrator/cctv/app.py", line 532, in <module>
    @app.route("/api/dvr/probe", methods=["POST"])
     ~~~~~~~~~^^^^^^^^^^^^^^^^^^^^^^^^^^^^^^^^^^^^
  File "/home/administrator/venv/lib/python3.14/site-packages/flask/scaffold.py", line 435, in decorator
    self.add_url_rule(rule, endpoint, f, **options)
    ~~~~~~~~~~~~~~~~~^^^^^^^^^^^^^^^^^^^^^^^^^^^^^^
  File "/home/administrator/venv/lib/python3.14/site-packages/flask/scaffold.py", line 50, in wrapper_func
    return f(self, *args, **kwargs)
  File "/home/administrator/venv/lib/python3.14/site-packages/flask/app.py", line 1059, in add_url_rule
    raise AssertionError(
    ...<2 lines>...
    )
AssertionError: View function mapping is overwriting an existing endpoint function: api_dvr_probe
2026-09-30 07:26:25 [CRITICAL] [cctv_app:68] UNCAUGHT EXCEPTION
Traceback (most recent call last):
  File "/home/administrator/cctv/app.py", line 532, in <module>
    @app.route("/api/dvr/probe", methods=["POST"])
     ~~~~~~~~~^^^^^^^^^^^^^^^^^^^^^^^^^^^^^^^^^^^^
  File "/home/administrator/venv/lib/python3.14/site-packages/flask/scaffold.py", line 435, in decorator
    self.add_url_rule(rule, endpoint, f, **options)
    ~~~~~~~~~~~~~~~~~^^^^^^^^^^^^^^^^^^^^^^^^^^^^^^
  File "/home/administrator/venv/lib/python3.14/site-packages/flask/scaffold.py", line 50, in wrapper_func
    return f(self, *args, **kwargs)
  File "/home/administrator/venv/lib/python3.14/site-packages/flask/app.py", line 1059, in add_url_rule
    raise AssertionError(
    ...<2 lines>...
    )
AssertionError: View function mapping is overwriting an existing endpoint function: api_dvr_probe
2026-09-30 07:26:30 [CRITICAL] [cctv_app:68] UNCAUGHT EXCEPTION
Traceback (most recent call last):
  File "/home/administrator/cctv/app.py", line 532, in <module>
    @app.route("/api/dvr/probe", methods=["POST"])
     ~~~~~~~~~^^^^^^^^^^^^^^^^^^^^^^^^^^^^^^^^^^^^
  File "/home/administrator/venv/lib/python3.14/site-packages/flask/scaffold.py", line 435, in decorator
    self.add_url_rule(rule, endpoint, f, **options)
    ~~~~~~~~~~~~~~~~~^^^^^^^^^^^^^^^^^^^^^^^^^^^^^^
  File "/home/administrator/venv/lib/python3.14/site-packages/flask/scaffold.py", line 50, in wrapper_func
    return f(self, *args, **kwargs)
  File "/home/administrator/venv/lib/python3.14/site-packages/flask/app.py", line 1059, in add_url_rule
    raise AssertionError(
    ...<2 lines>...
    )
AssertionError: View function mapping is overwriting an existing endpoint function: api_dvr_probe
2026-09-30 07:26:36 [CRITICAL] [cctv_app:68] UNCAUGHT EXCEPTION
Traceback (most recent call last):
  File "/home/administrator/cctv/app.py", line 532, in <module>
    @app.route("/api/dvr/probe", methods=["POST"])
     ~~~~~~~~~^^^^^^^^^^^^^^^^^^^^^^^^^^^^^^^^^^^^
  File "/home/administrator/venv/lib/python3.14/site-packages/flask/scaffold.py", line 435, in decorator
    self.add_url_rule(rule, endpoint, f, **options)
    ~~~~~~~~~~~~~~~~~^^^^^^^^^^^^^^^^^^^^^^^^^^^^^^
  File "/home/administrator/venv/lib/python3.14/site-packages/flask/scaffold.py", line 50, in wrapper_func
    return f(self, *args, **kwargs)
  File "/home/administrator/venv/lib/python3.14/site-packages/flask/app.py", line 1059, in add_url_rule
    raise AssertionError(
    ...<2 lines>...
    )
AssertionError: View function mapping is overwriting an existing endpoint function: api_dvr_probe
2026-09-30 07:26:41 [CRITICAL] [cctv_app:68] UNCAUGHT EXCEPTION
Traceback (most recent call last):
  File "/home/administrator/cctv/app.py", line 532, in <module>
    @app.route("/api/dvr/probe", methods=["POST"])
     ~~~~~~~~~^^^^^^^^^^^^^^^^^^^^^^^^^^^^^^^^^^^^
  File "/home/administrator/venv/lib/python3.14/site-packages/flask/scaffold.py", line 435, in decorator
    self.add_url_rule(rule, endpoint, f, **options)
    ~~~~~~~~~~~~~~~~~^^^^^^^^^^^^^^^^^^^^^^^^^^^^^^
  File "/home/administrator/venv/lib/python3.14/site-packages/flask/scaffold.py", line 50, in wrapper_func
    return f(self, *args, **kwargs)
  File "/home/administrator/venv/lib/python3.14/site-packages/flask/app.py", line 1059, in add_url_rule
    raise AssertionError(
    ...<2 lines>...
    )
AssertionError: View function mapping is overwriting an existing endpoint function: api_dvr_probe
2026-09-30 07:26:47 [CRITICAL] [cctv_app:68] UNCAUGHT EXCEPTION
Traceback (most recent call last):
  File "/home/administrator/cctv/app.py", line 532, in <module>
    @app.route("/api/dvr/probe", methods=["POST"])
     ~~~~~~~~~^^^^^^^^^^^^^^^^^^^^^^^^^^^^^^^^^^^^
  File "/home/administrator/venv/lib/python3.14/site-packages/flask/scaffold.py", line 435, in decorator
    self.add_url_rule(rule, endpoint, f, **options)
    ~~~~~~~~~~~~~~~~~^^^^^^^^^^^^^^^^^^^^^^^^^^^^^^
  File "/home/administrator/venv/lib/python3.14/site-packages/flask/scaffold.py", line 50, in wrapper_func
    return f(self, *args, **kwargs)
  File "/home/administrator/venv/lib/python3.14/site-packages/flask/app.py", line 1059, in add_url_rule
    raise AssertionError(
    ...<2 lines>...
    )
AssertionError: View function mapping is overwriting an existing endpoint function: api_dvr_probe
2026-09-30 07:26:52 [CRITICAL] [cctv_app:68] UNCAUGHT EXCEPTION
Traceback (most recent call last):
  File "/home/administrator/cctv/app.py", line 532, in <module>
    @app.route("/api/dvr/probe", methods=["POST"])
     ~~~~~~~~~^^^^^^^^^^^^^^^^^^^^^^^^^^^^^^^^^^^^
  File "/home/administrator/venv/lib/python3.14/site-packages/flask/scaffold.py", line 435, in decorator
    self.add_url_rule(rule, endpoint, f, **options)
    ~~~~~~~~~~~~~~~~~^^^^^^^^^^^^^^^^^^^^^^^^^^^^^^
  File "/home/administrator/venv/lib/python3.14/site-packages/flask/scaffold.py", line 50, in wrapper_func
    return f(self, *args, **kwargs)
  File "/home/administrator/venv/lib/python3.14/site-packages/flask/app.py", line 1059, in add_url_rule
    raise AssertionError(
    ...<2 lines>...
    )
AssertionError: View function mapping is overwriting an existing endpoint function: api_dvr_probe
2026-09-30 07:26:58 [CRITICAL] [cctv_app:68] UNCAUGHT EXCEPTION
Traceback (most recent call last):
  File "/home/administrator/cctv/app.py", line 532, in <module>
    @app.route("/api/dvr/probe", methods=["POST"])
     ~~~~~~~~~^^^^^^^^^^^^^^^^^^^^^^^^^^^^^^^^^^^^
  File "/home/administrator/venv/lib/python3.14/site-packages/flask/scaffold.py", line 435, in decorator
    self.add_url_rule(rule, endpoint, f, **options)
    ~~~~~~~~~~~~~~~~~^^^^^^^^^^^^^^^^^^^^^^^^^^^^^^
  File "/home/administrator/venv/lib/python3.14/site-packages/flask/scaffold.py", line 50, in wrapper_func
    return f(self, *args, **kwargs)
  File "/home/administrator/venv/lib/python3.14/site-packages/flask/app.py", line 1059, in add_url_rule
    raise AssertionError(
    ...<2 lines>...
    )
AssertionError: View function mapping is overwriting an existing endpoint function: api_dvr_probe
2026-09-30 07:27:03 [CRITICAL] [cctv_app:68] UNCAUGHT EXCEPTION
Traceback (most recent call last):
  File "/home/administrator/cctv/app.py", line 532, in <module>
    @app.route("/api/dvr/probe", methods=["POST"])
     ~~~~~~~~~^^^^^^^^^^^^^^^^^^^^^^^^^^^^^^^^^^^^
  File "/home/administrator/venv/lib/python3.14/site-packages/flask/scaffold.py", line 435, in decorator
    self.add_url_rule(rule, endpoint, f, **options)
    ~~~~~~~~~~~~~~~~~^^^^^^^^^^^^^^^^^^^^^^^^^^^^^^
  File "/home/administrator/venv/lib/python3.14/site-packages/flask/scaffold.py", line 50, in wrapper_func
    return f(self, *args, **kwargs)
  File "/home/administrator/venv/lib/python3.14/site-packages/flask/app.py", line 1059, in add_url_rule
    raise AssertionError(
    ...<2 lines>...
    )
AssertionError: View function mapping is overwriting an existing endpoint function: api_dvr_probe
2026-09-30 07:27:09 [CRITICAL] [cctv_app:68] UNCAUGHT EXCEPTION
Traceback (most recent call last):
  File "/home/administrator/cctv/app.py", line 532, in <module>
    @app.route("/api/dvr/probe", methods=["POST"])
     ~~~~~~~~~^^^^^^^^^^^^^^^^^^^^^^^^^^^^^^^^^^^^
  File "/home/administrator/venv/lib/python3.14/site-packages/flask/scaffold.py", line 435, in decorator
    self.add_url_rule(rule, endpoint, f, **options)
    ~~~~~~~~~~~~~~~~~^^^^^^^^^^^^^^^^^^^^^^^^^^^^^^
  File "/home/administrator/venv/lib/python3.14/site-packages/flask/scaffold.py", line 50, in wrapper_func
    return f(self, *args, **kwargs)
  File "/home/administrator/venv/lib/python3.14/site-packages/flask/app.py", line 1059, in add_url_rule
    raise AssertionError(
    ...<2 lines>...
    )
AssertionError: View function mapping is overwriting an existing endpoint function: api_dvr_probe
2026-09-30 07:27:14 [CRITICAL] [cctv_app:68] UNCAUGHT EXCEPTION
Traceback (most recent call last):
  File "/home/administrator/cctv/app.py", line 532, in <module>
    @app.route("/api/dvr/probe", methods=["POST"])
     ~~~~~~~~~^^^^^^^^^^^^^^^^^^^^^^^^^^^^^^^^^^^^
  File "/home/administrator/venv/lib/python3.14/site-packages/flask/scaffold.py", line 435, in decorator
    self.add_url_rule(rule, endpoint, f, **options)
    ~~~~~~~~~~~~~~~~~^^^^^^^^^^^^^^^^^^^^^^^^^^^^^^
  File "/home/administrator/venv/lib/python3.14/site-packages/flask/scaffold.py", line 50, in wrapper_func
    return f(self, *args, **kwargs)
  File "/home/administrator/venv/lib/python3.14/site-packages/flask/app.py", line 1059, in add_url_rule
    raise AssertionError(
    ...<2 lines>...
    )
AssertionError: View function mapping is overwriting an existing endpoint function: api_dvr_probe
2026-09-30 07:27:20 [CRITICAL] [cctv_app:68] UNCAUGHT EXCEPTION
Traceback (most recent call last):
  File "/home/administrator/cctv/app.py", line 532, in <module>
    @app.route("/api/dvr/probe", methods=["POST"])
     ~~~~~~~~~^^^^^^^^^^^^^^^^^^^^^^^^^^^^^^^^^^^^
  File "/home/administrator/venv/lib/python3.14/site-packages/flask/scaffold.py", line 435, in decorator
    self.add_url_rule(rule, endpoint, f, **options)
    ~~~~~~~~~~~~~~~~~^^^^^^^^^^^^^^^^^^^^^^^^^^^^^^
  File "/home/administrator/venv/lib/python3.14/site-packages/flask/scaffold.py", line 50, in wrapper_func
    return f(self, *args, **kwargs)
  File "/home/administrator/venv/lib/python3.14/site-packages/flask/app.py", line 1059, in add_url_rule
    raise AssertionError(
    ...<2 lines>...
    )
AssertionError: View function mapping is overwriting an existing endpoint function: api_dvr_probe
2026-09-30 07:27:25 [CRITICAL] [cctv_app:68] UNCAUGHT EXCEPTION
Traceback (most recent call last):
  File "/home/administrator/cctv/app.py", line 532, in <module>
    @app.route("/api/dvr/probe", methods=["POST"])
     ~~~~~~~~~^^^^^^^^^^^^^^^^^^^^^^^^^^^^^^^^^^^^
  File "/home/administrator/venv/lib/python3.14/site-packages/flask/scaffold.py", line 435, in decorator
    self.add_url_rule(rule, endpoint, f, **options)
    ~~~~~~~~~~~~~~~~~^^^^^^^^^^^^^^^^^^^^^^^^^^^^^^
  File "/home/administrator/venv/lib/python3.14/site-packages/flask/scaffold.py", line 50, in wrapper_func
    return f(self, *args, **kwargs)
  File "/home/administrator/venv/lib/python3.14/site-packages/flask/app.py", line 1059, in add_url_rule
    raise AssertionError(
    ...<2 lines>...
    )
AssertionError: View function mapping is overwriting an existing endpoint function: api_dvr_probe
2026-09-30 07:27:31 [CRITICAL] [cctv_app:68] UNCAUGHT EXCEPTION
Traceback (most recent call last):
  File "/home/administrator/cctv/app.py", line 532, in <module>
    @app.route("/api/dvr/probe", methods=["POST"])
     ~~~~~~~~~^^^^^^^^^^^^^^^^^^^^^^^^^^^^^^^^^^^^
  File "/home/administrator/venv/lib/python3.14/site-packages/flask/scaffold.py", line 435, in decorator
    self.add_url_rule(rule, endpoint, f, **options)
    ~~~~~~~~~~~~~~~~~^^^^^^^^^^^^^^^^^^^^^^^^^^^^^^
  File "/home/administrator/venv/lib/python3.14/site-packages/flask/scaffold.py", line 50, in wrapper_func
    return f(self, *args, **kwargs)
  File "/home/administrator/venv/lib/python3.14/site-packages/flask/app.py", line 1059, in add_url_rule
    raise AssertionError(
    ...<2 lines>...
    )
AssertionError: View function mapping is overwriting an existing endpoint function: api_dvr_probe
2026-09-30 07:27:36 [CRITICAL] [cctv_app:68] UNCAUGHT EXCEPTION
Traceback (most recent call last):
  File "/home/administrator/cctv/app.py", line 532, in <module>
    @app.route("/api/dvr/probe", methods=["POST"])
     ~~~~~~~~~^^^^^^^^^^^^^^^^^^^^^^^^^^^^^^^^^^^^
  File "/home/administrator/venv/lib/python3.14/site-packages/flask/scaffold.py", line 435, in decorator
    self.add_url_rule(rule, endpoint, f, **options)
    ~~~~~~~~~~~~~~~~~^^^^^^^^^^^^^^^^^^^^^^^^^^^^^^
  File "/home/administrator/venv/lib/python3.14/site-packages/flask/scaffold.py", line 50, in wrapper_func
    return f(self, *args, **kwargs)
  File "/home/administrator/venv/lib/python3.14/site-packages/flask/app.py", line 1059, in add_url_rule
    raise AssertionError(
    ...<2 lines>...
    )
AssertionError: View function mapping is overwriting an existing endpoint function: api_dvr_probe
2026-09-30 07:27:42 [CRITICAL] [cctv_app:68] UNCAUGHT EXCEPTION
Traceback (most recent call last):
  File "/home/administrator/cctv/app.py", line 532, in <module>
    @app.route("/api/dvr/probe", methods=["POST"])
     ~~~~~~~~~^^^^^^^^^^^^^^^^^^^^^^^^^^^^^^^^^^^^
  File "/home/administrator/venv/lib/python3.14/site-packages/flask/scaffold.py", line 435, in decorator
    self.add_url_rule(rule, endpoint, f, **options)
    ~~~~~~~~~~~~~~~~~^^^^^^^^^^^^^^^^^^^^^^^^^^^^^^
  File "/home/administrator/venv/lib/python3.14/site-packages/flask/scaffold.py", line 50, in wrapper_func
    return f(self, *args, **kwargs)
  File "/home/administrator/venv/lib/python3.14/site-packages/flask/app.py", line 1059, in add_url_rule
    raise AssertionError(
    ...<2 lines>...
    )
AssertionError: View function mapping is overwriting an existing endpoint function: api_dvr_probe
2026-09-30 07:27:47 [CRITICAL] [cctv_app:68] UNCAUGHT EXCEPTION
Traceback (most recent call last):
  File "/home/administrator/cctv/app.py", line 532, in <module>
    @app.route("/api/dvr/probe", methods=["POST"])
     ~~~~~~~~~^^^^^^^^^^^^^^^^^^^^^^^^^^^^^^^^^^^^
  File "/home/administrator/venv/lib/python3.14/site-packages/flask/scaffold.py", line 435, in decorator
    self.add_url_rule(rule, endpoint, f, **options)
    ~~~~~~~~~~~~~~~~~^^^^^^^^^^^^^^^^^^^^^^^^^^^^^^
  File "/home/administrator/venv/lib/python3.14/site-packages/flask/scaffold.py", line 50, in wrapper_func
    return f(self, *args, **kwargs)
  File "/home/administrator/venv/lib/python3.14/site-packages/flask/app.py", line 1059, in add_url_rule
    raise AssertionError(
    ...<2 lines>...
    )
AssertionError: View function mapping is overwriting an existing endpoint function: api_dvr_probe
2026-09-30 07:27:53 [CRITICAL] [cctv_app:68] UNCAUGHT EXCEPTION
Traceback (most recent call last):
  File "/home/administrator/cctv/app.py", line 532, in <module>
    @app.route("/api/dvr/probe", methods=["POST"])
     ~~~~~~~~~^^^^^^^^^^^^^^^^^^^^^^^^^^^^^^^^^^^^
  File "/home/administrator/venv/lib/python3.14/site-packages/flask/scaffold.py", line 435, in decorator
    self.add_url_rule(rule, endpoint, f, **options)
    ~~~~~~~~~~~~~~~~~^^^^^^^^^^^^^^^^^^^^^^^^^^^^^^
  File "/home/administrator/venv/lib/python3.14/site-packages/flask/scaffold.py", line 50, in wrapper_func
    return f(self, *args, **kwargs)
  File "/home/administrator/venv/lib/python3.14/site-packages/flask/app.py", line 1059, in add_url_rule
    raise AssertionError(
    ...<2 lines>...
    )
AssertionError: View function mapping is overwriting an existing endpoint function: api_dvr_probe
2026-09-30 07:27:58 [CRITICAL] [cctv_app:68] UNCAUGHT EXCEPTION
Traceback (most recent call last):
  File "/home/administrator/cctv/app.py", line 532, in <module>
    @app.route("/api/dvr/probe", methods=["POST"])
     ~~~~~~~~~^^^^^^^^^^^^^^^^^^^^^^^^^^^^^^^^^^^^
  File "/home/administrator/venv/lib/python3.14/site-packages/flask/scaffold.py", line 435, in decorator
    self.add_url_rule(rule, endpoint, f, **options)
    ~~~~~~~~~~~~~~~~~^^^^^^^^^^^^^^^^^^^^^^^^^^^^^^
  File "/home/administrator/venv/lib/python3.14/site-packages/flask/scaffold.py", line 50, in wrapper_func
    return f(self, *args, **kwargs)
  File "/home/administrator/venv/lib/python3.14/site-packages/flask/app.py", line 1059, in add_url_rule
    raise AssertionError(
    ...<2 lines>...
    )
AssertionError: View function mapping is overwriting an existing endpoint function: api_dvr_probe
2026-09-30 07:28:04 [CRITICAL] [cctv_app:68] UNCAUGHT EXCEPTION
Traceback (most recent call last):
  File "/home/administrator/cctv/app.py", line 532, in <module>
    @app.route("/api/dvr/probe", methods=["POST"])
     ~~~~~~~~~^^^^^^^^^^^^^^^^^^^^^^^^^^^^^^^^^^^^
  File "/home/administrator/venv/lib/python3.14/site-packages/flask/scaffold.py", line 435, in decorator
    self.add_url_rule(rule, endpoint, f, **options)
    ~~~~~~~~~~~~~~~~~^^^^^^^^^^^^^^^^^^^^^^^^^^^^^^
  File "/home/administrator/venv/lib/python3.14/site-packages/flask/scaffold.py", line 50, in wrapper_func
    return f(self, *args, **kwargs)
  File "/home/administrator/venv/lib/python3.14/site-packages/flask/app.py", line 1059, in add_url_rule
    raise AssertionError(
    ...<2 lines>...
    )
AssertionError: View function mapping is overwriting an existing endpoint function: api_dvr_probe
2026-09-30 07:28:09 [CRITICAL] [cctv_app:68] UNCAUGHT EXCEPTION
Traceback (most recent call last):
  File "/home/administrator/cctv/app.py", line 532, in <module>
    @app.route("/api/dvr/probe", methods=["POST"])
     ~~~~~~~~~^^^^^^^^^^^^^^^^^^^^^^^^^^^^^^^^^^^^
  File "/home/administrator/venv/lib/python3.14/site-packages/flask/scaffold.py", line 435, in decorator
    self.add_url_rule(rule, endpoint, f, **options)
    ~~~~~~~~~~~~~~~~~^^^^^^^^^^^^^^^^^^^^^^^^^^^^^^
  File "/home/administrator/venv/lib/python3.14/site-packages/flask/scaffold.py", line 50, in wrapper_func
    return f(self, *args, **kwargs)
  File "/home/administrator/venv/lib/python3.14/site-packages/flask/app.py", line 1059, in add_url_rule
    raise AssertionError(
    ...<2 lines>...
    )
AssertionError: View function mapping is overwriting an existing endpoint function: api_dvr_probe
2026-09-30 07:28:15 [CRITICAL] [cctv_app:68] UNCAUGHT EXCEPTION
Traceback (most recent call last):
  File "/home/administrator/cctv/app.py", line 532, in <module>
    @app.route("/api/dvr/probe", methods=["POST"])
     ~~~~~~~~~^^^^^^^^^^^^^^^^^^^^^^^^^^^^^^^^^^^^
  File "/home/administrator/venv/lib/python3.14/site-packages/flask/scaffold.py", line 435, in decorator
    self.add_url_rule(rule, endpoint, f, **options)
    ~~~~~~~~~~~~~~~~~^^^^^^^^^^^^^^^^^^^^^^^^^^^^^^
  File "/home/administrator/venv/lib/python3.14/site-packages/flask/scaffold.py", line 50, in wrapper_func
    return f(self, *args, **kwargs)
  File "/home/administrator/venv/lib/python3.14/site-packages/flask/app.py", line 1059, in add_url_rule
    raise AssertionError(
    ...<2 lines>...
    )
AssertionError: View function mapping is overwriting an existing endpoint function: api_dvr_probe
2026-09-30 07:28:20 [CRITICAL] [cctv_app:68] UNCAUGHT EXCEPTION
Traceback (most recent call last):
  File "/home/administrator/cctv/app.py", line 532, in <module>
    @app.route("/api/dvr/probe", methods=["POST"])
     ~~~~~~~~~^^^^^^^^^^^^^^^^^^^^^^^^^^^^^^^^^^^^
  File "/home/administrator/venv/lib/python3.14/site-packages/flask/scaffold.py", line 435, in decorator
    self.add_url_rule(rule, endpoint, f, **options)
    ~~~~~~~~~~~~~~~~~^^^^^^^^^^^^^^^^^^^^^^^^^^^^^^
  File "/home/administrator/venv/lib/python3.14/site-packages/flask/scaffold.py", line 50, in wrapper_func
    return f(self, *args, **kwargs)
  File "/home/administrator/venv/lib/python3.14/site-packages/flask/app.py", line 1059, in add_url_rule
    raise AssertionError(
    ...<2 lines>...
    )
AssertionError: View function mapping is overwriting an existing endpoint function: api_dvr_probe
2026-09-30 07:28:26 [CRITICAL] [cctv_app:68] UNCAUGHT EXCEPTION
Traceback (most recent call last):
  File "/home/administrator/cctv/app.py", line 532, in <module>
    @app.route("/api/dvr/probe", methods=["POST"])
     ~~~~~~~~~^^^^^^^^^^^^^^^^^^^^^^^^^^^^^^^^^^^^
  File "/home/administrator/venv/lib/python3.14/site-packages/flask/scaffold.py", line 435, in decorator
    self.add_url_rule(rule, endpoint, f, **options)
    ~~~~~~~~~~~~~~~~~^^^^^^^^^^^^^^^^^^^^^^^^^^^^^^
  File "/home/administrator/venv/lib/python3.14/site-packages/flask/scaffold.py", line 50, in wrapper_func
    return f(self, *args, **kwargs)
  File "/home/administrator/venv/lib/python3.14/site-packages/flask/app.py", line 1059, in add_url_rule
    raise AssertionError(
    ...<2 lines>...
    )
AssertionError: View function mapping is overwriting an existing endpoint function: api_dvr_probe
2026-09-30 07:28:31 [CRITICAL] [cctv_app:68] UNCAUGHT EXCEPTION
Traceback (most recent call last):
  File "/home/administrator/cctv/app.py", line 532, in <module>
    @app.route("/api/dvr/probe", methods=["POST"])
     ~~~~~~~~~^^^^^^^^^^^^^^^^^^^^^^^^^^^^^^^^^^^^
  File "/home/administrator/venv/lib/python3.14/site-packages/flask/scaffold.py", line 435, in decorator
    self.add_url_rule(rule, endpoint, f, **options)
    ~~~~~~~~~~~~~~~~~^^^^^^^^^^^^^^^^^^^^^^^^^^^^^^
  File "/home/administrator/venv/lib/python3.14/site-packages/flask/scaffold.py", line 50, in wrapper_func
    return f(self, *args, **kwargs)
  File "/home/administrator/venv/lib/python3.14/site-packages/flask/app.py", line 1059, in add_url_rule
    raise AssertionError(
    ...<2 lines>...
    )
AssertionError: View function mapping is overwriting an existing endpoint function: api_dvr_probe
2026-09-30 07:28:37 [CRITICAL] [cctv_app:68] UNCAUGHT EXCEPTION
Traceback (most recent call last):
  File "/home/administrator/cctv/app.py", line 532, in <module>
    @app.route("/api/dvr/probe", methods=["POST"])
     ~~~~~~~~~^^^^^^^^^^^^^^^^^^^^^^^^^^^^^^^^^^^^
  File "/home/administrator/venv/lib/python3.14/site-packages/flask/scaffold.py", line 435, in decorator
    self.add_url_rule(rule, endpoint, f, **options)
    ~~~~~~~~~~~~~~~~~^^^^^^^^^^^^^^^^^^^^^^^^^^^^^^
  File "/home/administrator/venv/lib/python3.14/site-packages/flask/scaffold.py", line 50, in wrapper_func
    return f(self, *args, **kwargs)
  File "/home/administrator/venv/lib/python3.14/site-packages/flask/app.py", line 1059, in add_url_rule
    raise AssertionError(
    ...<2 lines>...
    )
AssertionError: View function mapping is overwriting an existing endpoint function: api_dvr_probe
2026-09-30 07:28:42 [CRITICAL] [cctv_app:68] UNCAUGHT EXCEPTION
Traceback (most recent call last):
  File "/home/administrator/cctv/app.py", line 532, in <module>
    @app.route("/api/dvr/probe", methods=["POST"])
     ~~~~~~~~~^^^^^^^^^^^^^^^^^^^^^^^^^^^^^^^^^^^^
  File "/home/administrator/venv/lib/python3.14/site-packages/flask/scaffold.py", line 435, in decorator
    self.add_url_rule(rule, endpoint, f, **options)
    ~~~~~~~~~~~~~~~~~^^^^^^^^^^^^^^^^^^^^^^^^^^^^^^
  File "/home/administrator/venv/lib/python3.14/site-packages/flask/scaffold.py", line 50, in wrapper_func
    return f(self, *args, **kwargs)
  File "/home/administrator/venv/lib/python3.14/site-packages/flask/app.py", line 1059, in add_url_rule
    raise AssertionError(
    ...<2 lines>...
    )
AssertionError: View function mapping is overwriting an existing endpoint function: api_dvr_probe
2026-09-30 07:28:48 [CRITICAL] [cctv_app:68] UNCAUGHT EXCEPTION
Traceback (most recent call last):
  File "/home/administrator/cctv/app.py", line 532, in <module>
    @app.route("/api/dvr/probe", methods=["POST"])
     ~~~~~~~~~^^^^^^^^^^^^^^^^^^^^^^^^^^^^^^^^^^^^
  File "/home/administrator/venv/lib/python3.14/site-packages/flask/scaffold.py", line 435, in decorator
    self.add_url_rule(rule, endpoint, f, **options)
    ~~~~~~~~~~~~~~~~~^^^^^^^^^^^^^^^^^^^^^^^^^^^^^^
  File "/home/administrator/venv/lib/python3.14/site-packages/flask/scaffold.py", line 50, in wrapper_func
    return f(self, *args, **kwargs)
  File "/home/administrator/venv/lib/python3.14/site-packages/flask/app.py", line 1059, in add_url_rule
    raise AssertionError(
    ...<2 lines>...
    )
AssertionError: View function mapping is overwriting an existing endpoint function: api_dvr_probe
2026-09-30 07:28:53 [CRITICAL] [cctv_app:68] UNCAUGHT EXCEPTION
Traceback (most recent call last):
  File "/home/administrator/cctv/app.py", line 532, in <module>
    @app.route("/api/dvr/probe", methods=["POST"])
     ~~~~~~~~~^^^^^^^^^^^^^^^^^^^^^^^^^^^^^^^^^^^^
  File "/home/administrator/venv/lib/python3.14/site-packages/flask/scaffold.py", line 435, in decorator
    self.add_url_rule(rule, endpoint, f, **options)
    ~~~~~~~~~~~~~~~~~^^^^^^^^^^^^^^^^^^^^^^^^^^^^^^
  File "/home/administrator/venv/lib/python3.14/site-packages/flask/scaffold.py", line 50, in wrapper_func
    return f(self, *args, **kwargs)
  File "/home/administrator/venv/lib/python3.14/site-packages/flask/app.py", line 1059, in add_url_rule
    raise AssertionError(
    ...<2 lines>...
    )
AssertionError: View function mapping is overwriting an existing endpoint function: api_dvr_probe
2026-09-30 07:28:59 [CRITICAL] [cctv_app:68] UNCAUGHT EXCEPTION
Traceback (most recent call last):
  File "/home/administrator/cctv/app.py", line 532, in <module>
    @app.route("/api/dvr/probe", methods=["POST"])
     ~~~~~~~~~^^^^^^^^^^^^^^^^^^^^^^^^^^^^^^^^^^^^
  File "/home/administrator/venv/lib/python3.14/site-packages/flask/scaffold.py", line 435, in decorator
    self.add_url_rule(rule, endpoint, f, **options)
    ~~~~~~~~~~~~~~~~~^^^^^^^^^^^^^^^^^^^^^^^^^^^^^^
  File "/home/administrator/venv/lib/python3.14/site-packages/flask/scaffold.py", line 50, in wrapper_func
    return f(self, *args, **kwargs)
  File "/home/administrator/venv/lib/python3.14/site-packages/flask/app.py", line 1059, in add_url_rule
    raise AssertionError(
    ...<2 lines>...
    )
AssertionError: View function mapping is overwriting an existing endpoint function: api_dvr_probe
2026-09-30 07:29:04 [CRITICAL] [cctv_app:68] UNCAUGHT EXCEPTION
Traceback (most recent call last):
  File "/home/administrator/cctv/app.py", line 532, in <module>
    @app.route("/api/dvr/probe", methods=["POST"])
     ~~~~~~~~~^^^^^^^^^^^^^^^^^^^^^^^^^^^^^^^^^^^^
  File "/home/administrator/venv/lib/python3.14/site-packages/flask/scaffold.py", line 435, in decorator
    self.add_url_rule(rule, endpoint, f, **options)
    ~~~~~~~~~~~~~~~~~^^^^^^^^^^^^^^^^^^^^^^^^^^^^^^
  File "/home/administrator/venv/lib/python3.14/site-packages/flask/scaffold.py", line 50, in wrapper_func
    return f(self, *args, **kwargs)
  File "/home/administrator/venv/lib/python3.14/site-packages/flask/app.py", line 1059, in add_url_rule
    raise AssertionError(
    ...<2 lines>...
    )
AssertionError: View function mapping is overwriting an existing endpoint function: api_dvr_probe
2026-09-30 07:29:10 [CRITICAL] [cctv_app:68] UNCAUGHT EXCEPTION
Traceback (most recent call last):
  File "/home/administrator/cctv/app.py", line 532, in <module>
    @app.route("/api/dvr/probe", methods=["POST"])
     ~~~~~~~~~^^^^^^^^^^^^^^^^^^^^^^^^^^^^^^^^^^^^
  File "/home/administrator/venv/lib/python3.14/site-packages/flask/scaffold.py", line 435, in decorator
    self.add_url_rule(rule, endpoint, f, **options)
    ~~~~~~~~~~~~~~~~~^^^^^^^^^^^^^^^^^^^^^^^^^^^^^^
  File "/home/administrator/venv/lib/python3.14/site-packages/flask/scaffold.py", line 50, in wrapper_func
    return f(self, *args, **kwargs)
  File "/home/administrator/venv/lib/python3.14/site-packages/flask/app.py", line 1059, in add_url_rule
    raise AssertionError(
    ...<2 lines>...
    )
AssertionError: View function mapping is overwriting an existing endpoint function: api_dvr_probe
2026-09-30 07:29:15 [CRITICAL] [cctv_app:68] UNCAUGHT EXCEPTION
Traceback (most recent call last):
  File "/home/administrator/cctv/app.py", line 532, in <module>
    @app.route("/api/dvr/probe", methods=["POST"])
     ~~~~~~~~~^^^^^^^^^^^^^^^^^^^^^^^^^^^^^^^^^^^^
  File "/home/administrator/venv/lib/python3.14/site-packages/flask/scaffold.py", line 435, in decorator
    self.add_url_rule(rule, endpoint, f, **options)
    ~~~~~~~~~~~~~~~~~^^^^^^^^^^^^^^^^^^^^^^^^^^^^^^
  File "/home/administrator/venv/lib/python3.14/site-packages/flask/scaffold.py", line 50, in wrapper_func
    return f(self, *args, **kwargs)
  File "/home/administrator/venv/lib/python3.14/site-packages/flask/app.py", line 1059, in add_url_rule
    raise AssertionError(
    ...<2 lines>...
    )
AssertionError: View function mapping is overwriting an existing endpoint function: api_dvr_probe
2026-09-30 07:29:21 [CRITICAL] [cctv_app:68] UNCAUGHT EXCEPTION
Traceback (most recent call last):
  File "/home/administrator/cctv/app.py", line 532, in <module>
    @app.route("/api/dvr/probe", methods=["POST"])
     ~~~~~~~~~^^^^^^^^^^^^^^^^^^^^^^^^^^^^^^^^^^^^
  File "/home/administrator/venv/lib/python3.14/site-packages/flask/scaffold.py", line 435, in decorator
    self.add_url_rule(rule, endpoint, f, **options)
    ~~~~~~~~~~~~~~~~~^^^^^^^^^^^^^^^^^^^^^^^^^^^^^^
  File "/home/administrator/venv/lib/python3.14/site-packages/flask/scaffold.py", line 50, in wrapper_func
    return f(self, *args, **kwargs)
  File "/home/administrator/venv/lib/python3.14/site-packages/flask/app.py", line 1059, in add_url_rule
    raise AssertionError(
    ...<2 lines>...
    )
AssertionError: View function mapping is overwriting an existing endpoint function: api_dvr_probe
2026-09-30 07:29:26 [CRITICAL] [cctv_app:68] UNCAUGHT EXCEPTION
Traceback (most recent call last):
  File "/home/administrator/cctv/app.py", line 532, in <module>
    @app.route("/api/dvr/probe", methods=["POST"])
     ~~~~~~~~~^^^^^^^^^^^^^^^^^^^^^^^^^^^^^^^^^^^^
  File "/home/administrator/venv/lib/python3.14/site-packages/flask/scaffold.py", line 435, in decorator
    self.add_url_rule(rule, endpoint, f, **options)
    ~~~~~~~~~~~~~~~~~^^^^^^^^^^^^^^^^^^^^^^^^^^^^^^
  File "/home/administrator/venv/lib/python3.14/site-packages/flask/scaffold.py", line 50, in wrapper_func
    return f(self, *args, **kwargs)
  File "/home/administrator/venv/lib/python3.14/site-packages/flask/app.py", line 1059, in add_url_rule
    raise AssertionError(
    ...<2 lines>...
    )
AssertionError: View function mapping is overwriting an existing endpoint function: api_dvr_probe
2026-09-30 07:29:32 [CRITICAL] [cctv_app:68] UNCAUGHT EXCEPTION
Traceback (most recent call last):
  File "/home/administrator/cctv/app.py", line 532, in <module>
    @app.route("/api/dvr/probe", methods=["POST"])
     ~~~~~~~~~^^^^^^^^^^^^^^^^^^^^^^^^^^^^^^^^^^^^
  File "/home/administrator/venv/lib/python3.14/site-packages/flask/scaffold.py", line 435, in decorator
    self.add_url_rule(rule, endpoint, f, **options)
    ~~~~~~~~~~~~~~~~~^^^^^^^^^^^^^^^^^^^^^^^^^^^^^^
  File "/home/administrator/venv/lib/python3.14/site-packages/flask/scaffold.py", line 50, in wrapper_func
    return f(self, *args, **kwargs)
  File "/home/administrator/venv/lib/python3.14/site-packages/flask/app.py", line 1059, in add_url_rule
    raise AssertionError(
    ...<2 lines>...
    )
AssertionError: View function mapping is overwriting an existing endpoint function: api_dvr_probe
2026-09-30 07:29:37 [CRITICAL] [cctv_app:68] UNCAUGHT EXCEPTION
Traceback (most recent call last):
  File "/home/administrator/cctv/app.py", line 532, in <module>
    @app.route("/api/dvr/probe", methods=["POST"])
     ~~~~~~~~~^^^^^^^^^^^^^^^^^^^^^^^^^^^^^^^^^^^^
  File "/home/administrator/venv/lib/python3.14/site-packages/flask/scaffold.py", line 435, in decorator
    self.add_url_rule(rule, endpoint, f, **options)
    ~~~~~~~~~~~~~~~~~^^^^^^^^^^^^^^^^^^^^^^^^^^^^^^
  File "/home/administrator/venv/lib/python3.14/site-packages/flask/scaffold.py", line 50, in wrapper_func
    return f(self, *args, **kwargs)
  File "/home/administrator/venv/lib/python3.14/site-packages/flask/app.py", line 1059, in add_url_rule
    raise AssertionError(
    ...<2 lines>...
    )
AssertionError: View function mapping is overwriting an existing endpoint function: api_dvr_probe
2026-09-30 07:29:43 [CRITICAL] [cctv_app:68] UNCAUGHT EXCEPTION
Traceback (most recent call last):
  File "/home/administrator/cctv/app.py", line 532, in <module>
    @app.route("/api/dvr/probe", methods=["POST"])
     ~~~~~~~~~^^^^^^^^^^^^^^^^^^^^^^^^^^^^^^^^^^^^
  File "/home/administrator/venv/lib/python3.14/site-packages/flask/scaffold.py", line 435, in decorator
    self.add_url_rule(rule, endpoint, f, **options)
    ~~~~~~~~~~~~~~~~~^^^^^^^^^^^^^^^^^^^^^^^^^^^^^^
  File "/home/administrator/venv/lib/python3.14/site-packages/flask/scaffold.py", line 50, in wrapper_func
    return f(self, *args, **kwargs)
  File "/home/administrator/venv/lib/python3.14/site-packages/flask/app.py", line 1059, in add_url_rule
    raise AssertionError(
    ...<2 lines>...
    )
AssertionError: View function mapping is overwriting an existing endpoint function: api_dvr_probe
2026-09-30 07:29:48 [CRITICAL] [cctv_app:68] UNCAUGHT EXCEPTION
Traceback (most recent call last):
  File "/home/administrator/cctv/app.py", line 532, in <module>
    @app.route("/api/dvr/probe", methods=["POST"])
     ~~~~~~~~~^^^^^^^^^^^^^^^^^^^^^^^^^^^^^^^^^^^^
  File "/home/administrator/venv/lib/python3.14/site-packages/flask/scaffold.py", line 435, in decorator
    self.add_url_rule(rule, endpoint, f, **options)
    ~~~~~~~~~~~~~~~~~^^^^^^^^^^^^^^^^^^^^^^^^^^^^^^
  File "/home/administrator/venv/lib/python3.14/site-packages/flask/scaffold.py", line 50, in wrapper_func
    return f(self, *args, **kwargs)
  File "/home/administrator/venv/lib/python3.14/site-packages/flask/app.py", line 1059, in add_url_rule
    raise AssertionError(
    ...<2 lines>...
    )
AssertionError: View function mapping is overwriting an existing endpoint function: api_dvr_probe
2026-09-30 07:29:54 [CRITICAL] [cctv_app:68] UNCAUGHT EXCEPTION
Traceback (most recent call last):
  File "/home/administrator/cctv/app.py", line 532, in <module>
    @app.route("/api/dvr/probe", methods=["POST"])
     ~~~~~~~~~^^^^^^^^^^^^^^^^^^^^^^^^^^^^^^^^^^^^
  File "/home/administrator/venv/lib/python3.14/site-packages/flask/scaffold.py", line 435, in decorator
    self.add_url_rule(rule, endpoint, f, **options)
    ~~~~~~~~~~~~~~~~~^^^^^^^^^^^^^^^^^^^^^^^^^^^^^^
  File "/home/administrator/venv/lib/python3.14/site-packages/flask/scaffold.py", line 50, in wrapper_func
    return f(self, *args, **kwargs)
  File "/home/administrator/venv/lib/python3.14/site-packages/flask/app.py", line 1059, in add_url_rule
    raise AssertionError(
    ...<2 lines>...
    )
AssertionError: View function mapping is overwriting an existing endpoint function: api_dvr_probe
2026-09-30 07:29:59 [CRITICAL] [cctv_app:68] UNCAUGHT EXCEPTION
Traceback (most recent call last):
  File "/home/administrator/cctv/app.py", line 532, in <module>
    @app.route("/api/dvr/probe", methods=["POST"])
     ~~~~~~~~~^^^^^^^^^^^^^^^^^^^^^^^^^^^^^^^^^^^^
  File "/home/administrator/venv/lib/python3.14/site-packages/flask/scaffold.py", line 435, in decorator
    self.add_url_rule(rule, endpoint, f, **options)
    ~~~~~~~~~~~~~~~~~^^^^^^^^^^^^^^^^^^^^^^^^^^^^^^
  File "/home/administrator/venv/lib/python3.14/site-packages/flask/scaffold.py", line 50, in wrapper_func
    return f(self, *args, **kwargs)
  File "/home/administrator/venv/lib/python3.14/site-packages/flask/app.py", line 1059, in add_url_rule
    raise AssertionError(
    ...<2 lines>...
    )
AssertionError: View function mapping is overwriting an existing endpoint function: api_dvr_probe
2026-09-30 07:30:05 [CRITICAL] [cctv_app:68] UNCAUGHT EXCEPTION
Traceback (most recent call last):
  File "/home/administrator/cctv/app.py", line 532, in <module>
    @app.route("/api/dvr/probe", methods=["POST"])
     ~~~~~~~~~^^^^^^^^^^^^^^^^^^^^^^^^^^^^^^^^^^^^
  File "/home/administrator/venv/lib/python3.14/site-packages/flask/scaffold.py", line 435, in decorator
    self.add_url_rule(rule, endpoint, f, **options)
    ~~~~~~~~~~~~~~~~~^^^^^^^^^^^^^^^^^^^^^^^^^^^^^^
  File "/home/administrator/venv/lib/python3.14/site-packages/flask/scaffold.py", line 50, in wrapper_func
    return f(self, *args, **kwargs)
  File "/home/administrator/venv/lib/python3.14/site-packages/flask/app.py", line 1059, in add_url_rule
    raise AssertionError(
    ...<2 lines>...
    )
AssertionError: View function mapping is overwriting an existing endpoint function: api_dvr_probe
2026-09-30 07:30:10 [CRITICAL] [cctv_app:68] UNCAUGHT EXCEPTION
Traceback (most recent call last):
  File "/home/administrator/cctv/app.py", line 532, in <module>
    @app.route("/api/dvr/probe", methods=["POST"])
     ~~~~~~~~~^^^^^^^^^^^^^^^^^^^^^^^^^^^^^^^^^^^^
  File "/home/administrator/venv/lib/python3.14/site-packages/flask/scaffold.py", line 435, in decorator
    self.add_url_rule(rule, endpoint, f, **options)
    ~~~~~~~~~~~~~~~~~^^^^^^^^^^^^^^^^^^^^^^^^^^^^^^
  File "/home/administrator/venv/lib/python3.14/site-packages/flask/scaffold.py", line 50, in wrapper_func
    return f(self, *args, **kwargs)
  File "/home/administrator/venv/lib/python3.14/site-packages/flask/app.py", line 1059, in add_url_rule
    raise AssertionError(
    ...<2 lines>...
    )
AssertionError: View function mapping is overwriting an existing endpoint function: api_dvr_probe
2026-09-30 07:30:16 [CRITICAL] [cctv_app:68] UNCAUGHT EXCEPTION
Traceback (most recent call last):
  File "/home/administrator/cctv/app.py", line 532, in <module>
    @app.route("/api/dvr/probe", methods=["POST"])
     ~~~~~~~~~^^^^^^^^^^^^^^^^^^^^^^^^^^^^^^^^^^^^
  File "/home/administrator/venv/lib/python3.14/site-packages/flask/scaffold.py", line 435, in decorator
    self.add_url_rule(rule, endpoint, f, **options)
    ~~~~~~~~~~~~~~~~~^^^^^^^^^^^^^^^^^^^^^^^^^^^^^^
  File "/home/administrator/venv/lib/python3.14/site-packages/flask/scaffold.py", line 50, in wrapper_func
    return f(self, *args, **kwargs)
  File "/home/administrator/venv/lib/python3.14/site-packages/flask/app.py", line 1059, in add_url_rule
    raise AssertionError(
    ...<2 lines>...
    )
AssertionError: View function mapping is overwriting an existing endpoint function: api_dvr_probe
2026-09-30 07:30:21 [CRITICAL] [cctv_app:68] UNCAUGHT EXCEPTION
Traceback (most recent call last):
  File "/home/administrator/cctv/app.py", line 532, in <module>
    @app.route("/api/dvr/probe", methods=["POST"])
     ~~~~~~~~~^^^^^^^^^^^^^^^^^^^^^^^^^^^^^^^^^^^^
  File "/home/administrator/venv/lib/python3.14/site-packages/flask/scaffold.py", line 435, in decorator
    self.add_url_rule(rule, endpoint, f, **options)
    ~~~~~~~~~~~~~~~~~^^^^^^^^^^^^^^^^^^^^^^^^^^^^^^
  File "/home/administrator/venv/lib/python3.14/site-packages/flask/scaffold.py", line 50, in wrapper_func
    return f(self, *args, **kwargs)
  File "/home/administrator/venv/lib/python3.14/site-packages/flask/app.py", line 1059, in add_url_rule
    raise AssertionError(
    ...<2 lines>...
    )
AssertionError: View function mapping is overwriting an existing endpoint function: api_dvr_probe
2026-09-30 07:30:27 [CRITICAL] [cctv_app:68] UNCAUGHT EXCEPTION
Traceback (most recent call last):
  File "/home/administrator/cctv/app.py", line 3028, in <module>
    @app.route("/api/playback/segments")
     ~~~~~~~~~^^^^^^^^^^^^^^^^^^^^^^^^^^
  File "/home/administrator/venv/lib/python3.14/site-packages/flask/scaffold.py", line 435, in decorator
    self.add_url_rule(rule, endpoint, f, **options)
    ~~~~~~~~~~~~~~~~~^^^^^^^^^^^^^^^^^^^^^^^^^^^^^^
  File "/home/administrator/venv/lib/python3.14/site-packages/flask/scaffold.py", line 50, in wrapper_func
    return f(self, *args, **kwargs)
  File "/home/administrator/venv/lib/python3.14/site-packages/flask/app.py", line 1059, in add_url_rule
    raise AssertionError(
    ...<2 lines>...
    )
AssertionError: View function mapping is overwriting an existing endpoint function: api_playback_segments
2026-09-30 07:30:32 [CRITICAL] [cctv_app:68] UNCAUGHT EXCEPTION
Traceback (most recent call last):
  File "/home/administrator/cctv/app.py", line 3028, in <module>
    @app.route("/api/playback/segments")
     ~~~~~~~~~^^^^^^^^^^^^^^^^^^^^^^^^^^
  File "/home/administrator/venv/lib/python3.14/site-packages/flask/scaffold.py", line 435, in decorator
    self.add_url_rule(rule, endpoint, f, **options)
    ~~~~~~~~~~~~~~~~~^^^^^^^^^^^^^^^^^^^^^^^^^^^^^^
  File "/home/administrator/venv/lib/python3.14/site-packages/flask/scaffold.py", line 50, in wrapper_func
    return f(self, *args, **kwargs)
  File "/home/administrator/venv/lib/python3.14/site-packages/flask/app.py", line 1059, in add_url_rule
    raise AssertionError(
    ...<2 lines>...
    )
AssertionError: View function mapping is overwriting an existing endpoint function: api_playback_segments
2026-09-30 07:30:38 [CRITICAL] [cctv_app:68] UNCAUGHT EXCEPTION
Traceback (most recent call last):
  File "/home/administrator/cctv/app.py", line 3028, in <module>
    @app.route("/api/playback/segments")
     ~~~~~~~~~^^^^^^^^^^^^^^^^^^^^^^^^^^
  File "/home/administrator/venv/lib/python3.14/site-packages/flask/scaffold.py", line 435, in decorator
    self.add_url_rule(rule, endpoint, f, **options)
    ~~~~~~~~~~~~~~~~~^^^^^^^^^^^^^^^^^^^^^^^^^^^^^^
  File "/home/administrator/venv/lib/python3.14/site-packages/flask/scaffold.py", line 50, in wrapper_func
    return f(self, *args, **kwargs)
  File "/home/administrator/venv/lib/python3.14/site-packages/flask/app.py", line 1059, in add_url_rule
    raise AssertionError(
    ...<2 lines>...
    )
AssertionError: View function mapping is overwriting an existing endpoint function: api_playback_segments
2026-09-30 07:30:43 [CRITICAL] [cctv_app:68] UNCAUGHT EXCEPTION
Traceback (most recent call last):
  File "/home/administrator/cctv/app.py", line 3028, in <module>
    @app.route("/api/playback/segments")
     ~~~~~~~~~^^^^^^^^^^^^^^^^^^^^^^^^^^
  File "/home/administrator/venv/lib/python3.14/site-packages/flask/scaffold.py", line 435, in decorator
    self.add_url_rule(rule, endpoint, f, **options)
    ~~~~~~~~~~~~~~~~~^^^^^^^^^^^^^^^^^^^^^^^^^^^^^^
  File "/home/administrator/venv/lib/python3.14/site-packages/flask/scaffold.py", line 50, in wrapper_func
    return f(self, *args, **kwargs)
  File "/home/administrator/venv/lib/python3.14/site-packages/flask/app.py", line 1059, in add_url_rule
    raise AssertionError(
    ...<2 lines>...
    )
AssertionError: View function mapping is overwriting an existing endpoint function: api_playback_segments
2026-09-30 07:30:49 [CRITICAL] [cctv_app:68] UNCAUGHT EXCEPTION
Traceback (most recent call last):
  File "/home/administrator/cctv/app.py", line 3028, in <module>
    @app.route("/api/playback/segments")
     ~~~~~~~~~^^^^^^^^^^^^^^^^^^^^^^^^^^
  File "/home/administrator/venv/lib/python3.14/site-packages/flask/scaffold.py", line 435, in decorator
    self.add_url_rule(rule, endpoint, f, **options)
    ~~~~~~~~~~~~~~~~~^^^^^^^^^^^^^^^^^^^^^^^^^^^^^^
  File "/home/administrator/venv/lib/python3.14/site-packages/flask/scaffold.py", line 50, in wrapper_func
    return f(self, *args, **kwargs)
  File "/home/administrator/venv/lib/python3.14/site-packages/flask/app.py", line 1059, in add_url_rule
    raise AssertionError(
    ...<2 lines>...
    )
AssertionError: View function mapping is overwriting an existing endpoint function: api_playback_segments
2026-09-30 07:30:54 [CRITICAL] [cctv_app:68] UNCAUGHT EXCEPTION
Traceback (most recent call last):
  File "/home/administrator/cctv/app.py", line 3028, in <module>
    @app.route("/api/playback/segments")
     ~~~~~~~~~^^^^^^^^^^^^^^^^^^^^^^^^^^
  File "/home/administrator/venv/lib/python3.14/site-packages/flask/scaffold.py", line 435, in decorator
    self.add_url_rule(rule, endpoint, f, **options)
    ~~~~~~~~~~~~~~~~~^^^^^^^^^^^^^^^^^^^^^^^^^^^^^^
  File "/home/administrator/venv/lib/python3.14/site-packages/flask/scaffold.py", line 50, in wrapper_func
    return f(self, *args, **kwargs)
  File "/home/administrator/venv/lib/python3.14/site-packages/flask/app.py", line 1059, in add_url_rule
    raise AssertionError(
    ...<2 lines>...
    )
AssertionError: View function mapping is overwriting an existing endpoint function: api_playback_segments
2026-09-30 07:31:00 [CRITICAL] [cctv_app:68] UNCAUGHT EXCEPTION
Traceback (most recent call last):
  File "/home/administrator/cctv/app.py", line 3028, in <module>
    @app.route("/api/playback/segments")
     ~~~~~~~~~^^^^^^^^^^^^^^^^^^^^^^^^^^
  File "/home/administrator/venv/lib/python3.14/site-packages/flask/scaffold.py", line 435, in decorator
    self.add_url_rule(rule, endpoint, f, **options)
    ~~~~~~~~~~~~~~~~~^^^^^^^^^^^^^^^^^^^^^^^^^^^^^^
  File "/home/administrator/venv/lib/python3.14/site-packages/flask/scaffold.py", line 50, in wrapper_func
    return f(self, *args, **kwargs)
  File "/home/administrator/venv/lib/python3.14/site-packages/flask/app.py", line 1059, in add_url_rule
    raise AssertionError(
    ...<2 lines>...
    )
AssertionError: View function mapping is overwriting an existing endpoint function: api_playback_segments
2026-09-30 07:31:05 [CRITICAL] [cctv_app:68] UNCAUGHT EXCEPTION
Traceback (most recent call last):
  File "/home/administrator/cctv/app.py", line 3028, in <module>
    @app.route("/api/playback/segments")
     ~~~~~~~~~^^^^^^^^^^^^^^^^^^^^^^^^^^
  File "/home/administrator/venv/lib/python3.14/site-packages/flask/scaffold.py", line 435, in decorator
    self.add_url_rule(rule, endpoint, f, **options)
    ~~~~~~~~~~~~~~~~~^^^^^^^^^^^^^^^^^^^^^^^^^^^^^^
  File "/home/administrator/venv/lib/python3.14/site-packages/flask/scaffold.py", line 50, in wrapper_func
    return f(self, *args, **kwargs)
  File "/home/administrator/venv/lib/python3.14/site-packages/flask/app.py", line 1059, in add_url_rule
    raise AssertionError(
    ...<2 lines>...
    )
AssertionError: View function mapping is overwriting an existing endpoint function: api_playback_segments
2026-09-30 07:31:11 [CRITICAL] [cctv_app:68] UNCAUGHT EXCEPTION
Traceback (most recent call last):
  File "/home/administrator/cctv/app.py", line 3028, in <module>
    @app.route("/api/playback/segments")
     ~~~~~~~~~^^^^^^^^^^^^^^^^^^^^^^^^^^
  File "/home/administrator/venv/lib/python3.14/site-packages/flask/scaffold.py", line 435, in decorator
    self.add_url_rule(rule, endpoint, f, **options)
    ~~~~~~~~~~~~~~~~~^^^^^^^^^^^^^^^^^^^^^^^^^^^^^^
  File "/home/administrator/venv/lib/python3.14/site-packages/flask/scaffold.py", line 50, in wrapper_func
    return f(self, *args, **kwargs)
  File "/home/administrator/venv/lib/python3.14/site-packages/flask/app.py", line 1059, in add_url_rule
    raise AssertionError(
    ...<2 lines>...
    )
AssertionError: View function mapping is overwriting an existing endpoint function: api_playback_segments
2026-09-30 07:31:16 [CRITICAL] [cctv_app:68] UNCAUGHT EXCEPTION
Traceback (most recent call last):
  File "/home/administrator/cctv/app.py", line 3028, in <module>
    @app.route("/api/playback/segments")
     ~~~~~~~~~^^^^^^^^^^^^^^^^^^^^^^^^^^
  File "/home/administrator/venv/lib/python3.14/site-packages/flask/scaffold.py", line 435, in decorator
    self.add_url_rule(rule, endpoint, f, **options)
    ~~~~~~~~~~~~~~~~~^^^^^^^^^^^^^^^^^^^^^^^^^^^^^^
  File "/home/administrator/venv/lib/python3.14/site-packages/flask/scaffold.py", line 50, in wrapper_func
    return f(self, *args, **kwargs)
  File "/home/administrator/venv/lib/python3.14/site-packages/flask/app.py", line 1059, in add_url_rule
    raise AssertionError(
    ...<2 lines>...
    )
AssertionError: View function mapping is overwriting an existing endpoint function: api_playback_segments
2026-09-30 07:31:22 [CRITICAL] [cctv_app:68] UNCAUGHT EXCEPTION
Traceback (most recent call last):
  File "/home/administrator/cctv/app.py", line 3028, in <module>
    @app.route("/api/playback/segments")
     ~~~~~~~~~^^^^^^^^^^^^^^^^^^^^^^^^^^
  File "/home/administrator/venv/lib/python3.14/site-packages/flask/scaffold.py", line 435, in decorator
    self.add_url_rule(rule, endpoint, f, **options)
    ~~~~~~~~~~~~~~~~~^^^^^^^^^^^^^^^^^^^^^^^^^^^^^^
  File "/home/administrator/venv/lib/python3.14/site-packages/flask/scaffold.py", line 50, in wrapper_func
    return f(self, *args, **kwargs)
  File "/home/administrator/venv/lib/python3.14/site-packages/flask/app.py", line 1059, in add_url_rule
    raise AssertionError(
    ...<2 lines>...
    )
AssertionError: View function mapping is overwriting an existing endpoint function: api_playback_segments
2026-09-30 07:31:27 [CRITICAL] [cctv_app:68] UNCAUGHT EXCEPTION
Traceback (most recent call last):
  File "/home/administrator/cctv/app.py", line 3028, in <module>
    @app.route("/api/playback/segments")
     ~~~~~~~~~^^^^^^^^^^^^^^^^^^^^^^^^^^
  File "/home/administrator/venv/lib/python3.14/site-packages/flask/scaffold.py", line 435, in decorator
    self.add_url_rule(rule, endpoint, f, **options)
    ~~~~~~~~~~~~~~~~~^^^^^^^^^^^^^^^^^^^^^^^^^^^^^^
  File "/home/administrator/venv/lib/python3.14/site-packages/flask/scaffold.py", line 50, in wrapper_func
    return f(self, *args, **kwargs)
  File "/home/administrator/venv/lib/python3.14/site-packages/flask/app.py", line 1059, in add_url_rule
    raise AssertionError(
    ...<2 lines>...
    )
AssertionError: View function mapping is overwriting an existing endpoint function: api_playback_segments
2026-09-30 07:31:33 [CRITICAL] [cctv_app:68] UNCAUGHT EXCEPTION
Traceback (most recent call last):
  File "/home/administrator/cctv/app.py", line 3028, in <module>
    @app.route("/api/playback/segments")
     ~~~~~~~~~^^^^^^^^^^^^^^^^^^^^^^^^^^
  File "/home/administrator/venv/lib/python3.14/site-packages/flask/scaffold.py", line 435, in decorator
    self.add_url_rule(rule, endpoint, f, **options)
    ~~~~~~~~~~~~~~~~~^^^^^^^^^^^^^^^^^^^^^^^^^^^^^^
  File "/home/administrator/venv/lib/python3.14/site-packages/flask/scaffold.py", line 50, in wrapper_func
    return f(self, *args, **kwargs)
  File "/home/administrator/venv/lib/python3.14/site-packages/flask/app.py", line 1059, in add_url_rule
    raise AssertionError(
    ...<2 lines>...
    )
AssertionError: View function mapping is overwriting an existing endpoint function: api_playback_segments
2026-09-30 07:31:55 [CRITICAL] [cctv_app:68] UNCAUGHT EXCEPTION
Traceback (most recent call last):
  File "/home/administrator/cctv/app.py", line 3028, in <module>
    @app.route("/api/playback/segments")
     ~~~~~~~~~^^^^^^^^^^^^^^^^^^^^^^^^^^
  File "/home/administrator/venv/lib/python3.14/site-packages/flask/scaffold.py", line 435, in decorator
    self.add_url_rule(rule, endpoint, f, **options)
    ~~~~~~~~~~~~~~~~~^^^^^^^^^^^^^^^^^^^^^^^^^^^^^^
  File "/home/administrator/venv/lib/python3.14/site-packages/flask/scaffold.py", line 50, in wrapper_func
    return f(self, *args, **kwargs)
  File "/home/administrator/venv/lib/python3.14/site-packages/flask/app.py", line 1059, in add_url_rule
    raise AssertionError(
    ...<2 lines>...
    )
AssertionError: View function mapping is overwriting an existing endpoint function: api_playback_segments
2026-10-05 08:20:08 [ERROR   ] [cctv_app:2867] [DVR MONITOR] Loop error: (2003, "Can't connect to MySQL server on '127.0.0.1' ([Errno 111] Connection refused)")
Traceback (most recent call last):
  File "/home/administrator/venv/lib/python3.14/site-packages/pymysql/connections.py", line 681, in connect
    sock = socket.create_connection(
        (self.host, self.port), self.connect_timeout, **kwargs
    )
  File "/usr/lib/python3.14/socket.py", line 870, in create_connection
    raise exceptions[0]
  File "/usr/lib/python3.14/socket.py", line 855, in create_connection
    sock.connect(sa)
    ~~~~~~~~~~~~^^^^
ConnectionRefusedError: [Errno 111] Connection refused

During handling of the above exception, another exception occurred:

Traceback (most recent call last):
  File "/home/administrator/cctv/app.py", line 2803, in _dvr_monitor_loop
    dvrs = dbmod.fetch_all_dvr()
  File "/home/administrator/cctv/db.py", line 146, in fetch_all_dvr
    with get_cursor() as cur:
         ~~~~~~~~~~^^
  File "/usr/lib/python3.14/contextlib.py", line 141, in __enter__
    return next(self.gen)
  File "/home/administrator/cctv/db.py", line 34, in get_cursor
    conn = get_connection()
  File "/home/administrator/cctv/db.py", line 19, in get_connection
    return pymysql.connect(
           ~~~~~~~~~~~~~~~^
        host=Config.DB_HOST,
        ^^^^^^^^^^^^^^^^^^^^
    ...<6 lines>...
        autocommit=False,
        ^^^^^^^^^^^^^^^^^
    )
    ^
  File "/home/administrator/venv/lib/python3.14/site-packages/pymysql/connections.py", line 373, in __init__
    self.connect()
    ~~~~~~~~~~~~^^
  File "/home/administrator/venv/lib/python3.14/site-packages/pymysql/connections.py", line 744, in connect
    raise exc
pymysql.err.OperationalError: (2003, "Can't connect to MySQL server on '127.0.0.1' ([Errno 111] Connection refused)")
2026-10-05 08:20:08 [ERROR   ] [cctv_app:2228] [STARTUP] Sync gagal: (2003, "Can't connect to MySQL server on '127.0.0.1' ([Errno 111] Connection refused)")
Traceback (most recent call last):
  File "/home/administrator/venv/lib/python3.14/site-packages/pymysql/connections.py", line 681, in connect
    sock = socket.create_connection(
        (self.host, self.port), self.connect_timeout, **kwargs
    )
  File "/usr/lib/python3.14/socket.py", line 870, in create_connection
    raise exceptions[0]
  File "/usr/lib/python3.14/socket.py", line 855, in create_connection
    sock.connect(sa)
    ~~~~~~~~~~~~^^^^
ConnectionRefusedError: [Errno 111] Connection refused

During handling of the above exception, another exception occurred:

Traceback (most recent call last):
  File "/home/administrator/cctv/app.py", line 2201, in _startup_sync_cameras
    cameras = dbmod.fetch_all_cameras()
  File "/home/administrator/cctv/db.py", line 427, in fetch_all_cameras
    with get_cursor() as cur:
         ~~~~~~~~~~^^
  File "/usr/lib/python3.14/contextlib.py", line 141, in __enter__
    return next(self.gen)
  File "/home/administrator/cctv/db.py", line 34, in get_cursor
    conn = get_connection()
  File "/home/administrator/cctv/db.py", line 19, in get_connection
    return pymysql.connect(
           ~~~~~~~~~~~~~~~^
        host=Config.DB_HOST,
        ^^^^^^^^^^^^^^^^^^^^
    ...<6 lines>...
        autocommit=False,
        ^^^^^^^^^^^^^^^^^
    )
    ^
  File "/home/administrator/venv/lib/python3.14/site-packages/pymysql/connections.py", line 373, in __init__
    self.connect()
    ~~~~~~~~~~~~^^
  File "/home/administrator/venv/lib/python3.14/site-packages/pymysql/connections.py", line 744, in connect
    raise exc
pymysql.err.OperationalError: (2003, "Can't connect to MySQL server on '127.0.0.1' ([Errno 111] Connection refused)")
2026-10-05 08:39:14 [ERROR   ] [cctv_app:2867] [DVR MONITOR] Loop error: (2003, "Can't connect to MySQL server on '127.0.0.1' ([Errno 111] Connection refused)")
Traceback (most recent call last):
  File "/home/administrator/venv/lib/python3.14/site-packages/pymysql/connections.py", line 681, in connect
    sock = socket.create_connection(
        (self.host, self.port), self.connect_timeout, **kwargs
    )
  File "/usr/lib/python3.14/socket.py", line 870, in create_connection
    raise exceptions[0]
  File "/usr/lib/python3.14/socket.py", line 855, in create_connection
    sock.connect(sa)
    ~~~~~~~~~~~~^^^^
ConnectionRefusedError: [Errno 111] Connection refused

During handling of the above exception, another exception occurred:

Traceback (most recent call last):
  File "/home/administrator/cctv/app.py", line 2803, in _dvr_monitor_loop
    dvrs = dbmod.fetch_all_dvr()
  File "/home/administrator/cctv/db.py", line 146, in fetch_all_dvr
    with get_cursor() as cur:
         ~~~~~~~~~~^^
  File "/usr/lib/python3.14/contextlib.py", line 141, in __enter__
    return next(self.gen)
  File "/home/administrator/cctv/db.py", line 34, in get_cursor
    conn = get_connection()
  File "/home/administrator/cctv/db.py", line 19, in get_connection
    return pymysql.connect(
           ~~~~~~~~~~~~~~~^
        host=Config.DB_HOST,
        ^^^^^^^^^^^^^^^^^^^^
    ...<6 lines>...
        autocommit=False,
        ^^^^^^^^^^^^^^^^^
    )
    ^
  File "/home/administrator/venv/lib/python3.14/site-packages/pymysql/connections.py", line 373, in __init__
    self.connect()
    ~~~~~~~~~~~~^^
  File "/home/administrator/venv/lib/python3.14/site-packages/pymysql/connections.py", line 744, in connect
    raise exc
pymysql.err.OperationalError: (2003, "Can't connect to MySQL server on '127.0.0.1' ([Errno 111] Connection refused)")
2026-10-05 08:39:14 [ERROR   ] [cctv_app:2228] [STARTUP] Sync gagal: (2003, "Can't connect to MySQL server on '127.0.0.1' ([Errno 111] Connection refused)")
Traceback (most recent call last):
  File "/home/administrator/venv/lib/python3.14/site-packages/pymysql/connections.py", line 681, in connect
    sock = socket.create_connection(
        (self.host, self.port), self.connect_timeout, **kwargs
    )
  File "/usr/lib/python3.14/socket.py", line 870, in create_connection
    raise exceptions[0]
  File "/usr/lib/python3.14/socket.py", line 855, in create_connection
    sock.connect(sa)
    ~~~~~~~~~~~~^^^^
ConnectionRefusedError: [Errno 111] Connection refused

During handling of the above exception, another exception occurred:

Traceback (most recent call last):
  File "/home/administrator/cctv/app.py", line 2201, in _startup_sync_cameras
    cameras = dbmod.fetch_all_cameras()
  File "/home/administrator/cctv/db.py", line 427, in fetch_all_cameras
    with get_cursor() as cur:
         ~~~~~~~~~~^^
  File "/usr/lib/python3.14/contextlib.py", line 141, in __enter__
    return next(self.gen)
  File "/home/administrator/cctv/db.py", line 34, in get_cursor
    conn = get_connection()
  File "/home/administrator/cctv/db.py", line 19, in get_connection
    return pymysql.connect(
           ~~~~~~~~~~~~~~~^
        host=Config.DB_HOST,
        ^^^^^^^^^^^^^^^^^^^^
    ...<6 lines>...
        autocommit=False,
        ^^^^^^^^^^^^^^^^^
    )
    ^
  File "/home/administrator/venv/lib/python3.14/site-packages/pymysql/connections.py", line 373, in __init__
    self.connect()
    ~~~~~~~~~~~~^^
  File "/home/administrator/venv/lib/python3.14/site-packages/pymysql/connections.py", line 744, in connect
    raise exc
pymysql.err.OperationalError: (2003, "Can't connect to MySQL server on '127.0.0.1' ([Errno 111] Connection refused)")
